item_id,meeting_date,meeting_title,doc_type,doc_date,filename,text_url,pdf_url,release_date
23081,1983-07-12,"Meeting, July 12-13, 1983",beige_book,1983-07-01,fomc19830713beige19830701.txt,https://fraser.stlouisfed.org/files/text/historical/FOMC/meetingdocuments/fomc19830713beige19830701.txt,https://fraser.stlouisfed.org/docs/historical/FOMC/meetingdocuments/fomc19830713beige19830701.pdf,1983-07-01
23082,1983-08-23,"Meeting, August 23, 1983",beige_book,1983-08-10,fomc19830823beige19830810.txt,https://fraser.stlouisfed.org/files/text/historical/FOMC/meetingdocuments/fomc19830823beige19830810.txt,https://fraser.stlouisfed.org/docs/historical/FOMC/meetingdocuments/fomc19830823beige19830810.pdf,1983-08-10
23089,1983-10-04,"Meeting, October 4, 1983",beige_book,1983-09-20,fomc19831004beige19830920.txt,https://fraser.stlouisfed.org/files/text/historical/FOMC/meetingdocuments/fomc19831004beige19830920.txt,https://fraser.stlouisfed.org/docs/historical/FOMC/meetingdocuments/fomc19831004beige19830920.pdf,1983-09-20
23091,1983-11-14,"Meeting, November 14-15, 1983",beige_book,1983-11-02,fomc19831115beige19831102.txt,https://fraser.stlouisfed.org/files/text/historical/FOMC/meetingdocuments/fomc19831115beige19831102.txt,https://fraser.stlouisfed.org/docs/historical/FOMC/meetingdocuments/fomc19831115beige19831102.pdf,1983-11-02
23092,1983-12-19,"Meeting, December 19-20, 1983",beige_book,1983-12-06,fomc19831220beige19831206.txt,https://fraser.stlouisfed.org/files/text/historical/FOMC/meetingdocuments/fomc19831220beige19831206.txt,https://fraser.stlouisfed.org/docs/historical/FOMC/meetingdocuments/fomc19831220beige19831206.pdf,1983-12-06
23338,1984-01-30,"Meeting, January 30-31, 1984",beige_book,1984-01-20,fomc19840131beige19840120.txt,https://fraser.stlouisfed.org/files/text/historical/FOMC/meetingdocuments/fomc19840131beige19840120.txt,https://fraser.stlouisfed.org/docs/historical/FOMC/meetingdocuments/fomc19840131beige19840120.pdf,1984-01-20
23094,1984-03-26,"Meeting, March 26-27, 1984",beige_book,1984-03-13,fomc19840327beige19840313.txt,https://fraser.stlouisfed.org/files/text/historical/FOMC/meetingdocuments/fomc19840327beige19840313.txt,https://fraser.stlouisfed.org/docs/historical/FOMC/meetingdocuments/fomc19840327beige19840313.pdf,1984-03-13
23095,1984-05-21,"Meeting, May 21-22, 1984",beige_book,1984-05-08,fomc19840522beige19840508.txt,https://fraser.stlouisfed.org/files/text/historical/FOMC/meetingdocuments/fomc19840522beige19840508.txt,https://fraser.stlouisfed.org/docs/historical/FOMC/meetingdocuments/fomc19840522beige19840508.pdf,1984-05-08
23337,1984-07-16,"Meeting, July 16-17, 1984",beige_book,1984-06-25,fomc19840717beige19840625.txt,https://fraser.stlouisfed.org/files/text/historical/FOMC/meetingdocuments/fomc19840717beige19840625.txt,https://fraser.stlouisfed.org/docs/historical/FOMC/meetingdocuments/fomc19840717beige19840625.pdf,1984-06-25
23342,1984-08-21,"Meeting, August 21, 1984",beige_book,1984-08-06,fomc19840821beige19840806.txt,https://fraser.stlouisfed.org/files/text/historical/FOMC/meetingdocuments/fomc19840821beige19840806.txt,https://fraser.stlouisfed.org/docs/historical/FOMC/meetingdocuments/fomc19840821beige19840806.pdf,1984-08-06
23083,1984-10-02,"Meeting, October 2, 1984",beige_book,1984-09-16,fomc19841002beige19840916.txt,https://fraser.stlouisfed.org/files/text/historical/FOMC/meetingdocuments/fomc19841002beige19840916.txt,https://fraser.stlouisfed.org/docs/historical/FOMC/meetingdocuments/fomc19841002beige19840916.pdf,1984-09-16
23097,1984-11-07,"Meeting, November 7, 1984",beige_book,1984-10-23,fomc19841107beige19841023.txt,https://fraser.stlouisfed.org/files/text/historical/FOMC/meetingdocuments/fomc19841107beige19841023.txt,https://fraser.stlouisfed.org/docs/historical/FOMC/meetingdocuments/fomc19841107beige19841023.pdf,1984-10-23
23087,1984-12-17,"Meeting, December 17-18, 1984",beige_book,1984-12-05,fomc19841218beige19841205.txt,https://fraser.stlouisfed.org/files/text/historical/FOMC/meetingdocuments/fomc19841218beige19841205.txt,https://fraser.stlouisfed.org/docs/historical/FOMC/meetingdocuments/fomc19841218beige19841205.pdf,1984-12-05
23099,1985-02-12,"Meeting, February 12-13, 1985",beige_book,1985-01-30,fomc19850213beige19850130.txt,https://fraser.stlouisfed.org/files/text/historical/FOMC/meetingdocuments/fomc19850213beige19850130.txt,https://fraser.stlouisfed.org/docs/historical/FOMC/meetingdocuments/fomc19850213beige19850130.pdf,1985-01-30
23100,1985-03-26,"Meeting, March 26, 1985",beige_book,1985-03-12,fomc19850326beige19850312.txt,https://fraser.stlouisfed.org/files/text/historical/FOMC/meetingdocuments/fomc19850326beige19850312.txt,https://fraser.stlouisfed.org/docs/historical/FOMC/meetingdocuments/fomc19850326beige19850312.pdf,1985-03-12
23101,1985-05-21,"Meeting, May 21, 1985",beige_book,1985-05-06,fomc19850521beige19850506.txt,https://fraser.stlouisfed.org/files/text/historical/FOMC/meetingdocuments/fomc19850521beige19850506.txt,https://fraser.stlouisfed.org/docs/historical/FOMC/meetingdocuments/fomc19850521beige19850506.pdf,1985-05-06
23102,1985-07-09,"Meeting, July 9-10, 1985",beige_book,1985-06-25,fomc19850710beige19850625.txt,https://fraser.stlouisfed.org/files/text/historical/FOMC/meetingdocuments/fomc19850710beige19850625.txt,https://fraser.stlouisfed.org/docs/historical/FOMC/meetingdocuments/fomc19850710beige19850625.pdf,1985-06-25
23336,1985-08-20,"Meeting, August 20, 1985",beige_book,1985-08-06,fomc19850820beige19850806.txt,https://fraser.stlouisfed.org/files/text/historical/FOMC/meetingdocuments/fomc19850820beige19850806.txt,https://fraser.stlouisfed.org/docs/historical/FOMC/meetingdocuments/fomc19850820beige19850806.pdf,1985-08-06
23106,1985-10-01,"Meeting, October 1, 1985",beige_book,1985-09-16,fomc19851001beige19850916.txt,https://fraser.stlouisfed.org/files/text/historical/FOMC/meetingdocuments/fomc19851001beige19850916.txt,https://fraser.stlouisfed.org/docs/historical/FOMC/meetingdocuments/fomc19851001beige19850916.pdf,1985-09-16
23339,1985-11-04,"Meeting, November 4-5, 1985",beige_book,1985-10-23,fomc19851105beige19851023.txt,https://fraser.stlouisfed.org/files/text/historical/FOMC/meetingdocuments/fomc19851105beige19851023.txt,https://fraser.stlouisfed.org/docs/historical/FOMC/meetingdocuments/fomc19851105beige19851023.pdf,1985-10-23
23090,1985-12-16,"Meeting, December 16-17, 1985",beige_book,1985-12-05,fomc19851217beige19851205.txt,https://fraser.stlouisfed.org/files/text/historical/FOMC/meetingdocuments/fomc19851217beige19851205.txt,https://fraser.stlouisfed.org/docs/historical/FOMC/meetingdocuments/fomc19851217beige19851205.pdf,1985-12-05
23096,1986-02-11,"Meeting, February 11-12, 1986",beige_book,1986-01-28,fomc19860212beige19860128.txt,https://fraser.stlouisfed.org/files/text/historical/FOMC/meetingdocuments/fomc19860212beige19860128.txt,https://fraser.stlouisfed.org/docs/historical/FOMC/meetingdocuments/fomc19860212beige19860128.pdf,1986-01-28
23103,1986-04-01,"Meeting, April 1, 1986",beige_book,1986-03-20,fomc19860401beige19860320.txt,https://fraser.stlouisfed.org/files/text/historical/FOMC/meetingdocuments/fomc19860401beige19860320.txt,https://fraser.stlouisfed.org/docs/historical/FOMC/meetingdocuments/fomc19860401beige19860320.pdf,1986-03-20
23105,1986-05-20,"Meeting, May 20, 1986",beige_book,1986-05-06,fomc19860520beige19860506.txt,https://fraser.stlouisfed.org/files/text/historical/FOMC/meetingdocuments/fomc19860520beige19860506.txt,https://fraser.stlouisfed.org/docs/historical/FOMC/meetingdocuments/fomc19860520beige19860506.pdf,1986-05-06
22500,1986-07-08,"Meeting, July 8-9, 1986",beige_book,1986-06-24,fomc19860709beige19860624.txt,https://fraser.stlouisfed.org/files/text/historical/FOMC/meetingdocuments/fomc19860709beige19860624.txt,https://fraser.stlouisfed.org/docs/historical/FOMC/meetingdocuments/fomc19860709beige19860624.pdf,1986-06-24
23107,1986-08-19,"Meeting, August 19, 1986",beige_book,1986-08-05,fomc19860819beige19860805.txt,https://fraser.stlouisfed.org/files/text/historical/FOMC/meetingdocuments/fomc19860819beige19860805.txt,https://fraser.stlouisfed.org/docs/historical/FOMC/meetingdocuments/fomc19860819beige19860805.pdf,1986-08-05
22501,1986-09-23,"Meeting, September 23, 1986",beige_book,1986-09-10,fomc19860923beige19860910.txt,https://fraser.stlouisfed.org/files/text/historical/FOMC/meetingdocuments/fomc19860923beige19860910.txt,https://fraser.stlouisfed.org/docs/historical/FOMC/meetingdocuments/fomc19860923beige19860910.pdf,1986-09-10
22502,1986-11-05,"Meeting, November 5, 1986",beige_book,1986-10-23,fomc19861105beige19861023.txt,https://fraser.stlouisfed.org/files/text/historical/FOMC/meetingdocuments/fomc19861105beige19861023.txt,https://fraser.stlouisfed.org/docs/historical/FOMC/meetingdocuments/fomc19861105beige19861023.pdf,1986-10-23
22503,1986-12-15,"Meeting, December 15-16, 1986",beige_book,1986-12-01,fomc19861216beige19861201.txt,https://fraser.stlouisfed.org/files/text/historical/FOMC/meetingdocuments/fomc19861216beige19861201.txt,https://fraser.stlouisfed.org/docs/historical/FOMC/meetingdocuments/fomc19861216beige19861201.pdf,1986-12-01
22504,1987-02-10,"Meeting, February 10-11, 1987",beige_book,1987-01-28,fomc19870211beige19870128.txt,https://fraser.stlouisfed.org/files/text/historical/FOMC/meetingdocuments/fomc19870211beige19870128.txt,https://fraser.stlouisfed.org/docs/historical/FOMC/meetingdocuments/fomc19870211beige19870128.pdf,1987-01-28
22506,1987-03-31,"Meeting, March 31, 1987",beige_book,1987-03-16,fomc19870331beige19870316.txt,https://fraser.stlouisfed.org/files/text/historical/FOMC/meetingdocuments/fomc19870331beige19870316.txt,https://fraser.stlouisfed.org/docs/historical/FOMC/meetingdocuments/fomc19870331beige19870316.pdf,1987-03-16
23112,1987-05-19,"Meeting, May 19, 1987",beige_book,1987-05-04,fomc19870519beige19870504.txt,https://fraser.stlouisfed.org/files/text/historical/FOMC/meetingdocuments/fomc19870519beige19870504.txt,https://fraser.stlouisfed.org/docs/historical/FOMC/meetingdocuments/fomc19870519beige19870504.pdf,1987-05-04
23113,1987-07-07,"Meeting, July 7, 1987",beige_book,1987-06-23,fomc19870707beige19870623.txt,https://fraser.stlouisfed.org/files/text/historical/FOMC/meetingdocuments/fomc19870707beige19870623.txt,https://fraser.stlouisfed.org/docs/historical/FOMC/meetingdocuments/fomc19870707beige19870623.pdf,1987-06-23
23114,1987-08-18,"Meeting, August 18, 1987",beige_book,1987-08-03,fomc19870818beige19870803.txt,https://fraser.stlouisfed.org/files/text/historical/FOMC/meetingdocuments/fomc19870818beige19870803.txt,https://fraser.stlouisfed.org/docs/historical/FOMC/meetingdocuments/fomc19870818beige19870803.pdf,1987-08-03
23115,1987-09-22,"Meeting, September 22, 1987",beige_book,1987-09-08,fomc19870922beige19870908.txt,https://fraser.stlouisfed.org/files/text/historical/FOMC/meetingdocuments/fomc19870922beige19870908.txt,https://fraser.stlouisfed.org/docs/historical/FOMC/meetingdocuments/fomc19870922beige19870908.pdf,1987-09-08
23116,1987-11-03,"Meeting, November 3, 1987",beige_book,1987-10-27,fomc19871103beige19871027.txt,https://fraser.stlouisfed.org/files/text/historical/FOMC/meetingdocuments/fomc19871103beige19871027.txt,https://fraser.stlouisfed.org/docs/historical/FOMC/meetingdocuments/fomc19871103beige19871027.pdf,1987-10-27
23117,1987-12-15,"Meeting, December 15-16, 1987",beige_book,1987-12-01,fomc19871216beige19871201.txt,https://fraser.stlouisfed.org/files/text/historical/FOMC/meetingdocuments/fomc19871216beige19871201.txt,https://fraser.stlouisfed.org/docs/historical/FOMC/meetingdocuments/fomc19871216beige19871201.pdf,1987-12-01
23118,1988-02-09,"Meeting, February 9-10, 1988",beige_book,1988-01-27,fomc19880210beige19880127.txt,https://fraser.stlouisfed.org/files/text/historical/FOMC/meetingdocuments/fomc19880210beige19880127.txt,https://fraser.stlouisfed.org/docs/historical/FOMC/meetingdocuments/fomc19880210beige19880127.pdf,1988-01-27
23109,1988-03-29,"Meeting, March 29, 1988",beige_book,1988-03-15,fomc19880329beige19880315.txt,https://fraser.stlouisfed.org/files/text/historical/FOMC/meetingdocuments/fomc19880329beige19880315.txt,https://fraser.stlouisfed.org/docs/historical/FOMC/meetingdocuments/fomc19880329beige19880315.pdf,1988-03-15
23110,1988-05-17,"Meeting, May 17, 1988",beige_book,1988-05-04,fomc19880517beige19880504.txt,https://fraser.stlouisfed.org/files/text/historical/FOMC/meetingdocuments/fomc19880517beige19880504.txt,https://fraser.stlouisfed.org/docs/historical/FOMC/meetingdocuments/fomc19880517beige19880504.pdf,1988-05-04
23111,1988-06-29,"Meeting, June 29-30, 1988",beige_book,1988-06-15,fomc19880630beige19880615.txt,https://fraser.stlouisfed.org/files/text/historical/FOMC/meetingdocuments/fomc19880630beige19880615.txt,https://fraser.stlouisfed.org/docs/historical/FOMC/meetingdocuments/fomc19880630beige19880615.pdf,1988-06-15
23119,1988-08-16,"Meeting, August 16, 1988",beige_book,1988-08-02,fomc19880816beige19880802.txt,https://fraser.stlouisfed.org/files/text/historical/FOMC/meetingdocuments/fomc19880816beige19880802.txt,https://fraser.stlouisfed.org/docs/historical/FOMC/meetingdocuments/fomc19880816beige19880802.pdf,1988-08-02
23120,1988-09-20,"Meeting, September 20, 1988",beige_book,1988-09-06,fomc19880920beige19880906.txt,https://fraser.stlouisfed.org/files/text/historical/FOMC/meetingdocuments/fomc19880920beige19880906.txt,https://fraser.stlouisfed.org/docs/historical/FOMC/meetingdocuments/fomc19880920beige19880906.pdf,1988-09-06
23123,1988-11-01,"Meeting, November 1, 1988",beige_book,1988-10-18,fomc19881101beige19881018.txt,https://fraser.stlouisfed.org/files/text/historical/FOMC/meetingdocuments/fomc19881101beige19881018.txt,https://fraser.stlouisfed.org/docs/historical/FOMC/meetingdocuments/fomc19881101beige19881018.pdf,1988-10-18
23125,1988-12-13,"Meeting, December 13-14, 1988",beige_book,1988-11-30,fomc19881214beige19881130.txt,https://fraser.stlouisfed.org/files/text/historical/FOMC/meetingdocuments/fomc19881214beige19881130.txt,https://fraser.stlouisfed.org/docs/historical/FOMC/meetingdocuments/fomc19881214beige19881130.pdf,1988-11-30
23126,1989-02-07,"Meeting, February 7-8, 1989",beige_book,1989-01-25,fomc19890208beige19890125.txt,https://fraser.stlouisfed.org/files/text/historical/FOMC/meetingdocuments/fomc19890208beige19890125.txt,https://fraser.stlouisfed.org/docs/historical/FOMC/meetingdocuments/fomc19890208beige19890125.pdf,1989-01-25
23332,1989-03-28,"Meeting, March 28, 1989",beige_book,1989-03-15,fomc19890328beige19890315.txt,https://fraser.stlouisfed.org/files/text/historical/FOMC/meetingdocuments/fomc19890328beige19890315.txt,https://fraser.stlouisfed.org/docs/historical/FOMC/meetingdocuments/fomc19890328beige19890315.pdf,1989-03-15
23122,1989-05-16,"Meeting, May 16, 1989",beige_book,1989-05-03,fomc19890516beige19890503.txt,https://fraser.stlouisfed.org/files/text/historical/FOMC/meetingdocuments/fomc19890516beige19890503.txt,https://fraser.stlouisfed.org/docs/historical/FOMC/meetingdocuments/fomc19890516beige19890503.pdf,1989-05-03
23132,1989-07-05,"Meeting, July 5-6, 1989",beige_book,1989-06-21,fomc19890706beige19890621.txt,https://fraser.stlouisfed.org/files/text/historical/FOMC/meetingdocuments/fomc19890706beige19890621.txt,https://fraser.stlouisfed.org/docs/historical/FOMC/meetingdocuments/fomc19890706beige19890621.pdf,1989-06-21
23134,1989-08-22,"Meeting, August 22, 1989",beige_book,1989-08-09,fomc19890822beige19890809.txt,https://fraser.stlouisfed.org/files/text/historical/FOMC/meetingdocuments/fomc19890822beige19890809.txt,https://fraser.stlouisfed.org/docs/historical/FOMC/meetingdocuments/fomc19890822beige19890809.pdf,1989-08-09
23043,1989-10-03,"Meeting, October 3, 1989",beige_book,1989-09-20,fomc19891003beige19890920.txt,https://fraser.stlouisfed.org/files/text/historical/FOMC/meetingdocuments/fomc19891003beige19890920.txt,https://fraser.stlouisfed.org/docs/historical/FOMC/meetingdocuments/fomc19891003beige19890920.pdf,1989-09-20
23138,1989-11-14,"Meeting, November 14, 1989",beige_book,1989-11-01,fomc19891114beige19891101.txt,https://fraser.stlouisfed.org/files/text/historical/FOMC/meetingdocuments/fomc19891114beige19891101.txt,https://fraser.stlouisfed.org/docs/historical/FOMC/meetingdocuments/fomc19891114beige19891101.pdf,1989-11-01
23143,1989-12-18,"Meeting, December 18-19, 1989",beige_book,1989-12-06,fomc19891219beige19891206.txt,https://fraser.stlouisfed.org/files/text/historical/FOMC/meetingdocuments/fomc19891219beige19891206.txt,https://fraser.stlouisfed.org/docs/historical/FOMC/meetingdocuments/fomc19891219beige19891206.pdf,1989-12-06
23144,1990-02-06,"Meeting, February 6-7, 1990",beige_book,1990-01-24,fomc19900207beige19900124.txt,https://fraser.stlouisfed.org/files/text/historical/FOMC/meetingdocuments/fomc19900207beige19900124.txt,https://fraser.stlouisfed.org/docs/historical/FOMC/meetingdocuments/fomc19900207beige19900124.pdf,1990-01-24
23326,1990-03-27,"Meeting, March 27, 1990",beige_book,1990-03-14,fomc19900327beige19900314.txt,https://fraser.stlouisfed.org/files/text/historical/FOMC/meetingdocuments/fomc19900327beige19900314.txt,https://fraser.stlouisfed.org/docs/historical/FOMC/meetingdocuments/fomc19900327beige19900314.pdf,1990-03-14
23146,1990-05-15,"Meeting, May 15, 1990",beige_book,1990-05-02,fomc19900515beige19900502.txt,https://fraser.stlouisfed.org/files/text/historical/FOMC/meetingdocuments/fomc19900515beige19900502.txt,https://fraser.stlouisfed.org/docs/historical/FOMC/meetingdocuments/fomc19900515beige19900502.pdf,1990-05-02
23147,1990-07-02,"Meeting, July 2-3, 1990",beige_book,1990-06-20,fomc19900703beige19900620.txt,https://fraser.stlouisfed.org/files/text/historical/FOMC/meetingdocuments/fomc19900703beige19900620.txt,https://fraser.stlouisfed.org/docs/historical/FOMC/meetingdocuments/fomc19900703beige19900620.pdf,1990-06-20
22572,1990-08-21,"Meeting, August 21, 1990",beige_book,1990-08-08,fomc19900821beige19900808.txt,https://fraser.stlouisfed.org/files/text/historical/FOMC/meetingdocuments/fomc19900821beige19900808.txt,https://fraser.stlouisfed.org/docs/historical/FOMC/meetingdocuments/fomc19900821beige19900808.pdf,1990-08-08
23155,1990-10-02,"Meeting, October 2, 1990",beige_book,1990-09-19,fomc19901002beige19900919.txt,https://fraser.stlouisfed.org/files/text/historical/FOMC/meetingdocuments/fomc19901002beige19900919.txt,https://fraser.stlouisfed.org/docs/historical/FOMC/meetingdocuments/fomc19901002beige19900919.pdf,1990-09-19
23156,1990-11-13,"Meeting, November 13, 1990",beige_book,1990-10-31,fomc19901113beige19901031.txt,https://fraser.stlouisfed.org/files/text/historical/FOMC/meetingdocuments/fomc19901113beige19901031.txt,https://fraser.stlouisfed.org/docs/historical/FOMC/meetingdocuments/fomc19901113beige19901031.pdf,1990-10-31
22570,1990-12-18,"Meeting, December 18, 1990",beige_book,1990-12-05,fomc19901218beige19901205.txt,https://fraser.stlouisfed.org/files/text/historical/FOMC/meetingdocuments/fomc19901218beige19901205.txt,https://fraser.stlouisfed.org/docs/historical/FOMC/meetingdocuments/fomc19901218beige19901205.pdf,1990-12-05
23160,1991-02-05,"Meeting, February 5-6, 1991",beige_book,1991-01-23,fomc19910206beige19910123.txt,https://fraser.stlouisfed.org/files/text/historical/FOMC/meetingdocuments/fomc19910206beige19910123.txt,https://fraser.stlouisfed.org/docs/historical/FOMC/meetingdocuments/fomc19910206beige19910123.pdf,1991-01-23
23164,1991-03-26,"Meeting, March 26, 1991",beige_book,1991-03-13,fomc19910326beige19910313.txt,https://fraser.stlouisfed.org/files/text/historical/FOMC/meetingdocuments/fomc19910326beige19910313.txt,https://fraser.stlouisfed.org/docs/historical/FOMC/meetingdocuments/fomc19910326beige19910313.pdf,1991-03-13
23167,1991-05-14,"Meeting, May 14, 1991",beige_book,1991-05-01,fomc19910514beige19910501.txt,https://fraser.stlouisfed.org/files/text/historical/FOMC/meetingdocuments/fomc19910514beige19910501.txt,https://fraser.stlouisfed.org/docs/historical/FOMC/meetingdocuments/fomc19910514beige19910501.pdf,1991-05-01
23173,1991-07-02,"Meeting, July 2-3, 1991",beige_book,1991-06-19,fomc19910703beige19910619.txt,https://fraser.stlouisfed.org/files/text/historical/FOMC/meetingdocuments/fomc19910703beige19910619.txt,https://fraser.stlouisfed.org/docs/historical/FOMC/meetingdocuments/fomc19910703beige19910619.pdf,1991-06-19
23331,1991-08-20,"Meeting, August 20, 1991",beige_book,1991-08-07,fomc19910820beige19910807.txt,https://fraser.stlouisfed.org/files/text/historical/FOMC/meetingdocuments/fomc19910820beige19910807.txt,https://fraser.stlouisfed.org/docs/historical/FOMC/meetingdocuments/fomc19910820beige19910807.pdf,1991-08-07
23176,1991-10-01,"Meeting, October 1, 1991",beige_book,1991-09-18,fomc19911001beige19910918.txt,https://fraser.stlouisfed.org/files/text/historical/FOMC/meetingdocuments/fomc19911001beige19910918.txt,https://fraser.stlouisfed.org/docs/historical/FOMC/meetingdocuments/fomc19911001beige19910918.pdf,1991-09-18
23178,1991-11-05,"Meeting, November 5, 1991",beige_book,1991-10-23,fomc19911105beige19911023.txt,https://fraser.stlouisfed.org/files/text/historical/FOMC/meetingdocuments/fomc19911105beige19911023.txt,https://fraser.stlouisfed.org/docs/historical/FOMC/meetingdocuments/fomc19911105beige19911023.pdf,1991-10-23
22566,1991-12-17,"Meeting, December 17, 1991",beige_book,1991-12-04,fomc19911217beige19911204.txt,https://fraser.stlouisfed.org/files/text/historical/FOMC/meetingdocuments/fomc19911217beige19911204.txt,https://fraser.stlouisfed.org/docs/historical/FOMC/meetingdocuments/fomc19911217beige19911204.pdf,1991-12-04
23184,1992-02-04,"Meeting, February 4-5, 1992",beige_book,1992-01-22,fomc19920205beige19920122.txt,https://fraser.stlouisfed.org/files/text/historical/FOMC/meetingdocuments/fomc19920205beige19920122.txt,https://fraser.stlouisfed.org/docs/historical/FOMC/meetingdocuments/fomc19920205beige19920122.pdf,1992-01-22
23186,1992-03-31,"Meeting, March 31, 1992",beige_book,1992-03-18,fomc19920331beige19920318.txt,https://fraser.stlouisfed.org/files/text/historical/FOMC/meetingdocuments/fomc19920331beige19920318.txt,https://fraser.stlouisfed.org/docs/historical/FOMC/meetingdocuments/fomc19920331beige19920318.pdf,1992-03-18
23187,1992-05-19,"Meeting, May 19, 1992",beige_book,1992-05-06,fomc19920519beige19920506.txt,https://fraser.stlouisfed.org/files/text/historical/FOMC/meetingdocuments/fomc19920519beige19920506.txt,https://fraser.stlouisfed.org/docs/historical/FOMC/meetingdocuments/fomc19920519beige19920506.pdf,1992-05-06
23188,1992-06-30,"Meeting, June 30-July 1, 1992",beige_book,1992-06-17,fomc19920701beige19920617.txt,https://fraser.stlouisfed.org/files/text/historical/FOMC/meetingdocuments/fomc19920701beige19920617.txt,https://fraser.stlouisfed.org/docs/historical/FOMC/meetingdocuments/fomc19920701beige19920617.pdf,1992-06-17
23193,1992-08-18,"Meeting, August 18, 1992",beige_book,1992-08-05,fomc19920818beige19920805.txt,https://fraser.stlouisfed.org/files/text/historical/FOMC/meetingdocuments/fomc19920818beige19920805.txt,https://fraser.stlouisfed.org/docs/historical/FOMC/meetingdocuments/fomc19920818beige19920805.pdf,1992-08-05
23194,1992-10-06,"Meeting, October 6, 1992",beige_book,1992-09-23,fomc19921006beige19920923.txt,https://fraser.stlouisfed.org/files/text/historical/FOMC/meetingdocuments/fomc19921006beige19920923.txt,https://fraser.stlouisfed.org/docs/historical/FOMC/meetingdocuments/fomc19921006beige19920923.pdf,1992-09-23
23195,1992-11-17,"Meeting, November 17, 1992",beige_book,1992-11-04,fomc19921117beige19921104.txt,https://fraser.stlouisfed.org/files/text/historical/FOMC/meetingdocuments/fomc19921117beige19921104.txt,https://fraser.stlouisfed.org/docs/historical/FOMC/meetingdocuments/fomc19921117beige19921104.pdf,1992-11-04
23129,1992-12-22,"Meeting, December 22, 1992",beige_book,1992-12-09,fomc19921222beige19921209.txt,https://fraser.stlouisfed.org/files/text/historical/FOMC/meetingdocuments/fomc19921222beige19921209.txt,https://fraser.stlouisfed.org/docs/historical/FOMC/meetingdocuments/fomc19921222beige19921209.pdf,1992-12-09
23197,1993-02-02,"Meeting, February 2-3, 1993",beige_book,1993-01-21,fomc19930203beige19930121.txt,https://fraser.stlouisfed.org/files/text/historical/FOMC/meetingdocuments/fomc19930203beige19930121.txt,https://fraser.stlouisfed.org/docs/historical/FOMC/meetingdocuments/fomc19930203beige19930121.pdf,1993-01-21
23203,1993-03-23,"Meeting, March 23, 1993",beige_book,1993-03-10,fomc19930323beige19930310.txt,https://fraser.stlouisfed.org/files/text/historical/FOMC/meetingdocuments/fomc19930323beige19930310.txt,https://fraser.stlouisfed.org/docs/historical/FOMC/meetingdocuments/fomc19930323beige19930310.pdf,1993-03-10
23204,1993-05-18,"Meeting, May 18, 1993",beige_book,1993-05-05,fomc19930518beige19930505.txt,https://fraser.stlouisfed.org/files/text/historical/FOMC/meetingdocuments/fomc19930518beige19930505.txt,https://fraser.stlouisfed.org/docs/historical/FOMC/meetingdocuments/fomc19930518beige19930505.pdf,1993-05-05
23205,1993-07-06,"Meeting, July 6-7, 1993",beige_book,1993-06-23,fomc19930707beige19930623.txt,https://fraser.stlouisfed.org/files/text/historical/FOMC/meetingdocuments/fomc19930707beige19930623.txt,https://fraser.stlouisfed.org/docs/historical/FOMC/meetingdocuments/fomc19930707beige19930623.pdf,1993-06-23
22542,1993-08-17,"Meeting, August 17, 1993",beige_book,1993-08-04,fomc19930817beige19930804.txt,https://fraser.stlouisfed.org/files/text/historical/FOMC/meetingdocuments/fomc19930817beige19930804.txt,https://fraser.stlouisfed.org/docs/historical/FOMC/meetingdocuments/fomc19930817beige19930804.pdf,1993-08-04
23130,1993-09-21,"Meeting, September 21, 1993",beige_book,1993-09-08,fomc19930921beige19930908.txt,https://fraser.stlouisfed.org/files/text/historical/FOMC/meetingdocuments/fomc19930921beige19930908.txt,https://fraser.stlouisfed.org/docs/historical/FOMC/meetingdocuments/fomc19930921beige19930908.pdf,1993-09-08
23211,1993-11-16,"Meeting, November 16, 1993",beige_book,1993-11-03,fomc19931116beige19931103.txt,https://fraser.stlouisfed.org/files/text/historical/FOMC/meetingdocuments/fomc19931116beige19931103.txt,https://fraser.stlouisfed.org/docs/historical/FOMC/meetingdocuments/fomc19931116beige19931103.pdf,1993-11-03
22561,1993-12-21,"Meeting, December 21, 1993",beige_book,1993-12-08,fomc19931221beige19931208.txt,https://fraser.stlouisfed.org/files/text/historical/FOMC/meetingdocuments/fomc19931221beige19931208.txt,https://fraser.stlouisfed.org/docs/historical/FOMC/meetingdocuments/fomc19931221beige19931208.pdf,1993-12-08
23212,1994-02-03,"Meeting, February 3-4, 1994",beige_book,1994-01-19,fomc19940204beige19940119.txt,https://fraser.stlouisfed.org/files/text/historical/FOMC/meetingdocuments/fomc19940204beige19940119.txt,https://fraser.stlouisfed.org/docs/historical/FOMC/meetingdocuments/fomc19940204beige19940119.pdf,1994-01-19
23214,1994-03-22,"Meeting, March 22, 1994",beige_book,1994-03-09,fomc19940322beige19940309.txt,https://fraser.stlouisfed.org/files/text/historical/FOMC/meetingdocuments/fomc19940322beige19940309.txt,https://fraser.stlouisfed.org/docs/historical/FOMC/meetingdocuments/fomc19940322beige19940309.pdf,1994-03-09
23217,1994-05-17,"Meeting, May 17, 1994",beige_book,1994-05-04,fomc19940517beige19940504.txt,https://fraser.stlouisfed.org/files/text/historical/FOMC/meetingdocuments/fomc19940517beige19940504.txt,https://fraser.stlouisfed.org/docs/historical/FOMC/meetingdocuments/fomc19940517beige19940504.pdf,1994-05-04
23218,1994-07-05,"Meeting, July 5-6, 1994",beige_book,1994-06-22,fomc19940706beige19940622.txt,https://fraser.stlouisfed.org/files/text/historical/FOMC/meetingdocuments/fomc19940706beige19940622.txt,https://fraser.stlouisfed.org/docs/historical/FOMC/meetingdocuments/fomc19940706beige19940622.pdf,1994-06-22
23219,1994-08-16,"Meeting, August 16, 1994",beige_book,1994-08-03,fomc19940816beige19940803.txt,https://fraser.stlouisfed.org/files/text/historical/FOMC/meetingdocuments/fomc19940816beige19940803.txt,https://fraser.stlouisfed.org/docs/historical/FOMC/meetingdocuments/fomc19940816beige19940803.pdf,1994-08-03
23131,1994-09-27,"Meeting, September 27, 1994",beige_book,1994-09-14,fomc19940927beige19940914.txt,https://fraser.stlouisfed.org/files/text/historical/FOMC/meetingdocuments/fomc19940927beige19940914.txt,https://fraser.stlouisfed.org/docs/historical/FOMC/meetingdocuments/fomc19940927beige19940914.pdf,1994-09-14
23330,1994-11-15,"Meeting, November 15, 1994",beige_book,1994-11-02,fomc19941115beige19941102.txt,https://fraser.stlouisfed.org/files/text/historical/FOMC/meetingdocuments/fomc19941115beige19941102.txt,https://fraser.stlouisfed.org/docs/historical/FOMC/meetingdocuments/fomc19941115beige19941102.pdf,1994-11-02
23220,1994-12-20,"Meeting, December 20, 1994",beige_book,1994-12-07,fomc19941220beige19941207.txt,https://fraser.stlouisfed.org/files/text/historical/FOMC/meetingdocuments/fomc19941220beige19941207.txt,https://fraser.stlouisfed.org/docs/historical/FOMC/meetingdocuments/fomc19941220beige19941207.pdf,1994-12-07
23222,1995-01-31,"Meeting, January 31-February 1, 1995",beige_book,1995-01-18,fomc19950201beige19950118.txt,https://fraser.stlouisfed.org/files/text/historical/FOMC/meetingdocuments/fomc19950201beige19950118.txt,https://fraser.stlouisfed.org/docs/historical/FOMC/meetingdocuments/fomc19950201beige19950118.pdf,1995-01-18
23224,1995-03-28,"Meeting, March 28, 1995",beige_book,1995-03-15,fomc19950328beige19950315.txt,https://fraser.stlouisfed.org/files/text/historical/FOMC/meetingdocuments/fomc19950328beige19950315.txt,https://fraser.stlouisfed.org/docs/historical/FOMC/meetingdocuments/fomc19950328beige19950315.pdf,1995-03-15
23225,1995-05-23,"Meeting, May 23, 1995",beige_book,1995-05-10,fomc19950523beige19950510.txt,https://fraser.stlouisfed.org/files/text/historical/FOMC/meetingdocuments/fomc19950523beige19950510.txt,https://fraser.stlouisfed.org/docs/historical/FOMC/meetingdocuments/fomc19950523beige19950510.pdf,1995-05-10
23226,1995-07-05,"Meeting, July 5-6, 1995",beige_book,1995-06-21,fomc19950706beige19950621.txt,https://fraser.stlouisfed.org/files/text/historical/FOMC/meetingdocuments/fomc19950706beige19950621.txt,https://fraser.stlouisfed.org/docs/historical/FOMC/meetingdocuments/fomc19950706beige19950621.pdf,1995-06-21
23139,1995-08-22,"Meeting, August 22, 1995",beige_book,1995-08-09,fomc19950822beige19950809.txt,https://fraser.stlouisfed.org/files/text/historical/FOMC/meetingdocuments/fomc19950822beige19950809.txt,https://fraser.stlouisfed.org/docs/historical/FOMC/meetingdocuments/fomc19950822beige19950809.pdf,1995-08-09
23140,1995-09-26,"Meeting, September 26, 1995",beige_book,1995-09-13,fomc19950926beige19950913.txt,https://fraser.stlouisfed.org/files/text/historical/FOMC/meetingdocuments/fomc19950926beige19950913.txt,https://fraser.stlouisfed.org/docs/historical/FOMC/meetingdocuments/fomc19950926beige19950913.pdf,1995-09-13
23141,1995-11-15,"Meeting, November 15, 1995",beige_book,1995-11-01,fomc19951115beige19951101.txt,https://fraser.stlouisfed.org/files/text/historical/FOMC/meetingdocuments/fomc19951115beige19951101.txt,https://fraser.stlouisfed.org/docs/historical/FOMC/meetingdocuments/fomc19951115beige19951101.pdf,1995-11-01
23327,1995-12-19,"Meeting, December 19, 1995",beige_book,1995-12-06,fomc19951219beige19951206.txt,https://fraser.stlouisfed.org/files/text/historical/FOMC/meetingdocuments/fomc19951219beige19951206.txt,https://fraser.stlouisfed.org/docs/historical/FOMC/meetingdocuments/fomc19951219beige19951206.pdf,1995-12-06
23142,1996-01-30,"Meeting, January 30-31, 1996",beige_book,1996-01-17,fomc19960131beige19960117.txt,https://fraser.stlouisfed.org/files/text/historical/FOMC/meetingdocuments/fomc19960131beige19960117.txt,https://fraser.stlouisfed.org/docs/historical/FOMC/meetingdocuments/fomc19960131beige19960117.pdf,1996-01-17
23149,1996-03-26,"Meeting, March 26, 1996",beige_book,1996-03-13,fomc19960326beige19960313.txt,https://fraser.stlouisfed.org/files/text/historical/FOMC/meetingdocuments/fomc19960326beige19960313.txt,https://fraser.stlouisfed.org/docs/historical/FOMC/meetingdocuments/fomc19960326beige19960313.pdf,1996-03-13
23150,1996-05-21,"Meeting, May 21, 1996",beige_book,1996-05-08,fomc19960521beige19960508.txt,https://fraser.stlouisfed.org/files/text/historical/FOMC/meetingdocuments/fomc19960521beige19960508.txt,https://fraser.stlouisfed.org/docs/historical/FOMC/meetingdocuments/fomc19960521beige19960508.pdf,1996-05-08
23151,1996-07-02,"Meeting, July 2-3, 1996",beige_book,1996-06-19,fomc19960703beige19960619.txt,https://fraser.stlouisfed.org/files/text/historical/FOMC/meetingdocuments/fomc19960703beige19960619.txt,https://fraser.stlouisfed.org/docs/historical/FOMC/meetingdocuments/fomc19960703beige19960619.pdf,1996-06-19
23227,1996-08-20,"Meeting, August 20, 1996",beige_book,1996-08-07,fomc19960820beige19960807.txt,https://fraser.stlouisfed.org/files/text/historical/FOMC/meetingdocuments/fomc19960820beige19960807.txt,https://fraser.stlouisfed.org/docs/historical/FOMC/meetingdocuments/fomc19960820beige19960807.pdf,1996-08-07
23152,1996-09-24,"Meeting, September 24, 1996",beige_book,1996-09-11,fomc19960924beige19960911.txt,https://fraser.stlouisfed.org/files/text/historical/FOMC/meetingdocuments/fomc19960924beige19960911.txt,https://fraser.stlouisfed.org/docs/historical/FOMC/meetingdocuments/fomc19960924beige19960911.pdf,1996-09-11
23153,1996-11-13,"Meeting, November 13, 1996",beige_book,1996-10-30,fomc19961113beige19961030.txt,https://fraser.stlouisfed.org/files/text/historical/FOMC/meetingdocuments/fomc19961113beige19961030.txt,https://fraser.stlouisfed.org/docs/historical/FOMC/meetingdocuments/fomc19961113beige19961030.pdf,1996-10-30
23154,1996-12-17,"Meeting, December 17, 1996",beige_book,1996-12-04,fomc19961217beige19961204.txt,https://fraser.stlouisfed.org/files/text/historical/FOMC/meetingdocuments/fomc19961217beige19961204.txt,https://fraser.stlouisfed.org/docs/historical/FOMC/meetingdocuments/fomc19961217beige19961204.pdf,1996-12-04
22569,1997-02-04,"Meeting, February 4-5, 1997",beige_book,1997-01-22,fomc19970205beige19970122.txt,https://fraser.stlouisfed.org/files/text/historical/FOMC/meetingdocuments/fomc19970205beige19970122.txt,https://fraser.stlouisfed.org/docs/historical/FOMC/meetingdocuments/fomc19970205beige19970122.pdf,1997-01-22
23161,1997-03-25,"Meeting, March 25, 1997",beige_book,1997-03-12,fomc19970325beige19970312.txt,https://fraser.stlouisfed.org/files/text/historical/FOMC/meetingdocuments/fomc19970325beige19970312.txt,https://fraser.stlouisfed.org/docs/historical/FOMC/meetingdocuments/fomc19970325beige19970312.pdf,1997-03-12
23162,1997-05-20,"Meeting, May 20, 1997",beige_book,1997-05-07,fomc19970520beige19970507.txt,https://fraser.stlouisfed.org/files/text/historical/FOMC/meetingdocuments/fomc19970520beige19970507.txt,https://fraser.stlouisfed.org/docs/historical/FOMC/meetingdocuments/fomc19970520beige19970507.pdf,1997-05-07
23163,1997-07-01,"Meeting, July 1-2, 1997",beige_book,1997-06-18,fomc19970702beige19970618.txt,https://fraser.stlouisfed.org/files/text/historical/FOMC/meetingdocuments/fomc19970702beige19970618.txt,https://fraser.stlouisfed.org/docs/historical/FOMC/meetingdocuments/fomc19970702beige19970618.pdf,1997-06-18
22539,1997-08-19,"Meeting, August 19, 1997",beige_book,1997-08-06,fomc19970819beige19970806.txt,https://fraser.stlouisfed.org/files/text/historical/FOMC/meetingdocuments/fomc19970819beige19970806.txt,https://fraser.stlouisfed.org/docs/historical/FOMC/meetingdocuments/fomc19970819beige19970806.pdf,1997-08-06
23228,1997-09-30,"Meeting, September 30, 1997",beige_book,1997-09-17,fomc19970930beige19970917.txt,https://fraser.stlouisfed.org/files/text/historical/FOMC/meetingdocuments/fomc19970930beige19970917.txt,https://fraser.stlouisfed.org/docs/historical/FOMC/meetingdocuments/fomc19970930beige19970917.pdf,1997-09-17
23170,1997-11-12,"Meeting, November 12, 1997",beige_book,1997-10-29,fomc19971112beige19971029.txt,https://fraser.stlouisfed.org/files/text/historical/FOMC/meetingdocuments/fomc19971112beige19971029.txt,https://fraser.stlouisfed.org/docs/historical/FOMC/meetingdocuments/fomc19971112beige19971029.pdf,1997-10-29
23171,1997-12-16,"Meeting, December 16, 1997",beige_book,1997-12-03,fomc19971216beige19971203.txt,https://fraser.stlouisfed.org/files/text/historical/FOMC/meetingdocuments/fomc19971216beige19971203.txt,https://fraser.stlouisfed.org/docs/historical/FOMC/meetingdocuments/fomc19971216beige19971203.pdf,1997-12-03
23172,1998-02-03,"Meeting, February 3-4, 1998",beige_book,1998-01-21,fomc19980204beige19980121.txt,https://fraser.stlouisfed.org/files/text/historical/FOMC/meetingdocuments/fomc19980204beige19980121.txt,https://fraser.stlouisfed.org/docs/historical/FOMC/meetingdocuments/fomc19980204beige19980121.pdf,1998-01-21
22568,1998-03-31,"Meeting, March 31, 1998",beige_book,1998-03-18,fomc19980331beige19980318.txt,https://fraser.stlouisfed.org/files/text/historical/FOMC/meetingdocuments/fomc19980331beige19980318.txt,https://fraser.stlouisfed.org/docs/historical/FOMC/meetingdocuments/fomc19980331beige19980318.pdf,1998-03-18
22567,1998-05-19,"Meeting, May 19, 1998",beige_book,1998-05-06,fomc19980519beige19980506.txt,https://fraser.stlouisfed.org/files/text/historical/FOMC/meetingdocuments/fomc19980519beige19980506.txt,https://fraser.stlouisfed.org/docs/historical/FOMC/meetingdocuments/fomc19980519beige19980506.pdf,1998-05-06
23180,1998-06-30,"Meeting, June 30-July 1, 1998",beige_book,1998-06-17,fomc19980701beige19980617.txt,https://fraser.stlouisfed.org/files/text/historical/FOMC/meetingdocuments/fomc19980701beige19980617.txt,https://fraser.stlouisfed.org/docs/historical/FOMC/meetingdocuments/fomc19980701beige19980617.pdf,1998-06-17
23181,1998-08-18,"Meeting, August 18, 1998",beige_book,1998-08-05,fomc19980818beige19980805.txt,https://fraser.stlouisfed.org/files/text/historical/FOMC/meetingdocuments/fomc19980818beige19980805.txt,https://fraser.stlouisfed.org/docs/historical/FOMC/meetingdocuments/fomc19980818beige19980805.pdf,1998-08-05
23233,1998-09-29,"Meeting, September 29, 1998",beige_book,1998-09-16,fomc19980929beige19980916.txt,https://fraser.stlouisfed.org/files/text/historical/FOMC/meetingdocuments/fomc19980929beige19980916.txt,https://fraser.stlouisfed.org/docs/historical/FOMC/meetingdocuments/fomc19980929beige19980916.pdf,1998-09-16
22555,1998-11-17,"Meeting, November 17, 1998",beige_book,1998-11-04,fomc19981117beige19981104.txt,https://fraser.stlouisfed.org/files/text/historical/FOMC/meetingdocuments/fomc19981117beige19981104.txt,https://fraser.stlouisfed.org/docs/historical/FOMC/meetingdocuments/fomc19981117beige19981104.pdf,1998-11-04
23235,1998-12-22,"Meeting, December 22, 1998",beige_book,1998-12-09,fomc19981222beige19981209.txt,https://fraser.stlouisfed.org/files/text/historical/FOMC/meetingdocuments/fomc19981222beige19981209.txt,https://fraser.stlouisfed.org/docs/historical/FOMC/meetingdocuments/fomc19981222beige19981209.pdf,1998-12-09
23236,1999-02-02,"Meeting, February 2-3, 1999",beige_book,1999-01-20,fomc19990203beige19990120.txt,https://fraser.stlouisfed.org/files/text/historical/FOMC/meetingdocuments/fomc19990203beige19990120.txt,https://fraser.stlouisfed.org/docs/historical/FOMC/meetingdocuments/fomc19990203beige19990120.pdf,1999-01-20
23237,1999-03-30,"Meeting, March 30, 1999",beige_book,1999-03-17,fomc19990330beige19990317.txt,https://fraser.stlouisfed.org/files/text/historical/FOMC/meetingdocuments/fomc19990330beige19990317.txt,https://fraser.stlouisfed.org/docs/historical/FOMC/meetingdocuments/fomc19990330beige19990317.pdf,1999-03-17
22554,1999-05-18,"Meeting, May 18, 1999",beige_book,1999-05-05,fomc19990518beige19990505.txt,https://fraser.stlouisfed.org/files/text/historical/FOMC/meetingdocuments/fomc19990518beige19990505.txt,https://fraser.stlouisfed.org/docs/historical/FOMC/meetingdocuments/fomc19990518beige19990505.pdf,1999-05-05
23182,1999-06-29,"Meeting, June 29-30, 1999",beige_book,1999-06-16,fomc19990630beige19990616.txt,https://fraser.stlouisfed.org/files/text/historical/FOMC/meetingdocuments/fomc19990630beige19990616.txt,https://fraser.stlouisfed.org/docs/historical/FOMC/meetingdocuments/fomc19990630beige19990616.pdf,1999-06-16
23239,1999-08-24,"Meeting, August 24, 1999",beige_book,1999-08-11,fomc19990824beige19990811.txt,https://fraser.stlouisfed.org/files/text/historical/FOMC/meetingdocuments/fomc19990824beige19990811.txt,https://fraser.stlouisfed.org/docs/historical/FOMC/meetingdocuments/fomc19990824beige19990811.pdf,1999-08-11
23185,1999-10-05,"Meeting, October 5, 1999",beige_book,1999-09-22,fomc19991005beige19990922.txt,https://fraser.stlouisfed.org/files/text/historical/FOMC/meetingdocuments/fomc19991005beige19990922.txt,https://fraser.stlouisfed.org/docs/historical/FOMC/meetingdocuments/fomc19991005beige19990922.pdf,1999-09-22
23190,1999-11-16,"Meeting, November 16, 1999",beige_book,1999-11-03,fomc19991116beige19991103.txt,https://fraser.stlouisfed.org/files/text/historical/FOMC/meetingdocuments/fomc19991116beige19991103.txt,https://fraser.stlouisfed.org/docs/historical/FOMC/meetingdocuments/fomc19991116beige19991103.pdf,1999-11-03
23191,1999-12-21,"Meeting, December 21, 1999",beige_book,1999-12-08,fomc19991221beige19991208.txt,https://fraser.stlouisfed.org/files/text/historical/FOMC/meetingdocuments/fomc19991221beige19991208.txt,https://fraser.stlouisfed.org/docs/historical/FOMC/meetingdocuments/fomc19991221beige19991208.pdf,1999-12-08
23192,2000-02-01,"Meeting, February 1-2, 2000",beige_book,2000-01-19,fomc20000202beige20000119.txt,https://fraser.stlouisfed.org/files/text/historical/FOMC/meetingdocuments/fomc20000202beige20000119.txt,https://fraser.stlouisfed.org/docs/historical/FOMC/meetingdocuments/fomc20000202beige20000119.pdf,2000-01-19
22564,2000-03-21,"Meeting, March 21, 2000",beige_book,2000-03-08,fomc20000321beige20000308.txt,https://fraser.stlouisfed.org/files/text/historical/FOMC/meetingdocuments/fomc20000321beige20000308.txt,https://fraser.stlouisfed.org/docs/historical/FOMC/meetingdocuments/fomc20000321beige20000308.pdf,2000-03-08
22563,2000-05-16,"Meeting, May 16, 2000",beige_book,2000-05-03,fomc20000516beige20000503.txt,https://fraser.stlouisfed.org/files/text/historical/FOMC/meetingdocuments/fomc20000516beige20000503.txt,https://fraser.stlouisfed.org/docs/historical/FOMC/meetingdocuments/fomc20000516beige20000503.pdf,2000-05-03
23199,2000-06-27,"Meeting, June 27-28, 2000",beige_book,2000-06-14,fomc20000628beige20000614.txt,https://fraser.stlouisfed.org/files/text/historical/FOMC/meetingdocuments/fomc20000628beige20000614.txt,https://fraser.stlouisfed.org/docs/historical/FOMC/meetingdocuments/fomc20000628beige20000614.pdf,2000-06-14
23200,2000-08-22,"Meeting, August 22, 2000",beige_book,2000-08-09,fomc20000822beige20000809.txt,https://fraser.stlouisfed.org/files/text/historical/FOMC/meetingdocuments/fomc20000822beige20000809.txt,https://fraser.stlouisfed.org/docs/historical/FOMC/meetingdocuments/fomc20000822beige20000809.pdf,2000-08-09
23241,2000-10-03,"Meeting, October 3, 2000",beige_book,2000-09-20,fomc20001003beige20000920.txt,https://fraser.stlouisfed.org/files/text/historical/FOMC/meetingdocuments/fomc20001003beige20000920.txt,https://fraser.stlouisfed.org/docs/historical/FOMC/meetingdocuments/fomc20001003beige20000920.pdf,2000-09-20
23201,2000-11-15,"Meeting, November 15, 2000",beige_book,2000-11-01,fomc20001115beige20001101.txt,https://fraser.stlouisfed.org/files/text/historical/FOMC/meetingdocuments/fomc20001115beige20001101.txt,https://fraser.stlouisfed.org/docs/historical/FOMC/meetingdocuments/fomc20001115beige20001101.pdf,2000-11-01
23208,2000-12-19,"Meeting, December 19, 2000",beige_book,2000-12-06,fomc20001219beige20001206.txt,https://fraser.stlouisfed.org/files/text/historical/FOMC/meetingdocuments/fomc20001219beige20001206.txt,https://fraser.stlouisfed.org/docs/historical/FOMC/meetingdocuments/fomc20001219beige20001206.pdf,2000-12-06
23231,2001-01-30,"Meeting, January 30-31, 2001",beige_book,2001-01-17,fomc20010131beige20010117.txt,https://fraser.stlouisfed.org/files/text/historical/FOMC/meetingdocuments/fomc20010131beige20010117.txt,https://fraser.stlouisfed.org/docs/historical/FOMC/meetingdocuments/fomc20010131beige20010117.pdf,2001-01-17
22556,2001-03-20,"Meeting, March 20, 2001",beige_book,2001-03-07,fomc20010320beige20010307.txt,https://fraser.stlouisfed.org/files/text/historical/FOMC/meetingdocuments/fomc20010320beige20010307.txt,https://fraser.stlouisfed.org/docs/historical/FOMC/meetingdocuments/fomc20010320beige20010307.pdf,2001-03-07
23244,2001-05-15,"Meeting, May 15, 2001",beige_book,2001-05-02,fomc20010515beige20010502.txt,https://fraser.stlouisfed.org/files/text/historical/FOMC/meetingdocuments/fomc20010515beige20010502.txt,https://fraser.stlouisfed.org/docs/historical/FOMC/meetingdocuments/fomc20010515beige20010502.pdf,2001-05-02
23245,2001-06-26,"Meeting, June 26-27, 2001",beige_book,2001-06-13,fomc20010627beige20010613.txt,https://fraser.stlouisfed.org/files/text/historical/FOMC/meetingdocuments/fomc20010627beige20010613.txt,https://fraser.stlouisfed.org/docs/historical/FOMC/meetingdocuments/fomc20010627beige20010613.pdf,2001-06-13
23246,2001-08-21,"Meeting, August 21, 2001",beige_book,2001-08-08,fomc20010821beige20010808.txt,https://fraser.stlouisfed.org/files/text/historical/FOMC/meetingdocuments/fomc20010821beige20010808.txt,https://fraser.stlouisfed.org/docs/historical/FOMC/meetingdocuments/fomc20010821beige20010808.pdf,2001-08-08
23232,2001-10-02,"Meeting, October 2, 2001",beige_book,2001-09-19,fomc20011002beige20010919.txt,https://fraser.stlouisfed.org/files/text/historical/FOMC/meetingdocuments/fomc20011002beige20010919.txt,https://fraser.stlouisfed.org/docs/historical/FOMC/meetingdocuments/fomc20011002beige20010919.pdf,2001-09-19
23249,2001-11-06,"Meeting, November 6, 2001",beige_book,2001-10-24,fomc20011106beige20011024.txt,https://fraser.stlouisfed.org/files/text/historical/FOMC/meetingdocuments/fomc20011106beige20011024.txt,https://fraser.stlouisfed.org/docs/historical/FOMC/meetingdocuments/fomc20011106beige20011024.pdf,2001-10-24
23238,2001-12-11,"Meeting, December 11, 2001",beige_book,2001-11-28,fomc20011211beige20011128.txt,https://fraser.stlouisfed.org/files/text/historical/FOMC/meetingdocuments/fomc20011211beige20011128.txt,https://fraser.stlouisfed.org/docs/historical/FOMC/meetingdocuments/fomc20011211beige20011128.pdf,2001-11-28
23240,2002-01-29,"Meeting, January 29-30, 2002",beige_book,2002-01-16,fomc20020130beige20020116.txt,https://fraser.stlouisfed.org/files/text/historical/FOMC/meetingdocuments/fomc20020130beige20020116.txt,https://fraser.stlouisfed.org/docs/historical/FOMC/meetingdocuments/fomc20020130beige20020116.pdf,2002-01-16
23243,2002-03-19,"Meeting, March 19, 2002",beige_book,2002-03-06,fomc20020319beige20020306.txt,https://fraser.stlouisfed.org/files/text/historical/FOMC/meetingdocuments/fomc20020319beige20020306.txt,https://fraser.stlouisfed.org/docs/historical/FOMC/meetingdocuments/fomc20020319beige20020306.pdf,2002-03-06
23248,2002-05-07,"Meeting, May 7, 2002",beige_book,2002-04-24,fomc20020507beige20020424.txt,https://fraser.stlouisfed.org/files/text/historical/FOMC/meetingdocuments/fomc20020507beige20020424.txt,https://fraser.stlouisfed.org/docs/historical/FOMC/meetingdocuments/fomc20020507beige20020424.pdf,2002-04-24
22507,2002-06-25,"Meeting, June 25-26, 2002",beige_book,2002-06-12,fomc20020626beige20020612.txt,https://fraser.stlouisfed.org/files/text/historical/FOMC/meetingdocuments/fomc20020626beige20020612.txt,https://fraser.stlouisfed.org/docs/historical/FOMC/meetingdocuments/fomc20020626beige20020612.pdf,2002-06-12
22508,2002-08-13,"Meeting, August 13, 2002",beige_book,2002-07-31,fomc20020813beige20020731.txt,https://fraser.stlouisfed.org/files/text/historical/FOMC/meetingdocuments/fomc20020813beige20020731.txt,https://fraser.stlouisfed.org/docs/historical/FOMC/meetingdocuments/fomc20020813beige20020731.pdf,2002-07-31
22509,2002-09-24,"Meeting, September 24, 2002",beige_book,2002-09-11,fomc20020924beige20020911.txt,https://fraser.stlouisfed.org/files/text/historical/FOMC/meetingdocuments/fomc20020924beige20020911.txt,https://fraser.stlouisfed.org/docs/historical/FOMC/meetingdocuments/fomc20020924beige20020911.pdf,2002-09-11
22510,2002-11-06,"Meeting, November 6, 2002",beige_book,2002-10-23,fomc20021106beige20021023.txt,https://fraser.stlouisfed.org/files/text/historical/FOMC/meetingdocuments/fomc20021106beige20021023.txt,https://fraser.stlouisfed.org/docs/historical/FOMC/meetingdocuments/fomc20021106beige20021023.pdf,2002-10-23
22551,2002-12-10,"Meeting, December 10, 2002",beige_book,2002-11-27,fomc20021210beige20021127.txt,https://fraser.stlouisfed.org/files/text/historical/FOMC/meetingdocuments/fomc20021210beige20021127.txt,https://fraser.stlouisfed.org/docs/historical/FOMC/meetingdocuments/fomc20021210beige20021127.pdf,2002-11-27
22511,2003-01-28,"Meeting, January 28-29, 2003",beige_book,2003-01-15,20030115beigebook.txt,https://fraser.stlouisfed.org/files/text/historical/FOMC/meetingdocuments/20030115beigebook.txt,https://fraser.stlouisfed.org/docs/historical/FOMC/meetingdocuments/20030115beigebook.pdf,2003-01-15
22512,2003-03-18,"Meeting, March 18, 2003",beige_book,2003-03-05,20030305beigebook.txt,https://fraser.stlouisfed.org/files/text/historical/FOMC/meetingdocuments/20030305beigebook.txt,https://fraser.stlouisfed.org/docs/historical/FOMC/meetingdocuments/20030305beigebook.pdf,2003-03-05
23254,2003-05-06,"Meeting, May 6, 2003",beige_book,2003-04-23,20030423beigebook.txt,https://fraser.stlouisfed.org/files/text/historical/FOMC/meetingdocuments/20030423beigebook.txt,https://fraser.stlouisfed.org/docs/historical/FOMC/meetingdocuments/20030423beigebook.pdf,2003-04-23
23255,2003-06-24,"Meeting, June 24-25, 2003",beige_book,2003-06-11,20030611beigebook.txt,https://fraser.stlouisfed.org/files/text/historical/FOMC/meetingdocuments/20030611beigebook.txt,https://fraser.stlouisfed.org/docs/historical/FOMC/meetingdocuments/20030611beigebook.pdf,2003-06-11
22513,2003-08-12,"Meeting, August 12, 2003",beige_book,2003-07-30,20030730beigebook.txt,https://fraser.stlouisfed.org/files/text/historical/FOMC/meetingdocuments/20030730beigebook.txt,https://fraser.stlouisfed.org/docs/historical/FOMC/meetingdocuments/20030730beigebook.pdf,2003-07-30
22540,2003-09-16,"Meeting, September 16, 2003",beige_book,2003-09-03,20030903beigebook.txt,https://fraser.stlouisfed.org/files/text/historical/FOMC/meetingdocuments/20030903beigebook.txt,https://fraser.stlouisfed.org/docs/historical/FOMC/meetingdocuments/20030903beigebook.pdf,2003-09-03
23257,2003-10-28,"Meeting, October 28, 2003",beige_book,2003-10-15,20031015beigebook.txt,https://fraser.stlouisfed.org/files/text/historical/FOMC/meetingdocuments/20031015beigebook.txt,https://fraser.stlouisfed.org/docs/historical/FOMC/meetingdocuments/20031015beigebook.pdf,2003-10-15
23258,2003-12-09,"Meeting, December 9, 2003",beige_book,2003-11-26,20031126beigebook.txt,https://fraser.stlouisfed.org/files/text/historical/FOMC/meetingdocuments/20031126beigebook.txt,https://fraser.stlouisfed.org/docs/historical/FOMC/meetingdocuments/20031126beigebook.pdf,2003-11-26
23259,2004-01-27,"Meeting, January 27-28, 2004",beige_book,2004-01-14,20040114beigebook.txt,https://fraser.stlouisfed.org/files/text/historical/FOMC/meetingdocuments/20040114beigebook.txt,https://fraser.stlouisfed.org/docs/historical/FOMC/meetingdocuments/20040114beigebook.pdf,2004-01-14
22537,2004-03-16,"Meeting, March 16, 2004",beige_book,2004-03-03,20040303beigebook.txt,https://fraser.stlouisfed.org/files/text/historical/FOMC/meetingdocuments/20040303beigebook.txt,https://fraser.stlouisfed.org/docs/historical/FOMC/meetingdocuments/20040303beigebook.pdf,2004-03-03
23260,2004-05-04,"Meeting, May 4, 2004",beige_book,2004-04-21,20040421beigebook.txt,https://fraser.stlouisfed.org/files/text/historical/FOMC/meetingdocuments/20040421beigebook.txt,https://fraser.stlouisfed.org/docs/historical/FOMC/meetingdocuments/20040421beigebook.pdf,2004-04-21
23261,2004-06-29,"Meeting, June 29-30, 2004",beige_book,2004-06-16,20040616beigebook.txt,https://fraser.stlouisfed.org/files/text/historical/FOMC/meetingdocuments/20040616beigebook.txt,https://fraser.stlouisfed.org/docs/historical/FOMC/meetingdocuments/20040616beigebook.pdf,2004-06-16
23262,2004-08-10,"Meeting, August 10, 2004",beige_book,2004-07-28,20040728beigebook.txt,https://fraser.stlouisfed.org/files/text/historical/FOMC/meetingdocuments/20040728beigebook.txt,https://fraser.stlouisfed.org/docs/historical/FOMC/meetingdocuments/20040728beigebook.pdf,2004-07-28
22514,2004-09-21,"Meeting, September 21, 2004",beige_book,2004-09-08,20040908beigebook.txt,https://fraser.stlouisfed.org/files/text/historical/FOMC/meetingdocuments/20040908beigebook.txt,https://fraser.stlouisfed.org/docs/historical/FOMC/meetingdocuments/20040908beigebook.pdf,2004-09-08
22515,2004-11-10,"Meeting, November 10, 2004",beige_book,2004-10-27,20041027beigebook.txt,https://fraser.stlouisfed.org/files/text/historical/FOMC/meetingdocuments/20041027beigebook.txt,https://fraser.stlouisfed.org/docs/historical/FOMC/meetingdocuments/20041027beigebook.pdf,2004-10-27
22516,2004-12-14,"Meeting, December 14, 2004",beige_book,2004-12-01,20041201beigebook.txt,https://fraser.stlouisfed.org/files/text/historical/FOMC/meetingdocuments/20041201beigebook.txt,https://fraser.stlouisfed.org/docs/historical/FOMC/meetingdocuments/20041201beigebook.pdf,2004-12-01
22535,2005-02-01,"Meeting, February 1-2, 2005",beige_book,2005-01-19,20050119beigebook.txt,https://fraser.stlouisfed.org/files/text/historical/FOMC/meetingdocuments/20050119beigebook.txt,https://fraser.stlouisfed.org/docs/historical/FOMC/meetingdocuments/20050119beigebook.pdf,2005-01-19
23457,2005-03-22,"Meeting, March 22, 2005",beige_book,2005-03-09,20050309beigebook.txt,https://fraser.stlouisfed.org/files/text/historical/FOMC/meetingdocuments/20050309beigebook.txt,https://fraser.stlouisfed.org/docs/historical/FOMC/meetingdocuments/20050309beigebook.pdf,2005-03-09
22517,2005-05-03,"Meeting, May 3, 2005",beige_book,2005-04-20,20050420beigebook.txt,https://fraser.stlouisfed.org/files/text/historical/FOMC/meetingdocuments/20050420beigebook.txt,https://fraser.stlouisfed.org/docs/historical/FOMC/meetingdocuments/20050420beigebook.pdf,2005-04-20
22518,2005-06-29,"Meeting, June 29-30, 2005",beige_book,2005-06-15,20050615beigebook.txt,https://fraser.stlouisfed.org/files/text/historical/FOMC/meetingdocuments/20050615beigebook.txt,https://fraser.stlouisfed.org/docs/historical/FOMC/meetingdocuments/20050615beigebook.pdf,2005-06-15
22519,2005-08-09,"Meeting, August 9, 2005",beige_book,2005-07-27,20050727beigebook.txt,https://fraser.stlouisfed.org/files/text/historical/FOMC/meetingdocuments/20050727beigebook.txt,https://fraser.stlouisfed.org/docs/historical/FOMC/meetingdocuments/20050727beigebook.pdf,2005-07-27
22520,2005-09-20,"Meeting, September 20, 2005",beige_book,2005-09-07,20050907beigebook.txt,https://fraser.stlouisfed.org/files/text/historical/FOMC/meetingdocuments/20050907beigebook.txt,https://fraser.stlouisfed.org/docs/historical/FOMC/meetingdocuments/20050907beigebook.pdf,2005-09-07
22521,2005-11-01,"Meeting, November 1, 2005",beige_book,2005-10-19,20051019beigebook.txt,https://fraser.stlouisfed.org/files/text/historical/FOMC/meetingdocuments/20051019beigebook.txt,https://fraser.stlouisfed.org/docs/historical/FOMC/meetingdocuments/20051019beigebook.pdf,2005-10-19
22522,2005-12-13,"Meeting, December 13, 2005",beige_book,2005-11-30,20051130beigebook.txt,https://fraser.stlouisfed.org/files/text/historical/FOMC/meetingdocuments/20051130beigebook.txt,https://fraser.stlouisfed.org/docs/historical/FOMC/meetingdocuments/20051130beigebook.pdf,2005-11-30
22523,2006-01-31,"Meeting, January 31, 2006",beige_book,2006-01-18,20060118beigebook.txt,https://fraser.stlouisfed.org/files/text/historical/FOMC/meetingdocuments/20060118beigebook.txt,https://fraser.stlouisfed.org/docs/historical/FOMC/meetingdocuments/20060118beigebook.pdf,2006-01-18
23263,2006-03-27,"Meeting, March 27-28, 2006",beige_book,2006-03-15,20060315beigebook.txt,https://fraser.stlouisfed.org/files/text/historical/FOMC/meetingdocuments/20060315beigebook.txt,https://fraser.stlouisfed.org/docs/historical/FOMC/meetingdocuments/20060315beigebook.pdf,2006-03-15
22524,2006-05-10,"Meeting, May 10, 2006",beige_book,2006-04-26,20060426beigebook.txt,https://fraser.stlouisfed.org/files/text/historical/FOMC/meetingdocuments/20060426beigebook.txt,https://fraser.stlouisfed.org/docs/historical/FOMC/meetingdocuments/20060426beigebook.pdf,2006-04-26
22525,2006-06-28,"Meeting, June 28-29, 2006",beige_book,2006-06-14,20060614beigebook.txt,https://fraser.stlouisfed.org/files/text/historical/FOMC/meetingdocuments/20060614beigebook.txt,https://fraser.stlouisfed.org/docs/historical/FOMC/meetingdocuments/20060614beigebook.pdf,2006-06-14
23455,2006-08-08,"Meeting, August 8, 2006",beige_book,2006-07-26,20060726beigebook.txt,https://fraser.stlouisfed.org/files/text/historical/FOMC/meetingdocuments/20060726beigebook.txt,https://fraser.stlouisfed.org/docs/historical/FOMC/meetingdocuments/20060726beigebook.pdf,2006-07-26
22526,2006-09-20,"Meeting, September 20, 2006",beige_book,2006-09-06,20060906beigebook.txt,https://fraser.stlouisfed.org/files/text/historical/FOMC/meetingdocuments/20060906beigebook.txt,https://fraser.stlouisfed.org/docs/historical/FOMC/meetingdocuments/20060906beigebook.pdf,2006-09-06
22527,2006-10-24,"Meeting, October 24-25, 2006",beige_book,2006-10-12,20061012beigebook.txt,https://fraser.stlouisfed.org/files/text/historical/FOMC/meetingdocuments/20061012beigebook.txt,https://fraser.stlouisfed.org/docs/historical/FOMC/meetingdocuments/20061012beigebook.pdf,2006-10-12
22528,2006-12-12,"Meeting, December 12, 2006",beige_book,2006-11-29,20061129beigebook.txt,https://fraser.stlouisfed.org/files/text/historical/FOMC/meetingdocuments/20061129beigebook.txt,https://fraser.stlouisfed.org/docs/historical/FOMC/meetingdocuments/20061129beigebook.pdf,2006-11-29
22529,2007-01-30,"Meeting, January 30-31, 2007",beige_book,2007-01-17,20070117beigebook.txt,https://fraser.stlouisfed.org/files/text/historical/FOMC/meetingdocuments/20070117beigebook.txt,https://fraser.stlouisfed.org/docs/historical/FOMC/meetingdocuments/20070117beigebook.pdf,2007-01-17
22530,2007-03-20,"Meeting, March 20-21, 2007",beige_book,2007-03-07,20070307beigebook.txt,https://fraser.stlouisfed.org/files/text/historical/FOMC/meetingdocuments/20070307beigebook.txt,https://fraser.stlouisfed.org/docs/historical/FOMC/meetingdocuments/20070307beigebook.pdf,2007-03-07
23264,2007-05-09,"Meeting, May 9, 2007",beige_book,2007-04-25,20070425beigebook.txt,https://fraser.stlouisfed.org/files/text/historical/FOMC/meetingdocuments/20070425beigebook.txt,https://fraser.stlouisfed.org/docs/historical/FOMC/meetingdocuments/20070425beigebook.pdf,2007-04-25
23456,2007-06-27,"Meeting, June 27-28, 2007",beige_book,2007-06-13,20070613beigebook.txt,https://fraser.stlouisfed.org/files/text/historical/FOMC/meetingdocuments/20070613beigebook.txt,https://fraser.stlouisfed.org/docs/historical/FOMC/meetingdocuments/20070613beigebook.pdf,2007-06-13
22531,2007-08-07,"Meeting, August 7, 2007",beige_book,2007-07-25,20070725beigebook.txt,https://fraser.stlouisfed.org/files/text/historical/FOMC/meetingdocuments/20070725beigebook.txt,https://fraser.stlouisfed.org/docs/historical/FOMC/meetingdocuments/20070725beigebook.pdf,2007-07-25
23267,2007-09-18,"Meeting, September 18, 2007",beige_book,2007-09-05,20070905beigebook.txt,https://fraser.stlouisfed.org/files/text/historical/FOMC/meetingdocuments/20070905beigebook.txt,https://fraser.stlouisfed.org/docs/historical/FOMC/meetingdocuments/20070905beigebook.pdf,2007-09-05
23268,2007-10-30,"Meeting, October 30-31, 2007",beige_book,2007-10-17,20071017beigebook.txt,https://fraser.stlouisfed.org/files/text/historical/FOMC/meetingdocuments/20071017beigebook.txt,https://fraser.stlouisfed.org/docs/historical/FOMC/meetingdocuments/20071017beigebook.pdf,2007-10-17
22534,2007-12-11,"Meeting, December 11, 2007",beige_book,2007-11-28,20071128beigebook.txt,https://fraser.stlouisfed.org/files/text/historical/FOMC/meetingdocuments/20071128beigebook.txt,https://fraser.stlouisfed.org/docs/historical/FOMC/meetingdocuments/20071128beigebook.pdf,2007-11-28
23272,2008-01-29,"Meeting, January 29-30, 2008",beige_book,2008-01-16,20080116beige.txt,https://fraser.stlouisfed.org/files/text/historical/FOMC/meetingdocuments/20080116beige.txt,https://fraser.stlouisfed.org/docs/historical/FOMC/meetingdocuments/20080116beige.pdf,2008-01-16
23273,2008-03-18,"Meeting, March 18, 2008",beige_book,2008-03-05,20080305beige.txt,https://fraser.stlouisfed.org/files/text/historical/FOMC/meetingdocuments/20080305beige.txt,https://fraser.stlouisfed.org/docs/historical/FOMC/meetingdocuments/20080305beige.pdf,2008-03-05
23274,2008-04-29,"Meeting, April 29-30, 2008",beige_book,2008-04-16,20080416beige.txt,https://fraser.stlouisfed.org/files/text/historical/FOMC/meetingdocuments/20080416beige.txt,https://fraser.stlouisfed.org/docs/historical/FOMC/meetingdocuments/20080416beige.pdf,2008-04-16
23275,2008-06-24,"Meeting, June 24-25, 2008",beige_book,2008-06-11,20080611beige.txt,https://fraser.stlouisfed.org/files/text/historical/FOMC/meetingdocuments/20080611beige.txt,https://fraser.stlouisfed.org/docs/historical/FOMC/meetingdocuments/20080611beige.pdf,2008-06-11
23276,2008-08-05,"Meeting, August 5, 2008",beige_book,2008-07-23,20080723beige.txt,https://fraser.stlouisfed.org/files/text/historical/FOMC/meetingdocuments/20080723beige.txt,https://fraser.stlouisfed.org/docs/historical/FOMC/meetingdocuments/20080723beige.pdf,2008-07-23
22532,2008-09-16,"Meeting, September 16, 2008",beige_book,2008-09-03,20080903beige.txt,https://fraser.stlouisfed.org/files/text/historical/FOMC/meetingdocuments/20080903beige.txt,https://fraser.stlouisfed.org/docs/historical/FOMC/meetingdocuments/20080903beige.pdf,2008-09-03
23279,2008-10-28,"Meeting, October 28-29, 2008",beige_book,2008-10-15,20081015beige.txt,https://fraser.stlouisfed.org/files/text/historical/FOMC/meetingdocuments/20081015beige.txt,https://fraser.stlouisfed.org/docs/historical/FOMC/meetingdocuments/20081015beige.pdf,2008-10-15
23280,2008-12-15,"Meeting, December 15-16, 2008",beige_book,2008-12-03,20081203beige.txt,https://fraser.stlouisfed.org/files/text/historical/FOMC/meetingdocuments/20081203beige.txt,https://fraser.stlouisfed.org/docs/historical/FOMC/meetingdocuments/20081203beige.pdf,2008-12-03
22549,2009-01-28,"Meeting, January 28-29, 2009",beige_book,2009-01-14,fullreport20090114.txt,https://fraser.stlouisfed.org/files/text/historical/FOMC/meetingdocuments/fullreport20090114.txt,https://fraser.stlouisfed.org/docs/historical/FOMC/meetingdocuments/fullreport20090114.pdf,2009-01-14
23283,2009-03-17,"Meeting, March 17-18, 2009",beige_book,2009-03-04,fullreport20090304.txt,https://fraser.stlouisfed.org/files/text/historical/FOMC/meetingdocuments/fullreport20090304.txt,https://fraser.stlouisfed.org/docs/historical/FOMC/meetingdocuments/fullreport20090304.pdf,2009-03-04
23284,2009-04-28,"Meeting, April 28-29, 2009",beige_book,2009-04-15,fullreport20090415.txt,https://fraser.stlouisfed.org/files/text/historical/FOMC/meetingdocuments/fullreport20090415.txt,https://fraser.stlouisfed.org/docs/historical/FOMC/meetingdocuments/fullreport20090415.pdf,2009-04-15
23285,2009-06-23,"Meeting, June 23-24, 2009",beige_book,2009-06-10,fullreport20090610.txt,https://fraser.stlouisfed.org/files/text/historical/FOMC/meetingdocuments/fullreport20090610.txt,https://fraser.stlouisfed.org/docs/historical/FOMC/meetingdocuments/fullreport20090610.pdf,2009-06-10
23286,2009-08-11,"Meeting, August 11-12, 2009",beige_book,2009-07-29,fullreport20090729.txt,https://fraser.stlouisfed.org/files/text/historical/FOMC/meetingdocuments/fullreport20090729.txt,https://fraser.stlouisfed.org/docs/historical/FOMC/meetingdocuments/fullreport20090729.pdf,2009-07-29
23287,2009-09-22,"Meeting, September 22-23, 2009",beige_book,2009-09-09,fullreport20090909.txt,https://fraser.stlouisfed.org/files/text/historical/FOMC/meetingdocuments/fullreport20090909.txt,https://fraser.stlouisfed.org/docs/historical/FOMC/meetingdocuments/fullreport20090909.pdf,2009-09-09
22547,2009-11-03,"Meeting, November 3-4, 2009",beige_book,2009-10-21,fullreport20091021.txt,https://fraser.stlouisfed.org/files/text/historical/FOMC/meetingdocuments/fullreport20091021.txt,https://fraser.stlouisfed.org/docs/historical/FOMC/meetingdocuments/fullreport20091021.pdf,2009-10-21
23288,2009-12-15,"Meeting, December 15-16, 2009",beige_book,2009-12-02,fullreport20091202.txt,https://fraser.stlouisfed.org/files/text/historical/FOMC/meetingdocuments/fullreport20091202.txt,https://fraser.stlouisfed.org/docs/historical/FOMC/meetingdocuments/fullreport20091202.pdf,2009-12-02
23289,2010-01-26,"Meeting, January 26-27, 2010",beige_book,2010-01-27,fullreport20100127.txt,https://fraser.stlouisfed.org/files/text/historical/FOMC/meetingdocuments/fullreport20100127.txt,https://fraser.stlouisfed.org/docs/historical/FOMC/meetingdocuments/fullreport20100127.pdf,2010-01-27
23290,2010-03-16,"Meeting, March 16, 2010",beige_book,2010-03-16,fullreport20100316.txt,https://fraser.stlouisfed.org/files/text/historical/FOMC/meetingdocuments/fullreport20100316.txt,https://fraser.stlouisfed.org/docs/historical/FOMC/meetingdocuments/fullreport20100316.pdf,2010-03-16
23291,2010-04-27,"Meeting, April 27-28, 2010",beige_book,2010-04-28,fullreport20100428.txt,https://fraser.stlouisfed.org/files/text/historical/FOMC/meetingdocuments/fullreport20100428.txt,https://fraser.stlouisfed.org/docs/historical/FOMC/meetingdocuments/fullreport20100428.pdf,2010-04-28
23293,2010-06-23,"Meeting, June 23-24, 2010",beige_book,2010-06-23,fullreport20100623.txt,https://fraser.stlouisfed.org/files/text/historical/FOMC/meetingdocuments/fullreport20100623.txt,https://fraser.stlouisfed.org/docs/historical/FOMC/meetingdocuments/fullreport20100623.pdf,2010-06-23
23294,2010-08-10,"Meeting, August 10, 2010",beige_book,2010-08-10,fullreport20100810.txt,https://fraser.stlouisfed.org/files/text/historical/FOMC/meetingdocuments/fullreport20100810.txt,https://fraser.stlouisfed.org/docs/historical/FOMC/meetingdocuments/fullreport20100810.pdf,2010-08-10
22546,2010-09-21,"Meeting, September 21, 2010",beige_book,2010-09-21,fullreport20100921.txt,https://fraser.stlouisfed.org/files/text/historical/FOMC/meetingdocuments/fullreport20100921.txt,https://fraser.stlouisfed.org/docs/historical/FOMC/meetingdocuments/fullreport20100921.pdf,2010-09-21
23296,2010-11-02,"Meeting, November 2-3, 2010",beige_book,2010-11-03,fullreport20101103.txt,https://fraser.stlouisfed.org/files/text/historical/FOMC/meetingdocuments/fullreport20101103.txt,https://fraser.stlouisfed.org/docs/historical/FOMC/meetingdocuments/fullreport20101103.pdf,2010-11-03
23297,2010-12-14,"Meeting, December 14, 2010",beige_book,2010-12-14,fullreport20101214.txt,https://fraser.stlouisfed.org/files/text/historical/FOMC/meetingdocuments/fullreport20101214.txt,https://fraser.stlouisfed.org/docs/historical/FOMC/meetingdocuments/fullreport20101214.pdf,2010-12-14
22545,2011-01-25,"Meeting, January 25-26, 2011",beige_book,2011-01-12,fullreport20110112.txt,https://fraser.stlouisfed.org/files/text/historical/FOMC/meetingdocuments/fullreport20110112.txt,https://fraser.stlouisfed.org/docs/historical/FOMC/meetingdocuments/fullreport20110112.pdf,2011-01-12
23298,2011-03-15,"Meeting, March 15, 2011",beige_book,2011-03-02,fullreport20110302.txt,https://fraser.stlouisfed.org/files/text/historical/FOMC/meetingdocuments/fullreport20110302.txt,https://fraser.stlouisfed.org/docs/historical/FOMC/meetingdocuments/fullreport20110302.pdf,2011-03-02
23299,2011-04-26,"Meeting, April 26-27, 2011",beige_book,2011-04-13,fullreport20110413.txt,https://fraser.stlouisfed.org/files/text/historical/FOMC/meetingdocuments/fullreport20110413.txt,https://fraser.stlouisfed.org/docs/historical/FOMC/meetingdocuments/fullreport20110413.pdf,2011-04-13
23300,2011-06-21,"Meeting, June 21-22, 2011",beige_book,2011-06-08,fullreport20110608.txt,https://fraser.stlouisfed.org/files/text/historical/FOMC/meetingdocuments/fullreport20110608.txt,https://fraser.stlouisfed.org/docs/historical/FOMC/meetingdocuments/fullreport20110608.pdf,2011-06-08
23301,2011-08-09,"Meeting, August 9, 2011",beige_book,2011-07-27,fullreport20110727.txt,https://fraser.stlouisfed.org/files/text/historical/FOMC/meetingdocuments/fullreport20110727.txt,https://fraser.stlouisfed.org/docs/historical/FOMC/meetingdocuments/fullreport20110727.pdf,2011-07-27
23302,2011-09-20,"Meeting, September 20-21, 2011",beige_book,2011-09-07,fullreport20110907.txt,https://fraser.stlouisfed.org/files/text/historical/FOMC/meetingdocuments/fullreport20110907.txt,https://fraser.stlouisfed.org/docs/historical/FOMC/meetingdocuments/fullreport20110907.pdf,2011-09-07
23303,2011-11-01,"Meeting, November 1-2, 2011",beige_book,2011-10-19,fullreport20111019.txt,https://fraser.stlouisfed.org/files/text/historical/FOMC/meetingdocuments/fullreport20111019.txt,https://fraser.stlouisfed.org/docs/historical/FOMC/meetingdocuments/fullreport20111019.pdf,2011-10-19
23305,2011-12-13,"Meeting, December 13, 2011",beige_book,2011-11-30,fullreport20111130.txt,https://fraser.stlouisfed.org/files/text/historical/FOMC/meetingdocuments/fullreport20111130.txt,https://fraser.stlouisfed.org/docs/historical/FOMC/meetingdocuments/fullreport20111130.pdf,2011-11-30
23306,2012-01-24,"Meeting, January 24-25, 2012",beige_book,2012-01-11,fullreport20120111.txt,https://fraser.stlouisfed.org/files/text/historical/FOMC/meetingdocuments/fullreport20120111.txt,https://fraser.stlouisfed.org/docs/historical/FOMC/meetingdocuments/fullreport20120111.pdf,2012-01-11
23307,2012-03-13,"Meeting, March 13, 2012",beige_book,2012-02-29,fullreport20120229.txt,https://fraser.stlouisfed.org/files/text/historical/FOMC/meetingdocuments/fullreport20120229.txt,https://fraser.stlouisfed.org/docs/historical/FOMC/meetingdocuments/fullreport20120229.pdf,2012-02-29
23308,2012-04-24,"Meeting, April 24-25, 2012",beige_book,2012-04-11,fullreport20120411.txt,https://fraser.stlouisfed.org/files/text/historical/FOMC/meetingdocuments/fullreport20120411.txt,https://fraser.stlouisfed.org/docs/historical/FOMC/meetingdocuments/fullreport20120411.pdf,2012-04-11
23309,2012-06-19,"Meeting, June 19-20, 2012",beige_book,2012-06-06,Beigebook_20120606.txt,https://fraser.stlouisfed.org/files/text/historical/FOMC/meetingdocuments/Beigebook_20120606.txt,https://fraser.stlouisfed.org/docs/historical/FOMC/meetingdocuments/Beigebook_20120606.pdf,2012-06-06
22543,2012-07-31,"Meeting, July 31-August 1, 2012",beige_book,2012-07-18,Beigebook_20120718.txt,https://fraser.stlouisfed.org/files/text/historical/FOMC/meetingdocuments/Beigebook_20120718.txt,https://fraser.stlouisfed.org/docs/historical/FOMC/meetingdocuments/Beigebook_20120718.pdf,2012-07-18
23310,2012-09-12,"Meeting, September 12-13, 2012",beige_book,2012-08-29,Beigebook_20120829.txt,https://fraser.stlouisfed.org/files/text/historical/FOMC/meetingdocuments/Beigebook_20120829.txt,https://fraser.stlouisfed.org/docs/historical/FOMC/meetingdocuments/Beigebook_20120829.pdf,2012-08-29
23311,2012-10-23,"Meeting, October 23-24, 2012",beige_book,2012-10-10,Beigebook_20121010.txt,https://fraser.stlouisfed.org/files/text/historical/FOMC/meetingdocuments/Beigebook_20121010.txt,https://fraser.stlouisfed.org/docs/historical/FOMC/meetingdocuments/Beigebook_20121010.pdf,2012-10-10
23312,2012-12-11,"Meeting, December 11-12, 2012",beige_book,2012-11-28,Beigebook_20121128.txt,https://fraser.stlouisfed.org/files/text/historical/FOMC/meetingdocuments/Beigebook_20121128.txt,https://fraser.stlouisfed.org/docs/historical/FOMC/meetingdocuments/Beigebook_20121128.pdf,2012-11-28
22541,2013-01-29,"Meeting, January 29-30, 2013",beige_book,2013-01-16,Beigebook_20130116.txt,https://fraser.stlouisfed.org/files/text/historical/FOMC/meetingdocuments/Beigebook_20130116.txt,https://fraser.stlouisfed.org/docs/historical/FOMC/meetingdocuments/Beigebook_20130116.pdf,2013-01-16
23313,2013-03-19,"Meeting, March 19-20, 2013",beige_book,2013-03-06,Beigebook_20130306.txt,https://fraser.stlouisfed.org/files/text/historical/FOMC/meetingdocuments/Beigebook_20130306.txt,https://fraser.stlouisfed.org/docs/historical/FOMC/meetingdocuments/Beigebook_20130306.pdf,2013-03-06
23314,2013-04-30,"Meeting, April 30-May 1, 2013",beige_book,2013-04-17,Beigebook_20130417.txt,https://fraser.stlouisfed.org/files/text/historical/FOMC/meetingdocuments/Beigebook_20130417.txt,https://fraser.stlouisfed.org/docs/historical/FOMC/meetingdocuments/Beigebook_20130417.pdf,2013-04-17
23316,2013-06-18,"Meeting, June 18-19, 2013",beige_book,2013-06-05,Beigebook_20130605.txt,https://fraser.stlouisfed.org/files/text/historical/FOMC/meetingdocuments/Beigebook_20130605.txt,https://fraser.stlouisfed.org/docs/historical/FOMC/meetingdocuments/Beigebook_20130605.pdf,2013-06-05
23317,2013-07-30,"Meeting, July 30-31, 2013",beige_book,2013-07-17,Beigebook_20130717.txt,https://fraser.stlouisfed.org/files/text/historical/FOMC/meetingdocuments/Beigebook_20130717.txt,https://fraser.stlouisfed.org/docs/historical/FOMC/meetingdocuments/Beigebook_20130717.pdf,2013-07-17
23318,2013-09-18,"Meeting, September 18-19, 2013",beige_book,2013-09-04,Beigebook_20130904.txt,https://fraser.stlouisfed.org/files/text/historical/FOMC/meetingdocuments/Beigebook_20130904.txt,https://fraser.stlouisfed.org/docs/historical/FOMC/meetingdocuments/Beigebook_20130904.pdf,2013-09-04
23315,2013-10-29,"Meeting, October 29-30, 2013",beige_book,2013-10-16,BeigeBook_20131016.txt,https://fraser.stlouisfed.org/files/text/historical/FOMC/meetingdocuments/BeigeBook_20131016.txt,https://fraser.stlouisfed.org/docs/historical/FOMC/meetingdocuments/BeigeBook_20131016.pdf,2013-10-16
23321,2013-12-17,"Meeting, December 17-18, 2013",beige_book,2013-12-04,Beigebook_20131204.txt,https://fraser.stlouisfed.org/files/text/historical/FOMC/meetingdocuments/Beigebook_20131204.txt,https://fraser.stlouisfed.org/docs/historical/FOMC/meetingdocuments/Beigebook_20131204.pdf,2013-12-04
23322,2014-01-28,"Meeting, January 28-29, 2014",beige_book,2014-01-15,Beigebook_20140115.txt,https://fraser.stlouisfed.org/files/text/historical/FOMC/meetingdocuments/Beigebook_20140115.txt,https://fraser.stlouisfed.org/docs/historical/FOMC/meetingdocuments/Beigebook_20140115.pdf,2014-01-15
23323,2014-03-18,"Meeting, March 18-19, 2014",beige_book,2014-03-05,Beigebook_20140305.txt,https://fraser.stlouisfed.org/files/text/historical/FOMC/meetingdocuments/Beigebook_20140305.txt,https://fraser.stlouisfed.org/docs/historical/FOMC/meetingdocuments/Beigebook_20140305.pdf,2014-03-05
23320,2014-04-29,"Meeting, April 29-30, 2014",beige_book,2014-04-16,BeigeBook_20140416.txt,https://fraser.stlouisfed.org/files/text/historical/FOMC/meetingdocuments/BeigeBook_20140416.txt,https://fraser.stlouisfed.org/docs/historical/FOMC/meetingdocuments/BeigeBook_20140416.pdf,2014-04-16
23324,2014-06-17,"Meeting, June 17-18, 2014",beige_book,2014-06-04,BeigeBook_20140604.txt,https://fraser.stlouisfed.org/files/text/historical/FOMC/meetingdocuments/BeigeBook_20140604.txt,https://fraser.stlouisfed.org/docs/historical/FOMC/meetingdocuments/BeigeBook_20140604.pdf,2014-06-04
23325,2014-07-29,"Meeting, July 29-30, 2014",beige_book,2014-07-16,Beigebook_20140716.txt,https://fraser.stlouisfed.org/files/text/historical/FOMC/meetingdocuments/Beigebook_20140716.txt,https://fraser.stlouisfed.org/docs/historical/FOMC/meetingdocuments/Beigebook_20140716.pdf,2014-07-16
475818,2014-09-16,"Meeting, September 16-17, 2014",beige_book,2014-09-03,BeigeBook_20140903.txt,https://fraser.stlouisfed.org/files/text/historical/FOMC/meetingdocuments/BeigeBook_20140903.txt,https://fraser.stlouisfed.org/docs/historical/FOMC/meetingdocuments/BeigeBook_20140903.pdf,2014-09-03
475817,2014-10-28,"Meeting, October 28-29, 2014",beige_book,2014-10-15,BeigeBook_20141015.txt,https://fraser.stlouisfed.org/files/text/historical/FOMC/meetingdocuments/BeigeBook_20141015.txt,https://fraser.stlouisfed.org/docs/historical/FOMC/meetingdocuments/BeigeBook_20141015.pdf,2014-10-15
475819,2014-12-16,"Meeting, December 16-17, 2014",beige_book,2014-12-03,BeigeBook_20141203.txt,https://fraser.stlouisfed.org/files/text/historical/FOMC/meetingdocuments/BeigeBook_20141203.txt,https://fraser.stlouisfed.org/docs/historical/FOMC/meetingdocuments/BeigeBook_20141203.pdf,2014-12-03
487470,2015-01-27,"Meeting, January 27-28, 2015",beige_book,2015-01-14,BeigeBook_20150114.txt,https://fraser.stlouisfed.org/files/text/historical/FOMC/meetingdocuments/BeigeBook_20150114.txt,https://fraser.stlouisfed.org/docs/historical/FOMC/meetingdocuments/BeigeBook_20150114.pdf,2015-01-14
487471,2015-03-17,"Meeting, March 17-18, 2015",beige_book,2015-03-04,BeigeBook_20150304.txt,https://fraser.stlouisfed.org/files/text/historical/FOMC/meetingdocuments/BeigeBook_20150304.txt,https://fraser.stlouisfed.org/docs/historical/FOMC/meetingdocuments/BeigeBook_20150304.pdf,2015-03-04
493227,2015-04-28,"Meeting, April 28-29, 2015",beige_book,2015-04-15,BeigeBook_20150415.txt,https://fraser.stlouisfed.org/files/text/historical/FOMC/meetingdocuments/BeigeBook_20150415.txt,https://fraser.stlouisfed.org/docs/historical/FOMC/meetingdocuments/BeigeBook_20150415.pdf,2015-04-15
495668,2015-06-16,"Meeting, June 16-17, 2015",beige_book,2015-06-03,BeigeBook_20150603.txt,https://fraser.stlouisfed.org/files/text/historical/FOMC/meetingdocuments/BeigeBook_20150603.txt,https://fraser.stlouisfed.org/docs/historical/FOMC/meetingdocuments/BeigeBook_20150603.pdf,2015-06-03
495946,2015-07-28,"Meeting, July 28-29, 2015",beige_book,2015-07-15,BeigeBook_20150715.txt,https://fraser.stlouisfed.org/files/text/historical/FOMC/meetingdocuments/BeigeBook_20150715.txt,https://fraser.stlouisfed.org/docs/historical/FOMC/meetingdocuments/BeigeBook_20150715.pdf,2015-07-15
500041,2015-09-16,"Meeting, September 16-17, 2015",beige_book,2015-09-02,BeigeBook_20150902.txt,https://fraser.stlouisfed.org/files/text/historical/FOMC/meetingdocuments/BeigeBook_20150902.txt,https://fraser.stlouisfed.org/docs/historical/FOMC/meetingdocuments/BeigeBook_20150902.pdf,2015-09-02
516886,2015-10-27,"Meeting, October 27-28, 2015",beige_book,2015-10-14,Beigebook_20151014.txt,https://fraser.stlouisfed.org/files/text/historical/FOMC/meetingdocuments/Beigebook_20151014.txt,https://fraser.stlouisfed.org/docs/historical/FOMC/meetingdocuments/Beigebook_20151014.pdf,2015-10-14
518771,2015-12-15,"Meeting, December 15-16, 2015",beige_book,2015-12-02,Beigebook_20151202.txt,https://fraser.stlouisfed.org/files/text/historical/FOMC/meetingdocuments/Beigebook_20151202.txt,https://fraser.stlouisfed.org/docs/historical/FOMC/meetingdocuments/Beigebook_20151202.pdf,2015-12-02
521787,2016-01-26,"Meeting, January 26-27, 2016",beige_book,2016-01-13,Beigebook_20160113.txt,https://fraser.stlouisfed.org/files/text/historical/FOMC/meetingdocuments/Beigebook_20160113.txt,https://fraser.stlouisfed.org/docs/historical/FOMC/meetingdocuments/Beigebook_20160113.pdf,2016-01-13
527291,2016-03-15,"Meeting, March 15-16, 2016",beige_book,2016-03-02,Beigebook_20160302.txt,https://fraser.stlouisfed.org/files/text/historical/FOMC/meetingdocuments/Beigebook_20160302.txt,https://fraser.stlouisfed.org/docs/historical/FOMC/meetingdocuments/Beigebook_20160302.pdf,2016-03-02
528068,2016-04-26,"Meeting, April 26-27, 2016",beige_book,2016-04-13,Beigebook_20160413.txt,https://fraser.stlouisfed.org/files/text/historical/FOMC/meetingdocuments/Beigebook_20160413.txt,https://fraser.stlouisfed.org/docs/historical/FOMC/meetingdocuments/Beigebook_20160413.pdf,2016-04-13
530760,2016-06-14,"Meeting, June 14-15, 2016",beige_book,2016-06-01,Beigebook_20160601.txt,https://fraser.stlouisfed.org/files/text/historical/FOMC/meetingdocuments/Beigebook_20160601.txt,https://fraser.stlouisfed.org/docs/historical/FOMC/meetingdocuments/Beigebook_20160601.pdf,2016-06-01
532673,2016-07-26,"Meeting, July 26-27, 2016",beige_book,2016-07-13,Beigebook_20160713.txt,https://fraser.stlouisfed.org/files/text/historical/FOMC/meetingdocuments/Beigebook_20160713.txt,https://fraser.stlouisfed.org/docs/historical/FOMC/meetingdocuments/Beigebook_20160713.pdf,2016-07-13
534269,2016-09-20,"Meeting, September 20-21, 2016",beige_book,2016-09-07,Beigebook_20160907.txt,https://fraser.stlouisfed.org/files/text/historical/FOMC/meetingdocuments/Beigebook_20160907.txt,https://fraser.stlouisfed.org/docs/historical/FOMC/meetingdocuments/Beigebook_20160907.pdf,2016-09-07
535271,2016-11-01,"Meeting, November 1-2, 2016",beige_book,2016-10-19,Beigebook_20161019.txt,https://fraser.stlouisfed.org/files/text/historical/FOMC/meetingdocuments/Beigebook_20161019.txt,https://fraser.stlouisfed.org/docs/historical/FOMC/meetingdocuments/Beigebook_20161019.pdf,2016-10-19
535298,2016-12-13,"Meeting, December 13-14, 2016",beige_book,2016-11-30,Beigebook_20161130.txt,https://fraser.stlouisfed.org/files/text/historical/FOMC/meetingdocuments/Beigebook_20161130.txt,https://fraser.stlouisfed.org/docs/historical/FOMC/meetingdocuments/Beigebook_20161130.pdf,2016-11-30
536899,2017-01-31,"Meeting, January 31-February 1, 2017",beige_book,2017-01-18,Beigebook_20170118.txt,https://fraser.stlouisfed.org/files/text/historical/FOMC/meetingdocuments/Beigebook_20170118.txt,https://fraser.stlouisfed.org/docs/historical/FOMC/meetingdocuments/Beigebook_20170118.pdf,2017-01-18
539802,2017-03-14,"Meeting, March 14-15, 2017",beige_book,2017-03-01,Beigebook_20170301.txt,https://fraser.stlouisfed.org/files/text/historical/FOMC/meetingdocuments/Beigebook_20170301.txt,https://fraser.stlouisfed.org/docs/historical/FOMC/meetingdocuments/Beigebook_20170301.pdf,2017-03-01
540925,2017-05-02,"Meeting, May 2-3, 2017",beige_book,2017-04-19,Beigebook_20170419.txt,https://fraser.stlouisfed.org/files/text/historical/FOMC/meetingdocuments/Beigebook_20170419.txt,https://fraser.stlouisfed.org/docs/historical/FOMC/meetingdocuments/Beigebook_20170419.pdf,2017-04-19
552372,2017-06-13,"Meeting, June 13-14, 2017",beige_book,2017-05-31,BeigeBook_20170531.txt,https://fraser.stlouisfed.org/files/text/historical/FOMC/meetingdocuments/BeigeBook_20170531.txt,https://fraser.stlouisfed.org/docs/historical/FOMC/meetingdocuments/BeigeBook_20170531.pdf,2017-05-31
553645,2017-07-25,"Meeting, July 25-26, 2017",beige_book,2017-07-12,BeigeBook_20170712.txt,https://fraser.stlouisfed.org/files/text/historical/FOMC/meetingdocuments/BeigeBook_20170712.txt,https://fraser.stlouisfed.org/docs/historical/FOMC/meetingdocuments/BeigeBook_20170712.pdf,2017-07-12
574124,2017-09-19,"Meeting, September 19-20, 2017",beige_book,2017-09-06,Beigebook_20170906.txt,https://fraser.stlouisfed.org/files/text/historical/FOMC/meetingdocuments/Beigebook_20170906.txt,https://fraser.stlouisfed.org/docs/historical/FOMC/meetingdocuments/Beigebook_20170906.pdf,2017-09-06
574875,2017-10-31,"Meeting, October 31-November 1, 2017",beige_book,2017-10-18,BeigeBook_20171018.txt,https://fraser.stlouisfed.org/files/text/historical/FOMC/meetingdocuments/BeigeBook_20171018.txt,https://fraser.stlouisfed.org/docs/historical/FOMC/meetingdocuments/BeigeBook_20171018.pdf,2017-10-18
576414,2017-12-12,"Meeting, December 12-13, 2017",beige_book,2017-11-29,BeigeBook_20171129.txt,https://fraser.stlouisfed.org/files/text/historical/FOMC/meetingdocuments/BeigeBook_20171129.txt,https://fraser.stlouisfed.org/docs/historical/FOMC/meetingdocuments/BeigeBook_20171129.pdf,2017-11-29
576435,2018-01-30,"Meeting, January 30-31, 2018",beige_book,2018-01-17,BeigeBook_20180117.txt,https://fraser.stlouisfed.org/files/text/historical/FOMC/meetingdocuments/BeigeBook_20180117.txt,https://fraser.stlouisfed.org/docs/historical/FOMC/meetingdocuments/BeigeBook_20180117.pdf,2018-01-17
577486,2018-03-20,"Meeting, March 20-21, 2018",beige_book,2018-03-07,BeigeBook_20180307.txt,https://fraser.stlouisfed.org/files/text/historical/FOMC/meetingdocuments/BeigeBook_20180307.txt,https://fraser.stlouisfed.org/docs/historical/FOMC/meetingdocuments/BeigeBook_20180307.pdf,2018-03-07
577891,2018-05-01,"Meeting, May 1-2, 2018",beige_book,2018-04-18,BeigeBook_20180418.txt,https://fraser.stlouisfed.org/files/text/historical/FOMC/meetingdocuments/BeigeBook_20180418.txt,https://fraser.stlouisfed.org/docs/historical/FOMC/meetingdocuments/BeigeBook_20180418.pdf,2018-04-18
578912,2018-06-12,"Meeting, June 12-13, 2018",beige_book,2018-05-30,BeigeBook_20180530.txt,https://fraser.stlouisfed.org/files/text/historical/FOMC/meetingdocuments/BeigeBook_20180530.txt,https://fraser.stlouisfed.org/docs/historical/FOMC/meetingdocuments/BeigeBook_20180530.pdf,2018-05-30
579066,2018-07-31,"Meeting, July 31-August 1, 2018",beige_book,2018-07-18,BeigeBook_20180718.txt,https://fraser.stlouisfed.org/files/text/historical/FOMC/meetingdocuments/BeigeBook_20180718.txt,https://fraser.stlouisfed.org/docs/historical/FOMC/meetingdocuments/BeigeBook_20180718.pdf,2018-07-18
579332,2018-09-25,"Meeting, September 25-26, 2018",beige_book,2018-09-12,BeigeBook_20180912.txt,https://fraser.stlouisfed.org/files/text/historical/FOMC/meetingdocuments/BeigeBook_20180912.txt,https://fraser.stlouisfed.org/docs/historical/FOMC/meetingdocuments/BeigeBook_20180912.pdf,2018-09-12
579807,2018-11-07,"Meeting, November 7-8, 2018",beige_book,2018-10-24,BeigeBook_20181024.txt,https://fraser.stlouisfed.org/files/text/historical/FOMC/meetingdocuments/BeigeBook_20181024.txt,https://fraser.stlouisfed.org/docs/historical/FOMC/meetingdocuments/BeigeBook_20181024.pdf,2018-10-24
581286,2018-12-18,"Meeting, December 18-19, 2018",beige_book,2018-12-05,BeigeBook_20181205.txt,https://fraser.stlouisfed.org/files/text/historical/FOMC/meetingdocuments/BeigeBook_20181205.txt,https://fraser.stlouisfed.org/docs/historical/FOMC/meetingdocuments/BeigeBook_20181205.pdf,2018-12-05
581795,2019-01-29,"Meeting, January 29-30, 2019",beige_book,2019-01-16,BeigeBook_20190116.txt,https://fraser.stlouisfed.org/files/text/historical/FOMC/meetingdocuments/BeigeBook_20190116.txt,https://fraser.stlouisfed.org/docs/historical/FOMC/meetingdocuments/BeigeBook_20190116.pdf,2019-01-16
581952,2019-03-19,"Meeting, March 19-20, 2019",beige_book,2019-03-06,BeigeBook_20190306.txt,https://fraser.stlouisfed.org/files/text/historical/FOMC/meetingdocuments/BeigeBook_20190306.txt,https://fraser.stlouisfed.org/docs/historical/FOMC/meetingdocuments/BeigeBook_20190306.pdf,2019-03-06
583221,2019-04-30,"Meeting, April 30-May 1, 2019",beige_book,2019-04-17,BeigeBook_20190417.txt,https://fraser.stlouisfed.org/files/text/historical/FOMC/meetingdocuments/BeigeBook_20190417.txt,https://fraser.stlouisfed.org/docs/historical/FOMC/meetingdocuments/BeigeBook_20190417.pdf,2019-04-17
583325,2019-06-18,"Meeting, June 18-19, 2019",beige_book,2019-06-05,BeigeBook_20190605.txt,https://fraser.stlouisfed.org/files/text/historical/FOMC/meetingdocuments/BeigeBook_20190605.txt,https://fraser.stlouisfed.org/docs/historical/FOMC/meetingdocuments/BeigeBook_20190605.pdf,2019-06-05
583837,2019-07-30,"Meeting, July 30-31, 2019",beige_book,2019-07-17,BeigeBook_20190717.txt,https://fraser.stlouisfed.org/files/text/historical/FOMC/meetingdocuments/BeigeBook_20190717.txt,https://fraser.stlouisfed.org/docs/historical/FOMC/meetingdocuments/BeigeBook_20190717.pdf,2019-07-17
584502,2019-09-17,"Meeting, September 17-18, 2019",beige_book,2019-09-04,BeigeBook_20190904.txt,https://fraser.stlouisfed.org/files/text/historical/FOMC/meetingdocuments/BeigeBook_20190904.txt,https://fraser.stlouisfed.org/docs/historical/FOMC/meetingdocuments/BeigeBook_20190904.pdf,2019-09-04
584538,2019-10-29,"Meeting, October 29-30, 2019",beige_book,2019-10-16,BeigeBook_20191016.txt,https://fraser.stlouisfed.org/files/text/historical/FOMC/meetingdocuments/BeigeBook_20191016.txt,https://fraser.stlouisfed.org/docs/historical/FOMC/meetingdocuments/BeigeBook_20191016.pdf,2019-10-16
584816,2019-12-10,"Meeting, December 10-11, 2019",beige_book,2019-11-27,BeigeBook_20191127.txt,https://fraser.stlouisfed.org/files/text/historical/FOMC/meetingdocuments/BeigeBook_20191127.txt,https://fraser.stlouisfed.org/docs/historical/FOMC/meetingdocuments/BeigeBook_20191127.pdf,2019-11-27
585165,2020-01-28,"Meeting, January 28-29, 2020",beige_book,2020-01-15,BeigeBook_20200115.txt,https://fraser.stlouisfed.org/files/text/historical/FOMC/meetingdocuments/BeigeBook_20200115.txt,https://fraser.stlouisfed.org/docs/historical/FOMC/meetingdocuments/BeigeBook_20200115.pdf,2020-01-15
587319,2020-03-15,"Meeting, March 15, 2020 (Unscheduled)",beige_book,2020-03-04,BeigeBook_20200304.txt,https://fraser.stlouisfed.org/files/text/historical/FOMC/meetingdocuments/BeigeBook_20200304.txt,https://fraser.stlouisfed.org/docs/historical/FOMC/meetingdocuments/BeigeBook_20200304.pdf,2020-03-04
587309,2020-03-17,"Meeting, March 17-18, 2020 (Cancelled)",beige_book,2020-03-04,BeigeBook_20200304.txt,https://fraser.stlouisfed.org/files/text/historical/FOMC/meetingdocuments/BeigeBook_20200304.txt,https://fraser.stlouisfed.org/docs/historical/FOMC/meetingdocuments/BeigeBook_20200304.pdf,2020-03-04
588477,2020-04-28,"Meeting, April 28-29, 2020",beige_book,2020-04-15,BeigeBook_20200415.txt,https://fraser.stlouisfed.org/files/text/historical/FOMC/meetingdocuments/BeigeBook_20200415.txt,https://fraser.stlouisfed.org/docs/historical/FOMC/meetingdocuments/BeigeBook_20200415.pdf,2020-04-15
589676,2020-06-09,"Meeting, June 9-10, 2020",beige_book,2020-05-27,BeigeBook_20200527.txt,https://fraser.stlouisfed.org/files/text/historical/FOMC/meetingdocuments/BeigeBook_20200527.txt,https://fraser.stlouisfed.org/docs/historical/FOMC/meetingdocuments/BeigeBook_20200527.pdf,2020-05-27
594191,2020-07-28,"Meeting, July 28-29, 2020",beige_book,2020-07-15,BeigeBook_20200715.txt,https://fraser.stlouisfed.org/files/text/historical/FOMC/meetingdocuments/BeigeBook_20200715.txt,https://fraser.stlouisfed.org/docs/historical/FOMC/meetingdocuments/BeigeBook_20200715.pdf,2020-07-15
596196,2020-09-15,"Meeting, September 15-16, 2020",beige_book,2020-09-02,BeigeBook_20200902.txt,https://fraser.stlouisfed.org/files/text/historical/FOMC/meetingdocuments/BeigeBook_20200902.txt,https://fraser.stlouisfed.org/docs/historical/FOMC/meetingdocuments/BeigeBook_20200902.pdf,2020-09-02
598101,2020-11-04,"Meeting, November 4-5, 2020",beige_book,2020-10-21,BeigeBook_20201021.txt,https://fraser.stlouisfed.org/files/text/historical/FOMC/meetingdocuments/BeigeBook_20201021.txt,https://fraser.stlouisfed.org/docs/historical/FOMC/meetingdocuments/BeigeBook_20201021.pdf,2020-10-21
598544,2020-12-15,"Meeting, December 15-16, 2020",beige_book,2020-12-02,BeigeBook_20201202.txt,https://fraser.stlouisfed.org/files/text/historical/FOMC/meetingdocuments/BeigeBook_20201202.txt,https://fraser.stlouisfed.org/docs/historical/FOMC/meetingdocuments/BeigeBook_20201202.pdf,2020-12-02
598775,2021-01-26,"Meeting, January 26-27, 2021",beige_book,2021-01-13,BeigeBook_20210113.txt,https://fraser.stlouisfed.org/files/text/historical/FOMC/meetingdocuments/BeigeBook_20210113.txt,https://fraser.stlouisfed.org/docs/historical/FOMC/meetingdocuments/BeigeBook_20210113.pdf,2021-01-13
600742,2021-03-16,"Meeting, March 16-17, 2021",beige_book,2021-03-03,BeigeBook_20210303.txt,https://fraser.stlouisfed.org/files/text/historical/FOMC/meetingdocuments/BeigeBook_20210303.txt,https://fraser.stlouisfed.org/docs/historical/FOMC/meetingdocuments/BeigeBook_20210303.pdf,2021-03-03
601897,2021-04-27,"Meeting, April 27-28, 2021",beige_book,2021-04-14,BeigeBook_20210414.txt,https://fraser.stlouisfed.org/files/text/historical/FOMC/meetingdocuments/BeigeBook_20210414.txt,https://fraser.stlouisfed.org/docs/historical/FOMC/meetingdocuments/BeigeBook_20210414.pdf,2021-04-14
603942,2021-06-15,"Meeting, June 15-16, 2021",beige_book,2021-06-02,BeigeBook_20210602.txt,https://fraser.stlouisfed.org/files/text/historical/FOMC/meetingdocuments/BeigeBook_20210602.txt,https://fraser.stlouisfed.org/docs/historical/FOMC/meetingdocuments/BeigeBook_20210602.pdf,2021-06-02
604765,2021-07-27,"Meeting, July 27-28, 2021",beige_book,2021-07-14,BeigeBook_20210714.txt,https://fraser.stlouisfed.org/files/text/historical/FOMC/meetingdocuments/BeigeBook_20210714.txt,https://fraser.stlouisfed.org/docs/historical/FOMC/meetingdocuments/BeigeBook_20210714.pdf,2021-07-14
605825,2021-09-21,"Meeting, September 21-22, 2021",beige_book,2021-09-08,BeigeBook_20210908.txt,https://fraser.stlouisfed.org/files/text/historical/FOMC/meetingdocuments/BeigeBook_20210908.txt,https://fraser.stlouisfed.org/docs/historical/FOMC/meetingdocuments/BeigeBook_20210908.pdf,2021-09-08
608601,2021-11-02,"Meeting, November 2-3, 2021",beige_book,2021-10-20,BeigeBook_20211020.txt,https://fraser.stlouisfed.org/files/text/historical/FOMC/meetingdocuments/BeigeBook_20211020.txt,https://fraser.stlouisfed.org/docs/historical/FOMC/meetingdocuments/BeigeBook_20211020.pdf,2021-10-20
610139,2021-12-14,"Meeting, December 14-15, 2021",beige_book,2021-12-01,BeigeBook_20211201.txt,https://fraser.stlouisfed.org/files/text/historical/FOMC/meetingdocuments/BeigeBook_20211201.txt,https://fraser.stlouisfed.org/docs/historical/FOMC/meetingdocuments/BeigeBook_20211201.pdf,2021-12-01
610587,2022-01-25,"Meeting, January 25-26, 2022",beige_book,2022-01-12,BeigeBook_20220112.txt,https://fraser.stlouisfed.org/files/text/historical/FOMC/meetingdocuments/BeigeBook_20220112.txt,https://fraser.stlouisfed.org/docs/historical/FOMC/meetingdocuments/BeigeBook_20220112.pdf,2022-01-12
611545,2022-03-15,"Meeting, March 15-16, 2022",beige_book,2022-03-02,BeigeBook_20220302.txt,https://fraser.stlouisfed.org/files/text/historical/FOMC/meetingdocuments/BeigeBook_20220302.txt,https://fraser.stlouisfed.org/docs/historical/FOMC/meetingdocuments/BeigeBook_20220302.pdf,2022-03-02
611869,2022-05-03,"Meeting, May 3-4, 2022",beige_book,2022-04-20,BeigeBook_20220420.txt,https://fraser.stlouisfed.org/files/text/historical/FOMC/meetingdocuments/BeigeBook_20220420.txt,https://fraser.stlouisfed.org/docs/historical/FOMC/meetingdocuments/BeigeBook_20220420.pdf,2022-04-20
616227,2022-06-14,"Meeting, June 14-15, 2022",beige_book,2022-06-01,BeigeBook_20220601.txt,https://fraser.stlouisfed.org/files/text/historical/FOMC/meetingdocuments/BeigeBook_20220601.txt,https://fraser.stlouisfed.org/docs/historical/FOMC/meetingdocuments/BeigeBook_20220601.pdf,2022-06-01
619211,2022-07-26,"Meeting, July 26-27, 2022",beige_book,2022-07-13,BeigeBook_20220713.txt,https://fraser.stlouisfed.org/files/text/historical/FOMC/meetingdocuments/BeigeBook_20220713.txt,https://fraser.stlouisfed.org/docs/historical/FOMC/meetingdocuments/BeigeBook_20220713.pdf,2022-07-13
622307,2022-09-20,"Meeting, September 20-21, 2022",beige_book,2022-09-07,BeigeBook_20220907.txt,https://fraser.stlouisfed.org/files/text/historical/FOMC/meetingdocuments/BeigeBook_20220907.txt,https://fraser.stlouisfed.org/docs/historical/FOMC/meetingdocuments/BeigeBook_20220907.pdf,2022-09-07
627813,2022-11-01,"Meeting, November 1-2, 2022",beige_book,2022-10-19,BeigeBook_20221019.txt,https://fraser.stlouisfed.org/files/text/historical/FOMC/meetingdocuments/BeigeBook_20221019.txt,https://fraser.stlouisfed.org/docs/historical/FOMC/meetingdocuments/BeigeBook_20221019.pdf,2022-10-19
627845,2022-12-13,"Meeting, December 13-14, 2022",beige_book,2022-11-30,BeigeBook_20221130.txt,https://fraser.stlouisfed.org/files/text/historical/FOMC/meetingdocuments/BeigeBook_20221130.txt,https://fraser.stlouisfed.org/docs/historical/FOMC/meetingdocuments/BeigeBook_20221130.pdf,2022-11-30
628650,2023-01-31,"Meeting, January 31-February 1, 2023",beige_book,2023-01-18,BeigeBook_20230118.txt,https://fraser.stlouisfed.org/files/text/historical/FOMC/meetingdocuments/BeigeBook_20230118.txt,https://fraser.stlouisfed.org/docs/historical/FOMC/meetingdocuments/BeigeBook_20230118.pdf,2023-01-18
629124,2023-03-21,"Meeting, March 21-22, 2023",beige_book,2023-03-08,BeigeBook_20230308.txt,https://fraser.stlouisfed.org/files/text/historical/FOMC/meetingdocuments/BeigeBook_20230308.txt,https://fraser.stlouisfed.org/docs/historical/FOMC/meetingdocuments/BeigeBook_20230308.pdf,2023-03-08
632567,2023-05-02,"Meeting, May 2-3, 2023",beige_book,2023-04-19,BeigeBook_20230419.txt,https://fraser.stlouisfed.org/files/text/historical/FOMC/meetingdocuments/BeigeBook_20230419.txt,https://fraser.stlouisfed.org/docs/historical/FOMC/meetingdocuments/BeigeBook_20230419.pdf,2023-04-19
635588,2023-06-13,"Meeting, June 13-14, 2023",beige_book,2023-05-31,BeigeBook_20230531.txt,https://fraser.stlouisfed.org/files/text/historical/FOMC/meetingdocuments/BeigeBook_20230531.txt,https://fraser.stlouisfed.org/docs/historical/FOMC/meetingdocuments/BeigeBook_20230531.pdf,2023-05-31
650228,2023-07-25,"Meeting, July 25-26, 2023",beige_book,2023-07-12,BeigeBook_20230712.txt,https://fraser.stlouisfed.org/files/text/historical/FOMC/meetingdocuments/BeigeBook_20230712.txt,https://fraser.stlouisfed.org/docs/historical/FOMC/meetingdocuments/BeigeBook_20230712.pdf,2023-07-12
650316,2023-09-19,"Meeting, September 19-20, 2023",beige_book,2023-09-06,BeigeBook_20230906.txt,https://fraser.stlouisfed.org/files/text/historical/FOMC/meetingdocuments/BeigeBook_20230906.txt,https://fraser.stlouisfed.org/docs/historical/FOMC/meetingdocuments/BeigeBook_20230906.pdf,2023-09-06
655797,2023-10-31,"Meeting, October 31-November 1, 2023",beige_book,2023-10-18,BeigeBook_20231018.txt,https://fraser.stlouisfed.org/files/text/historical/FOMC/meetingdocuments/BeigeBook_20231018.txt,https://fraser.stlouisfed.org/docs/historical/FOMC/meetingdocuments/BeigeBook_20231018.pdf,2023-10-18
657388,2023-12-13,"Meeting, December 12-13, 2023",beige_book,2023-11-29,BeigeBook_20231129.txt,https://fraser.stlouisfed.org/files/text/historical/FOMC/meetingdocuments/BeigeBook_20231129.txt,https://fraser.stlouisfed.org/docs/historical/FOMC/meetingdocuments/BeigeBook_20231129.pdf,2023-11-29
659514,2024-01-30,"Meeting, January 30-31, 2024",beige_book,2024-01-17,BeigeBook_20240117.txt,https://fraser.stlouisfed.org/files/text/historical/FOMC/meetingdocuments/BeigeBook_20240117.txt,https://fraser.stlouisfed.org/docs/historical/FOMC/meetingdocuments/BeigeBook_20240117.pdf,2024-01-17
679766,2024-03-20,"Meeting, March 19-20, 2024",beige_book,2024-03-06,BeigeBook_20240306.txt,https://fraser.stlouisfed.org/files/text/historical/FOMC/meetingdocuments/BeigeBook_20240306.txt,https://fraser.stlouisfed.org/docs/historical/FOMC/meetingdocuments/BeigeBook_20240306.pdf,2024-03-06
679767,2024-05-01,"Meeting, April 30-May 1, 2024",beige_book,2024-04-17,BeigeBook_20240417.txt,https://fraser.stlouisfed.org/files/text/historical/FOMC/meetingdocuments/BeigeBook_20240417.txt,https://fraser.stlouisfed.org/docs/historical/FOMC/meetingdocuments/BeigeBook_20240417.pdf,2024-04-17
679768,2024-06-12,"Meeting, June 11-12, 2024",beige_book,2024-05-29,BeigeBook_20240529.txt,https://fraser.stlouisfed.org/files/text/historical/FOMC/meetingdocuments/BeigeBook_20240529.txt,https://fraser.stlouisfed.org/docs/historical/FOMC/meetingdocuments/BeigeBook_20240529.pdf,2024-05-29
679769,2024-07-31,"Meeting, July 30-31, 2024",beige_book,2024-07-17,BeigeBook_20240717.txt,https://fraser.stlouisfed.org/files/text/historical/FOMC/meetingdocuments/BeigeBook_20240717.txt,https://fraser.stlouisfed.org/docs/historical/FOMC/meetingdocuments/BeigeBook_20240717.pdf,2024-07-17
679770,2024-09-18,"Meeting, September 17-18, 2024",beige_book,2024-09-04,BeigeBook_20240904.txt,https://fraser.stlouisfed.org/files/text/historical/FOMC/meetingdocuments/BeigeBook_20240904.txt,https://fraser.stlouisfed.org/docs/historical/FOMC/meetingdocuments/BeigeBook_20240904.pdf,2024-09-04
679759,2024-11-07,"Meeting, November 6-7, 2024",beige_book,2024-10-23,BeigeBook_20241023.txt,https://fraser.stlouisfed.org/files/text/historical/FOMC/meetingdocuments/BeigeBook_20241023.txt,https://fraser.stlouisfed.org/docs/historical/FOMC/meetingdocuments/BeigeBook_20241023.pdf,2024-10-23
680053,2024-12-18,"Meeting, December 17-18, 2024",beige_book,2024-12-04,BeigeBook_20241204.txt,https://fraser.stlouisfed.org/files/text/historical/FOMC/meetingdocuments/BeigeBook_20241204.txt,https://fraser.stlouisfed.org/docs/historical/FOMC/meetingdocuments/BeigeBook_20241204.pdf,2024-12-04
681117,2025-01-29,"Meeting, January 28-29, 2025",beige_book,2025-01-15,BeigeBook_20250115.txt,https://fraser.stlouisfed.org/files/text/historical/FOMC/meetingdocuments/BeigeBook_20250115.txt,https://fraser.stlouisfed.org/docs/historical/FOMC/meetingdocuments/BeigeBook_20250115.pdf,2025-01-15
684019,2025-03-19,"Meeting, March 18-19, 2025",beige_book,2025-03-05,BeigeBook_20250305.txt,https://fraser.stlouisfed.org/files/text/historical/FOMC/meetingdocuments/BeigeBook_20250305.txt,https://fraser.stlouisfed.org/docs/historical/FOMC/meetingdocuments/BeigeBook_20250305.pdf,2025-03-05
685851,2025-05-07,"Meeting, May 6-7, 2025",beige_book,2025-04-23,BeigeBook_20250423.txt,https://fraser.stlouisfed.org/files/text/historical/FOMC/meetingdocuments/BeigeBook_20250423.txt,https://fraser.stlouisfed.org/docs/historical/FOMC/meetingdocuments/BeigeBook_20250423.pdf,2025-04-23
688287,2025-06-18,"Meeting, June 17-18, 2025",beige_book,2025-06-04,BeigeBook_20250604.txt,https://fraser.stlouisfed.org/files/text/historical/FOMC/meetingdocuments/BeigeBook_20250604.txt,https://fraser.stlouisfed.org/docs/historical/FOMC/meetingdocuments/BeigeBook_20250604.pdf,2025-06-04
690650,2025-07-30,"Meeting, July 29-30, 2025",beige_book,2025-07-16,BeigeBook_20250716.txt,https://fraser.stlouisfed.org/files/text/historical/FOMC/meetingdocuments/BeigeBook_20250716.txt,https://fraser.stlouisfed.org/docs/historical/FOMC/meetingdocuments/BeigeBook_20250716.pdf,2025-07-16
703961,2025-09-17,"Meeting, September 16-17, 2025",beige_book,2025-09-03,BeigeBook_20250903.txt,https://fraser.stlouisfed.org/files/text/historical/FOMC/meetingdocuments/BeigeBook_20250903.txt,https://fraser.stlouisfed.org/docs/historical/FOMC/meetingdocuments/BeigeBook_20250903.pdf,2025-09-03
707800,2025-10-29,"Meeting, October 28-29, 2025",beige_book,2025-10-15,BeigeBook_20251015.txt,https://fraser.stlouisfed.org/files/text/historical/FOMC/meetingdocuments/BeigeBook_20251015.txt,https://fraser.stlouisfed.org/docs/historical/FOMC/meetingdocuments/BeigeBook_20251015.pdf,2025-10-15
716083,2025-12-10,"Meeting, December 9-10, 2025",beige_book,2025-11-26,BeigeBook_20251126.txt,https://fraser.stlouisfed.org/files/text/historical/FOMC/meetingdocuments/BeigeBook_20251126.txt,https://fraser.stlouisfed.org/docs/historical/FOMC/meetingdocuments/BeigeBook_20251126.pdf,2025-11-26
718623,2026-01-28,"Meeting, January 27-28, 2026",beige_book,2026-01-14,BeigeBook_20260114.txt,https://fraser.stlouisfed.org/files/text/historical/FOMC/meetingdocuments/BeigeBook_20260114.txt,https://fraser.stlouisfed.org/docs/historical/FOMC/meetingdocuments/BeigeBook_20260114.pdf,2026-01-14
721155,2026-03-18,"Meeting, March 17-18, 2026",beige_book,2026-03-04,BeigeBook_20260304.txt,https://fraser.stlouisfed.org/files/text/historical/FOMC/meetingdocuments/BeigeBook_20260304.txt,https://fraser.stlouisfed.org/docs/historical/FOMC/meetingdocuments/BeigeBook_20260304.pdf,2026-03-04
724400,2026-04-29,"Meeting, April 28-29, 2026",beige_book,2026-04-15,BeigeBook_20260415.txt,https://fraser.stlouisfed.org/files/text/historical/FOMC/meetingdocuments/BeigeBook_20260415.txt,https://fraser.stlouisfed.org/docs/historical/FOMC/meetingdocuments/BeigeBook_20260415.pdf,2026-04-15
23197,1993-02-02,"Meeting, February 2-3, 1993",minutes,1993-02-03,19930203min.txt,https://fraser.stlouisfed.org/files/text/historical/FOMC/meetingdocuments/19930203min.txt,https://fraser.stlouisfed.org/docs/historical/FOMC/meetingdocuments/19930203min.pdf,1993-03-26
23203,1993-03-23,"Meeting, March 23, 1993",minutes,1993-03-23,19930323min.txt,https://fraser.stlouisfed.org/files/text/historical/FOMC/meetingdocuments/19930323min.txt,https://fraser.stlouisfed.org/docs/historical/FOMC/meetingdocuments/19930323min.pdf,1993-05-21
23204,1993-05-18,"Meeting, May 18, 1993",minutes,1993-05-18,19930518min.txt,https://fraser.stlouisfed.org/files/text/historical/FOMC/meetingdocuments/19930518min.txt,https://fraser.stlouisfed.org/docs/historical/FOMC/meetingdocuments/19930518min.pdf,1993-07-12
23205,1993-07-06,"Meeting, July 6-7, 1993",minutes,1993-07-07,19930707min.txt,https://fraser.stlouisfed.org/files/text/historical/FOMC/meetingdocuments/19930707min.txt,https://fraser.stlouisfed.org/docs/historical/FOMC/meetingdocuments/19930707min.pdf,1993-08-20
22542,1993-08-17,"Meeting, August 17, 1993",minutes,1993-08-17,19930817min.txt,https://fraser.stlouisfed.org/files/text/historical/FOMC/meetingdocuments/19930817min.txt,https://fraser.stlouisfed.org/docs/historical/FOMC/meetingdocuments/19930817min.pdf,1993-09-24
23130,1993-09-21,"Meeting, September 21, 1993",minutes,1993-09-21,19930921min.txt,https://fraser.stlouisfed.org/files/text/historical/FOMC/meetingdocuments/19930921min.txt,https://fraser.stlouisfed.org/docs/historical/FOMC/meetingdocuments/19930921min.pdf,1993-11-19
23211,1993-11-16,"Meeting, November 16, 1993",minutes,1993-11-16,19931116min.txt,https://fraser.stlouisfed.org/files/text/historical/FOMC/meetingdocuments/19931116min.txt,https://fraser.stlouisfed.org/docs/historical/FOMC/meetingdocuments/19931116min.pdf,1993-12-24
22561,1993-12-21,"Meeting, December 21, 1993",minutes,1993-12-21,19931221min.txt,https://fraser.stlouisfed.org/files/text/historical/FOMC/meetingdocuments/19931221min.txt,https://fraser.stlouisfed.org/docs/historical/FOMC/meetingdocuments/19931221min.pdf,1994-02-07
23212,1994-02-03,"Meeting, February 3-4, 1994",minutes,1994-02-04,19940204min.txt,https://fraser.stlouisfed.org/files/text/historical/FOMC/meetingdocuments/19940204min.txt,https://fraser.stlouisfed.org/docs/historical/FOMC/meetingdocuments/19940204min.pdf,1994-03-25
23214,1994-03-22,"Meeting, March 22, 1994",minutes,1994-03-22,19940322min.txt,https://fraser.stlouisfed.org/files/text/historical/FOMC/meetingdocuments/19940322min.txt,https://fraser.stlouisfed.org/docs/historical/FOMC/meetingdocuments/19940322min.pdf,1994-04-21
23216,1994-04-18,"Telephone Conference, April 18, 1994",minutes,1994-04-18,19940418min.txt,https://fraser.stlouisfed.org/files/text/historical/FOMC/meetingdocuments/19940418min.txt,https://fraser.stlouisfed.org/docs/historical/FOMC/meetingdocuments/19940418min.pdf,1994-05-20
23217,1994-05-17,"Meeting, May 17, 1994",minutes,1994-05-17,19940517min.txt,https://fraser.stlouisfed.org/files/text/historical/FOMC/meetingdocuments/19940517min.txt,https://fraser.stlouisfed.org/docs/historical/FOMC/meetingdocuments/19940517min.pdf,1994-07-11
23218,1994-07-05,"Meeting, July 5-6, 1994",minutes,1994-07-06,19940706min.txt,https://fraser.stlouisfed.org/files/text/historical/FOMC/meetingdocuments/19940706min.txt,https://fraser.stlouisfed.org/docs/historical/FOMC/meetingdocuments/19940706min.pdf,1994-08-19
23219,1994-08-16,"Meeting, August 16, 1994",minutes,1994-08-16,19940816min.txt,https://fraser.stlouisfed.org/files/text/historical/FOMC/meetingdocuments/19940816min.txt,https://fraser.stlouisfed.org/docs/historical/FOMC/meetingdocuments/19940816min.pdf,1994-09-30
23131,1994-09-27,"Meeting, September 27, 1994",minutes,1994-09-27,19940927min.txt,https://fraser.stlouisfed.org/files/text/historical/FOMC/meetingdocuments/19940927min.txt,https://fraser.stlouisfed.org/docs/historical/FOMC/meetingdocuments/19940927min.pdf,1994-11-18
23330,1994-11-15,"Meeting, November 15, 1994",minutes,1994-11-15,19941115min.txt,https://fraser.stlouisfed.org/files/text/historical/FOMC/meetingdocuments/19941115min.txt,https://fraser.stlouisfed.org/docs/historical/FOMC/meetingdocuments/19941115min.pdf,1994-12-23
23220,1994-12-20,"Meeting, December 20, 1994",minutes,1994-12-20,19941220min.txt,https://fraser.stlouisfed.org/files/text/historical/FOMC/meetingdocuments/19941220min.txt,https://fraser.stlouisfed.org/docs/historical/FOMC/meetingdocuments/19941220min.pdf,1995-01-02
23221,1994-12-30,"Telephone Conference, December 30, 1994",minutes,1994-12-30,19941230min.txt,https://fraser.stlouisfed.org/files/text/historical/FOMC/meetingdocuments/19941230min.txt,https://fraser.stlouisfed.org/docs/historical/FOMC/meetingdocuments/19941230min.pdf,1995-02-06
23222,1995-01-31,"Meeting, January 31-February 1, 1995",minutes,1995-02-01,19950201min.txt,https://fraser.stlouisfed.org/files/text/historical/FOMC/meetingdocuments/19950201min.txt,https://fraser.stlouisfed.org/docs/historical/FOMC/meetingdocuments/19950201min.pdf,1995-03-31
23224,1995-03-28,"Meeting, March 28, 1995",minutes,1995-03-28,19950328min.txt,https://fraser.stlouisfed.org/files/text/historical/FOMC/meetingdocuments/19950328min.txt,https://fraser.stlouisfed.org/docs/historical/FOMC/meetingdocuments/19950328min.pdf,1995-05-26
23225,1995-05-23,"Meeting, May 23, 1995",minutes,1995-05-23,19950523min.txt,https://fraser.stlouisfed.org/files/text/historical/FOMC/meetingdocuments/19950523min.txt,https://fraser.stlouisfed.org/docs/historical/FOMC/meetingdocuments/19950523min.pdf,1995-07-10
23226,1995-07-05,"Meeting, July 5-6, 1995",minutes,1995-07-06,19950706min.txt,https://fraser.stlouisfed.org/files/text/historical/FOMC/meetingdocuments/19950706min.txt,https://fraser.stlouisfed.org/docs/historical/FOMC/meetingdocuments/19950706min.pdf,1995-08-25
23139,1995-08-22,"Meeting, August 22, 1995",minutes,1995-08-22,19950822min.txt,https://fraser.stlouisfed.org/files/text/historical/FOMC/meetingdocuments/19950822min.txt,https://fraser.stlouisfed.org/docs/historical/FOMC/meetingdocuments/19950822min.pdf,1995-09-29
23140,1995-09-26,"Meeting, September 26, 1995",minutes,1995-09-26,19950926min.txt,https://fraser.stlouisfed.org/files/text/historical/FOMC/meetingdocuments/19950926min.txt,https://fraser.stlouisfed.org/docs/historical/FOMC/meetingdocuments/19950926min.pdf,1995-11-20
23141,1995-11-15,"Meeting, November 15, 1995",minutes,1995-11-15,19951115min.txt,https://fraser.stlouisfed.org/files/text/historical/FOMC/meetingdocuments/19951115min.txt,https://fraser.stlouisfed.org/docs/historical/FOMC/meetingdocuments/19951115min.pdf,1995-12-22
23327,1995-12-19,"Meeting, December 19, 1995",minutes,1995-12-19,19951219min.txt,https://fraser.stlouisfed.org/files/text/historical/FOMC/meetingdocuments/19951219min.txt,https://fraser.stlouisfed.org/docs/historical/FOMC/meetingdocuments/19951219min.pdf,1996-02-02
23142,1996-01-30,"Meeting, January 30-31, 1996",minutes,1996-01-30,19960130min.txt,https://fraser.stlouisfed.org/files/text/historical/FOMC/meetingdocuments/19960130min.txt,https://fraser.stlouisfed.org/docs/historical/FOMC/meetingdocuments/19960130min.pdf,1996-03-29
23149,1996-03-26,"Meeting, March 26, 1996",minutes,1996-03-26,19960326min.txt,https://fraser.stlouisfed.org/files/text/historical/FOMC/meetingdocuments/19960326min.txt,https://fraser.stlouisfed.org/docs/historical/FOMC/meetingdocuments/19960326min.pdf,1996-05-24
23150,1996-05-21,"Meeting, May 21, 1996",minutes,1996-05-21,19960521min.txt,https://fraser.stlouisfed.org/files/text/historical/FOMC/meetingdocuments/19960521min.txt,https://fraser.stlouisfed.org/docs/historical/FOMC/meetingdocuments/19960521min.pdf,1996-07-05
23151,1996-07-02,"Meeting, July 2-3, 1996",minutes,1996-07-02,19960702min.txt,https://fraser.stlouisfed.org/files/text/historical/FOMC/meetingdocuments/19960702min.txt,https://fraser.stlouisfed.org/docs/historical/FOMC/meetingdocuments/19960702min.pdf,1996-08-23
23227,1996-08-20,"Meeting, August 20, 1996",minutes,1996-08-20,19960820min.txt,https://fraser.stlouisfed.org/files/text/historical/FOMC/meetingdocuments/19960820min.txt,https://fraser.stlouisfed.org/docs/historical/FOMC/meetingdocuments/19960820min.pdf,1996-09-27
23152,1996-09-24,"Meeting, September 24, 1996",minutes,1996-09-24,19960924min.txt,https://fraser.stlouisfed.org/files/text/historical/FOMC/meetingdocuments/19960924min.txt,https://fraser.stlouisfed.org/docs/historical/FOMC/meetingdocuments/19960924min.pdf,1996-11-18
23153,1996-11-13,"Meeting, November 13, 1996",minutes,1996-11-13,19961113min.txt,https://fraser.stlouisfed.org/files/text/historical/FOMC/meetingdocuments/19961113min.txt,https://fraser.stlouisfed.org/docs/historical/FOMC/meetingdocuments/19961113min.pdf,1996-12-20
23154,1996-12-17,"Meeting, December 17, 1996",minutes,1996-12-17,19961217min.txt,https://fraser.stlouisfed.org/files/text/historical/FOMC/meetingdocuments/19961217min.txt,https://fraser.stlouisfed.org/docs/historical/FOMC/meetingdocuments/19961217min.pdf,1997-02-07
22569,1997-02-04,"Meeting, February 4-5, 1997",minutes,1997-02-04,19970204min.txt,https://fraser.stlouisfed.org/files/text/historical/FOMC/meetingdocuments/19970204min.txt,https://fraser.stlouisfed.org/docs/historical/FOMC/meetingdocuments/19970204min.pdf,1997-03-28
23161,1997-03-25,"Meeting, March 25, 1997",minutes,1997-03-25,19970325min.txt,https://fraser.stlouisfed.org/files/text/historical/FOMC/meetingdocuments/19970325min.txt,https://fraser.stlouisfed.org/docs/historical/FOMC/meetingdocuments/19970325min.pdf,1997-05-23
23162,1997-05-20,"Meeting, May 20, 1997",minutes,1997-05-20,19970520min.txt,https://fraser.stlouisfed.org/files/text/historical/FOMC/meetingdocuments/19970520min.txt,https://fraser.stlouisfed.org/docs/historical/FOMC/meetingdocuments/19970520min.pdf,1997-07-04
23163,1997-07-01,"Meeting, July 1-2, 1997",minutes,1997-07-01,19970701min.txt,https://fraser.stlouisfed.org/files/text/historical/FOMC/meetingdocuments/19970701min.txt,https://fraser.stlouisfed.org/docs/historical/FOMC/meetingdocuments/19970701min.pdf,1997-08-22
22539,1997-08-19,"Meeting, August 19, 1997",minutes,1997-08-19,19970819min.txt,https://fraser.stlouisfed.org/files/text/historical/FOMC/meetingdocuments/19970819min.txt,https://fraser.stlouisfed.org/docs/historical/FOMC/meetingdocuments/19970819min.pdf,1997-10-03
23228,1997-09-30,"Meeting, September 30, 1997",minutes,1997-09-30,19970930min.txt,https://fraser.stlouisfed.org/files/text/historical/FOMC/meetingdocuments/19970930min.txt,https://fraser.stlouisfed.org/docs/historical/FOMC/meetingdocuments/19970930min.pdf,1997-11-17
23170,1997-11-12,"Meeting, November 12, 1997",minutes,1997-11-12,19971112min.txt,https://fraser.stlouisfed.org/files/text/historical/FOMC/meetingdocuments/19971112min.txt,https://fraser.stlouisfed.org/docs/historical/FOMC/meetingdocuments/19971112min.pdf,1997-12-19
23171,1997-12-16,"Meeting, December 16, 1997",minutes,1997-12-16,19971216min.txt,https://fraser.stlouisfed.org/files/text/historical/FOMC/meetingdocuments/19971216min.txt,https://fraser.stlouisfed.org/docs/historical/FOMC/meetingdocuments/19971216min.pdf,1998-02-06
23172,1998-02-03,"Meeting, February 3-4, 1998",minutes,1998-02-03,19980203min.txt,https://fraser.stlouisfed.org/files/text/historical/FOMC/meetingdocuments/19980203min.txt,https://fraser.stlouisfed.org/docs/historical/FOMC/meetingdocuments/19980203min.pdf,1998-04-03
22568,1998-03-31,"Meeting, March 31, 1998",minutes,1998-03-31,19980331min.txt,https://fraser.stlouisfed.org/files/text/historical/FOMC/meetingdocuments/19980331min.txt,https://fraser.stlouisfed.org/docs/historical/FOMC/meetingdocuments/19980331min.pdf,1998-05-22
22567,1998-05-19,"Meeting, May 19, 1998",minutes,1998-05-19,19980519min.txt,https://fraser.stlouisfed.org/files/text/historical/FOMC/meetingdocuments/19980519min.txt,https://fraser.stlouisfed.org/docs/historical/FOMC/meetingdocuments/19980519min.pdf,1998-07-03
23180,1998-06-30,"Meeting, June 30-July 1, 1998",minutes,1998-06-30,19980630min.txt,https://fraser.stlouisfed.org/files/text/historical/FOMC/meetingdocuments/19980630min.txt,https://fraser.stlouisfed.org/docs/historical/FOMC/meetingdocuments/19980630min.pdf,1998-08-21
23181,1998-08-18,"Meeting, August 18, 1998",minutes,1998-08-18,19980818min.txt,https://fraser.stlouisfed.org/files/text/historical/FOMC/meetingdocuments/19980818min.txt,https://fraser.stlouisfed.org/docs/historical/FOMC/meetingdocuments/19980818min.pdf,1998-10-02
23233,1998-09-29,"Meeting, September 29, 1998",minutes,1998-09-29,19980929min.txt,https://fraser.stlouisfed.org/files/text/historical/FOMC/meetingdocuments/19980929min.txt,https://fraser.stlouisfed.org/docs/historical/FOMC/meetingdocuments/19980929min.pdf,1998-11-20
22555,1998-11-17,"Meeting, November 17, 1998",minutes,1998-11-17,19981117min.txt,https://fraser.stlouisfed.org/files/text/historical/FOMC/meetingdocuments/19981117min.txt,https://fraser.stlouisfed.org/docs/historical/FOMC/meetingdocuments/19981117min.pdf,1998-12-25
23235,1998-12-22,"Meeting, December 22, 1998",minutes,1998-12-22,19981222min.txt,https://fraser.stlouisfed.org/files/text/historical/FOMC/meetingdocuments/19981222min.txt,https://fraser.stlouisfed.org/docs/historical/FOMC/meetingdocuments/19981222min.pdf,1999-02-05
23236,1999-02-02,"Meeting, February 2-3, 1999",minutes,1999-02-02,19990202min.txt,https://fraser.stlouisfed.org/files/text/historical/FOMC/meetingdocuments/19990202min.txt,https://fraser.stlouisfed.org/docs/historical/FOMC/meetingdocuments/19990202min.pdf,1999-04-02
23237,1999-03-30,"Meeting, March 30, 1999",minutes,1999-03-30,19990330min.txt,https://fraser.stlouisfed.org/files/text/historical/FOMC/meetingdocuments/19990330min.txt,https://fraser.stlouisfed.org/docs/historical/FOMC/meetingdocuments/19990330min.pdf,1999-05-21
22554,1999-05-18,"Meeting, May 18, 1999",minutes,1999-05-18,19990518min.txt,https://fraser.stlouisfed.org/files/text/historical/FOMC/meetingdocuments/19990518min.txt,https://fraser.stlouisfed.org/docs/historical/FOMC/meetingdocuments/19990518min.pdf,1999-07-02
23182,1999-06-29,"Meeting, June 29-30, 1999",minutes,1999-06-29,19990629min.txt,https://fraser.stlouisfed.org/files/text/historical/FOMC/meetingdocuments/19990629min.txt,https://fraser.stlouisfed.org/docs/historical/FOMC/meetingdocuments/19990629min.pdf,1999-08-27
23239,1999-08-24,"Meeting, August 24, 1999",minutes,1999-08-24,19990824min.txt,https://fraser.stlouisfed.org/files/text/historical/FOMC/meetingdocuments/19990824min.txt,https://fraser.stlouisfed.org/docs/historical/FOMC/meetingdocuments/19990824min.pdf,1999-10-08
23185,1999-10-05,"Meeting, October 5, 1999",minutes,1999-10-05,19991005min.txt,https://fraser.stlouisfed.org/files/text/historical/FOMC/meetingdocuments/19991005min.txt,https://fraser.stlouisfed.org/docs/historical/FOMC/meetingdocuments/19991005min.pdf,1999-11-19
23190,1999-11-16,"Meeting, November 16, 1999",minutes,1999-11-16,19991116min.txt,https://fraser.stlouisfed.org/files/text/historical/FOMC/meetingdocuments/19991116min.txt,https://fraser.stlouisfed.org/docs/historical/FOMC/meetingdocuments/19991116min.pdf,1999-12-24
23191,1999-12-21,"Meeting, December 21, 1999",minutes,1999-12-21,19991221min.txt,https://fraser.stlouisfed.org/files/text/historical/FOMC/meetingdocuments/19991221min.txt,https://fraser.stlouisfed.org/docs/historical/FOMC/meetingdocuments/19991221min.pdf,2000-02-07
23192,2000-02-01,"Meeting, February 1-2, 2000",minutes,2000-02-02,20000202min.txt,https://fraser.stlouisfed.org/files/text/historical/FOMC/meetingdocuments/20000202min.txt,https://fraser.stlouisfed.org/docs/historical/FOMC/meetingdocuments/20000202min.pdf,2000-03-24
22564,2000-03-21,"Meeting, March 21, 2000",minutes,2000-03-21,20000321min.txt,https://fraser.stlouisfed.org/files/text/historical/FOMC/meetingdocuments/20000321min.txt,https://fraser.stlouisfed.org/docs/historical/FOMC/meetingdocuments/20000321min.pdf,2000-05-19
22563,2000-05-16,"Meeting, May 16, 2000",minutes,2000-05-16,20000516min.txt,https://fraser.stlouisfed.org/files/text/historical/FOMC/meetingdocuments/20000516min.txt,https://fraser.stlouisfed.org/docs/historical/FOMC/meetingdocuments/20000516min.pdf,2000-07-03
23199,2000-06-27,"Meeting, June 27-28, 2000",minutes,2000-06-28,20000628min.txt,https://fraser.stlouisfed.org/files/text/historical/FOMC/meetingdocuments/20000628min.txt,https://fraser.stlouisfed.org/docs/historical/FOMC/meetingdocuments/20000628min.pdf,2000-08-25
23200,2000-08-22,"Meeting, August 22, 2000",minutes,2000-08-22,20000822min.txt,https://fraser.stlouisfed.org/files/text/historical/FOMC/meetingdocuments/20000822min.txt,https://fraser.stlouisfed.org/docs/historical/FOMC/meetingdocuments/20000822min.pdf,2000-10-06
23241,2000-10-03,"Meeting, October 3, 2000",minutes,2000-10-03,20001003min.txt,https://fraser.stlouisfed.org/files/text/historical/FOMC/meetingdocuments/20001003min.txt,https://fraser.stlouisfed.org/docs/historical/FOMC/meetingdocuments/20001003min.pdf,2000-11-20
23201,2000-11-15,"Meeting, November 15, 2000",minutes,2000-11-15,20001115min.txt,https://fraser.stlouisfed.org/files/text/historical/FOMC/meetingdocuments/20001115min.txt,https://fraser.stlouisfed.org/docs/historical/FOMC/meetingdocuments/20001115min.pdf,2000-12-22
23208,2000-12-19,"Meeting, December 19, 2000",minutes,2000-12-19,20001219min.txt,https://fraser.stlouisfed.org/files/text/historical/FOMC/meetingdocuments/20001219min.txt,https://fraser.stlouisfed.org/docs/historical/FOMC/meetingdocuments/20001219min.pdf,2001-02-05
23231,2001-01-30,"Meeting, January 30-31, 2001",minutes,2001-01-31,20010131min.txt,https://fraser.stlouisfed.org/files/text/historical/FOMC/meetingdocuments/20010131min.txt,https://fraser.stlouisfed.org/docs/historical/FOMC/meetingdocuments/20010131min.pdf,2001-03-23
22556,2001-03-20,"Meeting, March 20, 2001",minutes,2001-03-20,20010320min.txt,https://fraser.stlouisfed.org/files/text/historical/FOMC/meetingdocuments/20010320min.txt,https://fraser.stlouisfed.org/docs/historical/FOMC/meetingdocuments/20010320min.pdf,2001-05-18
23244,2001-05-15,"Meeting, May 15, 2001",minutes,2001-05-15,20010515min.txt,https://fraser.stlouisfed.org/files/text/historical/FOMC/meetingdocuments/20010515min.txt,https://fraser.stlouisfed.org/docs/historical/FOMC/meetingdocuments/20010515min.pdf,2001-07-02
23245,2001-06-26,"Meeting, June 26-27, 2001",minutes,2001-06-27,20010627min.txt,https://fraser.stlouisfed.org/files/text/historical/FOMC/meetingdocuments/20010627min.txt,https://fraser.stlouisfed.org/docs/historical/FOMC/meetingdocuments/20010627min.pdf,2001-08-24
23246,2001-08-21,"Meeting, August 21, 2001",minutes,2001-08-21,20010821min.txt,https://fraser.stlouisfed.org/files/text/historical/FOMC/meetingdocuments/20010821min.txt,https://fraser.stlouisfed.org/docs/historical/FOMC/meetingdocuments/20010821min.pdf,2001-10-05
23232,2001-10-02,"Meeting, October 2, 2001",minutes,2001-10-02,20011002min.txt,https://fraser.stlouisfed.org/files/text/historical/FOMC/meetingdocuments/20011002min.txt,https://fraser.stlouisfed.org/docs/historical/FOMC/meetingdocuments/20011002min.pdf,2001-11-09
23249,2001-11-06,"Meeting, November 6, 2001",minutes,2001-11-06,20011106min.txt,https://fraser.stlouisfed.org/files/text/historical/FOMC/meetingdocuments/20011106min.txt,https://fraser.stlouisfed.org/docs/historical/FOMC/meetingdocuments/20011106min.pdf,2001-12-14
23238,2001-12-11,"Meeting, December 11, 2001",minutes,2001-12-11,20011211min.txt,https://fraser.stlouisfed.org/files/text/historical/FOMC/meetingdocuments/20011211min.txt,https://fraser.stlouisfed.org/docs/historical/FOMC/meetingdocuments/20011211min.pdf,2002-02-04
23240,2002-01-29,"Meeting, January 29-30, 2002",minutes,2002-01-30,20020130min.txt,https://fraser.stlouisfed.org/files/text/historical/FOMC/meetingdocuments/20020130min.txt,https://fraser.stlouisfed.org/docs/historical/FOMC/meetingdocuments/20020130min.pdf,2002-03-22
23243,2002-03-19,"Meeting, March 19, 2002",minutes,2002-03-19,20020319min.txt,https://fraser.stlouisfed.org/files/text/historical/FOMC/meetingdocuments/20020319min.txt,https://fraser.stlouisfed.org/docs/historical/FOMC/meetingdocuments/20020319min.pdf,2002-05-10
23248,2002-05-07,"Meeting, May 7, 2002",minutes,2002-05-07,20020507min.txt,https://fraser.stlouisfed.org/files/text/historical/FOMC/meetingdocuments/20020507min.txt,https://fraser.stlouisfed.org/docs/historical/FOMC/meetingdocuments/20020507min.pdf,2002-07-01
22507,2002-06-25,"Meeting, June 25-26, 2002",minutes,2002-06-26,20020626min.txt,https://fraser.stlouisfed.org/files/text/historical/FOMC/meetingdocuments/20020626min.txt,https://fraser.stlouisfed.org/docs/historical/FOMC/meetingdocuments/20020626min.pdf,2002-08-16
22508,2002-08-13,"Meeting, August 13, 2002",minutes,2002-08-13,20020813min.txt,https://fraser.stlouisfed.org/files/text/historical/FOMC/meetingdocuments/20020813min.txt,https://fraser.stlouisfed.org/docs/historical/FOMC/meetingdocuments/20020813min.pdf,2002-09-27
22509,2002-09-24,"Meeting, September 24, 2002",minutes,2002-09-24,20020924min.txt,https://fraser.stlouisfed.org/files/text/historical/FOMC/meetingdocuments/20020924min.txt,https://fraser.stlouisfed.org/docs/historical/FOMC/meetingdocuments/20020924min.pdf,2002-11-11
22510,2002-11-06,"Meeting, November 6, 2002",minutes,2002-11-06,20021106min.txt,https://fraser.stlouisfed.org/files/text/historical/FOMC/meetingdocuments/20021106min.txt,https://fraser.stlouisfed.org/docs/historical/FOMC/meetingdocuments/20021106min.pdf,2002-12-13
22551,2002-12-10,"Meeting, December 10, 2002",minutes,2002-12-10,20021210min.txt,https://fraser.stlouisfed.org/files/text/historical/FOMC/meetingdocuments/20021210min.txt,https://fraser.stlouisfed.org/docs/historical/FOMC/meetingdocuments/20021210min.pdf,2003-02-03
22511,2003-01-28,"Meeting, January 28-29, 2003",minutes,2003-01-29,20030129min.txt,https://fraser.stlouisfed.org/files/text/historical/FOMC/meetingdocuments/20030129min.txt,https://fraser.stlouisfed.org/docs/historical/FOMC/meetingdocuments/20030129min.pdf,2003-03-21
22512,2003-03-18,"Meeting, March 18, 2003",minutes,2003-03-18,20030318min.txt,https://fraser.stlouisfed.org/files/text/historical/FOMC/meetingdocuments/20030318min.txt,https://fraser.stlouisfed.org/docs/historical/FOMC/meetingdocuments/20030318min.pdf,2003-05-09
23254,2003-05-06,"Meeting, May 6, 2003",minutes,2003-05-06,20030506min.txt,https://fraser.stlouisfed.org/files/text/historical/FOMC/meetingdocuments/20030506min.txt,https://fraser.stlouisfed.org/docs/historical/FOMC/meetingdocuments/20030506min.pdf,2003-06-30
23255,2003-06-24,"Meeting, June 24-25, 2003",minutes,2003-06-25,20030625min.txt,https://fraser.stlouisfed.org/files/text/historical/FOMC/meetingdocuments/20030625min.txt,https://fraser.stlouisfed.org/docs/historical/FOMC/meetingdocuments/20030625min.pdf,2003-08-15
22513,2003-08-12,"Meeting, August 12, 2003",minutes,2003-08-12,20030812min.txt,https://fraser.stlouisfed.org/files/text/historical/FOMC/meetingdocuments/20030812min.txt,https://fraser.stlouisfed.org/docs/historical/FOMC/meetingdocuments/20030812min.pdf,2003-09-19
22540,2003-09-16,"Meeting, September 16, 2003",minutes,2003-09-16,20030916min.txt,https://fraser.stlouisfed.org/files/text/historical/FOMC/meetingdocuments/20030916min.txt,https://fraser.stlouisfed.org/docs/historical/FOMC/meetingdocuments/20030916min.pdf,2003-10-31
23257,2003-10-28,"Meeting, October 28, 2003",minutes,2003-10-28,20031028min.txt,https://fraser.stlouisfed.org/files/text/historical/FOMC/meetingdocuments/20031028min.txt,https://fraser.stlouisfed.org/docs/historical/FOMC/meetingdocuments/20031028min.pdf,2003-12-12
23258,2003-12-09,"Meeting, December 9, 2003",minutes,2003-12-09,20031209min.txt,https://fraser.stlouisfed.org/files/text/historical/FOMC/meetingdocuments/20031209min.txt,https://fraser.stlouisfed.org/docs/historical/FOMC/meetingdocuments/20031209min.pdf,2004-02-02
23259,2004-01-27,"Meeting, January 27-28, 2004",minutes,2004-01-28,20040128min.txt,https://fraser.stlouisfed.org/files/text/historical/FOMC/meetingdocuments/20040128min.txt,https://fraser.stlouisfed.org/docs/historical/FOMC/meetingdocuments/20040128min.pdf,2004-03-19
22537,2004-03-16,"Meeting, March 16, 2004",minutes,2004-03-16,20040316min.txt,https://fraser.stlouisfed.org/files/text/historical/FOMC/meetingdocuments/20040316min.txt,https://fraser.stlouisfed.org/docs/historical/FOMC/meetingdocuments/20040316min.pdf,2004-05-07
23260,2004-05-04,"Meeting, May 4, 2004",minutes,2004-05-04,20040504min.txt,https://fraser.stlouisfed.org/files/text/historical/FOMC/meetingdocuments/20040504min.txt,https://fraser.stlouisfed.org/docs/historical/FOMC/meetingdocuments/20040504min.pdf,2004-07-05
23261,2004-06-29,"Meeting, June 29-30, 2004",minutes,2004-06-30,20040630min.txt,https://fraser.stlouisfed.org/files/text/historical/FOMC/meetingdocuments/20040630min.txt,https://fraser.stlouisfed.org/docs/historical/FOMC/meetingdocuments/20040630min.pdf,2004-08-13
23262,2004-08-10,"Meeting, August 10, 2004",minutes,2004-08-10,20040810min.txt,https://fraser.stlouisfed.org/files/text/historical/FOMC/meetingdocuments/20040810min.txt,https://fraser.stlouisfed.org/docs/historical/FOMC/meetingdocuments/20040810min.pdf,2004-09-24
22514,2004-09-21,"Meeting, September 21, 2004",minutes,2004-09-21,20040921min.txt,https://fraser.stlouisfed.org/files/text/historical/FOMC/meetingdocuments/20040921min.txt,https://fraser.stlouisfed.org/docs/historical/FOMC/meetingdocuments/20040921min.pdf,2004-11-15
22515,2004-11-10,"Meeting, November 10, 2004",minutes,2004-11-10,20041110min.txt,https://fraser.stlouisfed.org/files/text/historical/FOMC/meetingdocuments/20041110min.txt,https://fraser.stlouisfed.org/docs/historical/FOMC/meetingdocuments/20041110min.pdf,2004-12-17
22516,2004-12-14,"Meeting, December 14, 2004",minutes,2004-12-14,20041214min.txt,https://fraser.stlouisfed.org/files/text/historical/FOMC/meetingdocuments/20041214min.txt,https://fraser.stlouisfed.org/docs/historical/FOMC/meetingdocuments/20041214min.pdf,2005-01-04
22535,2005-02-01,"Meeting, February 1-2, 2005",minutes,2005-02-02,20050202min.txt,https://fraser.stlouisfed.org/files/text/historical/FOMC/meetingdocuments/20050202min.txt,https://fraser.stlouisfed.org/docs/historical/FOMC/meetingdocuments/20050202min.pdf,2005-02-23
23457,2005-03-22,"Meeting, March 22, 2005",minutes,2005-03-22,20050322min.txt,https://fraser.stlouisfed.org/files/text/historical/FOMC/meetingdocuments/20050322min.txt,https://fraser.stlouisfed.org/docs/historical/FOMC/meetingdocuments/20050322min.pdf,2005-04-12
22517,2005-05-03,"Meeting, May 3, 2005",minutes,2005-05-03,20050503min.txt,https://fraser.stlouisfed.org/files/text/historical/FOMC/meetingdocuments/20050503min.txt,https://fraser.stlouisfed.org/docs/historical/FOMC/meetingdocuments/20050503min.pdf,2005-05-24
22518,2005-06-29,"Meeting, June 29-30, 2005",minutes,2005-06-30,20050630min.txt,https://fraser.stlouisfed.org/files/text/historical/FOMC/meetingdocuments/20050630min.txt,https://fraser.stlouisfed.org/docs/historical/FOMC/meetingdocuments/20050630min.pdf,2005-07-21
22519,2005-08-09,"Meeting, August 9, 2005",minutes,2005-08-09,20050809min.txt,https://fraser.stlouisfed.org/files/text/historical/FOMC/meetingdocuments/20050809min.txt,https://fraser.stlouisfed.org/docs/historical/FOMC/meetingdocuments/20050809min.pdf,2005-08-30
22520,2005-09-20,"Meeting, September 20, 2005",minutes,2005-09-20,20050920min.txt,https://fraser.stlouisfed.org/files/text/historical/FOMC/meetingdocuments/20050920min.txt,https://fraser.stlouisfed.org/docs/historical/FOMC/meetingdocuments/20050920min.pdf,2005-10-11
22521,2005-11-01,"Meeting, November 1, 2005",minutes,2005-11-01,20051101min.txt,https://fraser.stlouisfed.org/files/text/historical/FOMC/meetingdocuments/20051101min.txt,https://fraser.stlouisfed.org/docs/historical/FOMC/meetingdocuments/20051101min.pdf,2005-11-22
22522,2005-12-13,"Meeting, December 13, 2005",minutes,2005-12-13,20051213min.txt,https://fraser.stlouisfed.org/files/text/historical/FOMC/meetingdocuments/20051213min.txt,https://fraser.stlouisfed.org/docs/historical/FOMC/meetingdocuments/20051213min.pdf,2006-01-03
22523,2006-01-31,"Meeting, January 31, 2006",minutes,2006-01-31,20060131min.txt,https://fraser.stlouisfed.org/files/text/historical/FOMC/meetingdocuments/20060131min.txt,https://fraser.stlouisfed.org/docs/historical/FOMC/meetingdocuments/20060131min.pdf,2006-02-21
23263,2006-03-27,"Meeting, March 27-28, 2006",minutes,2006-03-28,20060328min.txt,https://fraser.stlouisfed.org/files/text/historical/FOMC/meetingdocuments/20060328min.txt,https://fraser.stlouisfed.org/docs/historical/FOMC/meetingdocuments/20060328min.pdf,2006-04-18
22524,2006-05-10,"Meeting, May 10, 2006",minutes,2006-05-10,20060510min.txt,https://fraser.stlouisfed.org/files/text/historical/FOMC/meetingdocuments/20060510min.txt,https://fraser.stlouisfed.org/docs/historical/FOMC/meetingdocuments/20060510min.pdf,2006-05-31
22525,2006-06-28,"Meeting, June 28-29, 2006",minutes,2006-06-29,20060629min.txt,https://fraser.stlouisfed.org/files/text/historical/FOMC/meetingdocuments/20060629min.txt,https://fraser.stlouisfed.org/docs/historical/FOMC/meetingdocuments/20060629min.pdf,2006-07-20
23455,2006-08-08,"Meeting, August 8, 2006",minutes,2006-08-08,20060808min.txt,https://fraser.stlouisfed.org/files/text/historical/FOMC/meetingdocuments/20060808min.txt,https://fraser.stlouisfed.org/docs/historical/FOMC/meetingdocuments/20060808min.pdf,2006-08-29
22526,2006-09-20,"Meeting, September 20, 2006",minutes,2006-09-20,20060920min.txt,https://fraser.stlouisfed.org/files/text/historical/FOMC/meetingdocuments/20060920min.txt,https://fraser.stlouisfed.org/docs/historical/FOMC/meetingdocuments/20060920min.pdf,2006-10-11
22527,2006-10-24,"Meeting, October 24-25, 2006",minutes,2006-10-25,20061025min.txt,https://fraser.stlouisfed.org/files/text/historical/FOMC/meetingdocuments/20061025min.txt,https://fraser.stlouisfed.org/docs/historical/FOMC/meetingdocuments/20061025min.pdf,2006-11-15
22528,2006-12-12,"Meeting, December 12, 2006",minutes,2006-12-12,20061212min.txt,https://fraser.stlouisfed.org/files/text/historical/FOMC/meetingdocuments/20061212min.txt,https://fraser.stlouisfed.org/docs/historical/FOMC/meetingdocuments/20061212min.pdf,2007-01-02
22529,2007-01-30,"Meeting, January 30-31, 2007",minutes,2007-01-31,20070131min.txt,https://fraser.stlouisfed.org/files/text/historical/FOMC/meetingdocuments/20070131min.txt,https://fraser.stlouisfed.org/docs/historical/FOMC/meetingdocuments/20070131min.pdf,2007-02-21
22530,2007-03-20,"Meeting, March 20-21, 2007",minutes,2007-03-21,20070321min.txt,https://fraser.stlouisfed.org/files/text/historical/FOMC/meetingdocuments/20070321min.txt,https://fraser.stlouisfed.org/docs/historical/FOMC/meetingdocuments/20070321min.pdf,2007-04-11
23264,2007-05-09,"Meeting, May 9, 2007",minutes,2007-05-09,20070509min.txt,https://fraser.stlouisfed.org/files/text/historical/FOMC/meetingdocuments/20070509min.txt,https://fraser.stlouisfed.org/docs/historical/FOMC/meetingdocuments/20070509min.pdf,2007-05-30
23456,2007-06-27,"Meeting, June 27-28, 2007",minutes,2007-06-28,20070628min.txt,https://fraser.stlouisfed.org/files/text/historical/FOMC/meetingdocuments/20070628min.txt,https://fraser.stlouisfed.org/docs/historical/FOMC/meetingdocuments/20070628min.pdf,2007-07-19
22531,2007-08-07,"Meeting, August 7, 2007",minutes,2007-08-07,20070807min.txt,https://fraser.stlouisfed.org/files/text/historical/FOMC/meetingdocuments/20070807min.txt,https://fraser.stlouisfed.org/docs/historical/FOMC/meetingdocuments/20070807min.pdf,2007-08-28
23267,2007-09-18,"Meeting, September 18, 2007",minutes,2007-09-18,20070918min.txt,https://fraser.stlouisfed.org/files/text/historical/FOMC/meetingdocuments/20070918min.txt,https://fraser.stlouisfed.org/docs/historical/FOMC/meetingdocuments/20070918min.pdf,2007-10-09
23268,2007-10-30,"Meeting, October 30-31, 2007",minutes,2007-10-31,fomcminutes20071031.txt,https://fraser.stlouisfed.org/files/text/historical/FOMC/meetingdocuments/fomcminutes20071031.txt,https://fraser.stlouisfed.org/docs/historical/FOMC/meetingdocuments/fomcminutes20071031.pdf,2007-11-21
22534,2007-12-11,"Meeting, December 11, 2007",minutes,2007-12-11,fomcminutes20071211.txt,https://fraser.stlouisfed.org/files/text/historical/FOMC/meetingdocuments/fomcminutes20071211.txt,https://fraser.stlouisfed.org/docs/historical/FOMC/meetingdocuments/fomcminutes20071211.pdf,2008-01-01
23272,2008-01-29,"Meeting, January 29-30, 2008",minutes,2008-01-30,fomcminutes20080130.txt,https://fraser.stlouisfed.org/files/text/historical/FOMC/meetingdocuments/fomcminutes20080130.txt,https://fraser.stlouisfed.org/docs/historical/FOMC/meetingdocuments/fomcminutes20080130.pdf,2008-02-20
23273,2008-03-18,"Meeting, March 18, 2008",minutes,2008-03-18,fomcminutes20080318.txt,https://fraser.stlouisfed.org/files/text/historical/FOMC/meetingdocuments/fomcminutes20080318.txt,https://fraser.stlouisfed.org/docs/historical/FOMC/meetingdocuments/fomcminutes20080318.pdf,2008-04-08
23274,2008-04-29,"Meeting, April 29-30, 2008",minutes,2008-04-30,fomcminutes20080430.txt,https://fraser.stlouisfed.org/files/text/historical/FOMC/meetingdocuments/fomcminutes20080430.txt,https://fraser.stlouisfed.org/docs/historical/FOMC/meetingdocuments/fomcminutes20080430.pdf,2008-05-21
23275,2008-06-24,"Meeting, June 24-25, 2008",minutes,2008-06-25,fomcminutes20080625.txt,https://fraser.stlouisfed.org/files/text/historical/FOMC/meetingdocuments/fomcminutes20080625.txt,https://fraser.stlouisfed.org/docs/historical/FOMC/meetingdocuments/fomcminutes20080625.pdf,2008-07-16
23276,2008-08-05,"Meeting, August 5, 2008",minutes,2008-08-05,fomcminutes20080805.txt,https://fraser.stlouisfed.org/files/text/historical/FOMC/meetingdocuments/fomcminutes20080805.txt,https://fraser.stlouisfed.org/docs/historical/FOMC/meetingdocuments/fomcminutes20080805.pdf,2008-08-26
22532,2008-09-16,"Meeting, September 16, 2008",minutes,2008-09-16,fomcminutes20080916.txt,https://fraser.stlouisfed.org/files/text/historical/FOMC/meetingdocuments/fomcminutes20080916.txt,https://fraser.stlouisfed.org/docs/historical/FOMC/meetingdocuments/fomcminutes20080916.pdf,2008-10-07
23279,2008-10-28,"Meeting, October 28-29, 2008",minutes,2008-10-29,fomcminutes20081029.txt,https://fraser.stlouisfed.org/files/text/historical/FOMC/meetingdocuments/fomcminutes20081029.txt,https://fraser.stlouisfed.org/docs/historical/FOMC/meetingdocuments/fomcminutes20081029.pdf,2008-11-19
23280,2008-12-15,"Meeting, December 15-16, 2008",minutes,2008-12-16,fomcminutes20081216.txt,https://fraser.stlouisfed.org/files/text/historical/FOMC/meetingdocuments/fomcminutes20081216.txt,https://fraser.stlouisfed.org/docs/historical/FOMC/meetingdocuments/fomcminutes20081216.pdf,2009-01-06
23281,2009-01-16,"Telephone Conference, January 16, 2009",minutes,2009-01-16,fomcminutes20090116.txt,https://fraser.stlouisfed.org/files/text/historical/FOMC/meetingdocuments/fomcminutes20090116.txt,https://fraser.stlouisfed.org/docs/historical/FOMC/meetingdocuments/fomcminutes20090116.pdf,2009-02-06
22549,2009-01-28,"Meeting, January 28-29, 2009",minutes,2009-01-28,fomcminutes20090128.txt,https://fraser.stlouisfed.org/files/text/historical/FOMC/meetingdocuments/fomcminutes20090128.txt,https://fraser.stlouisfed.org/docs/historical/FOMC/meetingdocuments/fomcminutes20090128.pdf,2009-02-18
23282,2009-02-07,"Telephone Conference, February 7, 2009",minutes,2009-02-07,fomcminutes20090207.txt,https://fraser.stlouisfed.org/files/text/historical/FOMC/meetingdocuments/fomcminutes20090207.txt,https://fraser.stlouisfed.org/docs/historical/FOMC/meetingdocuments/fomcminutes20090207.pdf,2009-03-02
23283,2009-03-17,"Meeting, March 17-18, 2009",minutes,2009-03-18,fomcminutes20090318.txt,https://fraser.stlouisfed.org/files/text/historical/FOMC/meetingdocuments/fomcminutes20090318.txt,https://fraser.stlouisfed.org/docs/historical/FOMC/meetingdocuments/fomcminutes20090318.pdf,2009-04-08
23284,2009-04-28,"Meeting, April 28-29, 2009",minutes,2009-04-29,fomcminutes20090429.txt,https://fraser.stlouisfed.org/files/text/historical/FOMC/meetingdocuments/fomcminutes20090429.txt,https://fraser.stlouisfed.org/docs/historical/FOMC/meetingdocuments/fomcminutes20090429.pdf,2009-05-20
22548,2009-06-03,"Telephone Conference, June 3, 2009",minutes,2009-06-03,fomcminutes20090603.txt,https://fraser.stlouisfed.org/files/text/historical/FOMC/meetingdocuments/fomcminutes20090603.txt,https://fraser.stlouisfed.org/docs/historical/FOMC/meetingdocuments/fomcminutes20090603.pdf,2009-06-24
23285,2009-06-23,"Meeting, June 23-24, 2009",minutes,2009-06-24,fomcminutes20090624.txt,https://fraser.stlouisfed.org/files/text/historical/FOMC/meetingdocuments/fomcminutes20090624.txt,https://fraser.stlouisfed.org/docs/historical/FOMC/meetingdocuments/fomcminutes20090624.pdf,2009-07-15
23286,2009-08-11,"Meeting, August 11-12, 2009",minutes,2009-08-12,fomcminutes20090812.txt,https://fraser.stlouisfed.org/files/text/historical/FOMC/meetingdocuments/fomcminutes20090812.txt,https://fraser.stlouisfed.org/docs/historical/FOMC/meetingdocuments/fomcminutes20090812.pdf,2009-09-02
23287,2009-09-22,"Meeting, September 22-23, 2009",minutes,2009-09-23,fomcminutes20090923.txt,https://fraser.stlouisfed.org/files/text/historical/FOMC/meetingdocuments/fomcminutes20090923.txt,https://fraser.stlouisfed.org/docs/historical/FOMC/meetingdocuments/fomcminutes20090923.pdf,2009-10-14
22547,2009-11-03,"Meeting, November 3-4, 2009",minutes,2009-11-04,fomcminutes20091104.txt,https://fraser.stlouisfed.org/files/text/historical/FOMC/meetingdocuments/fomcminutes20091104.txt,https://fraser.stlouisfed.org/docs/historical/FOMC/meetingdocuments/fomcminutes20091104.pdf,2009-11-25
23288,2009-12-15,"Meeting, December 15-16, 2009",minutes,2009-12-16,fomcminutes20091216.txt,https://fraser.stlouisfed.org/files/text/historical/FOMC/meetingdocuments/fomcminutes20091216.txt,https://fraser.stlouisfed.org/docs/historical/FOMC/meetingdocuments/fomcminutes20091216.pdf,2010-01-06
23289,2010-01-26,"Meeting, January 26-27, 2010",minutes,2010-01-27,fomcminutes20100127.txt,https://fraser.stlouisfed.org/files/text/historical/FOMC/meetingdocuments/fomcminutes20100127.txt,https://fraser.stlouisfed.org/docs/historical/FOMC/meetingdocuments/fomcminutes20100127.pdf,2010-02-17
23290,2010-03-16,"Meeting, March 16, 2010",minutes,2010-03-16,fomcminutes20100316.txt,https://fraser.stlouisfed.org/files/text/historical/FOMC/meetingdocuments/fomcminutes20100316.txt,https://fraser.stlouisfed.org/docs/historical/FOMC/meetingdocuments/fomcminutes20100316.pdf,2010-04-06
23291,2010-04-27,"Meeting, April 27-28, 2010",minutes,2010-04-28,fomcminutes20100428.txt,https://fraser.stlouisfed.org/files/text/historical/FOMC/meetingdocuments/fomcminutes20100428.txt,https://fraser.stlouisfed.org/docs/historical/FOMC/meetingdocuments/fomcminutes20100428.pdf,2010-05-19
23292,2010-05-09,"Telephone Conference, May 9, 2010",minutes,2010-05-09,fomcminutes20100509.txt,https://fraser.stlouisfed.org/files/text/historical/FOMC/meetingdocuments/fomcminutes20100509.txt,https://fraser.stlouisfed.org/docs/historical/FOMC/meetingdocuments/fomcminutes20100509.pdf,2010-05-31
23293,2010-06-23,"Meeting, June 23-24, 2010",minutes,2010-06-23,fomcminutes20100623.txt,https://fraser.stlouisfed.org/files/text/historical/FOMC/meetingdocuments/fomcminutes20100623.txt,https://fraser.stlouisfed.org/docs/historical/FOMC/meetingdocuments/fomcminutes20100623.pdf,2010-07-14
23294,2010-08-10,"Meeting, August 10, 2010",minutes,2010-08-10,fomcminutes20100810.txt,https://fraser.stlouisfed.org/files/text/historical/FOMC/meetingdocuments/fomcminutes20100810.txt,https://fraser.stlouisfed.org/docs/historical/FOMC/meetingdocuments/fomcminutes20100810.pdf,2010-08-31
22546,2010-09-21,"Meeting, September 21, 2010",minutes,2010-09-21,fomcminutes20100921.txt,https://fraser.stlouisfed.org/files/text/historical/FOMC/meetingdocuments/fomcminutes20100921.txt,https://fraser.stlouisfed.org/docs/historical/FOMC/meetingdocuments/fomcminutes20100921.pdf,2010-10-12
23295,2010-10-15,"Videoconference, October 15, 2010",minutes,2010-10-15,fomcminutes20101015.txt,https://fraser.stlouisfed.org/files/text/historical/FOMC/meetingdocuments/fomcminutes20101015.txt,https://fraser.stlouisfed.org/docs/historical/FOMC/meetingdocuments/fomcminutes20101015.pdf,2010-11-05
23296,2010-11-02,"Meeting, November 2-3, 2010",minutes,2010-11-03,fomcminutes20101103.txt,https://fraser.stlouisfed.org/files/text/historical/FOMC/meetingdocuments/fomcminutes20101103.txt,https://fraser.stlouisfed.org/docs/historical/FOMC/meetingdocuments/fomcminutes20101103.pdf,2010-11-24
23297,2010-12-14,"Meeting, December 14, 2010",minutes,2010-12-14,fomcminutes20101214.txt,https://fraser.stlouisfed.org/files/text/historical/FOMC/meetingdocuments/fomcminutes20101214.txt,https://fraser.stlouisfed.org/docs/historical/FOMC/meetingdocuments/fomcminutes20101214.pdf,2011-01-04
22545,2011-01-25,"Meeting, January 25-26, 2011",minutes,2011-01-26,fomcminutes20110126.txt,https://fraser.stlouisfed.org/files/text/historical/FOMC/meetingdocuments/fomcminutes20110126.txt,https://fraser.stlouisfed.org/docs/historical/FOMC/meetingdocuments/fomcminutes20110126.pdf,2011-02-16
23298,2011-03-15,"Meeting, March 15, 2011",minutes,2011-03-15,fomcminutes20110315.txt,https://fraser.stlouisfed.org/files/text/historical/FOMC/meetingdocuments/fomcminutes20110315.txt,https://fraser.stlouisfed.org/docs/historical/FOMC/meetingdocuments/fomcminutes20110315.pdf,2011-04-05
23299,2011-04-26,"Meeting, April 26-27, 2011",minutes,2011-04-27,fomcminutes20110427.txt,https://fraser.stlouisfed.org/files/text/historical/FOMC/meetingdocuments/fomcminutes20110427.txt,https://fraser.stlouisfed.org/docs/historical/FOMC/meetingdocuments/fomcminutes20110427.pdf,2011-05-18
23300,2011-06-21,"Meeting, June 21-22, 2011",minutes,2011-06-22,fomcminutes20110622.txt,https://fraser.stlouisfed.org/files/text/historical/FOMC/meetingdocuments/fomcminutes20110622.txt,https://fraser.stlouisfed.org/docs/historical/FOMC/meetingdocuments/fomcminutes20110622.pdf,2011-07-13
22544,2011-08-01,"Videoconference, August 1, 2011",minutes,2011-08-01,fomcminutes20110801.txt,https://fraser.stlouisfed.org/files/text/historical/FOMC/meetingdocuments/fomcminutes20110801.txt,https://fraser.stlouisfed.org/docs/historical/FOMC/meetingdocuments/fomcminutes20110801.pdf,2011-08-22
23301,2011-08-09,"Meeting, August 9, 2011",minutes,2011-08-09,fomcminutes20110809.txt,https://fraser.stlouisfed.org/files/text/historical/FOMC/meetingdocuments/fomcminutes20110809.txt,https://fraser.stlouisfed.org/docs/historical/FOMC/meetingdocuments/fomcminutes20110809.pdf,2011-08-30
23302,2011-09-20,"Meeting, September 20-21, 2011",minutes,2011-09-21,fomcminutes20110921.txt,https://fraser.stlouisfed.org/files/text/historical/FOMC/meetingdocuments/fomcminutes20110921.txt,https://fraser.stlouisfed.org/docs/historical/FOMC/meetingdocuments/fomcminutes20110921.pdf,2011-10-12
23303,2011-11-01,"Meeting, November 1-2, 2011",minutes,2011-11-02,fomcminutes20111102.txt,https://fraser.stlouisfed.org/files/text/historical/FOMC/meetingdocuments/fomcminutes20111102.txt,https://fraser.stlouisfed.org/docs/historical/FOMC/meetingdocuments/fomcminutes20111102.pdf,2011-11-23
23304,2011-11-28,"Videoconference, November 28, 2011",minutes,2011-11-28,fomcminutes20111128.txt,https://fraser.stlouisfed.org/files/text/historical/FOMC/meetingdocuments/fomcminutes20111128.txt,https://fraser.stlouisfed.org/docs/historical/FOMC/meetingdocuments/fomcminutes20111128.pdf,2011-12-19
23305,2011-12-13,"Meeting, December 13, 2011",minutes,2011-12-13,fomcminutes20111213.txt,https://fraser.stlouisfed.org/files/text/historical/FOMC/meetingdocuments/fomcminutes20111213.txt,https://fraser.stlouisfed.org/docs/historical/FOMC/meetingdocuments/fomcminutes20111213.pdf,2012-01-03
23306,2012-01-24,"Meeting, January 24-25, 2012",minutes,2012-01-25,fomcminutes20120125.txt,https://fraser.stlouisfed.org/files/text/historical/FOMC/meetingdocuments/fomcminutes20120125.txt,https://fraser.stlouisfed.org/docs/historical/FOMC/meetingdocuments/fomcminutes20120125.pdf,2012-02-15
23307,2012-03-13,"Meeting, March 13, 2012",minutes,2012-03-13,fomcminutes20120313.txt,https://fraser.stlouisfed.org/files/text/historical/FOMC/meetingdocuments/fomcminutes20120313.txt,https://fraser.stlouisfed.org/docs/historical/FOMC/meetingdocuments/fomcminutes20120313.pdf,2012-04-03
23308,2012-04-24,"Meeting, April 24-25, 2012",minutes,2012-04-25,fomcminutes20120425.txt,https://fraser.stlouisfed.org/files/text/historical/FOMC/meetingdocuments/fomcminutes20120425.txt,https://fraser.stlouisfed.org/docs/historical/FOMC/meetingdocuments/fomcminutes20120425.pdf,2012-05-16
23309,2012-06-19,"Meeting, June 19-20, 2012",minutes,2012-06-20,fomcminutes20120620.txt,https://fraser.stlouisfed.org/files/text/historical/FOMC/meetingdocuments/fomcminutes20120620.txt,https://fraser.stlouisfed.org/docs/historical/FOMC/meetingdocuments/fomcminutes20120620.pdf,2012-07-11
22543,2012-07-31,"Meeting, July 31-August 1, 2012",minutes,2012-08-01,fomcminutes20120801.txt,https://fraser.stlouisfed.org/files/text/historical/FOMC/meetingdocuments/fomcminutes20120801.txt,https://fraser.stlouisfed.org/docs/historical/FOMC/meetingdocuments/fomcminutes20120801.pdf,2012-08-22
23310,2012-09-12,"Meeting, September 12-13, 2012",minutes,2012-09-13,fomcminutes20120913.txt,https://fraser.stlouisfed.org/files/text/historical/FOMC/meetingdocuments/fomcminutes20120913.txt,https://fraser.stlouisfed.org/docs/historical/FOMC/meetingdocuments/fomcminutes20120913.pdf,2012-10-04
23311,2012-10-23,"Meeting, October 23-24, 2012",minutes,2012-10-23,fomcminutes20121023.txt,https://fraser.stlouisfed.org/files/text/historical/FOMC/meetingdocuments/fomcminutes20121023.txt,https://fraser.stlouisfed.org/docs/historical/FOMC/meetingdocuments/fomcminutes20121023.pdf,2012-11-13
23312,2012-12-11,"Meeting, December 11-12, 2012",minutes,2012-12-12,fomcminutes20121212.txt,https://fraser.stlouisfed.org/files/text/historical/FOMC/meetingdocuments/fomcminutes20121212.txt,https://fraser.stlouisfed.org/docs/historical/FOMC/meetingdocuments/fomcminutes20121212.pdf,2013-01-02
22541,2013-01-29,"Meeting, January 29-30, 2013",minutes,2013-01-30,fomcminutes20130130.txt,https://fraser.stlouisfed.org/files/text/historical/FOMC/meetingdocuments/fomcminutes20130130.txt,https://fraser.stlouisfed.org/docs/historical/FOMC/meetingdocuments/fomcminutes20130130.pdf,2013-02-20
23313,2013-03-19,"Meeting, March 19-20, 2013",minutes,2013-03-20,fomcminutes20130320.txt,https://fraser.stlouisfed.org/files/text/historical/FOMC/meetingdocuments/fomcminutes20130320.txt,https://fraser.stlouisfed.org/docs/historical/FOMC/meetingdocuments/fomcminutes20130320.pdf,2013-04-10
23314,2013-04-30,"Meeting, April 30-May 1, 2013",minutes,2013-05-01,fomcminutes20130501.txt,https://fraser.stlouisfed.org/files/text/historical/FOMC/meetingdocuments/fomcminutes20130501.txt,https://fraser.stlouisfed.org/docs/historical/FOMC/meetingdocuments/fomcminutes20130501.pdf,2013-05-22
23316,2013-06-18,"Meeting, June 18-19, 2013",minutes,2013-06-19,fomcminutes20130619.txt,https://fraser.stlouisfed.org/files/text/historical/FOMC/meetingdocuments/fomcminutes20130619.txt,https://fraser.stlouisfed.org/docs/historical/FOMC/meetingdocuments/fomcminutes20130619.pdf,2013-07-10
23317,2013-07-30,"Meeting, July 30-31, 2013",minutes,2013-07-31,fomcminutes20130731.txt,https://fraser.stlouisfed.org/files/text/historical/FOMC/meetingdocuments/fomcminutes20130731.txt,https://fraser.stlouisfed.org/docs/historical/FOMC/meetingdocuments/fomcminutes20130731.pdf,2013-08-21
23318,2013-09-18,"Meeting, September 18-19, 2013",minutes,2013-09-18,fomcminutes20130918.txt,https://fraser.stlouisfed.org/files/text/historical/FOMC/meetingdocuments/fomcminutes20130918.txt,https://fraser.stlouisfed.org/docs/historical/FOMC/meetingdocuments/fomcminutes20130918.pdf,2013-10-09
23319,2013-10-16,"Videoconference, October 16, 2013",minutes,2013-10-16,fomcminutes20131016.txt,https://fraser.stlouisfed.org/files/text/historical/FOMC/meetingdocuments/fomcminutes20131016.txt,https://fraser.stlouisfed.org/docs/historical/FOMC/meetingdocuments/fomcminutes20131016.pdf,2013-11-06
23315,2013-10-29,"Meeting, October 29-30, 2013",minutes,2013-10-30,fomcminutes20131030.txt,https://fraser.stlouisfed.org/files/text/historical/FOMC/meetingdocuments/fomcminutes20131030.txt,https://fraser.stlouisfed.org/docs/historical/FOMC/meetingdocuments/fomcminutes20131030.pdf,2013-11-20
23321,2013-12-17,"Meeting, December 17-18, 2013",minutes,2013-12-18,fomcminutes20131218.txt,https://fraser.stlouisfed.org/files/text/historical/FOMC/meetingdocuments/fomcminutes20131218.txt,https://fraser.stlouisfed.org/docs/historical/FOMC/meetingdocuments/fomcminutes20131218.pdf,2014-01-08
23322,2014-01-28,"Meeting, January 28-29, 2014",minutes,2014-01-29,fomcminutes20140129.txt,https://fraser.stlouisfed.org/files/text/historical/FOMC/meetingdocuments/fomcminutes20140129.txt,https://fraser.stlouisfed.org/docs/historical/FOMC/meetingdocuments/fomcminutes20140129.pdf,2014-02-19
22538,2014-03-04,"Videoconference, March 4, 2014",minutes,2014-03-04,fomcminutes20140304.txt,https://fraser.stlouisfed.org/files/text/historical/FOMC/meetingdocuments/fomcminutes20140304.txt,https://fraser.stlouisfed.org/docs/historical/FOMC/meetingdocuments/fomcminutes20140304.pdf,2014-03-25
23323,2014-03-18,"Meeting, March 18-19, 2014",minutes,2014-03-19,fomcminutes20140319.txt,https://fraser.stlouisfed.org/files/text/historical/FOMC/meetingdocuments/fomcminutes20140319.txt,https://fraser.stlouisfed.org/docs/historical/FOMC/meetingdocuments/fomcminutes20140319.pdf,2014-04-09
23320,2014-04-29,"Meeting, April 29-30, 2014",minutes,2014-04-30,fomcminutes20140430.txt,https://fraser.stlouisfed.org/files/text/historical/FOMC/meetingdocuments/fomcminutes20140430.txt,https://fraser.stlouisfed.org/docs/historical/FOMC/meetingdocuments/fomcminutes20140430.pdf,2014-05-21
23324,2014-06-17,"Meeting, June 17-18, 2014",minutes,2014-06-18,fomcminutes20140618.txt,https://fraser.stlouisfed.org/files/text/historical/FOMC/meetingdocuments/fomcminutes20140618.txt,https://fraser.stlouisfed.org/docs/historical/FOMC/meetingdocuments/fomcminutes20140618.pdf,2014-07-09
23325,2014-07-29,"Meeting, July 29-30, 2014",minutes,2014-07-30,fomcminutes20140730.txt,https://fraser.stlouisfed.org/files/text/historical/FOMC/meetingdocuments/fomcminutes20140730.txt,https://fraser.stlouisfed.org/docs/historical/FOMC/meetingdocuments/fomcminutes20140730.pdf,2014-08-20
475818,2014-09-16,"Meeting, September 16-17, 2014",minutes,2014-09-17,fomcminutes20140917.txt,https://fraser.stlouisfed.org/files/text/historical/FOMC/meetingdocuments/fomcminutes20140917.txt,https://fraser.stlouisfed.org/docs/historical/FOMC/meetingdocuments/fomcminutes20140917.pdf,2014-10-08
475817,2014-10-28,"Meeting, October 28-29, 2014",minutes,2014-10-29,fomcminutes20141029.txt,https://fraser.stlouisfed.org/files/text/historical/FOMC/meetingdocuments/fomcminutes20141029.txt,https://fraser.stlouisfed.org/docs/historical/FOMC/meetingdocuments/fomcminutes20141029.pdf,2014-11-19
475819,2014-12-16,"Meeting, December 16-17, 2014",minutes,2014-12-17,fomcminutes20141217.txt,https://fraser.stlouisfed.org/files/text/historical/FOMC/meetingdocuments/fomcminutes20141217.txt,https://fraser.stlouisfed.org/docs/historical/FOMC/meetingdocuments/fomcminutes20141217.pdf,2015-01-07
487470,2015-01-27,"Meeting, January 27-28, 2015",minutes,2015-01-28,fomcminutes20150128.txt,https://fraser.stlouisfed.org/files/text/historical/FOMC/meetingdocuments/fomcminutes20150128.txt,https://fraser.stlouisfed.org/docs/historical/FOMC/meetingdocuments/fomcminutes20150128.pdf,2015-02-18
487471,2015-03-17,"Meeting, March 17-18, 2015",minutes,2015-03-18,fomcminutes20150318.txt,https://fraser.stlouisfed.org/files/text/historical/FOMC/meetingdocuments/fomcminutes20150318.txt,https://fraser.stlouisfed.org/docs/historical/FOMC/meetingdocuments/fomcminutes20150318.pdf,2015-04-08
493227,2015-04-28,"Meeting, April 28-29, 2015",minutes,2015-04-29,fomcminutes20150429.txt,https://fraser.stlouisfed.org/files/text/historical/FOMC/meetingdocuments/fomcminutes20150429.txt,https://fraser.stlouisfed.org/docs/historical/FOMC/meetingdocuments/fomcminutes20150429.pdf,2015-05-20
495668,2015-06-16,"Meeting, June 16-17, 2015",minutes,2015-06-17,fomcminutes20150617.txt,https://fraser.stlouisfed.org/files/text/historical/FOMC/meetingdocuments/fomcminutes20150617.txt,https://fraser.stlouisfed.org/docs/historical/FOMC/meetingdocuments/fomcminutes20150617.pdf,2015-07-08
495946,2015-07-28,"Meeting, July 28-29, 2015",minutes,2015-07-29,fomcminutes20150729.txt,https://fraser.stlouisfed.org/files/text/historical/FOMC/meetingdocuments/fomcminutes20150729.txt,https://fraser.stlouisfed.org/docs/historical/FOMC/meetingdocuments/fomcminutes20150729.pdf,2015-08-19
500041,2015-09-16,"Meeting, September 16-17, 2015",minutes,2015-09-17,fomcminutes20150917.txt,https://fraser.stlouisfed.org/files/text/historical/FOMC/meetingdocuments/fomcminutes20150917.txt,https://fraser.stlouisfed.org/docs/historical/FOMC/meetingdocuments/fomcminutes20150917.pdf,2015-10-08
516886,2015-10-27,"Meeting, October 27-28, 2015",minutes,2015-10-28,fomcminutes20151028.txt,https://fraser.stlouisfed.org/files/text/historical/FOMC/meetingdocuments/fomcminutes20151028.txt,https://fraser.stlouisfed.org/docs/historical/FOMC/meetingdocuments/fomcminutes20151028.pdf,2015-11-18
518771,2015-12-15,"Meeting, December 15-16, 2015",minutes,2015-12-16,fomcminutes20151216.txt,https://fraser.stlouisfed.org/files/text/historical/FOMC/meetingdocuments/fomcminutes20151216.txt,https://fraser.stlouisfed.org/docs/historical/FOMC/meetingdocuments/fomcminutes20151216.pdf,2016-01-06
521787,2016-01-26,"Meeting, January 26-27, 2016",minutes,2016-01-27,fomcminutes20160127.txt,https://fraser.stlouisfed.org/files/text/historical/FOMC/meetingdocuments/fomcminutes20160127.txt,https://fraser.stlouisfed.org/docs/historical/FOMC/meetingdocuments/fomcminutes20160127.pdf,2016-02-17
527291,2016-03-15,"Meeting, March 15-16, 2016",minutes,2016-03-16,fomcminutes20160316.txt,https://fraser.stlouisfed.org/files/text/historical/FOMC/meetingdocuments/fomcminutes20160316.txt,https://fraser.stlouisfed.org/docs/historical/FOMC/meetingdocuments/fomcminutes20160316.pdf,2016-04-06
528068,2016-04-26,"Meeting, April 26-27, 2016",minutes,2016-04-27,fomcminutes20160427.txt,https://fraser.stlouisfed.org/files/text/historical/FOMC/meetingdocuments/fomcminutes20160427.txt,https://fraser.stlouisfed.org/docs/historical/FOMC/meetingdocuments/fomcminutes20160427.pdf,2016-05-18
530760,2016-06-14,"Meeting, June 14-15, 2016",minutes,2016-06-15,fomcminutes20160615.txt,https://fraser.stlouisfed.org/files/text/historical/FOMC/meetingdocuments/fomcminutes20160615.txt,https://fraser.stlouisfed.org/docs/historical/FOMC/meetingdocuments/fomcminutes20160615.pdf,2016-07-06
532673,2016-07-26,"Meeting, July 26-27, 2016",minutes,2016-07-27,fomcminutes20160727.txt,https://fraser.stlouisfed.org/files/text/historical/FOMC/meetingdocuments/fomcminutes20160727.txt,https://fraser.stlouisfed.org/docs/historical/FOMC/meetingdocuments/fomcminutes20160727.pdf,2016-08-17
534269,2016-09-20,"Meeting, September 20-21, 2016",minutes,2016-09-21,fomcminutes20160921.txt,https://fraser.stlouisfed.org/files/text/historical/FOMC/meetingdocuments/fomcminutes20160921.txt,https://fraser.stlouisfed.org/docs/historical/FOMC/meetingdocuments/fomcminutes20160921.pdf,2016-10-12
535271,2016-11-01,"Meeting, November 1-2, 2016",minutes,2016-11-02,fomcminutes20161102.txt,https://fraser.stlouisfed.org/files/text/historical/FOMC/meetingdocuments/fomcminutes20161102.txt,https://fraser.stlouisfed.org/docs/historical/FOMC/meetingdocuments/fomcminutes20161102.pdf,2016-11-23
535298,2016-12-13,"Meeting, December 13-14, 2016",minutes,2016-12-14,fomcminutes20161214.txt,https://fraser.stlouisfed.org/files/text/historical/FOMC/meetingdocuments/fomcminutes20161214.txt,https://fraser.stlouisfed.org/docs/historical/FOMC/meetingdocuments/fomcminutes20161214.pdf,2017-01-04
536899,2017-01-31,"Meeting, January 31-February 1, 2017",minutes,2017-02-01,fomcminutes20170201.txt,https://fraser.stlouisfed.org/files/text/historical/FOMC/meetingdocuments/fomcminutes20170201.txt,https://fraser.stlouisfed.org/docs/historical/FOMC/meetingdocuments/fomcminutes20170201.pdf,2017-02-22
539802,2017-03-14,"Meeting, March 14-15, 2017",minutes,2017-03-15,fomcminutes20170315.txt,https://fraser.stlouisfed.org/files/text/historical/FOMC/meetingdocuments/fomcminutes20170315.txt,https://fraser.stlouisfed.org/docs/historical/FOMC/meetingdocuments/fomcminutes20170315.pdf,2017-04-05
540925,2017-05-02,"Meeting, May 2-3, 2017",minutes,2017-05-03,fomcminutes20170503.txt,https://fraser.stlouisfed.org/files/text/historical/FOMC/meetingdocuments/fomcminutes20170503.txt,https://fraser.stlouisfed.org/docs/historical/FOMC/meetingdocuments/fomcminutes20170503.pdf,2017-05-24
552372,2017-06-13,"Meeting, June 13-14, 2017",minutes,2017-06-14,fomcminutes20170614.txt,https://fraser.stlouisfed.org/files/text/historical/FOMC/meetingdocuments/fomcminutes20170614.txt,https://fraser.stlouisfed.org/docs/historical/FOMC/meetingdocuments/fomcminutes20170614.pdf,2017-07-05
553645,2017-07-25,"Meeting, July 25-26, 2017",minutes,2017-07-26,fomcminutes20170726.txt,https://fraser.stlouisfed.org/files/text/historical/FOMC/meetingdocuments/fomcminutes20170726.txt,https://fraser.stlouisfed.org/docs/historical/FOMC/meetingdocuments/fomcminutes20170726.pdf,2017-08-16
574124,2017-09-19,"Meeting, September 19-20, 2017",minutes,2017-09-20,fomcminutes20170920.txt,https://fraser.stlouisfed.org/files/text/historical/FOMC/meetingdocuments/fomcminutes20170920.txt,https://fraser.stlouisfed.org/docs/historical/FOMC/meetingdocuments/fomcminutes20170920.pdf,2017-10-11
574875,2017-10-31,"Meeting, October 31-November 1, 2017",minutes,2017-11-01,fomcminutes20171101.txt,https://fraser.stlouisfed.org/files/text/historical/FOMC/meetingdocuments/fomcminutes20171101.txt,https://fraser.stlouisfed.org/docs/historical/FOMC/meetingdocuments/fomcminutes20171101.pdf,2017-11-22
576414,2017-12-12,"Meeting, December 12-13, 2017",minutes,2017-12-13,fomcminutes20171213.txt,https://fraser.stlouisfed.org/files/text/historical/FOMC/meetingdocuments/fomcminutes20171213.txt,https://fraser.stlouisfed.org/docs/historical/FOMC/meetingdocuments/fomcminutes20171213.pdf,2018-01-03
576435,2018-01-30,"Meeting, January 30-31, 2018",minutes,2018-01-31,fomcminutes20180131.txt,https://fraser.stlouisfed.org/files/text/historical/FOMC/meetingdocuments/fomcminutes20180131.txt,https://fraser.stlouisfed.org/docs/historical/FOMC/meetingdocuments/fomcminutes20180131.pdf,2018-02-21
577486,2018-03-20,"Meeting, March 20-21, 2018",minutes,2018-03-21,fomcminutes20180321.txt,https://fraser.stlouisfed.org/files/text/historical/FOMC/meetingdocuments/fomcminutes20180321.txt,https://fraser.stlouisfed.org/docs/historical/FOMC/meetingdocuments/fomcminutes20180321.pdf,2018-04-11
577891,2018-05-01,"Meeting, May 1-2, 2018",minutes,2018-05-02,fomcminutes20180502.txt,https://fraser.stlouisfed.org/files/text/historical/FOMC/meetingdocuments/fomcminutes20180502.txt,https://fraser.stlouisfed.org/docs/historical/FOMC/meetingdocuments/fomcminutes20180502.pdf,2018-05-23
578912,2018-06-12,"Meeting, June 12-13, 2018",minutes,2018-06-13,fomcminutes20180613.txt,https://fraser.stlouisfed.org/files/text/historical/FOMC/meetingdocuments/fomcminutes20180613.txt,https://fraser.stlouisfed.org/docs/historical/FOMC/meetingdocuments/fomcminutes20180613.pdf,2018-07-04
579066,2018-07-31,"Meeting, July 31-August 1, 2018",minutes,2018-08-01,fomcminutes20180801.txt,https://fraser.stlouisfed.org/files/text/historical/FOMC/meetingdocuments/fomcminutes20180801.txt,https://fraser.stlouisfed.org/docs/historical/FOMC/meetingdocuments/fomcminutes20180801.pdf,2018-08-22
579332,2018-09-25,"Meeting, September 25-26, 2018",minutes,2018-09-26,fomcminutes20180926.txt,https://fraser.stlouisfed.org/files/text/historical/FOMC/meetingdocuments/fomcminutes20180926.txt,https://fraser.stlouisfed.org/docs/historical/FOMC/meetingdocuments/fomcminutes20180926.pdf,2018-10-17
579807,2018-11-07,"Meeting, November 7-8, 2018",minutes,2018-11-08,fomcminutes20181108.txt,https://fraser.stlouisfed.org/files/text/historical/FOMC/meetingdocuments/fomcminutes20181108.txt,https://fraser.stlouisfed.org/docs/historical/FOMC/meetingdocuments/fomcminutes20181108.pdf,2018-11-29
581286,2018-12-18,"Meeting, December 18-19, 2018",minutes,2018-12-19,fomcminutes20181219.txt,https://fraser.stlouisfed.org/files/text/historical/FOMC/meetingdocuments/fomcminutes20181219.txt,https://fraser.stlouisfed.org/docs/historical/FOMC/meetingdocuments/fomcminutes20181219.pdf,2019-01-09
581795,2019-01-29,"Meeting, January 29-30, 2019",minutes,2019-01-30,fomcminutes20190130.txt,https://fraser.stlouisfed.org/files/text/historical/FOMC/meetingdocuments/fomcminutes20190130.txt,https://fraser.stlouisfed.org/docs/historical/FOMC/meetingdocuments/fomcminutes20190130.pdf,2019-02-20
581952,2019-03-19,"Meeting, March 19-20, 2019",minutes,2019-03-20,fomcminutes20190320.txt,https://fraser.stlouisfed.org/files/text/historical/FOMC/meetingdocuments/fomcminutes20190320.txt,https://fraser.stlouisfed.org/docs/historical/FOMC/meetingdocuments/fomcminutes20190320.pdf,2019-04-10
583221,2019-04-30,"Meeting, April 30-May 1, 2019",minutes,2019-05-01,fomcminutes20190501.txt,https://fraser.stlouisfed.org/files/text/historical/FOMC/meetingdocuments/fomcminutes20190501.txt,https://fraser.stlouisfed.org/docs/historical/FOMC/meetingdocuments/fomcminutes20190501.pdf,2019-05-22
583325,2019-06-18,"Meeting, June 18-19, 2019",minutes,2019-06-19,fomcminutes20190619.txt,https://fraser.stlouisfed.org/files/text/historical/FOMC/meetingdocuments/fomcminutes20190619.txt,https://fraser.stlouisfed.org/docs/historical/FOMC/meetingdocuments/fomcminutes20190619.pdf,2019-07-10
583837,2019-07-30,"Meeting, July 30-31, 2019",minutes,2019-07-31,fomcminutes20190731.txt,https://fraser.stlouisfed.org/files/text/historical/FOMC/meetingdocuments/fomcminutes20190731.txt,https://fraser.stlouisfed.org/docs/historical/FOMC/meetingdocuments/fomcminutes20190731.pdf,2019-08-21
584502,2019-09-17,"Meeting, September 17-18, 2019",minutes,2019-09-18,fomcminutes20190918.txt,https://fraser.stlouisfed.org/files/text/historical/FOMC/meetingdocuments/fomcminutes20190918.txt,https://fraser.stlouisfed.org/docs/historical/FOMC/meetingdocuments/fomcminutes20190918.pdf,2019-10-09
584542,2019-10-11,"Meeting, October 4, 2019 (Unscheduled)",minutes,2019-10-30,fomcminutes20191030.txt,https://fraser.stlouisfed.org/files/text/historical/FOMC/meetingdocuments/fomcminutes20191030.txt,https://fraser.stlouisfed.org/docs/historical/FOMC/meetingdocuments/fomcminutes20191030.pdf,2019-11-20
584538,2019-10-29,"Meeting, October 29-30, 2019",minutes,2019-10-30,fomcminutes20191030.txt,https://fraser.stlouisfed.org/files/text/historical/FOMC/meetingdocuments/fomcminutes20191030.txt,https://fraser.stlouisfed.org/docs/historical/FOMC/meetingdocuments/fomcminutes20191030.pdf,2019-11-20
584816,2019-12-10,"Meeting, December 10-11, 2019",minutes,2019-12-11,fomcminutes20191211.txt,https://fraser.stlouisfed.org/files/text/historical/FOMC/meetingdocuments/fomcminutes20191211.txt,https://fraser.stlouisfed.org/docs/historical/FOMC/meetingdocuments/fomcminutes20191211.pdf,2020-01-01
585165,2020-01-28,"Meeting, January 28-29, 2020",minutes,2020-01-29,fomcminutes20200129.txt,https://fraser.stlouisfed.org/files/text/historical/FOMC/meetingdocuments/fomcminutes20200129.txt,https://fraser.stlouisfed.org/docs/historical/FOMC/meetingdocuments/fomcminutes20200129.pdf,2020-02-19
586834,2020-03-02,"Meeting, March 2, 2020 (Unscheduled)",minutes,2020-03-15,fomcminutes20200315.txt,https://fraser.stlouisfed.org/files/text/historical/FOMC/meetingdocuments/fomcminutes20200315.txt,https://fraser.stlouisfed.org/docs/historical/FOMC/meetingdocuments/fomcminutes20200315.pdf,2020-04-06
587319,2020-03-15,"Meeting, March 15, 2020 (Unscheduled)",minutes,2020-03-15,fomcminutes20200315.txt,https://fraser.stlouisfed.org/files/text/historical/FOMC/meetingdocuments/fomcminutes20200315.txt,https://fraser.stlouisfed.org/docs/historical/FOMC/meetingdocuments/fomcminutes20200315.pdf,2020-04-06
588477,2020-04-28,"Meeting, April 28-29, 2020",minutes,2020-04-29,fomcminutes20200429.txt,https://fraser.stlouisfed.org/files/text/historical/FOMC/meetingdocuments/fomcminutes20200429.txt,https://fraser.stlouisfed.org/docs/historical/FOMC/meetingdocuments/fomcminutes20200429.pdf,2020-05-20
589676,2020-06-09,"Meeting, June 9-10, 2020",minutes,2020-06-10,fomcminutes20200610.txt,https://fraser.stlouisfed.org/files/text/historical/FOMC/meetingdocuments/fomcminutes20200610.txt,https://fraser.stlouisfed.org/docs/historical/FOMC/meetingdocuments/fomcminutes20200610.pdf,2020-07-01
594191,2020-07-28,"Meeting, July 28-29, 2020",minutes,2020-07-29,fomcminutes20200729.txt,https://fraser.stlouisfed.org/files/text/historical/FOMC/meetingdocuments/fomcminutes20200729.txt,https://fraser.stlouisfed.org/docs/historical/FOMC/meetingdocuments/fomcminutes20200729.pdf,2020-08-19
596196,2020-09-15,"Meeting, September 15-16, 2020",minutes,2020-09-16,fomcminutes20200916.txt,https://fraser.stlouisfed.org/files/text/historical/FOMC/meetingdocuments/fomcminutes20200916.txt,https://fraser.stlouisfed.org/docs/historical/FOMC/meetingdocuments/fomcminutes20200916.pdf,2020-10-07
598101,2020-11-04,"Meeting, November 4-5, 2020",minutes,2020-11-05,fomcminutes20201105.txt,https://fraser.stlouisfed.org/files/text/historical/FOMC/meetingdocuments/fomcminutes20201105.txt,https://fraser.stlouisfed.org/docs/historical/FOMC/meetingdocuments/fomcminutes20201105.pdf,2020-11-26
598544,2020-12-15,"Meeting, December 15-16, 2020",minutes,2020-12-16,fomcminutes20201216.txt,https://fraser.stlouisfed.org/files/text/historical/FOMC/meetingdocuments/fomcminutes20201216.txt,https://fraser.stlouisfed.org/docs/historical/FOMC/meetingdocuments/fomcminutes20201216.pdf,2021-01-06
598775,2021-01-26,"Meeting, January 26-27, 2021",minutes,2021-01-27,fomcminutes20210127.txt,https://fraser.stlouisfed.org/files/text/historical/FOMC/meetingdocuments/fomcminutes20210127.txt,https://fraser.stlouisfed.org/docs/historical/FOMC/meetingdocuments/fomcminutes20210127.pdf,2021-02-17
600742,2021-03-16,"Meeting, March 16-17, 2021",minutes,2021-03-17,fomcminutes20210317.txt,https://fraser.stlouisfed.org/files/text/historical/FOMC/meetingdocuments/fomcminutes20210317.txt,https://fraser.stlouisfed.org/docs/historical/FOMC/meetingdocuments/fomcminutes20210317.pdf,2021-04-07
601897,2021-04-27,"Meeting, April 27-28, 2021",minutes,2021-04-28,fomcminutes20210428.txt,https://fraser.stlouisfed.org/files/text/historical/FOMC/meetingdocuments/fomcminutes20210428.txt,https://fraser.stlouisfed.org/docs/historical/FOMC/meetingdocuments/fomcminutes20210428.pdf,2021-05-19
603942,2021-06-15,"Meeting, June 15-16, 2021",minutes,2021-06-16,fomcminutes20210616.txt,https://fraser.stlouisfed.org/files/text/historical/FOMC/meetingdocuments/fomcminutes20210616.txt,https://fraser.stlouisfed.org/docs/historical/FOMC/meetingdocuments/fomcminutes20210616.pdf,2021-07-07
604765,2021-07-27,"Meeting, July 27-28, 2021",minutes,2021-07-28,fomcminutes20210728.txt,https://fraser.stlouisfed.org/files/text/historical/FOMC/meetingdocuments/fomcminutes20210728.txt,https://fraser.stlouisfed.org/docs/historical/FOMC/meetingdocuments/fomcminutes20210728.pdf,2021-08-18
605825,2021-09-21,"Meeting, September 21-22, 2021",minutes,2021-09-22,fomcminutes20210922.txt,https://fraser.stlouisfed.org/files/text/historical/FOMC/meetingdocuments/fomcminutes20210922.txt,https://fraser.stlouisfed.org/docs/historical/FOMC/meetingdocuments/fomcminutes20210922.pdf,2021-10-13
608601,2021-11-02,"Meeting, November 2-3, 2021",minutes,2021-11-03,fomcminutes20211103.txt,https://fraser.stlouisfed.org/files/text/historical/FOMC/meetingdocuments/fomcminutes20211103.txt,https://fraser.stlouisfed.org/docs/historical/FOMC/meetingdocuments/fomcminutes20211103.pdf,2021-11-24
610139,2021-12-14,"Meeting, December 14-15, 2021",minutes,2021-12-15,fomcminutes20211215.txt,https://fraser.stlouisfed.org/files/text/historical/FOMC/meetingdocuments/fomcminutes20211215.txt,https://fraser.stlouisfed.org/docs/historical/FOMC/meetingdocuments/fomcminutes20211215.pdf,2022-01-05
610587,2022-01-25,"Meeting, January 25-26, 2022",minutes,2022-01-26,fomcminutes20220126.txt,https://fraser.stlouisfed.org/files/text/historical/FOMC/meetingdocuments/fomcminutes20220126.txt,https://fraser.stlouisfed.org/docs/historical/FOMC/meetingdocuments/fomcminutes20220126.pdf,2022-02-16
611545,2022-03-15,"Meeting, March 15-16, 2022",minutes,2022-03-16,fomcminutes20220316.txt,https://fraser.stlouisfed.org/files/text/historical/FOMC/meetingdocuments/fomcminutes20220316.txt,https://fraser.stlouisfed.org/docs/historical/FOMC/meetingdocuments/fomcminutes20220316.pdf,2022-04-06
611869,2022-05-03,"Meeting, May 3-4, 2022",minutes,2022-05-04,fomcminutes20220504.txt,https://fraser.stlouisfed.org/files/text/historical/FOMC/meetingdocuments/fomcminutes20220504.txt,https://fraser.stlouisfed.org/docs/historical/FOMC/meetingdocuments/fomcminutes20220504.pdf,2022-05-25
616227,2022-06-14,"Meeting, June 14-15, 2022",minutes,2022-06-15,fomcminutes20220615.txt,https://fraser.stlouisfed.org/files/text/historical/FOMC/meetingdocuments/fomcminutes20220615.txt,https://fraser.stlouisfed.org/docs/historical/FOMC/meetingdocuments/fomcminutes20220615.pdf,2022-07-06
619211,2022-07-26,"Meeting, July 26-27, 2022",minutes,2022-07-27,fomcminutes20220727.txt,https://fraser.stlouisfed.org/files/text/historical/FOMC/meetingdocuments/fomcminutes20220727.txt,https://fraser.stlouisfed.org/docs/historical/FOMC/meetingdocuments/fomcminutes20220727.pdf,2022-08-17
622307,2022-09-20,"Meeting, September 20-21, 2022",minutes,2022-09-21,fomcminutes20220921.txt,https://fraser.stlouisfed.org/files/text/historical/FOMC/meetingdocuments/fomcminutes20220921.txt,https://fraser.stlouisfed.org/docs/historical/FOMC/meetingdocuments/fomcminutes20220921.pdf,2022-10-12
627813,2022-11-01,"Meeting, November 1-2, 2022",minutes,2022-11-02,fomcminutes20221102.txt,https://fraser.stlouisfed.org/files/text/historical/FOMC/meetingdocuments/fomcminutes20221102.txt,https://fraser.stlouisfed.org/docs/historical/FOMC/meetingdocuments/fomcminutes20221102.pdf,2022-11-23
627845,2022-12-13,"Meeting, December 13-14, 2022",minutes,2022-12-14,fomcminutes20221214.txt,https://fraser.stlouisfed.org/files/text/historical/FOMC/meetingdocuments/fomcminutes20221214.txt,https://fraser.stlouisfed.org/docs/historical/FOMC/meetingdocuments/fomcminutes20221214.pdf,2023-01-04
628650,2023-01-31,"Meeting, January 31-February 1, 2023",minutes,2023-02-01,fomcminutes20230201.txt,https://fraser.stlouisfed.org/files/text/historical/FOMC/meetingdocuments/fomcminutes20230201.txt,https://fraser.stlouisfed.org/docs/historical/FOMC/meetingdocuments/fomcminutes20230201.pdf,2023-02-22
629124,2023-03-21,"Meeting, March 21-22, 2023",minutes,2023-03-22,fomcminutes20230322.txt,https://fraser.stlouisfed.org/files/text/historical/FOMC/meetingdocuments/fomcminutes20230322.txt,https://fraser.stlouisfed.org/docs/historical/FOMC/meetingdocuments/fomcminutes20230322.pdf,2023-04-12
632567,2023-05-02,"Meeting, May 2-3, 2023",minutes,2023-05-03,fomcminutes20230503.txt,https://fraser.stlouisfed.org/files/text/historical/FOMC/meetingdocuments/fomcminutes20230503.txt,https://fraser.stlouisfed.org/docs/historical/FOMC/meetingdocuments/fomcminutes20230503.pdf,2023-05-24
635588,2023-06-13,"Meeting, June 13-14, 2023",minutes,2023-06-14,fomcminutes20230614.txt,https://fraser.stlouisfed.org/files/text/historical/FOMC/meetingdocuments/fomcminutes20230614.txt,https://fraser.stlouisfed.org/docs/historical/FOMC/meetingdocuments/fomcminutes20230614.pdf,2023-07-05
650228,2023-07-25,"Meeting, July 25-26, 2023",minutes,2023-07-26,fomcminutes20230726.txt,https://fraser.stlouisfed.org/files/text/historical/FOMC/meetingdocuments/fomcminutes20230726.txt,https://fraser.stlouisfed.org/docs/historical/FOMC/meetingdocuments/fomcminutes20230726.pdf,2023-08-16
650316,2023-09-19,"Meeting, September 19-20, 2023",minutes,2023-09-20,fomcminutes20230920.txt,https://fraser.stlouisfed.org/files/text/historical/FOMC/meetingdocuments/fomcminutes20230920.txt,https://fraser.stlouisfed.org/docs/historical/FOMC/meetingdocuments/fomcminutes20230920.pdf,2023-10-11
655797,2023-10-31,"Meeting, October 31-November 1, 2023",minutes,2023-11-01,fomcminutes20231101.txt,https://fraser.stlouisfed.org/files/text/historical/FOMC/meetingdocuments/fomcminutes20231101.txt,https://fraser.stlouisfed.org/docs/historical/FOMC/meetingdocuments/fomcminutes20231101.pdf,2023-11-22
657388,2023-12-13,"Meeting, December 12-13, 2023",minutes,2023-12-13,fomcminutes20231213.txt,https://fraser.stlouisfed.org/files/text/historical/FOMC/meetingdocuments/fomcminutes20231213.txt,https://fraser.stlouisfed.org/docs/historical/FOMC/meetingdocuments/fomcminutes20231213.pdf,2024-01-03
659514,2024-01-30,"Meeting, January 30-31, 2024",minutes,2024-01-31,fomcminutes20240131.txt,https://fraser.stlouisfed.org/files/text/historical/FOMC/meetingdocuments/fomcminutes20240131.txt,https://fraser.stlouisfed.org/docs/historical/FOMC/meetingdocuments/fomcminutes20240131.pdf,2024-02-21
679766,2024-03-20,"Meeting, March 19-20, 2024",minutes,2024-03-20,fomcminutes20240320.txt,https://fraser.stlouisfed.org/files/text/historical/FOMC/meetingdocuments/fomcminutes20240320.txt,https://fraser.stlouisfed.org/docs/historical/FOMC/meetingdocuments/fomcminutes20240320.pdf,2024-04-10
679767,2024-05-01,"Meeting, April 30-May 1, 2024",minutes,2024-05-01,fomcminutes20240501.txt,https://fraser.stlouisfed.org/files/text/historical/FOMC/meetingdocuments/fomcminutes20240501.txt,https://fraser.stlouisfed.org/docs/historical/FOMC/meetingdocuments/fomcminutes20240501.pdf,2024-05-22
679768,2024-06-12,"Meeting, June 11-12, 2024",minutes,2024-06-12,fomcminutes20240612.txt,https://fraser.stlouisfed.org/files/text/historical/FOMC/meetingdocuments/fomcminutes20240612.txt,https://fraser.stlouisfed.org/docs/historical/FOMC/meetingdocuments/fomcminutes20240612.pdf,2024-07-03
679769,2024-07-31,"Meeting, July 30-31, 2024",minutes,2024-07-31,fomcminutes20240731.txt,https://fraser.stlouisfed.org/files/text/historical/FOMC/meetingdocuments/fomcminutes20240731.txt,https://fraser.stlouisfed.org/docs/historical/FOMC/meetingdocuments/fomcminutes20240731.pdf,2024-08-21
679770,2024-09-18,"Meeting, September 17-18, 2024",minutes,2024-09-18,fomcminutes20240918.txt,https://fraser.stlouisfed.org/files/text/historical/FOMC/meetingdocuments/fomcminutes20240918.txt,https://fraser.stlouisfed.org/docs/historical/FOMC/meetingdocuments/fomcminutes20240918.pdf,2024-10-09
679759,2024-11-07,"Meeting, November 6-7, 2024",minutes,2024-11-07,fomcminutes20241107.txt,https://fraser.stlouisfed.org/files/text/historical/FOMC/meetingdocuments/fomcminutes20241107.txt,https://fraser.stlouisfed.org/docs/historical/FOMC/meetingdocuments/fomcminutes20241107.pdf,2024-11-28
680053,2024-12-18,"Meeting, December 17-18, 2024",minutes,2024-12-18,fomcminutes20241218.txt,https://fraser.stlouisfed.org/files/text/historical/FOMC/meetingdocuments/fomcminutes20241218.txt,https://fraser.stlouisfed.org/docs/historical/FOMC/meetingdocuments/fomcminutes20241218.pdf,2025-01-08
681117,2025-01-29,"Meeting, January 28-29, 2025",minutes,2025-01-29,fomcminutes20250129.txt,https://fraser.stlouisfed.org/files/text/historical/FOMC/meetingdocuments/fomcminutes20250129.txt,https://fraser.stlouisfed.org/docs/historical/FOMC/meetingdocuments/fomcminutes20250129.pdf,2025-02-19
684019,2025-03-19,"Meeting, March 18-19, 2025",minutes,2025-03-19,fomcminutes20250319.txt,https://fraser.stlouisfed.org/files/text/historical/FOMC/meetingdocuments/fomcminutes20250319.txt,https://fraser.stlouisfed.org/docs/historical/FOMC/meetingdocuments/fomcminutes20250319.pdf,2025-04-09
685851,2025-05-07,"Meeting, May 6-7, 2025",minutes,2025-05-07,fomcminutes20250507.txt,https://fraser.stlouisfed.org/files/text/historical/FOMC/meetingdocuments/fomcminutes20250507.txt,https://fraser.stlouisfed.org/docs/historical/FOMC/meetingdocuments/fomcminutes20250507.pdf,2025-05-28
688287,2025-06-18,"Meeting, June 17-18, 2025",minutes,2025-06-18,fomcminutes20250618.txt,https://fraser.stlouisfed.org/files/text/historical/FOMC/meetingdocuments/fomcminutes20250618.txt,https://fraser.stlouisfed.org/docs/historical/FOMC/meetingdocuments/fomcminutes20250618.pdf,2025-07-09
690650,2025-07-30,"Meeting, July 29-30, 2025",minutes,2025-07-30,fomcminutes20250730.txt,https://fraser.stlouisfed.org/files/text/historical/FOMC/meetingdocuments/fomcminutes20250730.txt,https://fraser.stlouisfed.org/docs/historical/FOMC/meetingdocuments/fomcminutes20250730.pdf,2025-08-20
703961,2025-09-17,"Meeting, September 16-17, 2025",minutes,2025-09-17,fomcminutes20250917.txt,https://fraser.stlouisfed.org/files/text/historical/FOMC/meetingdocuments/fomcminutes20250917.txt,https://fraser.stlouisfed.org/docs/historical/FOMC/meetingdocuments/fomcminutes20250917.pdf,2025-10-08
707800,2025-10-29,"Meeting, October 28-29, 2025",minutes,2025-10-29,fomcminutes20251029.txt,https://fraser.stlouisfed.org/files/text/historical/FOMC/meetingdocuments/fomcminutes20251029.txt,https://fraser.stlouisfed.org/docs/historical/FOMC/meetingdocuments/fomcminutes20251029.pdf,2025-11-19
716083,2025-12-10,"Meeting, December 9-10, 2025",minutes,2025-12-10,fomcminutes20251210.txt,https://fraser.stlouisfed.org/files/text/historical/FOMC/meetingdocuments/fomcminutes20251210.txt,https://fraser.stlouisfed.org/docs/historical/FOMC/meetingdocuments/fomcminutes20251210.pdf,2025-12-31
718623,2026-01-28,"Meeting, January 27-28, 2026",minutes,2026-01-28,fomcminutes20260128.txt,https://fraser.stlouisfed.org/files/text/historical/FOMC/meetingdocuments/fomcminutes20260128.txt,https://fraser.stlouisfed.org/docs/historical/FOMC/meetingdocuments/fomcminutes20260128.pdf,2026-02-18
721155,2026-03-18,"Meeting, March 17-18, 2026",minutes,2026-03-18,fomcminutes20260318.txt,https://fraser.stlouisfed.org/files/text/historical/FOMC/meetingdocuments/fomcminutes20260318.txt,https://fraser.stlouisfed.org/docs/historical/FOMC/meetingdocuments/fomcminutes20260318.pdf,2026-04-08
724400,2026-04-29,"Meeting, April 28-29, 2026",minutes,2026-04-29,fomcminutes20260429.txt,https://fraser.stlouisfed.org/files/text/historical/FOMC/meetingdocuments/fomcminutes20260429.txt,https://fraser.stlouisfed.org/docs/historical/FOMC/meetingdocuments/fomcminutes20260429.pdf,2026-05-20
23299,2011-04-26,"Meeting, April 26-27, 2011",press_conference,2011-04-27,FOMCpresconf20110427.txt,https://fraser.stlouisfed.org/files/text/historical/FOMC/meetingdocuments/FOMCpresconf20110427.txt,https://fraser.stlouisfed.org/docs/historical/FOMC/meetingdocuments/FOMCpresconf20110427.pdf,2011-04-27
23300,2011-06-21,"Meeting, June 21-22, 2011",press_conference,2011-06-22,FOMCpresconf20110622.txt,https://fraser.stlouisfed.org/files/text/historical/FOMC/meetingdocuments/FOMCpresconf20110622.txt,https://fraser.stlouisfed.org/docs/historical/FOMC/meetingdocuments/FOMCpresconf20110622.pdf,2011-06-22
23303,2011-11-01,"Meeting, November 1-2, 2011",press_conference,2011-11-02,FOMCpresconf20111102.txt,https://fraser.stlouisfed.org/files/text/historical/FOMC/meetingdocuments/FOMCpresconf20111102.txt,https://fraser.stlouisfed.org/docs/historical/FOMC/meetingdocuments/FOMCpresconf20111102.pdf,2011-11-02
23306,2012-01-24,"Meeting, January 24-25, 2012",press_conference,2012-01-25,FOMCpresconf20120125.txt,https://fraser.stlouisfed.org/files/text/historical/FOMC/meetingdocuments/FOMCpresconf20120125.txt,https://fraser.stlouisfed.org/docs/historical/FOMC/meetingdocuments/FOMCpresconf20120125.pdf,2012-01-25
23308,2012-04-24,"Meeting, April 24-25, 2012",press_conference,2012-04-25,FOMCpresconf20120425.txt,https://fraser.stlouisfed.org/files/text/historical/FOMC/meetingdocuments/FOMCpresconf20120425.txt,https://fraser.stlouisfed.org/docs/historical/FOMC/meetingdocuments/FOMCpresconf20120425.pdf,2012-04-25
23309,2012-06-19,"Meeting, June 19-20, 2012",press_conference,2012-06-20,FOMCpresconf20120620.txt,https://fraser.stlouisfed.org/files/text/historical/FOMC/meetingdocuments/FOMCpresconf20120620.txt,https://fraser.stlouisfed.org/docs/historical/FOMC/meetingdocuments/FOMCpresconf20120620.pdf,2012-06-20
23310,2012-09-12,"Meeting, September 12-13, 2012",press_conference,2012-09-13,FOMCpresconf20120913.txt,https://fraser.stlouisfed.org/files/text/historical/FOMC/meetingdocuments/FOMCpresconf20120913.txt,https://fraser.stlouisfed.org/docs/historical/FOMC/meetingdocuments/FOMCpresconf20120913.pdf,2012-09-13
23312,2012-12-11,"Meeting, December 11-12, 2012",press_conference,2012-12-12,FOMCpresconf20121212.txt,https://fraser.stlouisfed.org/files/text/historical/FOMC/meetingdocuments/FOMCpresconf20121212.txt,https://fraser.stlouisfed.org/docs/historical/FOMC/meetingdocuments/FOMCpresconf20121212.pdf,2012-12-12
23313,2013-03-19,"Meeting, March 19-20, 2013",press_conference,2013-03-20,FOMCpresconf20130320.txt,https://fraser.stlouisfed.org/files/text/historical/FOMC/meetingdocuments/FOMCpresconf20130320.txt,https://fraser.stlouisfed.org/docs/historical/FOMC/meetingdocuments/FOMCpresconf20130320.pdf,2013-03-20
23316,2013-06-18,"Meeting, June 18-19, 2013",press_conference,2013-06-19,FOMCpresconf20130619.txt,https://fraser.stlouisfed.org/files/text/historical/FOMC/meetingdocuments/FOMCpresconf20130619.txt,https://fraser.stlouisfed.org/docs/historical/FOMC/meetingdocuments/FOMCpresconf20130619.pdf,2013-06-19
23318,2013-09-18,"Meeting, September 18-19, 2013",press_conference,2013-09-18,FOMCpresconf20130918.txt,https://fraser.stlouisfed.org/files/text/historical/FOMC/meetingdocuments/FOMCpresconf20130918.txt,https://fraser.stlouisfed.org/docs/historical/FOMC/meetingdocuments/FOMCpresconf20130918.pdf,2013-09-18
23321,2013-12-17,"Meeting, December 17-18, 2013",press_conference,2013-12-18,FOMCpresconf20131218.txt,https://fraser.stlouisfed.org/files/text/historical/FOMC/meetingdocuments/FOMCpresconf20131218.txt,https://fraser.stlouisfed.org/docs/historical/FOMC/meetingdocuments/FOMCpresconf20131218.pdf,2013-12-18
23323,2014-03-18,"Meeting, March 18-19, 2014",press_conference,2014-03-19,FOMCpresconf20140319.txt,https://fraser.stlouisfed.org/files/text/historical/FOMC/meetingdocuments/FOMCpresconf20140319.txt,https://fraser.stlouisfed.org/docs/historical/FOMC/meetingdocuments/FOMCpresconf20140319.pdf,2014-03-19
23324,2014-06-17,"Meeting, June 17-18, 2014",press_conference,2014-06-18,FOMCpresconf20140618.txt,https://fraser.stlouisfed.org/files/text/historical/FOMC/meetingdocuments/FOMCpresconf20140618.txt,https://fraser.stlouisfed.org/docs/historical/FOMC/meetingdocuments/FOMCpresconf20140618.pdf,2014-06-18
475818,2014-09-16,"Meeting, September 16-17, 2014",press_conference,2014-09-17,FOMCpresconf20140917.txt,https://fraser.stlouisfed.org/files/text/historical/FOMC/meetingdocuments/FOMCpresconf20140917.txt,https://fraser.stlouisfed.org/docs/historical/FOMC/meetingdocuments/FOMCpresconf20140917.pdf,2014-09-17
475819,2014-12-16,"Meeting, December 16-17, 2014",press_conference,2014-12-17,FOMCpresconf20141217.txt,https://fraser.stlouisfed.org/files/text/historical/FOMC/meetingdocuments/FOMCpresconf20141217.txt,https://fraser.stlouisfed.org/docs/historical/FOMC/meetingdocuments/FOMCpresconf20141217.pdf,2014-12-17
487471,2015-03-17,"Meeting, March 17-18, 2015",press_conference,2015-03-18,FOMCpresconf20150318.txt,https://fraser.stlouisfed.org/files/text/historical/FOMC/meetingdocuments/FOMCpresconf20150318.txt,https://fraser.stlouisfed.org/docs/historical/FOMC/meetingdocuments/FOMCpresconf20150318.pdf,2015-03-18
495668,2015-06-16,"Meeting, June 16-17, 2015",press_conference,2015-06-17,FOMCpresconf20150617.txt,https://fraser.stlouisfed.org/files/text/historical/FOMC/meetingdocuments/FOMCpresconf20150617.txt,https://fraser.stlouisfed.org/docs/historical/FOMC/meetingdocuments/FOMCpresconf20150617.pdf,2015-06-17
500041,2015-09-16,"Meeting, September 16-17, 2015",press_conference,2015-09-17,fomcpresconf20150917.txt,https://fraser.stlouisfed.org/files/text/historical/FOMC/meetingdocuments/fomcpresconf20150917.txt,https://fraser.stlouisfed.org/docs/historical/FOMC/meetingdocuments/fomcpresconf20150917.pdf,2015-09-17
518771,2015-12-15,"Meeting, December 15-16, 2015",press_conference,2015-12-16,fomcpresconf20151216.txt,https://fraser.stlouisfed.org/files/text/historical/FOMC/meetingdocuments/fomcpresconf20151216.txt,https://fraser.stlouisfed.org/docs/historical/FOMC/meetingdocuments/fomcpresconf20151216.pdf,2015-12-16
527291,2016-03-15,"Meeting, March 15-16, 2016",press_conference,2016-03-16,FOMCpresconf20160316.txt,https://fraser.stlouisfed.org/files/text/historical/FOMC/meetingdocuments/FOMCpresconf20160316.txt,https://fraser.stlouisfed.org/docs/historical/FOMC/meetingdocuments/FOMCpresconf20160316.pdf,2016-03-16
530760,2016-06-14,"Meeting, June 14-15, 2016",press_conference,2016-06-15,FOMCpresconf20160615.txt,https://fraser.stlouisfed.org/files/text/historical/FOMC/meetingdocuments/FOMCpresconf20160615.txt,https://fraser.stlouisfed.org/docs/historical/FOMC/meetingdocuments/FOMCpresconf20160615.pdf,2016-06-15
534269,2016-09-20,"Meeting, September 20-21, 2016",press_conference,2016-09-21,FOMCpresconf20160921.txt,https://fraser.stlouisfed.org/files/text/historical/FOMC/meetingdocuments/FOMCpresconf20160921.txt,https://fraser.stlouisfed.org/docs/historical/FOMC/meetingdocuments/FOMCpresconf20160921.pdf,2016-09-21
535298,2016-12-13,"Meeting, December 13-14, 2016",press_conference,2016-12-14,FOMCpresconf20161214.txt,https://fraser.stlouisfed.org/files/text/historical/FOMC/meetingdocuments/FOMCpresconf20161214.txt,https://fraser.stlouisfed.org/docs/historical/FOMC/meetingdocuments/FOMCpresconf20161214.pdf,2016-12-14
539802,2017-03-14,"Meeting, March 14-15, 2017",press_conference,2017-03-15,FOMCpresconf20170315.txt,https://fraser.stlouisfed.org/files/text/historical/FOMC/meetingdocuments/FOMCpresconf20170315.txt,https://fraser.stlouisfed.org/docs/historical/FOMC/meetingdocuments/FOMCpresconf20170315.pdf,2017-03-15
552372,2017-06-13,"Meeting, June 13-14, 2017",press_conference,2017-06-14,FOMCpresconf20170614.txt,https://fraser.stlouisfed.org/files/text/historical/FOMC/meetingdocuments/FOMCpresconf20170614.txt,https://fraser.stlouisfed.org/docs/historical/FOMC/meetingdocuments/FOMCpresconf20170614.pdf,2017-06-14
574124,2017-09-19,"Meeting, September 19-20, 2017",press_conference,2017-09-20,FOMCpresconf20170920.txt,https://fraser.stlouisfed.org/files/text/historical/FOMC/meetingdocuments/FOMCpresconf20170920.txt,https://fraser.stlouisfed.org/docs/historical/FOMC/meetingdocuments/FOMCpresconf20170920.pdf,2017-09-20
576414,2017-12-12,"Meeting, December 12-13, 2017",press_conference,2017-12-13,FOMCpresconf20171213.txt,https://fraser.stlouisfed.org/files/text/historical/FOMC/meetingdocuments/FOMCpresconf20171213.txt,https://fraser.stlouisfed.org/docs/historical/FOMC/meetingdocuments/FOMCpresconf20171213.pdf,2017-12-13
577486,2018-03-20,"Meeting, March 20-21, 2018",press_conference,2018-03-21,FOMCpresconf20180321.txt,https://fraser.stlouisfed.org/files/text/historical/FOMC/meetingdocuments/FOMCpresconf20180321.txt,https://fraser.stlouisfed.org/docs/historical/FOMC/meetingdocuments/FOMCpresconf20180321.pdf,2018-03-21
578912,2018-06-12,"Meeting, June 12-13, 2018",press_conference,2018-06-13,FOMCpresconf20180613.txt,https://fraser.stlouisfed.org/files/text/historical/FOMC/meetingdocuments/FOMCpresconf20180613.txt,https://fraser.stlouisfed.org/docs/historical/FOMC/meetingdocuments/FOMCpresconf20180613.pdf,2018-06-13
579332,2018-09-25,"Meeting, September 25-26, 2018",press_conference,2018-09-26,FOMCpresconf20180926.txt,https://fraser.stlouisfed.org/files/text/historical/FOMC/meetingdocuments/FOMCpresconf20180926.txt,https://fraser.stlouisfed.org/docs/historical/FOMC/meetingdocuments/FOMCpresconf20180926.pdf,2018-09-26
581286,2018-12-18,"Meeting, December 18-19, 2018",press_conference,2018-12-19,FOMCpresconf20181219.txt,https://fraser.stlouisfed.org/files/text/historical/FOMC/meetingdocuments/FOMCpresconf20181219.txt,https://fraser.stlouisfed.org/docs/historical/FOMC/meetingdocuments/FOMCpresconf20181219.pdf,2018-12-19
581795,2019-01-29,"Meeting, January 29-30, 2019",press_conference,2019-01-30,FOMCpresconf20190130.txt,https://fraser.stlouisfed.org/files/text/historical/FOMC/meetingdocuments/FOMCpresconf20190130.txt,https://fraser.stlouisfed.org/docs/historical/FOMC/meetingdocuments/FOMCpresconf20190130.pdf,2019-01-30
581952,2019-03-19,"Meeting, March 19-20, 2019",press_conference,2019-03-20,FOMCpresconf20190320.txt,https://fraser.stlouisfed.org/files/text/historical/FOMC/meetingdocuments/FOMCpresconf20190320.txt,https://fraser.stlouisfed.org/docs/historical/FOMC/meetingdocuments/FOMCpresconf20190320.pdf,2019-03-20
583221,2019-04-30,"Meeting, April 30-May 1, 2019",press_conference,2019-05-01,FOMCpresconf20190501.txt,https://fraser.stlouisfed.org/files/text/historical/FOMC/meetingdocuments/FOMCpresconf20190501.txt,https://fraser.stlouisfed.org/docs/historical/FOMC/meetingdocuments/FOMCpresconf20190501.pdf,2019-05-01
583325,2019-06-18,"Meeting, June 18-19, 2019",press_conference,2019-06-19,FOMCpresconf20190619.txt,https://fraser.stlouisfed.org/files/text/historical/FOMC/meetingdocuments/FOMCpresconf20190619.txt,https://fraser.stlouisfed.org/docs/historical/FOMC/meetingdocuments/FOMCpresconf20190619.pdf,2019-06-19
583837,2019-07-30,"Meeting, July 30-31, 2019",press_conference,2019-07-31,FOMCpresconf20190731.txt,https://fraser.stlouisfed.org/files/text/historical/FOMC/meetingdocuments/FOMCpresconf20190731.txt,https://fraser.stlouisfed.org/docs/historical/FOMC/meetingdocuments/FOMCpresconf20190731.pdf,2019-07-31
584502,2019-09-17,"Meeting, September 17-18, 2019",press_conference,2019-09-18,FOMCpresconf20190918_final.txt,https://fraser.stlouisfed.org/files/text/historical/FOMC/meetingdocuments/FOMCpresconf20190918_final.txt,https://fraser.stlouisfed.org/docs/historical/FOMC/meetingdocuments/FOMCpresconf20190918_final.pdf,2019-09-18
584538,2019-10-29,"Meeting, October 29-30, 2019",press_conference,2019-10-30,FOMCpresconf20191030_f.txt,https://fraser.stlouisfed.org/files/text/historical/FOMC/meetingdocuments/FOMCpresconf20191030_f.txt,https://fraser.stlouisfed.org/docs/historical/FOMC/meetingdocuments/FOMCpresconf20191030_f.pdf,2019-10-30
584816,2019-12-10,"Meeting, December 10-11, 2019",press_conference,2019-12-11,FOMCpresconf20191211_final.txt,https://fraser.stlouisfed.org/files/text/historical/FOMC/meetingdocuments/FOMCpresconf20191211_final.txt,https://fraser.stlouisfed.org/docs/historical/FOMC/meetingdocuments/FOMCpresconf20191211_final.pdf,2019-12-11
585165,2020-01-28,"Meeting, January 28-29, 2020",press_conference,2020-01-29,FOMCpresconf20200129_final.txt,https://fraser.stlouisfed.org/files/text/historical/FOMC/meetingdocuments/FOMCpresconf20200129_final.txt,https://fraser.stlouisfed.org/docs/historical/FOMC/meetingdocuments/FOMCpresconf20200129_final.pdf,2020-01-29
586834,2020-03-02,"Meeting, March 2, 2020 (Unscheduled)",press_conference,2020-03-03,FOMCpresconf20200303_final.txt,https://fraser.stlouisfed.org/files/text/historical/FOMC/meetingdocuments/FOMCpresconf20200303_final.txt,https://fraser.stlouisfed.org/docs/historical/FOMC/meetingdocuments/FOMCpresconf20200303_final.pdf,2020-03-03
587319,2020-03-15,"Meeting, March 15, 2020 (Unscheduled)",press_conference,2020-03-15,FOMCpresconf20200315_final.txt,https://fraser.stlouisfed.org/files/text/historical/FOMC/meetingdocuments/FOMCpresconf20200315_final.txt,https://fraser.stlouisfed.org/docs/historical/FOMC/meetingdocuments/FOMCpresconf20200315_final.pdf,2020-03-15
588477,2020-04-28,"Meeting, April 28-29, 2020",press_conference,2020-04-29,FOMCpresconf20200429_final.txt,https://fraser.stlouisfed.org/files/text/historical/FOMC/meetingdocuments/FOMCpresconf20200429_final.txt,https://fraser.stlouisfed.org/docs/historical/FOMC/meetingdocuments/FOMCpresconf20200429_final.pdf,2020-04-29
589676,2020-06-09,"Meeting, June 9-10, 2020",press_conference,2020-06-10,FOMCpresconf20200610_final.txt,https://fraser.stlouisfed.org/files/text/historical/FOMC/meetingdocuments/FOMCpresconf20200610_final.txt,https://fraser.stlouisfed.org/docs/historical/FOMC/meetingdocuments/FOMCpresconf20200610_final.pdf,2020-06-10
594191,2020-07-28,"Meeting, July 28-29, 2020",press_conference,2020-07-29,FOMCpresconf20200729_final.txt,https://fraser.stlouisfed.org/files/text/historical/FOMC/meetingdocuments/FOMCpresconf20200729_final.txt,https://fraser.stlouisfed.org/docs/historical/FOMC/meetingdocuments/FOMCpresconf20200729_final.pdf,2020-07-29
596196,2020-09-15,"Meeting, September 15-16, 2020",press_conference,2020-09-16,FOMCpresconf20200916_final.txt,https://fraser.stlouisfed.org/files/text/historical/FOMC/meetingdocuments/FOMCpresconf20200916_final.txt,https://fraser.stlouisfed.org/docs/historical/FOMC/meetingdocuments/FOMCpresconf20200916_final.pdf,2020-09-16
598101,2020-11-04,"Meeting, November 4-5, 2020",press_conference,2020-11-05,FOMCpresconf20201105_final.txt,https://fraser.stlouisfed.org/files/text/historical/FOMC/meetingdocuments/FOMCpresconf20201105_final.txt,https://fraser.stlouisfed.org/docs/historical/FOMC/meetingdocuments/FOMCpresconf20201105_final.pdf,2020-11-05
598544,2020-12-15,"Meeting, December 15-16, 2020",press_conference,2020-12-16,FOMCpresconf20201216_final.txt,https://fraser.stlouisfed.org/files/text/historical/FOMC/meetingdocuments/FOMCpresconf20201216_final.txt,https://fraser.stlouisfed.org/docs/historical/FOMC/meetingdocuments/FOMCpresconf20201216_final.pdf,2020-12-16
598775,2021-01-26,"Meeting, January 26-27, 2021",press_conference,2021-01-27,FOMCpresconf20210127_final.txt,https://fraser.stlouisfed.org/files/text/historical/FOMC/meetingdocuments/FOMCpresconf20210127_final.txt,https://fraser.stlouisfed.org/docs/historical/FOMC/meetingdocuments/FOMCpresconf20210127_final.pdf,2021-01-27
600742,2021-03-16,"Meeting, March 16-17, 2021",press_conference,2021-03-17,FOMCpresconf20210317_final.txt,https://fraser.stlouisfed.org/files/text/historical/FOMC/meetingdocuments/FOMCpresconf20210317_final.txt,https://fraser.stlouisfed.org/docs/historical/FOMC/meetingdocuments/FOMCpresconf20210317_final.pdf,2021-03-17
601897,2021-04-27,"Meeting, April 27-28, 2021",press_conference,2021-04-28,FOMCpresconf20210428_final.txt,https://fraser.stlouisfed.org/files/text/historical/FOMC/meetingdocuments/FOMCpresconf20210428_final.txt,https://fraser.stlouisfed.org/docs/historical/FOMC/meetingdocuments/FOMCpresconf20210428_final.pdf,2021-04-28
603942,2021-06-15,"Meeting, June 15-16, 2021",press_conference,2021-06-16,FOMCpresconf20210616_final.txt,https://fraser.stlouisfed.org/files/text/historical/FOMC/meetingdocuments/FOMCpresconf20210616_final.txt,https://fraser.stlouisfed.org/docs/historical/FOMC/meetingdocuments/FOMCpresconf20210616_final.pdf,2021-06-16
604765,2021-07-27,"Meeting, July 27-28, 2021",press_conference,2021-07-28,FOMCpresconf20210728_final.txt,https://fraser.stlouisfed.org/files/text/historical/FOMC/meetingdocuments/FOMCpresconf20210728_final.txt,https://fraser.stlouisfed.org/docs/historical/FOMC/meetingdocuments/FOMCpresconf20210728_final.pdf,2021-07-28
605825,2021-09-21,"Meeting, September 21-22, 2021",press_conference,2021-09-22,FOMCpresconf20210922_final.txt,https://fraser.stlouisfed.org/files/text/historical/FOMC/meetingdocuments/FOMCpresconf20210922_final.txt,https://fraser.stlouisfed.org/docs/historical/FOMC/meetingdocuments/FOMCpresconf20210922_final.pdf,2021-09-22
608601,2021-11-02,"Meeting, November 2-3, 2021",press_conference,2021-11-03,FOMCpresconf20211103_final.txt,https://fraser.stlouisfed.org/files/text/historical/FOMC/meetingdocuments/FOMCpresconf20211103_final.txt,https://fraser.stlouisfed.org/docs/historical/FOMC/meetingdocuments/FOMCpresconf20211103_final.pdf,2021-11-03
610139,2021-12-14,"Meeting, December 14-15, 2021",press_conference,2021-12-15,FOMCpresconf20211215-final.txt,https://fraser.stlouisfed.org/files/text/historical/FOMC/meetingdocuments/FOMCpresconf20211215-final.txt,https://fraser.stlouisfed.org/docs/historical/FOMC/meetingdocuments/FOMCpresconf20211215-final.pdf,2021-12-15
610587,2022-01-25,"Meeting, January 25-26, 2022",press_conference,2022-01-26,FOMCpresconf20220126-final.txt,https://fraser.stlouisfed.org/files/text/historical/FOMC/meetingdocuments/FOMCpresconf20220126-final.txt,https://fraser.stlouisfed.org/docs/historical/FOMC/meetingdocuments/FOMCpresconf20220126-final.pdf,2022-01-26
611545,2022-03-15,"Meeting, March 15-16, 2022",press_conference,2022-03-16,FOMCpresconf20220316-final.txt,https://fraser.stlouisfed.org/files/text/historical/FOMC/meetingdocuments/FOMCpresconf20220316-final.txt,https://fraser.stlouisfed.org/docs/historical/FOMC/meetingdocuments/FOMCpresconf20220316-final.pdf,2022-03-16
611869,2022-05-03,"Meeting, May 3-4, 2022",press_conference,2022-05-04,FOMCpresconf20220504-final.txt,https://fraser.stlouisfed.org/files/text/historical/FOMC/meetingdocuments/FOMCpresconf20220504-final.txt,https://fraser.stlouisfed.org/docs/historical/FOMC/meetingdocuments/FOMCpresconf20220504-final.pdf,2022-05-04
616227,2022-06-14,"Meeting, June 14-15, 2022",press_conference,2022-06-15,FOMCpresconf20220615.txt,https://fraser.stlouisfed.org/files/text/historical/FOMC/meetingdocuments/FOMCpresconf20220615.txt,https://fraser.stlouisfed.org/docs/historical/FOMC/meetingdocuments/FOMCpresconf20220615.pdf,2022-06-15
619211,2022-07-26,"Meeting, July 26-27, 2022",press_conference,2022-07-27,FOMCpresconf20220727.txt,https://fraser.stlouisfed.org/files/text/historical/FOMC/meetingdocuments/FOMCpresconf20220727.txt,https://fraser.stlouisfed.org/docs/historical/FOMC/meetingdocuments/FOMCpresconf20220727.pdf,2022-07-27
622307,2022-09-20,"Meeting, September 20-21, 2022",press_conference,2022-09-21,FOMCpresconf20220921.txt,https://fraser.stlouisfed.org/files/text/historical/FOMC/meetingdocuments/FOMCpresconf20220921.txt,https://fraser.stlouisfed.org/docs/historical/FOMC/meetingdocuments/FOMCpresconf20220921.pdf,2022-09-21
627813,2022-11-01,"Meeting, November 1-2, 2022",press_conference,2022-11-02,FOMCpresconf20221102.txt,https://fraser.stlouisfed.org/files/text/historical/FOMC/meetingdocuments/FOMCpresconf20221102.txt,https://fraser.stlouisfed.org/docs/historical/FOMC/meetingdocuments/FOMCpresconf20221102.pdf,2022-11-02
627845,2022-12-13,"Meeting, December 13-14, 2022",press_conference,2022-12-14,FOMCpresconf20221214.txt,https://fraser.stlouisfed.org/files/text/historical/FOMC/meetingdocuments/FOMCpresconf20221214.txt,https://fraser.stlouisfed.org/docs/historical/FOMC/meetingdocuments/FOMCpresconf20221214.pdf,2022-12-14
628650,2023-01-31,"Meeting, January 31-February 1, 2023",press_conference,2023-02-01,FOMCpresconf20230201.txt,https://fraser.stlouisfed.org/files/text/historical/FOMC/meetingdocuments/FOMCpresconf20230201.txt,https://fraser.stlouisfed.org/docs/historical/FOMC/meetingdocuments/FOMCpresconf20230201.pdf,2023-02-01
629124,2023-03-21,"Meeting, March 21-22, 2023",press_conference,2023-03-22,FOMCpresconf20230322.txt,https://fraser.stlouisfed.org/files/text/historical/FOMC/meetingdocuments/FOMCpresconf20230322.txt,https://fraser.stlouisfed.org/docs/historical/FOMC/meetingdocuments/FOMCpresconf20230322.pdf,2023-03-22
632567,2023-05-02,"Meeting, May 2-3, 2023",press_conference,2023-05-03,FOMCpresconf20230503.txt,https://fraser.stlouisfed.org/files/text/historical/FOMC/meetingdocuments/FOMCpresconf20230503.txt,https://fraser.stlouisfed.org/docs/historical/FOMC/meetingdocuments/FOMCpresconf20230503.pdf,2023-05-03
635588,2023-06-13,"Meeting, June 13-14, 2023",press_conference,2023-06-14,FOMCpresconf20230614.txt,https://fraser.stlouisfed.org/files/text/historical/FOMC/meetingdocuments/FOMCpresconf20230614.txt,https://fraser.stlouisfed.org/docs/historical/FOMC/meetingdocuments/FOMCpresconf20230614.pdf,2023-06-14
650228,2023-07-25,"Meeting, July 25-26, 2023",press_conference,2023-07-26,FOMCpresconf20230726.txt,https://fraser.stlouisfed.org/files/text/historical/FOMC/meetingdocuments/FOMCpresconf20230726.txt,https://fraser.stlouisfed.org/docs/historical/FOMC/meetingdocuments/FOMCpresconf20230726.pdf,2023-07-26
650316,2023-09-19,"Meeting, September 19-20, 2023",press_conference,2023-09-20,FOMCpresconf20230920.txt,https://fraser.stlouisfed.org/files/text/historical/FOMC/meetingdocuments/FOMCpresconf20230920.txt,https://fraser.stlouisfed.org/docs/historical/FOMC/meetingdocuments/FOMCpresconf20230920.pdf,2023-09-20
655797,2023-10-31,"Meeting, October 31-November 1, 2023",press_conference,2023-11-01,FOMCpresconf20231101.txt,https://fraser.stlouisfed.org/files/text/historical/FOMC/meetingdocuments/FOMCpresconf20231101.txt,https://fraser.stlouisfed.org/docs/historical/FOMC/meetingdocuments/FOMCpresconf20231101.pdf,2023-11-01
657388,2023-12-13,"Meeting, December 12-13, 2023",press_conference,2023-12-13,FOMCpresconf20231213.txt,https://fraser.stlouisfed.org/files/text/historical/FOMC/meetingdocuments/FOMCpresconf20231213.txt,https://fraser.stlouisfed.org/docs/historical/FOMC/meetingdocuments/FOMCpresconf20231213.pdf,2023-12-13
659514,2024-01-30,"Meeting, January 30-31, 2024",press_conference,2024-01-31,fomcpresconf20240131.txt,https://fraser.stlouisfed.org/files/text/historical/FOMC/meetingdocuments/fomcpresconf20240131.txt,https://fraser.stlouisfed.org/docs/historical/FOMC/meetingdocuments/fomcpresconf20240131.pdf,2024-01-31
679766,2024-03-20,"Meeting, March 19-20, 2024",press_conference,2024-03-20,FOMCpresconf20240320.txt,https://fraser.stlouisfed.org/files/text/historical/FOMC/meetingdocuments/FOMCpresconf20240320.txt,https://fraser.stlouisfed.org/docs/historical/FOMC/meetingdocuments/FOMCpresconf20240320.pdf,2024-03-20
679767,2024-05-01,"Meeting, April 30-May 1, 2024",press_conference,2024-05-01,FOMCpresconf20240501.txt,https://fraser.stlouisfed.org/files/text/historical/FOMC/meetingdocuments/FOMCpresconf20240501.txt,https://fraser.stlouisfed.org/docs/historical/FOMC/meetingdocuments/FOMCpresconf20240501.pdf,2024-05-01
679768,2024-06-12,"Meeting, June 11-12, 2024",press_conference,2024-06-12,FOMCpresconf20240612.txt,https://fraser.stlouisfed.org/files/text/historical/FOMC/meetingdocuments/FOMCpresconf20240612.txt,https://fraser.stlouisfed.org/docs/historical/FOMC/meetingdocuments/FOMCpresconf20240612.pdf,2024-06-12
679769,2024-07-31,"Meeting, July 30-31, 2024",press_conference,2024-07-31,FOMCpresconf20240731.txt,https://fraser.stlouisfed.org/files/text/historical/FOMC/meetingdocuments/FOMCpresconf20240731.txt,https://fraser.stlouisfed.org/docs/historical/FOMC/meetingdocuments/FOMCpresconf20240731.pdf,2024-07-31
679770,2024-09-18,"Meeting, September 17-18, 2024",press_conference,2024-09-18,FOMCpresconf20240918.txt,https://fraser.stlouisfed.org/files/text/historical/FOMC/meetingdocuments/FOMCpresconf20240918.txt,https://fraser.stlouisfed.org/docs/historical/FOMC/meetingdocuments/FOMCpresconf20240918.pdf,2024-09-18
679759,2024-11-07,"Meeting, November 6-7, 2024",press_conference,2024-11-07,FOMCpresconf20241107.txt,https://fraser.stlouisfed.org/files/text/historical/FOMC/meetingdocuments/FOMCpresconf20241107.txt,https://fraser.stlouisfed.org/docs/historical/FOMC/meetingdocuments/FOMCpresconf20241107.pdf,2024-11-07
680053,2024-12-18,"Meeting, December 17-18, 2024",press_conference,2024-12-18,FOMCpresconf20241218.txt,https://fraser.stlouisfed.org/files/text/historical/FOMC/meetingdocuments/FOMCpresconf20241218.txt,https://fraser.stlouisfed.org/docs/historical/FOMC/meetingdocuments/FOMCpresconf20241218.pdf,2024-12-18
681117,2025-01-29,"Meeting, January 28-29, 2025",press_conference,2025-01-29,FOMCpresconf20250129.txt,https://fraser.stlouisfed.org/files/text/historical/FOMC/meetingdocuments/FOMCpresconf20250129.txt,https://fraser.stlouisfed.org/docs/historical/FOMC/meetingdocuments/FOMCpresconf20250129.pdf,2025-01-29
684019,2025-03-19,"Meeting, March 18-19, 2025",press_conference,2025-03-19,FOMCpresconf20250319.txt,https://fraser.stlouisfed.org/files/text/historical/FOMC/meetingdocuments/FOMCpresconf20250319.txt,https://fraser.stlouisfed.org/docs/historical/FOMC/meetingdocuments/FOMCpresconf20250319.pdf,2025-03-19
685851,2025-05-07,"Meeting, May 6-7, 2025",press_conference,2025-05-07,FOMCpresconf20250507.txt,https://fraser.stlouisfed.org/files/text/historical/FOMC/meetingdocuments/FOMCpresconf20250507.txt,https://fraser.stlouisfed.org/docs/historical/FOMC/meetingdocuments/FOMCpresconf20250507.pdf,2025-05-07
688287,2025-06-18,"Meeting, June 17-18, 2025",press_conference,2025-06-18,FOMCpresconf20250618.txt,https://fraser.stlouisfed.org/files/text/historical/FOMC/meetingdocuments/FOMCpresconf20250618.txt,https://fraser.stlouisfed.org/docs/historical/FOMC/meetingdocuments/FOMCpresconf20250618.pdf,2025-06-18
690650,2025-07-30,"Meeting, July 29-30, 2025",press_conference,2025-07-30,FOMCpresconf20250730.txt,https://fraser.stlouisfed.org/files/text/historical/FOMC/meetingdocuments/FOMCpresconf20250730.txt,https://fraser.stlouisfed.org/docs/historical/FOMC/meetingdocuments/FOMCpresconf20250730.pdf,2025-07-30
703961,2025-09-17,"Meeting, September 16-17, 2025",press_conference,2025-09-17,FOMCpresconf20250917.txt,https://fraser.stlouisfed.org/files/text/historical/FOMC/meetingdocuments/FOMCpresconf20250917.txt,https://fraser.stlouisfed.org/docs/historical/FOMC/meetingdocuments/FOMCpresconf20250917.pdf,2025-09-17
707800,2025-10-29,"Meeting, October 28-29, 2025",press_conference,2025-10-29,FOMCpresconf20251029.txt,https://fraser.stlouisfed.org/files/text/historical/FOMC/meetingdocuments/FOMCpresconf20251029.txt,https://fraser.stlouisfed.org/docs/historical/FOMC/meetingdocuments/FOMCpresconf20251029.pdf,2025-10-29
716083,2025-12-10,"Meeting, December 9-10, 2025",press_conference,2025-12-10,FOMCpresconf20251210.txt,https://fraser.stlouisfed.org/files/text/historical/FOMC/meetingdocuments/FOMCpresconf20251210.txt,https://fraser.stlouisfed.org/docs/historical/FOMC/meetingdocuments/FOMCpresconf20251210.pdf,2025-12-10
718623,2026-01-28,"Meeting, January 27-28, 2026",press_conference,2026-01-28,FOMCpresconf20260128.txt,https://fraser.stlouisfed.org/files/text/historical/FOMC/meetingdocuments/FOMCpresconf20260128.txt,https://fraser.stlouisfed.org/docs/historical/FOMC/meetingdocuments/FOMCpresconf20260128.pdf,2026-01-28
721155,2026-03-18,"Meeting, March 17-18, 2026",press_conference,2026-03-18,FOMCpresconf20260318.txt,https://fraser.stlouisfed.org/files/text/historical/FOMC/meetingdocuments/FOMCpresconf20260318.txt,https://fraser.stlouisfed.org/docs/historical/FOMC/meetingdocuments/FOMCpresconf20260318.pdf,2026-03-18
724400,2026-04-29,"Meeting, April 28-29, 2026",press_conference,2026-04-29,FOMCpresconf20260429.txt,https://fraser.stlouisfed.org/files/text/historical/FOMC/meetingdocuments/FOMCpresconf20260429.txt,https://fraser.stlouisfed.org/docs/historical/FOMC/meetingdocuments/FOMCpresconf20260429.pdf,2026-04-29
22964,1970-05-26,"Meeting, May 26, 1970",redbook,1970-05-20,fomc19700526redbook19700520.txt,https://fraser.stlouisfed.org/files/text/historical/FOMC/meetingdocuments/fomc19700526redbook19700520.txt,https://fraser.stlouisfed.org/docs/historical/FOMC/meetingdocuments/fomc19700526redbook19700520.pdf,1970-05-20
22965,1970-06-23,"Meeting, June 23, 1970",redbook,1970-06-17,fomc19700623redbook19700617.txt,https://fraser.stlouisfed.org/files/text/historical/FOMC/meetingdocuments/fomc19700623redbook19700617.txt,https://fraser.stlouisfed.org/docs/historical/FOMC/meetingdocuments/fomc19700623redbook19700617.pdf,1970-06-17
22966,1970-07-21,"Meeting, July 21, 1970",redbook,1970-07-15,fomc19700721redbook19700715.txt,https://fraser.stlouisfed.org/files/text/historical/FOMC/meetingdocuments/fomc19700721redbook19700715.txt,https://fraser.stlouisfed.org/docs/historical/FOMC/meetingdocuments/fomc19700721redbook19700715.pdf,1970-07-15
23366,1970-08-18,"Meeting, August 18, 1970",redbook,1970-08-12,fomc19700818redbook19700812.txt,https://fraser.stlouisfed.org/files/text/historical/FOMC/meetingdocuments/fomc19700818redbook19700812.txt,https://fraser.stlouisfed.org/docs/historical/FOMC/meetingdocuments/fomc19700818redbook19700812.pdf,1970-08-12
22915,1970-09-15,"Meeting, September 15, 1970",redbook,1970-09-09,fomc19700915redbook19700909.txt,https://fraser.stlouisfed.org/files/text/historical/FOMC/meetingdocuments/fomc19700915redbook19700909.txt,https://fraser.stlouisfed.org/docs/historical/FOMC/meetingdocuments/fomc19700915redbook19700909.pdf,1970-09-09
22939,1970-10-20,"Meeting, October 20, 1970",redbook,1970-10-14,fomc19701020redbook19701014.txt,https://fraser.stlouisfed.org/files/text/historical/FOMC/meetingdocuments/fomc19701020redbook19701014.txt,https://fraser.stlouisfed.org/docs/historical/FOMC/meetingdocuments/fomc19701020redbook19701014.pdf,1970-10-14
22943,1970-11-17,"Meeting, November 17, 1970",redbook,1970-11-11,fomc19701117redbook19701111.txt,https://fraser.stlouisfed.org/files/text/historical/FOMC/meetingdocuments/fomc19701117redbook19701111.txt,https://fraser.stlouisfed.org/docs/historical/FOMC/meetingdocuments/fomc19701117redbook19701111.pdf,1970-11-11
22968,1970-12-15,"Meeting, December 15, 1970",redbook,1970-12-09,fomc19701215redbook19701209.txt,https://fraser.stlouisfed.org/files/text/historical/FOMC/meetingdocuments/fomc19701215redbook19701209.txt,https://fraser.stlouisfed.org/docs/historical/FOMC/meetingdocuments/fomc19701215redbook19701209.pdf,1970-12-09
22967,1971-01-12,"Meeting, January 12, 1971",redbook,1971-01-12,fomc19710112redbook19710112.txt,https://fraser.stlouisfed.org/files/text/historical/FOMC/meetingdocuments/fomc19710112redbook19710112.txt,https://fraser.stlouisfed.org/docs/historical/FOMC/meetingdocuments/fomc19710112redbook19710112.pdf,1971-01-12
22462,1971-02-09,"Meeting, February 9, 1971",redbook,1971-02-03,fomc19710209redbook19710203.txt,https://fraser.stlouisfed.org/files/text/historical/FOMC/meetingdocuments/fomc19710209redbook19710203.txt,https://fraser.stlouisfed.org/docs/historical/FOMC/meetingdocuments/fomc19710209redbook19710203.pdf,1971-02-03
22969,1971-03-09,"Meeting, March 9, 1971",redbook,1971-03-09,fomc19710309redbook19710309.txt,https://fraser.stlouisfed.org/files/text/historical/FOMC/meetingdocuments/fomc19710309redbook19710309.txt,https://fraser.stlouisfed.org/docs/historical/FOMC/meetingdocuments/fomc19710309redbook19710309.pdf,1971-03-09
22463,1971-04-06,"Meeting, April 6, 1971",redbook,1971-04-06,fomc19710406redbook19710406.txt,https://fraser.stlouisfed.org/files/text/historical/FOMC/meetingdocuments/fomc19710406redbook19710406.txt,https://fraser.stlouisfed.org/docs/historical/FOMC/meetingdocuments/fomc19710406redbook19710406.pdf,1971-04-06
22464,1971-05-11,"Meeting, May 11, 1971",redbook,1971-05-05,fomc19710511redbook19710505.txt,https://fraser.stlouisfed.org/files/text/historical/FOMC/meetingdocuments/fomc19710511redbook19710505.txt,https://fraser.stlouisfed.org/docs/historical/FOMC/meetingdocuments/fomc19710511redbook19710505.pdf,1971-05-05
22465,1971-06-08,"Meeting, June 8, 1971",redbook,1971-06-02,fomc19710608redbook19710602.txt,https://fraser.stlouisfed.org/files/text/historical/FOMC/meetingdocuments/fomc19710608redbook19710602.txt,https://fraser.stlouisfed.org/docs/historical/FOMC/meetingdocuments/fomc19710608redbook19710602.pdf,1971-06-02
22970,1971-06-29,"Meeting, June 29, 1971",redbook,1971-06-23,fomc19710629redbook19710623.txt,https://fraser.stlouisfed.org/files/text/historical/FOMC/meetingdocuments/fomc19710629redbook19710623.txt,https://fraser.stlouisfed.org/docs/historical/FOMC/meetingdocuments/fomc19710629redbook19710623.pdf,1971-06-23
22466,1971-07-27,"Meeting, July 27, 1971",redbook,1971-07-21,fomc19710727redbook19710721.txt,https://fraser.stlouisfed.org/files/text/historical/FOMC/meetingdocuments/fomc19710727redbook19710721.txt,https://fraser.stlouisfed.org/docs/historical/FOMC/meetingdocuments/fomc19710727redbook19710721.pdf,1971-07-21
22467,1971-08-24,"Meeting, August 24, 1971",redbook,1971-08-18,fomc19710824redbook19710818.txt,https://fraser.stlouisfed.org/files/text/historical/FOMC/meetingdocuments/fomc19710824redbook19710818.txt,https://fraser.stlouisfed.org/docs/historical/FOMC/meetingdocuments/fomc19710824redbook19710818.pdf,1971-08-18
22468,1971-09-21,"Meeting, September 21, 1971",redbook,1971-09-15,fomc19710921redbook19710915.txt,https://fraser.stlouisfed.org/files/text/historical/FOMC/meetingdocuments/fomc19710921redbook19710915.txt,https://fraser.stlouisfed.org/docs/historical/FOMC/meetingdocuments/fomc19710921redbook19710915.pdf,1971-09-15
22971,1971-10-19,"Meeting, October 19, 1971",redbook,1971-10-13,fomc19711019redbook19711013.txt,https://fraser.stlouisfed.org/files/text/historical/FOMC/meetingdocuments/fomc19711019redbook19711013.txt,https://fraser.stlouisfed.org/docs/historical/FOMC/meetingdocuments/fomc19711019redbook19711013.pdf,1971-10-13
22469,1971-11-16,"Meeting, November 16, 1971",redbook,1971-11-10,fomc19711116redbook19711110.txt,https://fraser.stlouisfed.org/files/text/historical/FOMC/meetingdocuments/fomc19711116redbook19711110.txt,https://fraser.stlouisfed.org/docs/historical/FOMC/meetingdocuments/fomc19711116redbook19711110.pdf,1971-11-10
22470,1971-12-14,"Meeting, December 14, 1971",redbook,1971-12-08,fomc19711214redbook19711208.txt,https://fraser.stlouisfed.org/files/text/historical/FOMC/meetingdocuments/fomc19711214redbook19711208.txt,https://fraser.stlouisfed.org/docs/historical/FOMC/meetingdocuments/fomc19711214redbook19711208.pdf,1971-12-08
23365,1972-02-15,"Meeting, February 15, 1972",redbook,1972-02-09,fomc19720215redbook19720209.txt,https://fraser.stlouisfed.org/files/text/historical/FOMC/meetingdocuments/fomc19720215redbook19720209.txt,https://fraser.stlouisfed.org/docs/historical/FOMC/meetingdocuments/fomc19720215redbook19720209.pdf,1972-02-09
22974,1972-03-21,"Meeting, March 21, 1972",redbook,1972-03-15,fomc19720321redbook19720315.txt,https://fraser.stlouisfed.org/files/text/historical/FOMC/meetingdocuments/fomc19720321redbook19720315.txt,https://fraser.stlouisfed.org/docs/historical/FOMC/meetingdocuments/fomc19720321redbook19720315.pdf,1972-03-15
22976,1972-04-18,"Meeting, April 18, 1972",redbook,1972-04-12,fomc19720418redbook19720412.txt,https://fraser.stlouisfed.org/files/text/historical/FOMC/meetingdocuments/fomc19720418redbook19720412.txt,https://fraser.stlouisfed.org/docs/historical/FOMC/meetingdocuments/fomc19720418redbook19720412.pdf,1972-04-12
23364,1972-05-23,"Meeting, May 23, 1972",redbook,1972-05-17,fomc19720523redbook19720517.txt,https://fraser.stlouisfed.org/files/text/historical/FOMC/meetingdocuments/fomc19720523redbook19720517.txt,https://fraser.stlouisfed.org/docs/historical/FOMC/meetingdocuments/fomc19720523redbook19720517.pdf,1972-05-17
22979,1972-06-19,"Meeting, June 19-20, 1972",redbook,1972-06-14,fomc19720620redbook19720614.txt,https://fraser.stlouisfed.org/files/text/historical/FOMC/meetingdocuments/fomc19720620redbook19720614.txt,https://fraser.stlouisfed.org/docs/historical/FOMC/meetingdocuments/fomc19720620redbook19720614.pdf,1972-06-14
22980,1972-07-18,"Meeting, July 18, 1972",redbook,1972-07-18,fomc19720718redbook19720718.txt,https://fraser.stlouisfed.org/files/text/historical/FOMC/meetingdocuments/fomc19720718redbook19720718.txt,https://fraser.stlouisfed.org/docs/historical/FOMC/meetingdocuments/fomc19720718redbook19720718.pdf,1972-07-18
22981,1972-08-15,"Meeting, August 15, 1972",redbook,1972-08-09,fomc19720815redbook19720809.txt,https://fraser.stlouisfed.org/files/text/historical/FOMC/meetingdocuments/fomc19720815redbook19720809.txt,https://fraser.stlouisfed.org/docs/historical/FOMC/meetingdocuments/fomc19720815redbook19720809.pdf,1972-08-09
22982,1972-09-19,"Meeting, September 19, 1972",redbook,1972-09-13,fomc19720919redbook19720913.txt,https://fraser.stlouisfed.org/files/text/historical/FOMC/meetingdocuments/fomc19720919redbook19720913.txt,https://fraser.stlouisfed.org/docs/historical/FOMC/meetingdocuments/fomc19720919redbook19720913.pdf,1972-09-13
22983,1972-10-17,"Meeting, October 17, 1972",redbook,1972-10-11,fomc19721017redbook19721011.txt,https://fraser.stlouisfed.org/files/text/historical/FOMC/meetingdocuments/fomc19721017redbook19721011.txt,https://fraser.stlouisfed.org/docs/historical/FOMC/meetingdocuments/fomc19721017redbook19721011.pdf,1972-10-11
22471,1972-11-20,"Meeting, November 20-21, 1972",redbook,1972-11-14,fomc19721121redbook19721114.txt,https://fraser.stlouisfed.org/files/text/historical/FOMC/meetingdocuments/fomc19721121redbook19721114.txt,https://fraser.stlouisfed.org/docs/historical/FOMC/meetingdocuments/fomc19721121redbook19721114.pdf,1972-11-14
22472,1972-12-19,"Meeting, December 19, 1972",redbook,1972-12-19,fomc19721219redbook19721219.txt,https://fraser.stlouisfed.org/files/text/historical/FOMC/meetingdocuments/fomc19721219redbook19721219.txt,https://fraser.stlouisfed.org/docs/historical/FOMC/meetingdocuments/fomc19721219redbook19721219.pdf,1972-12-19
22473,1973-01-16,"Meeting, January 16, 1973",redbook,1973-01-10,fomc19730116redbook19730110.txt,https://fraser.stlouisfed.org/files/text/historical/FOMC/meetingdocuments/fomc19730116redbook19730110.txt,https://fraser.stlouisfed.org/docs/historical/FOMC/meetingdocuments/fomc19730116redbook19730110.pdf,1973-01-10
22474,1973-02-13,"Meeting, February 13, 1973",redbook,1973-02-07,fomc19730213redbook19730207.txt,https://fraser.stlouisfed.org/files/text/historical/FOMC/meetingdocuments/fomc19730213redbook19730207.txt,https://fraser.stlouisfed.org/docs/historical/FOMC/meetingdocuments/fomc19730213redbook19730207.pdf,1973-02-07
22978,1973-03-19,"Meeting, March 19-20, 1973",redbook,1973-03-14,fomc19730320redbook19730314.txt,https://fraser.stlouisfed.org/files/text/historical/FOMC/meetingdocuments/fomc19730320redbook19730314.txt,https://fraser.stlouisfed.org/docs/historical/FOMC/meetingdocuments/fomc19730320redbook19730314.pdf,1973-03-14
23362,1973-04-17,"Meeting, April 17, 1973",redbook,1973-04-11,fomc19730417redbook19730411.txt,https://fraser.stlouisfed.org/files/text/historical/FOMC/meetingdocuments/fomc19730417redbook19730411.txt,https://fraser.stlouisfed.org/docs/historical/FOMC/meetingdocuments/fomc19730417redbook19730411.pdf,1973-04-11
23363,1973-05-15,"Meeting, May 15, 1973",redbook,1973-05-09,fomc19730515redbook19730509.txt,https://fraser.stlouisfed.org/files/text/historical/FOMC/meetingdocuments/fomc19730515redbook19730509.txt,https://fraser.stlouisfed.org/docs/historical/FOMC/meetingdocuments/fomc19730515redbook19730509.pdf,1973-05-09
22987,1973-06-18,"Meeting, June 18-19, 1973",redbook,1973-06-13,fomc19730619redbook19730613.txt,https://fraser.stlouisfed.org/files/text/historical/FOMC/meetingdocuments/fomc19730619redbook19730613.txt,https://fraser.stlouisfed.org/docs/historical/FOMC/meetingdocuments/fomc19730619redbook19730613.pdf,1973-06-13
22989,1973-07-17,"Meeting, July 17, 1973",redbook,1973-07-11,fomc19730717redbook19730711.txt,https://fraser.stlouisfed.org/files/text/historical/FOMC/meetingdocuments/fomc19730717redbook19730711.txt,https://fraser.stlouisfed.org/docs/historical/FOMC/meetingdocuments/fomc19730717redbook19730711.pdf,1973-07-11
23359,1973-08-21,"Meeting, August 21, 1973",redbook,1973-08-15,fomc19730821redbook19730815.txt,https://fraser.stlouisfed.org/files/text/historical/FOMC/meetingdocuments/fomc19730821redbook19730815.txt,https://fraser.stlouisfed.org/docs/historical/FOMC/meetingdocuments/fomc19730821redbook19730815.pdf,1973-08-15
22990,1973-09-18,"Meeting, September 18, 1973",redbook,1973-09-12,fomc19730918redbook19730912.txt,https://fraser.stlouisfed.org/files/text/historical/FOMC/meetingdocuments/fomc19730918redbook19730912.txt,https://fraser.stlouisfed.org/docs/historical/FOMC/meetingdocuments/fomc19730918redbook19730912.pdf,1973-09-12
23000,1973-10-16,"Meeting, October 16, 1973",redbook,1973-10-10,fomc19731016redbook19731010.txt,https://fraser.stlouisfed.org/files/text/historical/FOMC/meetingdocuments/fomc19731016redbook19731010.txt,https://fraser.stlouisfed.org/docs/historical/FOMC/meetingdocuments/fomc19731016redbook19731010.pdf,1973-10-10
23001,1973-11-19,"Meeting, November 19-20, 1973",redbook,1973-11-14,fomc19731120redbook19731114.txt,https://fraser.stlouisfed.org/files/text/historical/FOMC/meetingdocuments/fomc19731120redbook19731114.txt,https://fraser.stlouisfed.org/docs/historical/FOMC/meetingdocuments/fomc19731120redbook19731114.pdf,1973-11-14
23002,1973-12-17,"Meeting, December 17-18, 1973",redbook,1973-12-12,fomc19731218redbook19731212.txt,https://fraser.stlouisfed.org/files/text/historical/FOMC/meetingdocuments/fomc19731218redbook19731212.txt,https://fraser.stlouisfed.org/docs/historical/FOMC/meetingdocuments/fomc19731218redbook19731212.pdf,1973-12-12
23358,1974-01-21,"Meeting, January 21-22, 1974",redbook,1974-01-16,fomc19740122redbook19740116.txt,https://fraser.stlouisfed.org/files/text/historical/FOMC/meetingdocuments/fomc19740122redbook19740116.txt,https://fraser.stlouisfed.org/docs/historical/FOMC/meetingdocuments/fomc19740122redbook19740116.pdf,1974-01-16
23003,1974-02-20,"Meeting, February 20, 1974",redbook,1974-02-13,fomc19740220redbook19740213.txt,https://fraser.stlouisfed.org/files/text/historical/FOMC/meetingdocuments/fomc19740220redbook19740213.txt,https://fraser.stlouisfed.org/docs/historical/FOMC/meetingdocuments/fomc19740220redbook19740213.pdf,1974-02-13
23004,1974-03-18,"Meeting, March 18-19, 1974",redbook,1974-03-13,fomc19740319redbook19740313.txt,https://fraser.stlouisfed.org/files/text/historical/FOMC/meetingdocuments/fomc19740319redbook19740313.txt,https://fraser.stlouisfed.org/docs/historical/FOMC/meetingdocuments/fomc19740319redbook19740313.pdf,1974-03-13
23005,1974-04-15,"Meeting, April 15-16, 1974",redbook,1974-04-10,fomc19740416redbook19740410.txt,https://fraser.stlouisfed.org/files/text/historical/FOMC/meetingdocuments/fomc19740416redbook19740410.txt,https://fraser.stlouisfed.org/docs/historical/FOMC/meetingdocuments/fomc19740416redbook19740410.pdf,1974-04-10
22984,1974-05-21,"Meeting, May 21, 1974",redbook,1974-05-15,fomc19740521redbook19740515.txt,https://fraser.stlouisfed.org/files/text/historical/FOMC/meetingdocuments/fomc19740521redbook19740515.txt,https://fraser.stlouisfed.org/docs/historical/FOMC/meetingdocuments/fomc19740521redbook19740515.pdf,1974-05-15
22985,1974-06-18,"Meeting, June 18, 1974",redbook,1974-06-12,fomc19740618redbook19740612.txt,https://fraser.stlouisfed.org/files/text/historical/FOMC/meetingdocuments/fomc19740618redbook19740612.txt,https://fraser.stlouisfed.org/docs/historical/FOMC/meetingdocuments/fomc19740618redbook19740612.pdf,1974-06-12
22991,1974-07-16,"Meeting, July 16, 1974",redbook,1974-07-10,fomc19740716redbook19740710.txt,https://fraser.stlouisfed.org/files/text/historical/FOMC/meetingdocuments/fomc19740716redbook19740710.txt,https://fraser.stlouisfed.org/docs/historical/FOMC/meetingdocuments/fomc19740716redbook19740710.pdf,1974-07-10
22993,1974-08-20,"Meeting, August 20, 1974",redbook,1974-08-14,fomc19740820redbook19740814.txt,https://fraser.stlouisfed.org/files/text/historical/FOMC/meetingdocuments/fomc19740820redbook19740814.txt,https://fraser.stlouisfed.org/docs/historical/FOMC/meetingdocuments/fomc19740820redbook19740814.pdf,1974-08-14
22994,1974-09-10,"Meeting, September 10, 1974",redbook,1974-09-05,fomc19740910redbook19740905.txt,https://fraser.stlouisfed.org/files/text/historical/FOMC/meetingdocuments/fomc19740910redbook19740905.txt,https://fraser.stlouisfed.org/docs/historical/FOMC/meetingdocuments/fomc19740910redbook19740905.pdf,1974-09-05
22995,1974-10-14,"Meeting, October 14-15, 1974",redbook,1974-10-09,fomc19741015redbook19741009.txt,https://fraser.stlouisfed.org/files/text/historical/FOMC/meetingdocuments/fomc19741015redbook19741009.txt,https://fraser.stlouisfed.org/docs/historical/FOMC/meetingdocuments/fomc19741015redbook19741009.pdf,1974-10-09
22996,1974-11-19,"Meeting, November 19, 1974",redbook,1974-11-13,fomc19741119redbook19741113.txt,https://fraser.stlouisfed.org/files/text/historical/FOMC/meetingdocuments/fomc19741119redbook19741113.txt,https://fraser.stlouisfed.org/docs/historical/FOMC/meetingdocuments/fomc19741119redbook19741113.pdf,1974-11-13
23361,1974-12-16,"Meeting, December 16-17, 1974",redbook,1974-12-11,fomc19741217redbook19741211.txt,https://fraser.stlouisfed.org/files/text/historical/FOMC/meetingdocuments/fomc19741217redbook19741211.txt,https://fraser.stlouisfed.org/docs/historical/FOMC/meetingdocuments/fomc19741217redbook19741211.pdf,1974-12-11
22997,1975-01-20,"Meeting, January 20-21, 1975",redbook,1975-01-15,fomc19750121redbook19750115.txt,https://fraser.stlouisfed.org/files/text/historical/FOMC/meetingdocuments/fomc19750121redbook19750115.txt,https://fraser.stlouisfed.org/docs/historical/FOMC/meetingdocuments/fomc19750121redbook19750115.pdf,1975-01-15
22998,1975-02-19,"Meeting, February 19, 1975",redbook,1975-02-12,fomc19750219redbook19750212.txt,https://fraser.stlouisfed.org/files/text/historical/FOMC/meetingdocuments/fomc19750219redbook19750212.txt,https://fraser.stlouisfed.org/docs/historical/FOMC/meetingdocuments/fomc19750219redbook19750212.pdf,1975-02-12
22999,1975-03-18,"Meeting, March 18, 1975",redbook,1975-03-12,fomc19750318redbook19750312.txt,https://fraser.stlouisfed.org/files/text/historical/FOMC/meetingdocuments/fomc19750318redbook19750312.txt,https://fraser.stlouisfed.org/docs/historical/FOMC/meetingdocuments/fomc19750318redbook19750312.pdf,1975-03-12
22475,1975-04-14,"Meeting, April 14-15, 1975",redbook,1975-04-09,fomc19750415redbook19750409.txt,https://fraser.stlouisfed.org/files/text/historical/FOMC/meetingdocuments/fomc19750415redbook19750409.txt,https://fraser.stlouisfed.org/docs/historical/FOMC/meetingdocuments/fomc19750415redbook19750409.pdf,1975-04-09
22476,1975-05-20,"Meeting, May 20, 1975",redbook,1975-05-14,fomc19750520redbook19750514.txt,https://fraser.stlouisfed.org/files/text/historical/FOMC/meetingdocuments/fomc19750520redbook19750514.txt,https://fraser.stlouisfed.org/docs/historical/FOMC/meetingdocuments/fomc19750520redbook19750514.pdf,1975-05-14
22477,1975-06-16,"Meeting, June 16-17, 1975",redbook,1975-06-11,fomc19750617redbook19750611.txt,https://fraser.stlouisfed.org/files/text/historical/FOMC/meetingdocuments/fomc19750617redbook19750611.txt,https://fraser.stlouisfed.org/docs/historical/FOMC/meetingdocuments/fomc19750617redbook19750611.pdf,1975-06-11
22478,1975-07-15,"Meeting, July 15, 1975",redbook,1975-07-09,fomc19750715redbook19750709.txt,https://fraser.stlouisfed.org/files/text/historical/FOMC/meetingdocuments/fomc19750715redbook19750709.txt,https://fraser.stlouisfed.org/docs/historical/FOMC/meetingdocuments/fomc19750715redbook19750709.pdf,1975-07-09
22479,1975-08-19,"Meeting, August 19, 1975",redbook,1975-08-13,fomc19750819redbook19750813.txt,https://fraser.stlouisfed.org/files/text/historical/FOMC/meetingdocuments/fomc19750819redbook19750813.txt,https://fraser.stlouisfed.org/docs/historical/FOMC/meetingdocuments/fomc19750819redbook19750813.pdf,1975-08-13
22480,1975-09-16,"Meeting, September 16, 1975",redbook,1975-09-10,fomc19750916redbook19750910.txt,https://fraser.stlouisfed.org/files/text/historical/FOMC/meetingdocuments/fomc19750916redbook19750910.txt,https://fraser.stlouisfed.org/docs/historical/FOMC/meetingdocuments/fomc19750916redbook19750910.pdf,1975-09-10
22481,1975-10-21,"Meeting, October 21, 1975",redbook,1975-10-21,fomc19751021redbook19751021.txt,https://fraser.stlouisfed.org/files/text/historical/FOMC/meetingdocuments/fomc19751021redbook19751021.txt,https://fraser.stlouisfed.org/docs/historical/FOMC/meetingdocuments/fomc19751021redbook19751021.pdf,1975-10-21
22482,1975-11-18,"Meeting, November 18, 1975",redbook,1975-11-12,fomc19751118redbook19751112.txt,https://fraser.stlouisfed.org/files/text/historical/FOMC/meetingdocuments/fomc19751118redbook19751112.txt,https://fraser.stlouisfed.org/docs/historical/FOMC/meetingdocuments/fomc19751118redbook19751112.pdf,1975-11-12
22483,1975-12-16,"Meeting, December 16, 1975",redbook,1975-12-10,fomc19751216redbook19751210.txt,https://fraser.stlouisfed.org/files/text/historical/FOMC/meetingdocuments/fomc19751216redbook19751210.txt,https://fraser.stlouisfed.org/docs/historical/FOMC/meetingdocuments/fomc19751216redbook19751210.pdf,1975-12-10
22484,1976-01-20,"Meeting, January 20, 1976",redbook,1976-01-14,fomc19760120redbook19760114.txt,https://fraser.stlouisfed.org/files/text/historical/FOMC/meetingdocuments/fomc19760120redbook19760114.txt,https://fraser.stlouisfed.org/docs/historical/FOMC/meetingdocuments/fomc19760120redbook19760114.pdf,1976-01-14
23460,1976-02-17,"Meeting, February 17-18, 1976",redbook,1976-02-11,fomc19760218redbook19760211.txt,https://fraser.stlouisfed.org/files/text/historical/FOMC/meetingdocuments/fomc19760218redbook19760211.txt,https://fraser.stlouisfed.org/docs/historical/FOMC/meetingdocuments/fomc19760218redbook19760211.pdf,1976-02-11
22485,1976-03-15,"Meeting, March 15-16, 1976",redbook,1976-03-10,fomc19760315redbook19760310.txt,https://fraser.stlouisfed.org/files/text/historical/FOMC/meetingdocuments/fomc19760315redbook19760310.txt,https://fraser.stlouisfed.org/docs/historical/FOMC/meetingdocuments/fomc19760315redbook19760310.pdf,1976-03-10
23012,1976-04-20,"Meeting, April 20, 1976",redbook,1976-04-14,fomc19760420redbook19760414.txt,https://fraser.stlouisfed.org/files/text/historical/FOMC/meetingdocuments/fomc19760420redbook19760414.txt,https://fraser.stlouisfed.org/docs/historical/FOMC/meetingdocuments/fomc19760420redbook19760414.pdf,1976-04-14
23006,1976-05-18,"Meeting, May 18, 1976",redbook,1976-05-12,fomc19760518redbook19760512.txt,https://fraser.stlouisfed.org/files/text/historical/FOMC/meetingdocuments/fomc19760518redbook19760512.txt,https://fraser.stlouisfed.org/docs/historical/FOMC/meetingdocuments/fomc19760518redbook19760512.pdf,1976-05-12
23007,1976-06-22,"Meeting, June 22, 1976",redbook,1976-06-16,fomc19760622redbook19760616.txt,https://fraser.stlouisfed.org/files/text/historical/FOMC/meetingdocuments/fomc19760622redbook19760616.txt,https://fraser.stlouisfed.org/docs/historical/FOMC/meetingdocuments/fomc19760622redbook19760616.pdf,1976-06-16
23008,1976-07-19,"Meeting, July 19-20, 1976",redbook,1976-07-14,fomc19760719redbook19760714.txt,https://fraser.stlouisfed.org/files/text/historical/FOMC/meetingdocuments/fomc19760719redbook19760714.txt,https://fraser.stlouisfed.org/docs/historical/FOMC/meetingdocuments/fomc19760719redbook19760714.pdf,1976-07-14
23355,1976-08-17,"Meeting, August 17, 1976",redbook,1976-08-11,fomc19760817redbook19760811.txt,https://fraser.stlouisfed.org/files/text/historical/FOMC/meetingdocuments/fomc19760817redbook19760811.txt,https://fraser.stlouisfed.org/docs/historical/FOMC/meetingdocuments/fomc19760817redbook19760811.pdf,1976-08-11
23013,1976-09-21,"Meeting, September 21, 1976",redbook,1976-09-15,fomc19760921redbook19760915.txt,https://fraser.stlouisfed.org/files/text/historical/FOMC/meetingdocuments/fomc19760921redbook19760915.txt,https://fraser.stlouisfed.org/docs/historical/FOMC/meetingdocuments/fomc19760921redbook19760915.pdf,1976-09-15
23009,1976-10-19,"Meeting, October 19, 1976",redbook,1976-10-13,fomc19761019redbook19761013.txt,https://fraser.stlouisfed.org/files/text/historical/FOMC/meetingdocuments/fomc19761019redbook19761013.txt,https://fraser.stlouisfed.org/docs/historical/FOMC/meetingdocuments/fomc19761019redbook19761013.pdf,1976-10-13
22486,1976-11-16,"Meeting, November 16, 1976",redbook,1976-11-10,fomc19761116redbook19761110.txt,https://fraser.stlouisfed.org/files/text/historical/FOMC/meetingdocuments/fomc19761116redbook19761110.txt,https://fraser.stlouisfed.org/docs/historical/FOMC/meetingdocuments/fomc19761116redbook19761110.pdf,1976-11-10
22487,1976-12-20,"Meeting, December 20-21, 1976",redbook,1976-12-15,fomc19761221redbook19761215.txt,https://fraser.stlouisfed.org/files/text/historical/FOMC/meetingdocuments/fomc19761221redbook19761215.txt,https://fraser.stlouisfed.org/docs/historical/FOMC/meetingdocuments/fomc19761221redbook19761215.pdf,1976-12-15
22488,1977-01-17,"Meeting, January 17-18, 1977",redbook,1977-01-13,fomc19770117redbook19770113.txt,https://fraser.stlouisfed.org/files/text/historical/FOMC/meetingdocuments/fomc19770117redbook19770113.txt,https://fraser.stlouisfed.org/docs/historical/FOMC/meetingdocuments/fomc19770117redbook19770113.pdf,1977-01-13
22489,1977-02-15,"Meeting, February 15, 1977",redbook,1977-02-09,fomc19770215redbook19770209.txt,https://fraser.stlouisfed.org/files/text/historical/FOMC/meetingdocuments/fomc19770215redbook19770209.txt,https://fraser.stlouisfed.org/docs/historical/FOMC/meetingdocuments/fomc19770215redbook19770209.pdf,1977-02-09
22490,1977-03-15,"Meeting, March 15, 1977",redbook,1977-03-09,fomc19770315redbook19770309.txt,https://fraser.stlouisfed.org/files/text/historical/FOMC/meetingdocuments/fomc19770315redbook19770309.txt,https://fraser.stlouisfed.org/docs/historical/FOMC/meetingdocuments/fomc19770315redbook19770309.pdf,1977-03-09
22491,1977-04-19,"Meeting, April 19, 1977",redbook,1977-04-12,fomc19770419redbook19770412.txt,https://fraser.stlouisfed.org/files/text/historical/FOMC/meetingdocuments/fomc19770419redbook19770412.txt,https://fraser.stlouisfed.org/docs/historical/FOMC/meetingdocuments/fomc19770419redbook19770412.pdf,1977-04-12
22492,1977-05-17,"Meeting, May 17, 1977",redbook,1977-05-10,fomc19770517redbook19770510.txt,https://fraser.stlouisfed.org/files/text/historical/FOMC/meetingdocuments/fomc19770517redbook19770510.txt,https://fraser.stlouisfed.org/docs/historical/FOMC/meetingdocuments/fomc19770517redbook19770510.pdf,1977-05-10
23014,1977-06-21,"Meeting, June 21, 1977",redbook,1977-06-15,fomc19770621redbook19770615.txt,https://fraser.stlouisfed.org/files/text/historical/FOMC/meetingdocuments/fomc19770621redbook19770615.txt,https://fraser.stlouisfed.org/docs/historical/FOMC/meetingdocuments/fomc19770621redbook19770615.pdf,1977-06-15
23459,1977-07-19,"Meeting, July 19, 1977",redbook,1977-07-13,fomc19770719redbook19770713.txt,https://fraser.stlouisfed.org/files/text/historical/FOMC/meetingdocuments/fomc19770719redbook19770713.txt,https://fraser.stlouisfed.org/docs/historical/FOMC/meetingdocuments/fomc19770719redbook19770713.pdf,1977-07-13
22493,1977-08-16,"Meeting, August 16, 1977",redbook,1977-08-10,fomc19770816redbook19770810.txt,https://fraser.stlouisfed.org/files/text/historical/FOMC/meetingdocuments/fomc19770816redbook19770810.txt,https://fraser.stlouisfed.org/docs/historical/FOMC/meetingdocuments/fomc19770816redbook19770810.pdf,1977-08-10
22494,1977-09-20,"Meeting, September 20, 1977",redbook,1977-09-14,fomc19770920redbook19770914.txt,https://fraser.stlouisfed.org/files/text/historical/FOMC/meetingdocuments/fomc19770920redbook19770914.txt,https://fraser.stlouisfed.org/docs/historical/FOMC/meetingdocuments/fomc19770920redbook19770914.pdf,1977-09-14
22495,1977-10-17,"Meeting, October 17-18, 1977",redbook,1977-10-11,fomc19771018redbook19771011.txt,https://fraser.stlouisfed.org/files/text/historical/FOMC/meetingdocuments/fomc19771018redbook19771011.txt,https://fraser.stlouisfed.org/docs/historical/FOMC/meetingdocuments/fomc19771018redbook19771011.pdf,1977-10-11
22496,1977-11-15,"Meeting, November 15, 1977",redbook,1977-11-09,fomc19771115redbook19771109.txt,https://fraser.stlouisfed.org/files/text/historical/FOMC/meetingdocuments/fomc19771115redbook19771109.txt,https://fraser.stlouisfed.org/docs/historical/FOMC/meetingdocuments/fomc19771115redbook19771109.pdf,1977-11-09
22497,1977-12-19,"Meeting, December 19-20, 1977",redbook,1977-12-14,fomc19771220redbook19771214.txt,https://fraser.stlouisfed.org/files/text/historical/FOMC/meetingdocuments/fomc19771220redbook19771214.txt,https://fraser.stlouisfed.org/docs/historical/FOMC/meetingdocuments/fomc19771220redbook19771214.pdf,1977-12-14
23016,1978-01-17,"Meeting, January 17, 1978",redbook,1978-01-11,fomc19780117redbook19780111.txt,https://fraser.stlouisfed.org/files/text/historical/FOMC/meetingdocuments/fomc19780117redbook19780111.txt,https://fraser.stlouisfed.org/docs/historical/FOMC/meetingdocuments/fomc19780117redbook19780111.pdf,1978-01-11
23354,1978-02-28,"Meeting, February 28, 1978",redbook,1978-02-21,fomc19780228redbook19780221.txt,https://fraser.stlouisfed.org/files/text/historical/FOMC/meetingdocuments/fomc19780228redbook19780221.txt,https://fraser.stlouisfed.org/docs/historical/FOMC/meetingdocuments/fomc19780228redbook19780221.pdf,1978-02-21
23018,1978-03-21,"Meeting, March 21, 1978",redbook,1978-03-15,fomc19780321redbook19780315.txt,https://fraser.stlouisfed.org/files/text/historical/FOMC/meetingdocuments/fomc19780321redbook19780315.txt,https://fraser.stlouisfed.org/docs/historical/FOMC/meetingdocuments/fomc19780321redbook19780315.pdf,1978-03-15
23019,1978-04-18,"Meeting, April 18, 1978",redbook,1978-04-12,fomc19780418redbook19780412.txt,https://fraser.stlouisfed.org/files/text/historical/FOMC/meetingdocuments/fomc19780418redbook19780412.txt,https://fraser.stlouisfed.org/docs/historical/FOMC/meetingdocuments/fomc19780418redbook19780412.pdf,1978-04-12
23021,1978-05-16,"Meeting, May 16, 1978",redbook,1978-05-10,fomc19780516redbook19780510.txt,https://fraser.stlouisfed.org/files/text/historical/FOMC/meetingdocuments/fomc19780516redbook19780510.txt,https://fraser.stlouisfed.org/docs/historical/FOMC/meetingdocuments/fomc19780516redbook19780510.pdf,1978-05-10
22498,1978-06-20,"Meeting, June 20, 1978",redbook,1978-06-14,fomc19780620redbook19780614.txt,https://fraser.stlouisfed.org/files/text/historical/FOMC/meetingdocuments/fomc19780620redbook19780614.txt,https://fraser.stlouisfed.org/docs/historical/FOMC/meetingdocuments/fomc19780620redbook19780614.pdf,1978-06-14
22499,1978-07-18,"Meeting, July 18, 1978",redbook,1978-07-12,fomc19780718redbook19780712.txt,https://fraser.stlouisfed.org/files/text/historical/FOMC/meetingdocuments/fomc19780718redbook19780712.txt,https://fraser.stlouisfed.org/docs/historical/FOMC/meetingdocuments/fomc19780718redbook19780712.pdf,1978-07-12
23458,1978-08-15,"Meeting, August 15, 1978",redbook,1978-08-09,fomc19780815redbook19780809.txt,https://fraser.stlouisfed.org/files/text/historical/FOMC/meetingdocuments/fomc19780815redbook19780809.txt,https://fraser.stlouisfed.org/docs/historical/FOMC/meetingdocuments/fomc19780815redbook19780809.pdf,1978-08-09
23023,1978-09-19,"Meeting, September 19, 1978",redbook,1978-09-13,fomc19780919redbook19780913.txt,https://fraser.stlouisfed.org/files/text/historical/FOMC/meetingdocuments/fomc19780919redbook19780913.txt,https://fraser.stlouisfed.org/docs/historical/FOMC/meetingdocuments/fomc19780919redbook19780913.pdf,1978-09-13
23353,1978-10-17,"Meeting, October 17, 1978",redbook,1978-10-11,fomc19781017redbook19781011.txt,https://fraser.stlouisfed.org/files/text/historical/FOMC/meetingdocuments/fomc19781017redbook19781011.txt,https://fraser.stlouisfed.org/docs/historical/FOMC/meetingdocuments/fomc19781017redbook19781011.pdf,1978-10-11
23024,1978-11-21,"Meeting, November 21, 1978",redbook,1978-11-15,fomc19781121redbook19781115.txt,https://fraser.stlouisfed.org/files/text/historical/FOMC/meetingdocuments/fomc19781121redbook19781115.txt,https://fraser.stlouisfed.org/docs/historical/FOMC/meetingdocuments/fomc19781121redbook19781115.pdf,1978-11-15
23351,1978-12-19,"Meeting, December 19, 1978",redbook,1978-12-13,fomc19781219redbook19781213.txt,https://fraser.stlouisfed.org/files/text/historical/FOMC/meetingdocuments/fomc19781219redbook19781213.txt,https://fraser.stlouisfed.org/docs/historical/FOMC/meetingdocuments/fomc19781219redbook19781213.pdf,1978-12-13
23028,1979-02-06,"Meeting, February 6, 1979",redbook,1979-01-31,fomc19790206redbook19790131.txt,https://fraser.stlouisfed.org/files/text/historical/FOMC/meetingdocuments/fomc19790206redbook19790131.txt,https://fraser.stlouisfed.org/docs/historical/FOMC/meetingdocuments/fomc19790206redbook19790131.pdf,1979-01-31
23026,1979-03-20,"Meeting, March 20, 1979",redbook,1979-03-14,fomc19790320redbook19790314.txt,https://fraser.stlouisfed.org/files/text/historical/FOMC/meetingdocuments/fomc19790320redbook19790314.txt,https://fraser.stlouisfed.org/docs/historical/FOMC/meetingdocuments/fomc19790320redbook19790314.pdf,1979-03-14
23029,1979-04-17,"Meeting, April 17, 1979",redbook,1979-04-11,fomc19790417redbook19790411.txt,https://fraser.stlouisfed.org/files/text/historical/FOMC/meetingdocuments/fomc19790417redbook19790411.txt,https://fraser.stlouisfed.org/docs/historical/FOMC/meetingdocuments/fomc19790417redbook19790411.pdf,1979-04-11
23030,1979-05-22,"Meeting, May 22, 1979",redbook,1979-05-16,fomc19790522redbook19790516.txt,https://fraser.stlouisfed.org/files/text/historical/FOMC/meetingdocuments/fomc19790522redbook19790516.txt,https://fraser.stlouisfed.org/docs/historical/FOMC/meetingdocuments/fomc19790522redbook19790516.pdf,1979-05-16
23032,1979-07-11,"Meeting, July 11, 1979",redbook,1979-07-05,fomc19790711redbook19790705.txt,https://fraser.stlouisfed.org/files/text/historical/FOMC/meetingdocuments/fomc19790711redbook19790705.txt,https://fraser.stlouisfed.org/docs/historical/FOMC/meetingdocuments/fomc19790711redbook19790705.pdf,1979-07-05
23035,1979-08-14,"Meeting, August 14, 1979",redbook,1979-08-07,fomc19790814redbook19790807.txt,https://fraser.stlouisfed.org/files/text/historical/FOMC/meetingdocuments/fomc19790814redbook19790807.txt,https://fraser.stlouisfed.org/docs/historical/FOMC/meetingdocuments/fomc19790814redbook19790807.pdf,1979-08-07
23036,1979-09-18,"Meeting, September 18, 1979",redbook,1979-09-12,fomc19790918redbook19790912.txt,https://fraser.stlouisfed.org/files/text/historical/FOMC/meetingdocuments/fomc19790918redbook19790912.txt,https://fraser.stlouisfed.org/docs/historical/FOMC/meetingdocuments/fomc19790918redbook19790912.pdf,1979-09-12
23038,1979-10-06,"Meeting, October 6, 1979",redbook,1979-10-10,fomc19791006redbook19791010.txt,https://fraser.stlouisfed.org/files/text/historical/FOMC/meetingdocuments/fomc19791006redbook19791010.txt,https://fraser.stlouisfed.org/docs/historical/FOMC/meetingdocuments/fomc19791006redbook19791010.pdf,1979-10-10
23348,1979-11-20,"Meeting, November 20, 1979",redbook,1979-11-14,fomc19791120redbook19791114.txt,https://fraser.stlouisfed.org/files/text/historical/FOMC/meetingdocuments/fomc19791120redbook19791114.txt,https://fraser.stlouisfed.org/docs/historical/FOMC/meetingdocuments/fomc19791120redbook19791114.pdf,1979-11-14
23040,1980-01-08,"Meeting, January 8-9, 1980",redbook,1980-01-02,fomc19800109redbook19800102.txt,https://fraser.stlouisfed.org/files/text/historical/FOMC/meetingdocuments/fomc19800109redbook19800102.txt,https://fraser.stlouisfed.org/docs/historical/FOMC/meetingdocuments/fomc19800109redbook19800102.pdf,1980-01-02
23041,1980-02-04,"Meeting, February 4-5, 1980",redbook,1980-01-29,fomc19800204redbook19800129.txt,https://fraser.stlouisfed.org/files/text/historical/FOMC/meetingdocuments/fomc19800204redbook19800129.txt,https://fraser.stlouisfed.org/docs/historical/FOMC/meetingdocuments/fomc19800204redbook19800129.pdf,1980-01-29
23044,1980-03-18,"Meeting, March 18, 1980",redbook,1980-03-11,fomc19800318redbook19800311.txt,https://fraser.stlouisfed.org/files/text/historical/FOMC/meetingdocuments/fomc19800318redbook19800311.txt,https://fraser.stlouisfed.org/docs/historical/FOMC/meetingdocuments/fomc19800318redbook19800311.pdf,1980-03-11
23046,1980-04-22,"Meeting, April 22, 1980",redbook,1980-04-15,fomc19800422redbook19800415.txt,https://fraser.stlouisfed.org/files/text/historical/FOMC/meetingdocuments/fomc19800422redbook19800415.txt,https://fraser.stlouisfed.org/docs/historical/FOMC/meetingdocuments/fomc19800422redbook19800415.pdf,1980-04-15
23049,1980-05-20,"Meeting, May 20, 1980",redbook,1980-05-14,fomc19800520redbook19800514.txt,https://fraser.stlouisfed.org/files/text/historical/FOMC/meetingdocuments/fomc19800520redbook19800514.txt,https://fraser.stlouisfed.org/docs/historical/FOMC/meetingdocuments/fomc19800520redbook19800514.pdf,1980-05-14
23347,1980-07-09,"Meeting, July 9, 1980",redbook,1980-07-01,fomc19800709redbook19800701.txt,https://fraser.stlouisfed.org/files/text/historical/FOMC/meetingdocuments/fomc19800709redbook19800701.txt,https://fraser.stlouisfed.org/docs/historical/FOMC/meetingdocuments/fomc19800709redbook19800701.pdf,1980-07-01
23345,1980-08-12,"Meeting, August 12, 1980",redbook,1980-08-05,fomc19800812redbook19800805.txt,https://fraser.stlouisfed.org/files/text/historical/FOMC/meetingdocuments/fomc19800812redbook19800805.txt,https://fraser.stlouisfed.org/docs/historical/FOMC/meetingdocuments/fomc19800812redbook19800805.pdf,1980-08-05
23045,1980-09-16,"Meeting, September 16, 1980",redbook,1980-09-09,fomc19800916redbook19800909.txt,https://fraser.stlouisfed.org/files/text/historical/FOMC/meetingdocuments/fomc19800916redbook19800909.txt,https://fraser.stlouisfed.org/docs/historical/FOMC/meetingdocuments/fomc19800916redbook19800909.pdf,1980-09-09
23051,1980-10-21,"Meeting, October 21, 1980",redbook,1980-10-14,fomc19801021redbook19801014.txt,https://fraser.stlouisfed.org/files/text/historical/FOMC/meetingdocuments/fomc19801021redbook19801014.txt,https://fraser.stlouisfed.org/docs/historical/FOMC/meetingdocuments/fomc19801021redbook19801014.pdf,1980-10-14
23052,1980-11-18,"Meeting, November 18, 1980",redbook,1980-11-12,fomc19801118redbook19801112.txt,https://fraser.stlouisfed.org/files/text/historical/FOMC/meetingdocuments/fomc19801118redbook19801112.txt,https://fraser.stlouisfed.org/docs/historical/FOMC/meetingdocuments/fomc19801118redbook19801112.pdf,1980-11-12
23059,1980-12-18,"Meeting, December 18-19, 1980",redbook,1980-12-10,fomc19801218redbook19801210.txt,https://fraser.stlouisfed.org/files/text/historical/FOMC/meetingdocuments/fomc19801218redbook19801210.txt,https://fraser.stlouisfed.org/docs/historical/FOMC/meetingdocuments/fomc19801218redbook19801210.pdf,1980-12-10
23060,1981-02-02,"Meeting, February 2-3, 1981",redbook,1981-01-28,fomc19810202redbook19810128.txt,https://fraser.stlouisfed.org/files/text/historical/FOMC/meetingdocuments/fomc19810202redbook19810128.txt,https://fraser.stlouisfed.org/docs/historical/FOMC/meetingdocuments/fomc19810202redbook19810128.pdf,1981-01-28
23053,1981-03-31,"Meeting, March 31, 1981",redbook,1981-03-25,fomc19810331redbook19810325.txt,https://fraser.stlouisfed.org/files/text/historical/FOMC/meetingdocuments/fomc19810331redbook19810325.txt,https://fraser.stlouisfed.org/docs/historical/FOMC/meetingdocuments/fomc19810331redbook19810325.pdf,1981-03-25
23065,1981-05-18,"Meeting, May 18, 1981",redbook,1981-05-13,fomc19810518redbook19810513.txt,https://fraser.stlouisfed.org/files/text/historical/FOMC/meetingdocuments/fomc19810518redbook19810513.txt,https://fraser.stlouisfed.org/docs/historical/FOMC/meetingdocuments/fomc19810518redbook19810513.pdf,1981-05-13
23328,1981-07-06,"Meeting, July 6-7, 1981",redbook,1981-06-30,fomc19810706redbook19810630.txt,https://fraser.stlouisfed.org/files/text/historical/FOMC/meetingdocuments/fomc19810706redbook19810630.txt,https://fraser.stlouisfed.org/docs/historical/FOMC/meetingdocuments/fomc19810706redbook19810630.pdf,1981-06-30
23069,1981-08-18,"Meeting, August 18, 1981",redbook,1981-08-11,fomc19810818redbook19810811.txt,https://fraser.stlouisfed.org/files/text/historical/FOMC/meetingdocuments/fomc19810818redbook19810811.txt,https://fraser.stlouisfed.org/docs/historical/FOMC/meetingdocuments/fomc19810818redbook19810811.pdf,1981-08-11
23346,1981-10-05,"Meeting, October 5-6, 1981",redbook,1981-09-30,fomc19811005redbook19810930.txt,https://fraser.stlouisfed.org/files/text/historical/FOMC/meetingdocuments/fomc19811005redbook19810930.txt,https://fraser.stlouisfed.org/docs/historical/FOMC/meetingdocuments/fomc19811005redbook19810930.pdf,1981-09-30
23057,1981-11-17,"Meeting, November 17, 1981",redbook,1981-11-10,fomc19811117redbook19811110.txt,https://fraser.stlouisfed.org/files/text/historical/FOMC/meetingdocuments/fomc19811117redbook19811110.txt,https://fraser.stlouisfed.org/docs/historical/FOMC/meetingdocuments/fomc19811117redbook19811110.pdf,1981-11-10
23341,1981-12-21,"Meeting, December 21-22, 1981",redbook,1981-12-16,fomc19811222redbook19811216.txt,https://fraser.stlouisfed.org/files/text/historical/FOMC/meetingdocuments/fomc19811222redbook19811216.txt,https://fraser.stlouisfed.org/docs/historical/FOMC/meetingdocuments/fomc19811222redbook19811216.pdf,1981-12-16
23063,1982-02-01,"Meeting, February 1-2, 1982",redbook,1982-01-27,fomc19820202redbook19820127.txt,https://fraser.stlouisfed.org/files/text/historical/FOMC/meetingdocuments/fomc19820202redbook19820127.txt,https://fraser.stlouisfed.org/docs/historical/FOMC/meetingdocuments/fomc19820202redbook19820127.pdf,1982-01-27
23340,1982-03-29,"Meeting, March 29-30, 1982",redbook,1982-03-23,fomc19820330redbook19820323.txt,https://fraser.stlouisfed.org/files/text/historical/FOMC/meetingdocuments/fomc19820330redbook19820323.txt,https://fraser.stlouisfed.org/docs/historical/FOMC/meetingdocuments/fomc19820330redbook19820323.pdf,1982-03-23
23064,1982-05-18,"Meeting, May 18, 1982",redbook,1982-05-12,fomc19820518redbook19820512.txt,https://fraser.stlouisfed.org/files/text/historical/FOMC/meetingdocuments/fomc19820518redbook19820512.txt,https://fraser.stlouisfed.org/docs/historical/FOMC/meetingdocuments/fomc19820518redbook19820512.pdf,1982-05-12
23071,1982-06-30,"Meeting, June 30-July 1, 1982",redbook,1982-06-23,fomc19820701redbook19820623.txt,https://fraser.stlouisfed.org/files/text/historical/FOMC/meetingdocuments/fomc19820701redbook19820623.txt,https://fraser.stlouisfed.org/docs/historical/FOMC/meetingdocuments/fomc19820701redbook19820623.pdf,1982-06-23
23073,1982-08-24,"Meeting, August 24, 1982",redbook,1982-08-18,fomc19820824redbook19820818.txt,https://fraser.stlouisfed.org/files/text/historical/FOMC/meetingdocuments/fomc19820824redbook19820818.txt,https://fraser.stlouisfed.org/docs/historical/FOMC/meetingdocuments/fomc19820824redbook19820818.pdf,1982-08-18
23075,1982-10-05,"Meeting, October 5, 1982",redbook,1982-09-29,fomc19821005redbook19820929.txt,https://fraser.stlouisfed.org/files/text/historical/FOMC/meetingdocuments/fomc19821005redbook19820929.txt,https://fraser.stlouisfed.org/docs/historical/FOMC/meetingdocuments/fomc19821005redbook19820929.pdf,1982-09-29
23076,1982-11-16,"Meeting, November 16, 1982",redbook,1982-11-16,fomc19821116redbook19821116.txt,https://fraser.stlouisfed.org/files/text/historical/FOMC/meetingdocuments/fomc19821116redbook19821116.txt,https://fraser.stlouisfed.org/docs/historical/FOMC/meetingdocuments/fomc19821116redbook19821116.pdf,1982-11-16
23343,1982-12-20,"Meeting, December 20-21, 1982",redbook,1982-12-15,fomc19821221redbook19821215.txt,https://fraser.stlouisfed.org/files/text/historical/FOMC/meetingdocuments/fomc19821221redbook19821215.txt,https://fraser.stlouisfed.org/docs/historical/FOMC/meetingdocuments/fomc19821221redbook19821215.pdf,1982-12-15
23344,1983-02-08,"Meeting, February 8-9, 1983",redbook,1983-02-02,fomc19830209redbook19830202.txt,https://fraser.stlouisfed.org/files/text/historical/FOMC/meetingdocuments/fomc19830209redbook19830202.txt,https://fraser.stlouisfed.org/docs/historical/FOMC/meetingdocuments/fomc19830209redbook19830202.pdf,1983-02-02
23084,1983-03-28,"Meeting, March 28-29, 1983",redbook,1983-03-23,fomc19830329redbook19830323.txt,https://fraser.stlouisfed.org/files/text/historical/FOMC/meetingdocuments/fomc19830329redbook19830323.txt,https://fraser.stlouisfed.org/docs/historical/FOMC/meetingdocuments/fomc19830329redbook19830323.pdf,1983-03-23
23086,1983-05-24,"Meeting, May 24, 1983",redbook,1983-05-18,fomc19830524redbook19830518.txt,https://fraser.stlouisfed.org/files/text/historical/FOMC/meetingdocuments/fomc19830524redbook19830518.txt,https://fraser.stlouisfed.org/docs/historical/FOMC/meetingdocuments/fomc19830524redbook19830518.pdf,1983-05-18
23212,1994-02-03,"Meeting, February 3-4, 1994",statement,1994-02-04,19940204statement.txt,https://fraser.stlouisfed.org/files/text/historical/FOMC/meetingdocuments/19940204statement.txt,https://fraser.stlouisfed.org/docs/historical/FOMC/meetingdocuments/19940204statement.pdf,1994-02-04
23214,1994-03-22,"Meeting, March 22, 1994",statement,1994-03-22,19940322statement.txt,https://fraser.stlouisfed.org/files/text/historical/FOMC/meetingdocuments/19940322statement.txt,https://fraser.stlouisfed.org/docs/historical/FOMC/meetingdocuments/19940322statement.pdf,1994-03-22
23216,1994-04-18,"Telephone Conference, April 18, 1994",statement,1994-04-18,19940418statement.txt,https://fraser.stlouisfed.org/files/text/historical/FOMC/meetingdocuments/19940418statement.txt,https://fraser.stlouisfed.org/docs/historical/FOMC/meetingdocuments/19940418statement.pdf,1994-04-18
23217,1994-05-17,"Meeting, May 17, 1994",statement,1994-05-17,19940517statement.txt,https://fraser.stlouisfed.org/files/text/historical/FOMC/meetingdocuments/19940517statement.txt,https://fraser.stlouisfed.org/docs/historical/FOMC/meetingdocuments/19940517statement.pdf,1994-05-17
23219,1994-08-16,"Meeting, August 16, 1994",statement,1994-08-16,19940816statement.txt,https://fraser.stlouisfed.org/files/text/historical/FOMC/meetingdocuments/19940816statement.txt,https://fraser.stlouisfed.org/docs/historical/FOMC/meetingdocuments/19940816statement.pdf,1994-08-16
23330,1994-11-15,"Meeting, November 15, 1994",statement,1994-11-15,19941115statement.txt,https://fraser.stlouisfed.org/files/text/historical/FOMC/meetingdocuments/19941115statement.txt,https://fraser.stlouisfed.org/docs/historical/FOMC/meetingdocuments/19941115statement.pdf,1994-11-15
23222,1995-01-31,"Meeting, January 31-February 1, 1995",statement,1995-02-01,19950201statement.txt,https://fraser.stlouisfed.org/files/text/historical/FOMC/meetingdocuments/19950201statement.txt,https://fraser.stlouisfed.org/docs/historical/FOMC/meetingdocuments/19950201statement.pdf,1995-02-01
23226,1995-07-05,"Meeting, July 5-6, 1995",statement,1995-07-06,19950706statement.txt,https://fraser.stlouisfed.org/files/text/historical/FOMC/meetingdocuments/19950706statement.txt,https://fraser.stlouisfed.org/docs/historical/FOMC/meetingdocuments/19950706statement.pdf,1995-07-06
23327,1995-12-19,"Meeting, December 19, 1995",statement,1995-12-19,19951219statement.txt,https://fraser.stlouisfed.org/files/text/historical/FOMC/meetingdocuments/19951219statement.txt,https://fraser.stlouisfed.org/docs/historical/FOMC/meetingdocuments/19951219statement.pdf,1995-12-19
23142,1996-01-30,"Meeting, January 30-31, 1996",statement,1996-01-31,19960131statement.txt,https://fraser.stlouisfed.org/files/text/historical/FOMC/meetingdocuments/19960131statement.txt,https://fraser.stlouisfed.org/docs/historical/FOMC/meetingdocuments/19960131statement.pdf,1996-01-31
23161,1997-03-25,"Meeting, March 25, 1997",statement,1997-03-25,19970325statement.txt,https://fraser.stlouisfed.org/files/text/historical/FOMC/meetingdocuments/19970325statement.txt,https://fraser.stlouisfed.org/docs/historical/FOMC/meetingdocuments/19970325statement.pdf,1997-03-25
23233,1998-09-29,"Meeting, September 29, 1998",statement,1998-09-29,19980929statement.txt,https://fraser.stlouisfed.org/files/text/historical/FOMC/meetingdocuments/19980929statement.txt,https://fraser.stlouisfed.org/docs/historical/FOMC/meetingdocuments/19980929statement.pdf,1998-09-29
23234,1998-10-15,"Telephone Conference, October 15, 1998",statement,1998-10-15,19981015statement.txt,https://fraser.stlouisfed.org/files/text/historical/FOMC/meetingdocuments/19981015statement.txt,https://fraser.stlouisfed.org/docs/historical/FOMC/meetingdocuments/19981015statement.pdf,1998-10-15
22555,1998-11-17,"Meeting, November 17, 1998",statement,1998-11-17,19981117statement.txt,https://fraser.stlouisfed.org/files/text/historical/FOMC/meetingdocuments/19981117statement.txt,https://fraser.stlouisfed.org/docs/historical/FOMC/meetingdocuments/19981117statement.pdf,1998-11-17
22554,1999-05-18,"Meeting, May 18, 1999",statement,1999-05-18,19990518statement.txt,https://fraser.stlouisfed.org/files/text/historical/FOMC/meetingdocuments/19990518statement.txt,https://fraser.stlouisfed.org/docs/historical/FOMC/meetingdocuments/19990518statement.pdf,1999-05-18
23182,1999-06-29,"Meeting, June 29-30, 1999",statement,1999-06-30,19990630statement.txt,https://fraser.stlouisfed.org/files/text/historical/FOMC/meetingdocuments/19990630statement.txt,https://fraser.stlouisfed.org/docs/historical/FOMC/meetingdocuments/19990630statement.pdf,1999-06-30
23239,1999-08-24,"Meeting, August 24, 1999",statement,1999-08-24,19990824statement.txt,https://fraser.stlouisfed.org/files/text/historical/FOMC/meetingdocuments/19990824statement.txt,https://fraser.stlouisfed.org/docs/historical/FOMC/meetingdocuments/19990824statement.pdf,1999-08-24
23185,1999-10-05,"Meeting, October 5, 1999",statement,1999-10-05,19991005statement.txt,https://fraser.stlouisfed.org/files/text/historical/FOMC/meetingdocuments/19991005statement.txt,https://fraser.stlouisfed.org/docs/historical/FOMC/meetingdocuments/19991005statement.pdf,1999-10-05
23190,1999-11-16,"Meeting, November 16, 1999",statement,1999-11-16,19991116statement.txt,https://fraser.stlouisfed.org/files/text/historical/FOMC/meetingdocuments/19991116statement.txt,https://fraser.stlouisfed.org/docs/historical/FOMC/meetingdocuments/19991116statement.pdf,1999-11-16
23191,1999-12-21,"Meeting, December 21, 1999",statement,1999-12-21,19991221statement.txt,https://fraser.stlouisfed.org/files/text/historical/FOMC/meetingdocuments/19991221statement.txt,https://fraser.stlouisfed.org/docs/historical/FOMC/meetingdocuments/19991221statement.pdf,1999-12-21
23192,2000-02-01,"Meeting, February 1-2, 2000",statement,2000-02-02,20000202statement.txt,https://fraser.stlouisfed.org/files/text/historical/FOMC/meetingdocuments/20000202statement.txt,https://fraser.stlouisfed.org/docs/historical/FOMC/meetingdocuments/20000202statement.pdf,2000-02-02
22564,2000-03-21,"Meeting, March 21, 2000",statement,2000-03-21,20000321statement.txt,https://fraser.stlouisfed.org/files/text/historical/FOMC/meetingdocuments/20000321statement.txt,https://fraser.stlouisfed.org/docs/historical/FOMC/meetingdocuments/20000321statement.pdf,2000-03-21
22563,2000-05-16,"Meeting, May 16, 2000",statement,2000-05-16,20000516statement.txt,https://fraser.stlouisfed.org/files/text/historical/FOMC/meetingdocuments/20000516statement.txt,https://fraser.stlouisfed.org/docs/historical/FOMC/meetingdocuments/20000516statement.pdf,2000-05-16
23199,2000-06-27,"Meeting, June 27-28, 2000",statement,2000-06-28,20000628statement.txt,https://fraser.stlouisfed.org/files/text/historical/FOMC/meetingdocuments/20000628statement.txt,https://fraser.stlouisfed.org/docs/historical/FOMC/meetingdocuments/20000628statement.pdf,2000-06-28
23200,2000-08-22,"Meeting, August 22, 2000",statement,2000-08-22,20000822statement.txt,https://fraser.stlouisfed.org/files/text/historical/FOMC/meetingdocuments/20000822statement.txt,https://fraser.stlouisfed.org/docs/historical/FOMC/meetingdocuments/20000822statement.pdf,2000-08-22
23241,2000-10-03,"Meeting, October 3, 2000",statement,2000-10-03,20001003statement.txt,https://fraser.stlouisfed.org/files/text/historical/FOMC/meetingdocuments/20001003statement.txt,https://fraser.stlouisfed.org/docs/historical/FOMC/meetingdocuments/20001003statement.pdf,2000-10-03
23201,2000-11-15,"Meeting, November 15, 2000",statement,2000-11-15,20001115statement.txt,https://fraser.stlouisfed.org/files/text/historical/FOMC/meetingdocuments/20001115statement.txt,https://fraser.stlouisfed.org/docs/historical/FOMC/meetingdocuments/20001115statement.pdf,2000-11-15
23208,2000-12-19,"Meeting, December 19, 2000",statement,2000-12-19,20001219statement.txt,https://fraser.stlouisfed.org/files/text/historical/FOMC/meetingdocuments/20001219statement.txt,https://fraser.stlouisfed.org/docs/historical/FOMC/meetingdocuments/20001219statement.pdf,2000-12-19
23230,2001-01-03,"Telephone Conference, January 3, 2001",statement,2001-01-03,20010103statement.txt,https://fraser.stlouisfed.org/files/text/historical/FOMC/meetingdocuments/20010103statement.txt,https://fraser.stlouisfed.org/docs/historical/FOMC/meetingdocuments/20010103statement.pdf,2001-01-03
23231,2001-01-30,"Meeting, January 30-31, 2001",statement,2001-01-31,20010131statement.txt,https://fraser.stlouisfed.org/files/text/historical/FOMC/meetingdocuments/20010131statement.txt,https://fraser.stlouisfed.org/docs/historical/FOMC/meetingdocuments/20010131statement.pdf,2001-01-31
22556,2001-03-20,"Meeting, March 20, 2001",statement,2001-03-20,20010320statement.txt,https://fraser.stlouisfed.org/files/text/historical/FOMC/meetingdocuments/20010320statement.txt,https://fraser.stlouisfed.org/docs/historical/FOMC/meetingdocuments/20010320statement.pdf,2001-03-20
22553,2001-04-18,"Telephone Conference, April 18, 2001",statement,2001-04-18,20010418statement.txt,https://fraser.stlouisfed.org/files/text/historical/FOMC/meetingdocuments/20010418statement.txt,https://fraser.stlouisfed.org/docs/historical/FOMC/meetingdocuments/20010418statement.pdf,2001-04-18
23244,2001-05-15,"Meeting, May 15, 2001",statement,2001-05-15,20010515statement.txt,https://fraser.stlouisfed.org/files/text/historical/FOMC/meetingdocuments/20010515statement.txt,https://fraser.stlouisfed.org/docs/historical/FOMC/meetingdocuments/20010515statement.pdf,2001-05-15
23245,2001-06-26,"Meeting, June 26-27, 2001",statement,2001-06-27,20010627statement.txt,https://fraser.stlouisfed.org/files/text/historical/FOMC/meetingdocuments/20010627statement.txt,https://fraser.stlouisfed.org/docs/historical/FOMC/meetingdocuments/20010627statement.pdf,2001-06-27
23246,2001-08-21,"Meeting, August 21, 2001",statement,2001-08-21,20010821statement.txt,https://fraser.stlouisfed.org/files/text/historical/FOMC/meetingdocuments/20010821statement.txt,https://fraser.stlouisfed.org/docs/historical/FOMC/meetingdocuments/20010821statement.pdf,2001-08-21
23247,2001-09-17,"Telephone Conference, September 17, 2001",statement,2001-09-17,20010917statement.txt,https://fraser.stlouisfed.org/files/text/historical/FOMC/meetingdocuments/20010917statement.txt,https://fraser.stlouisfed.org/docs/historical/FOMC/meetingdocuments/20010917statement.pdf,2001-09-17
23232,2001-10-02,"Meeting, October 2, 2001",statement,2001-10-02,20011002statement.txt,https://fraser.stlouisfed.org/files/text/historical/FOMC/meetingdocuments/20011002statement.txt,https://fraser.stlouisfed.org/docs/historical/FOMC/meetingdocuments/20011002statement.pdf,2001-10-02
23249,2001-11-06,"Meeting, November 6, 2001",statement,2001-11-06,20011106statement.txt,https://fraser.stlouisfed.org/files/text/historical/FOMC/meetingdocuments/20011106statement.txt,https://fraser.stlouisfed.org/docs/historical/FOMC/meetingdocuments/20011106statement.pdf,2001-11-06
23238,2001-12-11,"Meeting, December 11, 2001",statement,2001-12-11,20011211statement.txt,https://fraser.stlouisfed.org/files/text/historical/FOMC/meetingdocuments/20011211statement.txt,https://fraser.stlouisfed.org/docs/historical/FOMC/meetingdocuments/20011211statement.pdf,2001-12-11
23240,2002-01-29,"Meeting, January 29-30, 2002",statement,2002-01-30,20020130statement.txt,https://fraser.stlouisfed.org/files/text/historical/FOMC/meetingdocuments/20020130statement.txt,https://fraser.stlouisfed.org/docs/historical/FOMC/meetingdocuments/20020130statement.pdf,2002-01-30
23243,2002-03-19,"Meeting, March 19, 2002",statement,2002-03-19,20020319statement.txt,https://fraser.stlouisfed.org/files/text/historical/FOMC/meetingdocuments/20020319statement.txt,https://fraser.stlouisfed.org/docs/historical/FOMC/meetingdocuments/20020319statement.pdf,2002-03-19
23248,2002-05-07,"Meeting, May 7, 2002",statement,2002-05-07,20020507statement.txt,https://fraser.stlouisfed.org/files/text/historical/FOMC/meetingdocuments/20020507statement.txt,https://fraser.stlouisfed.org/docs/historical/FOMC/meetingdocuments/20020507statement.pdf,2002-05-07
22507,2002-06-25,"Meeting, June 25-26, 2002",statement,2002-06-26,20020626statement.txt,https://fraser.stlouisfed.org/files/text/historical/FOMC/meetingdocuments/20020626statement.txt,https://fraser.stlouisfed.org/docs/historical/FOMC/meetingdocuments/20020626statement.pdf,2002-06-26
22508,2002-08-13,"Meeting, August 13, 2002",statement,2002-08-13,20020813statement.txt,https://fraser.stlouisfed.org/files/text/historical/FOMC/meetingdocuments/20020813statement.txt,https://fraser.stlouisfed.org/docs/historical/FOMC/meetingdocuments/20020813statement.pdf,2002-08-13
22509,2002-09-24,"Meeting, September 24, 2002",statement,2002-09-24,20020924statement.txt,https://fraser.stlouisfed.org/files/text/historical/FOMC/meetingdocuments/20020924statement.txt,https://fraser.stlouisfed.org/docs/historical/FOMC/meetingdocuments/20020924statement.pdf,2002-09-24
22510,2002-11-06,"Meeting, November 6, 2002",statement,2002-11-06,20021106statement.txt,https://fraser.stlouisfed.org/files/text/historical/FOMC/meetingdocuments/20021106statement.txt,https://fraser.stlouisfed.org/docs/historical/FOMC/meetingdocuments/20021106statement.pdf,2002-11-06
22551,2002-12-10,"Meeting, December 10, 2002",statement,2002-12-10,20021210statement.txt,https://fraser.stlouisfed.org/files/text/historical/FOMC/meetingdocuments/20021210statement.txt,https://fraser.stlouisfed.org/docs/historical/FOMC/meetingdocuments/20021210statement.pdf,2002-12-10
22511,2003-01-28,"Meeting, January 28-29, 2003",statement,2003-01-29,20030129statement.txt,https://fraser.stlouisfed.org/files/text/historical/FOMC/meetingdocuments/20030129statement.txt,https://fraser.stlouisfed.org/docs/historical/FOMC/meetingdocuments/20030129statement.pdf,2003-01-29
22512,2003-03-18,"Meeting, March 18, 2003",statement,2003-03-18,20030318statement.txt,https://fraser.stlouisfed.org/files/text/historical/FOMC/meetingdocuments/20030318statement.txt,https://fraser.stlouisfed.org/docs/historical/FOMC/meetingdocuments/20030318statement.pdf,2003-03-18
23254,2003-05-06,"Meeting, May 6, 2003",statement,2003-05-06,20030506statement.txt,https://fraser.stlouisfed.org/files/text/historical/FOMC/meetingdocuments/20030506statement.txt,https://fraser.stlouisfed.org/docs/historical/FOMC/meetingdocuments/20030506statement.pdf,2003-05-06
23255,2003-06-24,"Meeting, June 24-25, 2003",statement,2003-06-25,20030625statement.txt,https://fraser.stlouisfed.org/files/text/historical/FOMC/meetingdocuments/20030625statement.txt,https://fraser.stlouisfed.org/docs/historical/FOMC/meetingdocuments/20030625statement.pdf,2003-06-25
22513,2003-08-12,"Meeting, August 12, 2003",statement,2003-08-12,20030812statement.txt,https://fraser.stlouisfed.org/files/text/historical/FOMC/meetingdocuments/20030812statement.txt,https://fraser.stlouisfed.org/docs/historical/FOMC/meetingdocuments/20030812statement.pdf,2003-08-12
22540,2003-09-16,"Meeting, September 16, 2003",statement,2003-09-16,20030916statement.txt,https://fraser.stlouisfed.org/files/text/historical/FOMC/meetingdocuments/20030916statement.txt,https://fraser.stlouisfed.org/docs/historical/FOMC/meetingdocuments/20030916statement.pdf,2003-09-16
23257,2003-10-28,"Meeting, October 28, 2003",statement,2003-10-28,20031028statement.txt,https://fraser.stlouisfed.org/files/text/historical/FOMC/meetingdocuments/20031028statement.txt,https://fraser.stlouisfed.org/docs/historical/FOMC/meetingdocuments/20031028statement.pdf,2003-10-28
23258,2003-12-09,"Meeting, December 9, 2003",statement,2003-12-09,20031209statement.txt,https://fraser.stlouisfed.org/files/text/historical/FOMC/meetingdocuments/20031209statement.txt,https://fraser.stlouisfed.org/docs/historical/FOMC/meetingdocuments/20031209statement.pdf,2003-12-09
23259,2004-01-27,"Meeting, January 27-28, 2004",statement,2004-01-28,20040128statement.txt,https://fraser.stlouisfed.org/files/text/historical/FOMC/meetingdocuments/20040128statement.txt,https://fraser.stlouisfed.org/docs/historical/FOMC/meetingdocuments/20040128statement.pdf,2004-01-28
22537,2004-03-16,"Meeting, March 16, 2004",statement,2004-03-16,20040316statement.txt,https://fraser.stlouisfed.org/files/text/historical/FOMC/meetingdocuments/20040316statement.txt,https://fraser.stlouisfed.org/docs/historical/FOMC/meetingdocuments/20040316statement.pdf,2004-03-16
23260,2004-05-04,"Meeting, May 4, 2004",statement,2004-05-04,20040504statement.txt,https://fraser.stlouisfed.org/files/text/historical/FOMC/meetingdocuments/20040504statement.txt,https://fraser.stlouisfed.org/docs/historical/FOMC/meetingdocuments/20040504statement.pdf,2004-05-04
23261,2004-06-29,"Meeting, June 29-30, 2004",statement,2004-06-30,20040630statement.txt,https://fraser.stlouisfed.org/files/text/historical/FOMC/meetingdocuments/20040630statement.txt,https://fraser.stlouisfed.org/docs/historical/FOMC/meetingdocuments/20040630statement.pdf,2004-06-30
23262,2004-08-10,"Meeting, August 10, 2004",statement,2004-08-10,20040810statement.txt,https://fraser.stlouisfed.org/files/text/historical/FOMC/meetingdocuments/20040810statement.txt,https://fraser.stlouisfed.org/docs/historical/FOMC/meetingdocuments/20040810statement.pdf,2004-08-10
22514,2004-09-21,"Meeting, September 21, 2004",statement,2004-09-21,20040921statement.txt,https://fraser.stlouisfed.org/files/text/historical/FOMC/meetingdocuments/20040921statement.txt,https://fraser.stlouisfed.org/docs/historical/FOMC/meetingdocuments/20040921statement.pdf,2004-09-21
22515,2004-11-10,"Meeting, November 10, 2004",statement,2004-11-10,20041110statement.txt,https://fraser.stlouisfed.org/files/text/historical/FOMC/meetingdocuments/20041110statement.txt,https://fraser.stlouisfed.org/docs/historical/FOMC/meetingdocuments/20041110statement.pdf,2004-11-10
22516,2004-12-14,"Meeting, December 14, 2004",statement,2004-12-14,20041214statement.txt,https://fraser.stlouisfed.org/files/text/historical/FOMC/meetingdocuments/20041214statement.txt,https://fraser.stlouisfed.org/docs/historical/FOMC/meetingdocuments/20041214statement.pdf,2004-12-14
22535,2005-02-01,"Meeting, February 1-2, 2005",statement,2005-02-02,20050202statement.txt,https://fraser.stlouisfed.org/files/text/historical/FOMC/meetingdocuments/20050202statement.txt,https://fraser.stlouisfed.org/docs/historical/FOMC/meetingdocuments/20050202statement.pdf,2005-02-02
23457,2005-03-22,"Meeting, March 22, 2005",statement,2005-03-22,20050322statement.txt,https://fraser.stlouisfed.org/files/text/historical/FOMC/meetingdocuments/20050322statement.txt,https://fraser.stlouisfed.org/docs/historical/FOMC/meetingdocuments/20050322statement.pdf,2005-03-22
22517,2005-05-03,"Meeting, May 3, 2005",statement,2005-05-03,20050503statement.txt,https://fraser.stlouisfed.org/files/text/historical/FOMC/meetingdocuments/20050503statement.txt,https://fraser.stlouisfed.org/docs/historical/FOMC/meetingdocuments/20050503statement.pdf,2005-05-03
22518,2005-06-29,"Meeting, June 29-30, 2005",statement,2005-06-30,20050630statement.txt,https://fraser.stlouisfed.org/files/text/historical/FOMC/meetingdocuments/20050630statement.txt,https://fraser.stlouisfed.org/docs/historical/FOMC/meetingdocuments/20050630statement.pdf,2005-06-30
22519,2005-08-09,"Meeting, August 9, 2005",statement,2005-08-09,20050809statement.txt,https://fraser.stlouisfed.org/files/text/historical/FOMC/meetingdocuments/20050809statement.txt,https://fraser.stlouisfed.org/docs/historical/FOMC/meetingdocuments/20050809statement.pdf,2005-08-09
22520,2005-09-20,"Meeting, September 20, 2005",statement,2005-09-20,20050920statement.txt,https://fraser.stlouisfed.org/files/text/historical/FOMC/meetingdocuments/20050920statement.txt,https://fraser.stlouisfed.org/docs/historical/FOMC/meetingdocuments/20050920statement.pdf,2005-09-20
22521,2005-11-01,"Meeting, November 1, 2005",statement,2005-11-01,20051101statement.txt,https://fraser.stlouisfed.org/files/text/historical/FOMC/meetingdocuments/20051101statement.txt,https://fraser.stlouisfed.org/docs/historical/FOMC/meetingdocuments/20051101statement.pdf,2005-11-01
22522,2005-12-13,"Meeting, December 13, 2005",statement,2005-12-13,20051213statement.txt,https://fraser.stlouisfed.org/files/text/historical/FOMC/meetingdocuments/20051213statement.txt,https://fraser.stlouisfed.org/docs/historical/FOMC/meetingdocuments/20051213statement.pdf,2005-12-13
22523,2006-01-31,"Meeting, January 31, 2006",statement,2006-01-31,20060131statement.txt,https://fraser.stlouisfed.org/files/text/historical/FOMC/meetingdocuments/20060131statement.txt,https://fraser.stlouisfed.org/docs/historical/FOMC/meetingdocuments/20060131statement.pdf,2006-01-31
23263,2006-03-27,"Meeting, March 27-28, 2006",statement,2006-03-28,20060328statement.txt,https://fraser.stlouisfed.org/files/text/historical/FOMC/meetingdocuments/20060328statement.txt,https://fraser.stlouisfed.org/docs/historical/FOMC/meetingdocuments/20060328statement.pdf,2006-03-28
22524,2006-05-10,"Meeting, May 10, 2006",statement,2006-05-10,20060510statement.txt,https://fraser.stlouisfed.org/files/text/historical/FOMC/meetingdocuments/20060510statement.txt,https://fraser.stlouisfed.org/docs/historical/FOMC/meetingdocuments/20060510statement.pdf,2006-05-10
22525,2006-06-28,"Meeting, June 28-29, 2006",statement,2006-06-29,20060629statement.txt,https://fraser.stlouisfed.org/files/text/historical/FOMC/meetingdocuments/20060629statement.txt,https://fraser.stlouisfed.org/docs/historical/FOMC/meetingdocuments/20060629statement.pdf,2006-06-29
23455,2006-08-08,"Meeting, August 8, 2006",statement,2006-08-08,20060808statement.txt,https://fraser.stlouisfed.org/files/text/historical/FOMC/meetingdocuments/20060808statement.txt,https://fraser.stlouisfed.org/docs/historical/FOMC/meetingdocuments/20060808statement.pdf,2006-08-08
22526,2006-09-20,"Meeting, September 20, 2006",statement,2006-09-20,20060920statement.txt,https://fraser.stlouisfed.org/files/text/historical/FOMC/meetingdocuments/20060920statement.txt,https://fraser.stlouisfed.org/docs/historical/FOMC/meetingdocuments/20060920statement.pdf,2006-09-20
22527,2006-10-24,"Meeting, October 24-25, 2006",statement,2006-10-25,20061025statement.txt,https://fraser.stlouisfed.org/files/text/historical/FOMC/meetingdocuments/20061025statement.txt,https://fraser.stlouisfed.org/docs/historical/FOMC/meetingdocuments/20061025statement.pdf,2006-10-25
22528,2006-12-12,"Meeting, December 12, 2006",statement,2006-12-12,20061212statement.txt,https://fraser.stlouisfed.org/files/text/historical/FOMC/meetingdocuments/20061212statement.txt,https://fraser.stlouisfed.org/docs/historical/FOMC/meetingdocuments/20061212statement.pdf,2006-12-12
22529,2007-01-30,"Meeting, January 30-31, 2007",statement,2007-01-31,20070131statement.txt,https://fraser.stlouisfed.org/files/text/historical/FOMC/meetingdocuments/20070131statement.txt,https://fraser.stlouisfed.org/docs/historical/FOMC/meetingdocuments/20070131statement.pdf,2007-01-31
22530,2007-03-20,"Meeting, March 20-21, 2007",statement,2007-03-21,20070321statement.txt,https://fraser.stlouisfed.org/files/text/historical/FOMC/meetingdocuments/20070321statement.txt,https://fraser.stlouisfed.org/docs/historical/FOMC/meetingdocuments/20070321statement.pdf,2007-03-21
23264,2007-05-09,"Meeting, May 9, 2007",statement,2007-05-09,20070509statement.txt,https://fraser.stlouisfed.org/files/text/historical/FOMC/meetingdocuments/20070509statement.txt,https://fraser.stlouisfed.org/docs/historical/FOMC/meetingdocuments/20070509statement.pdf,2007-05-09
23456,2007-06-27,"Meeting, June 27-28, 2007",statement,2007-06-18,20070618statement.txt,https://fraser.stlouisfed.org/files/text/historical/FOMC/meetingdocuments/20070618statement.txt,https://fraser.stlouisfed.org/docs/historical/FOMC/meetingdocuments/20070618statement.pdf,2007-06-18
22531,2007-08-07,"Meeting, August 7, 2007",statement,2007-08-07,20070807statement.txt,https://fraser.stlouisfed.org/files/text/historical/FOMC/meetingdocuments/20070807statement.txt,https://fraser.stlouisfed.org/docs/historical/FOMC/meetingdocuments/20070807statement.pdf,2007-08-07
23265,2007-08-10,"Telephone Conference, August 10, 2007",statement,2007-08-10,20070810statement.txt,https://fraser.stlouisfed.org/files/text/historical/FOMC/meetingdocuments/20070810statement.txt,https://fraser.stlouisfed.org/docs/historical/FOMC/meetingdocuments/20070810statement.pdf,2007-08-10
23266,2007-08-16,"Telephone Conference, August 16, 2007",statement,2007-08-17,20070817statement.txt,https://fraser.stlouisfed.org/files/text/historical/FOMC/meetingdocuments/20070817statement.txt,https://fraser.stlouisfed.org/docs/historical/FOMC/meetingdocuments/20070817statement.pdf,2007-08-17
23267,2007-09-18,"Meeting, September 18, 2007",statement,2007-09-18,20070918statement.txt,https://fraser.stlouisfed.org/files/text/historical/FOMC/meetingdocuments/20070918statement.txt,https://fraser.stlouisfed.org/docs/historical/FOMC/meetingdocuments/20070918statement.pdf,2007-09-18
23268,2007-10-30,"Meeting, October 30-31, 2007",statement,2007-10-31,20071031statement.txt,https://fraser.stlouisfed.org/files/text/historical/FOMC/meetingdocuments/20071031statement.txt,https://fraser.stlouisfed.org/docs/historical/FOMC/meetingdocuments/20071031statement.pdf,2007-10-31
22534,2007-12-11,"Meeting, December 11, 2007",statement,2007-12-11,20071211statement.txt,https://fraser.stlouisfed.org/files/text/historical/FOMC/meetingdocuments/20071211statement.txt,https://fraser.stlouisfed.org/docs/historical/FOMC/meetingdocuments/20071211statement.pdf,2007-12-11
23271,2008-01-21,"Telephone Conference, January 21, 2008",statement,2008-01-22,20080122statement.txt,https://fraser.stlouisfed.org/files/text/historical/FOMC/meetingdocuments/20080122statement.txt,https://fraser.stlouisfed.org/docs/historical/FOMC/meetingdocuments/20080122statement.pdf,2008-01-22
23272,2008-01-29,"Meeting, January 29-30, 2008",statement,2008-01-30,20080130statement.txt,https://fraser.stlouisfed.org/files/text/historical/FOMC/meetingdocuments/20080130statement.txt,https://fraser.stlouisfed.org/docs/historical/FOMC/meetingdocuments/20080130statement.pdf,2008-01-30
22533,2008-03-10,"Telephone Conference, March 10, 2008",statement,2008-03-11,20080311statement.txt,https://fraser.stlouisfed.org/files/text/historical/FOMC/meetingdocuments/20080311statement.txt,https://fraser.stlouisfed.org/docs/historical/FOMC/meetingdocuments/20080311statement.pdf,2008-03-11
23273,2008-03-18,"Meeting, March 18, 2008",statement,2008-03-18,20080318statement.txt,https://fraser.stlouisfed.org/files/text/historical/FOMC/meetingdocuments/20080318statement.txt,https://fraser.stlouisfed.org/docs/historical/FOMC/meetingdocuments/20080318statement.pdf,2008-03-18
23274,2008-04-29,"Meeting, April 29-30, 2008",statement,2008-04-30,20080430statement.txt,https://fraser.stlouisfed.org/files/text/historical/FOMC/meetingdocuments/20080430statement.txt,https://fraser.stlouisfed.org/docs/historical/FOMC/meetingdocuments/20080430statement.pdf,2008-04-30
23275,2008-06-24,"Meeting, June 24-25, 2008",statement,2008-06-25,20080625statement.txt,https://fraser.stlouisfed.org/files/text/historical/FOMC/meetingdocuments/20080625statement.txt,https://fraser.stlouisfed.org/docs/historical/FOMC/meetingdocuments/20080625statement.pdf,2008-06-25
23276,2008-08-05,"Meeting, August 5, 2008",statement,2008-08-05,20080805statement.txt,https://fraser.stlouisfed.org/files/text/historical/FOMC/meetingdocuments/20080805statement.txt,https://fraser.stlouisfed.org/docs/historical/FOMC/meetingdocuments/20080805statement.pdf,2008-08-05
22532,2008-09-16,"Meeting, September 16, 2008",statement,2008-09-16,20080916statement.txt,https://fraser.stlouisfed.org/files/text/historical/FOMC/meetingdocuments/20080916statement.txt,https://fraser.stlouisfed.org/docs/historical/FOMC/meetingdocuments/20080916statement.pdf,2008-09-16
23278,2008-10-07,"Telephone Conference, October 7, 2008",statement,2008-10-08,20081008statement.txt,https://fraser.stlouisfed.org/files/text/historical/FOMC/meetingdocuments/20081008statement.txt,https://fraser.stlouisfed.org/docs/historical/FOMC/meetingdocuments/20081008statement.pdf,2008-10-08
23279,2008-10-28,"Meeting, October 28-29, 2008",statement,2008-10-29,20081029statement.txt,https://fraser.stlouisfed.org/files/text/historical/FOMC/meetingdocuments/20081029statement.txt,https://fraser.stlouisfed.org/docs/historical/FOMC/meetingdocuments/20081029statement.pdf,2008-10-29
23280,2008-12-15,"Meeting, December 15-16, 2008",statement,2008-12-16,20081216statement.txt,https://fraser.stlouisfed.org/files/text/historical/FOMC/meetingdocuments/20081216statement.txt,https://fraser.stlouisfed.org/docs/historical/FOMC/meetingdocuments/20081216statement.pdf,2008-12-16
22549,2009-01-28,"Meeting, January 28-29, 2009",statement,2009-01-28,20090128statement.txt,https://fraser.stlouisfed.org/files/text/historical/FOMC/meetingdocuments/20090128statement.txt,https://fraser.stlouisfed.org/docs/historical/FOMC/meetingdocuments/20090128statement.pdf,2009-01-28
23283,2009-03-17,"Meeting, March 17-18, 2009",statement,2009-03-18,20090318statement.txt,https://fraser.stlouisfed.org/files/text/historical/FOMC/meetingdocuments/20090318statement.txt,https://fraser.stlouisfed.org/docs/historical/FOMC/meetingdocuments/20090318statement.pdf,2009-03-18
23284,2009-04-28,"Meeting, April 28-29, 2009",statement,2009-04-29,20090429statement.txt,https://fraser.stlouisfed.org/files/text/historical/FOMC/meetingdocuments/20090429statement.txt,https://fraser.stlouisfed.org/docs/historical/FOMC/meetingdocuments/20090429statement.pdf,2009-04-29
23285,2009-06-23,"Meeting, June 23-24, 2009",statement,2009-06-24,20090624statement.txt,https://fraser.stlouisfed.org/files/text/historical/FOMC/meetingdocuments/20090624statement.txt,https://fraser.stlouisfed.org/docs/historical/FOMC/meetingdocuments/20090624statement.pdf,2009-06-24
23286,2009-08-11,"Meeting, August 11-12, 2009",statement,2009-08-12,20090812statement.txt,https://fraser.stlouisfed.org/files/text/historical/FOMC/meetingdocuments/20090812statement.txt,https://fraser.stlouisfed.org/docs/historical/FOMC/meetingdocuments/20090812statement.pdf,2009-08-12
23287,2009-09-22,"Meeting, September 22-23, 2009",statement,2009-09-23,20090923statement.txt,https://fraser.stlouisfed.org/files/text/historical/FOMC/meetingdocuments/20090923statement.txt,https://fraser.stlouisfed.org/docs/historical/FOMC/meetingdocuments/20090923statement.pdf,2009-09-23
22547,2009-11-03,"Meeting, November 3-4, 2009",statement,2009-11-04,20091104statement.txt,https://fraser.stlouisfed.org/files/text/historical/FOMC/meetingdocuments/20091104statement.txt,https://fraser.stlouisfed.org/docs/historical/FOMC/meetingdocuments/20091104statement.pdf,2009-11-04
23288,2009-12-15,"Meeting, December 15-16, 2009",statement,2009-12-16,20091216statement.txt,https://fraser.stlouisfed.org/files/text/historical/FOMC/meetingdocuments/20091216statement.txt,https://fraser.stlouisfed.org/docs/historical/FOMC/meetingdocuments/20091216statement.pdf,2009-12-16
23289,2010-01-26,"Meeting, January 26-27, 2010",statement,2010-01-27,20100127statement.txt,https://fraser.stlouisfed.org/files/text/historical/FOMC/meetingdocuments/20100127statement.txt,https://fraser.stlouisfed.org/docs/historical/FOMC/meetingdocuments/20100127statement.pdf,2010-01-27
23290,2010-03-16,"Meeting, March 16, 2010",statement,2010-03-16,20100316statement.txt,https://fraser.stlouisfed.org/files/text/historical/FOMC/meetingdocuments/20100316statement.txt,https://fraser.stlouisfed.org/docs/historical/FOMC/meetingdocuments/20100316statement.pdf,2010-03-16
23291,2010-04-27,"Meeting, April 27-28, 2010",statement,2010-04-28,20100428statement.txt,https://fraser.stlouisfed.org/files/text/historical/FOMC/meetingdocuments/20100428statement.txt,https://fraser.stlouisfed.org/docs/historical/FOMC/meetingdocuments/20100428statement.pdf,2010-04-28
23292,2010-05-09,"Telephone Conference, May 9, 2010",statement,2010-05-09,20100509statement.txt,https://fraser.stlouisfed.org/files/text/historical/FOMC/meetingdocuments/20100509statement.txt,https://fraser.stlouisfed.org/docs/historical/FOMC/meetingdocuments/20100509statement.pdf,2010-05-09
23292,2010-05-09,"Telephone Conference, May 9, 2010",statement,2010-05-10,20100510statement.txt,https://fraser.stlouisfed.org/files/text/historical/FOMC/meetingdocuments/20100510statement.txt,https://fraser.stlouisfed.org/docs/historical/FOMC/meetingdocuments/20100510statement.pdf,2010-05-10
23293,2010-06-23,"Meeting, June 23-24, 2010",statement,2010-06-23,20100623statement.txt,https://fraser.stlouisfed.org/files/text/historical/FOMC/meetingdocuments/20100623statement.txt,https://fraser.stlouisfed.org/docs/historical/FOMC/meetingdocuments/20100623statement.pdf,2010-06-23
23294,2010-08-10,"Meeting, August 10, 2010",statement,2010-08-10,20100810statement.txt,https://fraser.stlouisfed.org/files/text/historical/FOMC/meetingdocuments/20100810statement.txt,https://fraser.stlouisfed.org/docs/historical/FOMC/meetingdocuments/20100810statement.pdf,2010-08-10
22546,2010-09-21,"Meeting, September 21, 2010",statement,2010-09-21,20100921statement.txt,https://fraser.stlouisfed.org/files/text/historical/FOMC/meetingdocuments/20100921statement.txt,https://fraser.stlouisfed.org/docs/historical/FOMC/meetingdocuments/20100921statement.pdf,2010-09-21
23296,2010-11-02,"Meeting, November 2-3, 2010",statement,2010-11-03,20101103statement.txt,https://fraser.stlouisfed.org/files/text/historical/FOMC/meetingdocuments/20101103statement.txt,https://fraser.stlouisfed.org/docs/historical/FOMC/meetingdocuments/20101103statement.pdf,2010-11-03
23297,2010-12-14,"Meeting, December 14, 2010",statement,2010-12-14,20101214statement.txt,https://fraser.stlouisfed.org/files/text/historical/FOMC/meetingdocuments/20101214statement.txt,https://fraser.stlouisfed.org/docs/historical/FOMC/meetingdocuments/20101214statement.pdf,2010-12-14
22545,2011-01-25,"Meeting, January 25-26, 2011",statement,2011-01-26,20110126statement.txt,https://fraser.stlouisfed.org/files/text/historical/FOMC/meetingdocuments/20110126statement.txt,https://fraser.stlouisfed.org/docs/historical/FOMC/meetingdocuments/20110126statement.pdf,2011-01-26
23298,2011-03-15,"Meeting, March 15, 2011",statement,2011-03-15,20110315statement.txt,https://fraser.stlouisfed.org/files/text/historical/FOMC/meetingdocuments/20110315statement.txt,https://fraser.stlouisfed.org/docs/historical/FOMC/meetingdocuments/20110315statement.pdf,2011-03-15
23299,2011-04-26,"Meeting, April 26-27, 2011",statement,2011-04-27,20110427statement.txt,https://fraser.stlouisfed.org/files/text/historical/FOMC/meetingdocuments/20110427statement.txt,https://fraser.stlouisfed.org/docs/historical/FOMC/meetingdocuments/20110427statement.pdf,2011-04-27
23300,2011-06-21,"Meeting, June 21-22, 2011",statement,2011-06-22,20110622statement.txt,https://fraser.stlouisfed.org/files/text/historical/FOMC/meetingdocuments/20110622statement.txt,https://fraser.stlouisfed.org/docs/historical/FOMC/meetingdocuments/20110622statement.pdf,2011-06-22
23301,2011-08-09,"Meeting, August 9, 2011",statement,2011-08-09,20110809statement.txt,https://fraser.stlouisfed.org/files/text/historical/FOMC/meetingdocuments/20110809statement.txt,https://fraser.stlouisfed.org/docs/historical/FOMC/meetingdocuments/20110809statement.pdf,2011-08-09
23302,2011-09-20,"Meeting, September 20-21, 2011",statement,2011-09-21,20110921statement.txt,https://fraser.stlouisfed.org/files/text/historical/FOMC/meetingdocuments/20110921statement.txt,https://fraser.stlouisfed.org/docs/historical/FOMC/meetingdocuments/20110921statement.pdf,2011-09-21
23303,2011-11-01,"Meeting, November 1-2, 2011",statement,2011-11-02,20111102statement.txt,https://fraser.stlouisfed.org/files/text/historical/FOMC/meetingdocuments/20111102statement.txt,https://fraser.stlouisfed.org/docs/historical/FOMC/meetingdocuments/20111102statement.pdf,2011-11-02
23305,2011-12-13,"Meeting, December 13, 2011",statement,2011-12-13,20111213statement.txt,https://fraser.stlouisfed.org/files/text/historical/FOMC/meetingdocuments/20111213statement.txt,https://fraser.stlouisfed.org/docs/historical/FOMC/meetingdocuments/20111213statement.pdf,2011-12-13
23306,2012-01-24,"Meeting, January 24-25, 2012",statement,2012-01-25,20120125statement.txt,https://fraser.stlouisfed.org/files/text/historical/FOMC/meetingdocuments/20120125statement.txt,https://fraser.stlouisfed.org/docs/historical/FOMC/meetingdocuments/20120125statement.pdf,2012-01-25
23307,2012-03-13,"Meeting, March 13, 2012",statement,2012-03-13,20120313statement.txt,https://fraser.stlouisfed.org/files/text/historical/FOMC/meetingdocuments/20120313statement.txt,https://fraser.stlouisfed.org/docs/historical/FOMC/meetingdocuments/20120313statement.pdf,2012-03-13
23308,2012-04-24,"Meeting, April 24-25, 2012",statement,2012-04-25,20120425statement.txt,https://fraser.stlouisfed.org/files/text/historical/FOMC/meetingdocuments/20120425statement.txt,https://fraser.stlouisfed.org/docs/historical/FOMC/meetingdocuments/20120425statement.pdf,2012-04-25
23309,2012-06-19,"Meeting, June 19-20, 2012",statement,2012-06-20,20120620statement.txt,https://fraser.stlouisfed.org/files/text/historical/FOMC/meetingdocuments/20120620statement.txt,https://fraser.stlouisfed.org/docs/historical/FOMC/meetingdocuments/20120620statement.pdf,2012-06-20
22543,2012-07-31,"Meeting, July 31-August 1, 2012",statement,2012-08-01,20120801statement.txt,https://fraser.stlouisfed.org/files/text/historical/FOMC/meetingdocuments/20120801statement.txt,https://fraser.stlouisfed.org/docs/historical/FOMC/meetingdocuments/20120801statement.pdf,2012-08-01
23310,2012-09-12,"Meeting, September 12-13, 2012",statement,2012-09-13,20120913statement.txt,https://fraser.stlouisfed.org/files/text/historical/FOMC/meetingdocuments/20120913statement.txt,https://fraser.stlouisfed.org/docs/historical/FOMC/meetingdocuments/20120913statement.pdf,2012-09-13
23311,2012-10-23,"Meeting, October 23-24, 2012",statement,2012-10-24,20121024statement.txt,https://fraser.stlouisfed.org/files/text/historical/FOMC/meetingdocuments/20121024statement.txt,https://fraser.stlouisfed.org/docs/historical/FOMC/meetingdocuments/20121024statement.pdf,2012-10-24
23312,2012-12-11,"Meeting, December 11-12, 2012",statement,2012-12-12,20121212statement.txt,https://fraser.stlouisfed.org/files/text/historical/FOMC/meetingdocuments/20121212statement.txt,https://fraser.stlouisfed.org/docs/historical/FOMC/meetingdocuments/20121212statement.pdf,2012-12-12
22541,2013-01-29,"Meeting, January 29-30, 2013",statement,2013-01-30,20130130statement.txt,https://fraser.stlouisfed.org/files/text/historical/FOMC/meetingdocuments/20130130statement.txt,https://fraser.stlouisfed.org/docs/historical/FOMC/meetingdocuments/20130130statement.pdf,2013-01-30
23313,2013-03-19,"Meeting, March 19-20, 2013",statement,2013-03-20,20130320statement.txt,https://fraser.stlouisfed.org/files/text/historical/FOMC/meetingdocuments/20130320statement.txt,https://fraser.stlouisfed.org/docs/historical/FOMC/meetingdocuments/20130320statement.pdf,2013-03-20
23314,2013-04-30,"Meeting, April 30-May 1, 2013",statement,2013-05-01,20130501statement.txt,https://fraser.stlouisfed.org/files/text/historical/FOMC/meetingdocuments/20130501statement.txt,https://fraser.stlouisfed.org/docs/historical/FOMC/meetingdocuments/20130501statement.pdf,2013-05-01
23316,2013-06-18,"Meeting, June 18-19, 2013",statement,2013-06-19,20130619statement.txt,https://fraser.stlouisfed.org/files/text/historical/FOMC/meetingdocuments/20130619statement.txt,https://fraser.stlouisfed.org/docs/historical/FOMC/meetingdocuments/20130619statement.pdf,2013-06-19
23317,2013-07-30,"Meeting, July 30-31, 2013",statement,2013-07-31,20130731statement.txt,https://fraser.stlouisfed.org/files/text/historical/FOMC/meetingdocuments/20130731statement.txt,https://fraser.stlouisfed.org/docs/historical/FOMC/meetingdocuments/20130731statement.pdf,2013-07-31
23318,2013-09-18,"Meeting, September 18-19, 2013",statement,2013-09-18,20130918statement.txt,https://fraser.stlouisfed.org/files/text/historical/FOMC/meetingdocuments/20130918statement.txt,https://fraser.stlouisfed.org/docs/historical/FOMC/meetingdocuments/20130918statement.pdf,2013-09-18
23315,2013-10-29,"Meeting, October 29-30, 2013",statement,2013-10-30,20131030statement.txt,https://fraser.stlouisfed.org/files/text/historical/FOMC/meetingdocuments/20131030statement.txt,https://fraser.stlouisfed.org/docs/historical/FOMC/meetingdocuments/20131030statement.pdf,2013-10-30
23321,2013-12-17,"Meeting, December 17-18, 2013",statement,2013-12-18,20131218statement.txt,https://fraser.stlouisfed.org/files/text/historical/FOMC/meetingdocuments/20131218statement.txt,https://fraser.stlouisfed.org/docs/historical/FOMC/meetingdocuments/20131218statement.pdf,2013-12-18
23322,2014-01-28,"Meeting, January 28-29, 2014",statement,2014-01-29,20140129statement.txt,https://fraser.stlouisfed.org/files/text/historical/FOMC/meetingdocuments/20140129statement.txt,https://fraser.stlouisfed.org/docs/historical/FOMC/meetingdocuments/20140129statement.pdf,2014-01-29
23323,2014-03-18,"Meeting, March 18-19, 2014",statement,2014-03-19,20140319statement.txt,https://fraser.stlouisfed.org/files/text/historical/FOMC/meetingdocuments/20140319statement.txt,https://fraser.stlouisfed.org/docs/historical/FOMC/meetingdocuments/20140319statement.pdf,2014-03-19
23320,2014-04-29,"Meeting, April 29-30, 2014",statement,2014-04-30,20140430statement.txt,https://fraser.stlouisfed.org/files/text/historical/FOMC/meetingdocuments/20140430statement.txt,https://fraser.stlouisfed.org/docs/historical/FOMC/meetingdocuments/20140430statement.pdf,2014-04-30
23324,2014-06-17,"Meeting, June 17-18, 2014",statement,2014-06-18,20140618statement.txt,https://fraser.stlouisfed.org/files/text/historical/FOMC/meetingdocuments/20140618statement.txt,https://fraser.stlouisfed.org/docs/historical/FOMC/meetingdocuments/20140618statement.pdf,2014-06-18
23325,2014-07-29,"Meeting, July 29-30, 2014",statement,2014-07-30,20140730statement.txt,https://fraser.stlouisfed.org/files/text/historical/FOMC/meetingdocuments/20140730statement.txt,https://fraser.stlouisfed.org/docs/historical/FOMC/meetingdocuments/20140730statement.pdf,2014-07-30
475818,2014-09-16,"Meeting, September 16-17, 2014",statement,2014-09-17,20140917statement.txt,https://fraser.stlouisfed.org/files/text/historical/FOMC/meetingdocuments/20140917statement.txt,https://fraser.stlouisfed.org/docs/historical/FOMC/meetingdocuments/20140917statement.pdf,2014-09-17
475817,2014-10-28,"Meeting, October 28-29, 2014",statement,2014-10-29,20141029statement.txt,https://fraser.stlouisfed.org/files/text/historical/FOMC/meetingdocuments/20141029statement.txt,https://fraser.stlouisfed.org/docs/historical/FOMC/meetingdocuments/20141029statement.pdf,2014-10-29
475819,2014-12-16,"Meeting, December 16-17, 2014",statement,2014-12-17,20141217statement.txt,https://fraser.stlouisfed.org/files/text/historical/FOMC/meetingdocuments/20141217statement.txt,https://fraser.stlouisfed.org/docs/historical/FOMC/meetingdocuments/20141217statement.pdf,2014-12-17
487470,2015-01-27,"Meeting, January 27-28, 2015",statement,2015-01-28,20150128statement.txt,https://fraser.stlouisfed.org/files/text/historical/FOMC/meetingdocuments/20150128statement.txt,https://fraser.stlouisfed.org/docs/historical/FOMC/meetingdocuments/20150128statement.pdf,2015-01-28
487471,2015-03-17,"Meeting, March 17-18, 2015",statement,2015-03-18,20150318statement.txt,https://fraser.stlouisfed.org/files/text/historical/FOMC/meetingdocuments/20150318statement.txt,https://fraser.stlouisfed.org/docs/historical/FOMC/meetingdocuments/20150318statement.pdf,2015-03-18
493227,2015-04-28,"Meeting, April 28-29, 2015",statement,2015-04-29,20150429statement.txt,https://fraser.stlouisfed.org/files/text/historical/FOMC/meetingdocuments/20150429statement.txt,https://fraser.stlouisfed.org/docs/historical/FOMC/meetingdocuments/20150429statement.pdf,2015-04-29
495668,2015-06-16,"Meeting, June 16-17, 2015",statement,2015-06-17,20150617statement.txt,https://fraser.stlouisfed.org/files/text/historical/FOMC/meetingdocuments/20150617statement.txt,https://fraser.stlouisfed.org/docs/historical/FOMC/meetingdocuments/20150617statement.pdf,2015-06-17
495946,2015-07-28,"Meeting, July 28-29, 2015",statement,2015-07-29,20150729statement.txt,https://fraser.stlouisfed.org/files/text/historical/FOMC/meetingdocuments/20150729statement.txt,https://fraser.stlouisfed.org/docs/historical/FOMC/meetingdocuments/20150729statement.pdf,2015-07-29
500041,2015-09-16,"Meeting, September 16-17, 2015",statement,2015-09-17,20150917statement.txt,https://fraser.stlouisfed.org/files/text/historical/FOMC/meetingdocuments/20150917statement.txt,https://fraser.stlouisfed.org/docs/historical/FOMC/meetingdocuments/20150917statement.pdf,2015-09-17
516886,2015-10-27,"Meeting, October 27-28, 2015",statement,2015-10-28,20151028statement.txt,https://fraser.stlouisfed.org/files/text/historical/FOMC/meetingdocuments/20151028statement.txt,https://fraser.stlouisfed.org/docs/historical/FOMC/meetingdocuments/20151028statement.pdf,2015-10-28
518771,2015-12-15,"Meeting, December 15-16, 2015",statement,2015-12-16,20151216statement.txt,https://fraser.stlouisfed.org/files/text/historical/FOMC/meetingdocuments/20151216statement.txt,https://fraser.stlouisfed.org/docs/historical/FOMC/meetingdocuments/20151216statement.pdf,2015-12-16
521787,2016-01-26,"Meeting, January 26-27, 2016",statement,2016-01-27,20160127statement.txt,https://fraser.stlouisfed.org/files/text/historical/FOMC/meetingdocuments/20160127statement.txt,https://fraser.stlouisfed.org/docs/historical/FOMC/meetingdocuments/20160127statement.pdf,2016-01-27
527291,2016-03-15,"Meeting, March 15-16, 2016",statement,2016-03-16,20160316statement.txt,https://fraser.stlouisfed.org/files/text/historical/FOMC/meetingdocuments/20160316statement.txt,https://fraser.stlouisfed.org/docs/historical/FOMC/meetingdocuments/20160316statement.pdf,2016-03-16
528068,2016-04-26,"Meeting, April 26-27, 2016",statement,2016-04-27,20160427statement.txt,https://fraser.stlouisfed.org/files/text/historical/FOMC/meetingdocuments/20160427statement.txt,https://fraser.stlouisfed.org/docs/historical/FOMC/meetingdocuments/20160427statement.pdf,2016-04-27
530760,2016-06-14,"Meeting, June 14-15, 2016",statement,2016-06-15,20160615statement.txt,https://fraser.stlouisfed.org/files/text/historical/FOMC/meetingdocuments/20160615statement.txt,https://fraser.stlouisfed.org/docs/historical/FOMC/meetingdocuments/20160615statement.pdf,2016-06-15
532673,2016-07-26,"Meeting, July 26-27, 2016",statement,2016-07-27,20160727statement.txt,https://fraser.stlouisfed.org/files/text/historical/FOMC/meetingdocuments/20160727statement.txt,https://fraser.stlouisfed.org/docs/historical/FOMC/meetingdocuments/20160727statement.pdf,2016-07-27
534269,2016-09-20,"Meeting, September 20-21, 2016",statement,2016-09-21,20160921statement.txt,https://fraser.stlouisfed.org/files/text/historical/FOMC/meetingdocuments/20160921statement.txt,https://fraser.stlouisfed.org/docs/historical/FOMC/meetingdocuments/20160921statement.pdf,2016-09-21
535271,2016-11-01,"Meeting, November 1-2, 2016",statement,2016-11-02,20161102statement.txt,https://fraser.stlouisfed.org/files/text/historical/FOMC/meetingdocuments/20161102statement.txt,https://fraser.stlouisfed.org/docs/historical/FOMC/meetingdocuments/20161102statement.pdf,2016-11-02
535298,2016-12-13,"Meeting, December 13-14, 2016",statement,2016-12-14,20161214statement.txt,https://fraser.stlouisfed.org/files/text/historical/FOMC/meetingdocuments/20161214statement.txt,https://fraser.stlouisfed.org/docs/historical/FOMC/meetingdocuments/20161214statement.pdf,2016-12-14
536899,2017-01-31,"Meeting, January 31-February 1, 2017",statement,2017-02-01,20170201statement.txt,https://fraser.stlouisfed.org/files/text/historical/FOMC/meetingdocuments/20170201statement.txt,https://fraser.stlouisfed.org/docs/historical/FOMC/meetingdocuments/20170201statement.pdf,2017-02-01
539802,2017-03-14,"Meeting, March 14-15, 2017",statement,2017-03-15,20170315statement.txt,https://fraser.stlouisfed.org/files/text/historical/FOMC/meetingdocuments/20170315statement.txt,https://fraser.stlouisfed.org/docs/historical/FOMC/meetingdocuments/20170315statement.pdf,2017-03-15
540925,2017-05-02,"Meeting, May 2-3, 2017",statement,2017-05-03,20170503statement.txt,https://fraser.stlouisfed.org/files/text/historical/FOMC/meetingdocuments/20170503statement.txt,https://fraser.stlouisfed.org/docs/historical/FOMC/meetingdocuments/20170503statement.pdf,2017-05-03
552372,2017-06-13,"Meeting, June 13-14, 2017",statement,2017-06-14,20170614statement.txt,https://fraser.stlouisfed.org/files/text/historical/FOMC/meetingdocuments/20170614statement.txt,https://fraser.stlouisfed.org/docs/historical/FOMC/meetingdocuments/20170614statement.pdf,2017-06-14
553645,2017-07-25,"Meeting, July 25-26, 2017",statement,2017-07-26,20170726statement.txt,https://fraser.stlouisfed.org/files/text/historical/FOMC/meetingdocuments/20170726statement.txt,https://fraser.stlouisfed.org/docs/historical/FOMC/meetingdocuments/20170726statement.pdf,2017-07-26
574124,2017-09-19,"Meeting, September 19-20, 2017",statement,2017-09-20,20170920statement.txt,https://fraser.stlouisfed.org/files/text/historical/FOMC/meetingdocuments/20170920statement.txt,https://fraser.stlouisfed.org/docs/historical/FOMC/meetingdocuments/20170920statement.pdf,2017-09-20
574875,2017-10-31,"Meeting, October 31-November 1, 2017",statement,2017-11-01,20171101statement.txt,https://fraser.stlouisfed.org/files/text/historical/FOMC/meetingdocuments/20171101statement.txt,https://fraser.stlouisfed.org/docs/historical/FOMC/meetingdocuments/20171101statement.pdf,2017-11-01
576414,2017-12-12,"Meeting, December 12-13, 2017",statement,2017-12-13,20171213statement.txt,https://fraser.stlouisfed.org/files/text/historical/FOMC/meetingdocuments/20171213statement.txt,https://fraser.stlouisfed.org/docs/historical/FOMC/meetingdocuments/20171213statement.pdf,2017-12-13
576435,2018-01-30,"Meeting, January 30-31, 2018",statement,2018-01-31,20180131statement.txt,https://fraser.stlouisfed.org/files/text/historical/FOMC/meetingdocuments/20180131statement.txt,https://fraser.stlouisfed.org/docs/historical/FOMC/meetingdocuments/20180131statement.pdf,2018-01-31
577486,2018-03-20,"Meeting, March 20-21, 2018",statement,2018-03-21,20180321statement.txt,https://fraser.stlouisfed.org/files/text/historical/FOMC/meetingdocuments/20180321statement.txt,https://fraser.stlouisfed.org/docs/historical/FOMC/meetingdocuments/20180321statement.pdf,2018-03-21
577891,2018-05-01,"Meeting, May 1-2, 2018",statement,2018-05-02,20180502statement.txt,https://fraser.stlouisfed.org/files/text/historical/FOMC/meetingdocuments/20180502statement.txt,https://fraser.stlouisfed.org/docs/historical/FOMC/meetingdocuments/20180502statement.pdf,2018-05-02
578912,2018-06-12,"Meeting, June 12-13, 2018",statement,2018-06-13,20180613statement.txt,https://fraser.stlouisfed.org/files/text/historical/FOMC/meetingdocuments/20180613statement.txt,https://fraser.stlouisfed.org/docs/historical/FOMC/meetingdocuments/20180613statement.pdf,2018-06-13
579066,2018-07-31,"Meeting, July 31-August 1, 2018",statement,2018-08-01,20180801statement.txt,https://fraser.stlouisfed.org/files/text/historical/FOMC/meetingdocuments/20180801statement.txt,https://fraser.stlouisfed.org/docs/historical/FOMC/meetingdocuments/20180801statement.pdf,2018-08-01
579332,2018-09-25,"Meeting, September 25-26, 2018",statement,2018-09-26,20180926statement.txt,https://fraser.stlouisfed.org/files/text/historical/FOMC/meetingdocuments/20180926statement.txt,https://fraser.stlouisfed.org/docs/historical/FOMC/meetingdocuments/20180926statement.pdf,2018-09-26
579807,2018-11-07,"Meeting, November 7-8, 2018",statement,2018-11-08,20181108statement.txt,https://fraser.stlouisfed.org/files/text/historical/FOMC/meetingdocuments/20181108statement.txt,https://fraser.stlouisfed.org/docs/historical/FOMC/meetingdocuments/20181108statement.pdf,2018-11-08
581286,2018-12-18,"Meeting, December 18-19, 2018",statement,2018-12-19,20181219statement.txt,https://fraser.stlouisfed.org/files/text/historical/FOMC/meetingdocuments/20181219statement.txt,https://fraser.stlouisfed.org/docs/historical/FOMC/meetingdocuments/20181219statement.pdf,2018-12-19
581795,2019-01-29,"Meeting, January 29-30, 2019",statement,2019-01-30,20190130statement.txt,https://fraser.stlouisfed.org/files/text/historical/FOMC/meetingdocuments/20190130statement.txt,https://fraser.stlouisfed.org/docs/historical/FOMC/meetingdocuments/20190130statement.pdf,2019-01-30
581952,2019-03-19,"Meeting, March 19-20, 2019",statement,2019-03-20,monetary20190320a1.txt,https://fraser.stlouisfed.org/files/text/historical/FOMC/meetingdocuments/monetary20190320a1.txt,https://fraser.stlouisfed.org/docs/historical/FOMC/meetingdocuments/monetary20190320a1.pdf,2019-03-20
583221,2019-04-30,"Meeting, April 30-May 1, 2019",statement,2019-05-01,monetary20190501a1.txt,https://fraser.stlouisfed.org/files/text/historical/FOMC/meetingdocuments/monetary20190501a1.txt,https://fraser.stlouisfed.org/docs/historical/FOMC/meetingdocuments/monetary20190501a1.pdf,2019-05-01
583325,2019-06-18,"Meeting, June 18-19, 2019",statement,2019-06-19,monetary20190619a1.txt,https://fraser.stlouisfed.org/files/text/historical/FOMC/meetingdocuments/monetary20190619a1.txt,https://fraser.stlouisfed.org/docs/historical/FOMC/meetingdocuments/monetary20190619a1.pdf,2019-06-19
583837,2019-07-30,"Meeting, July 30-31, 2019",statement,2019-07-31,monetary20190731a1.txt,https://fraser.stlouisfed.org/files/text/historical/FOMC/meetingdocuments/monetary20190731a1.txt,https://fraser.stlouisfed.org/docs/historical/FOMC/meetingdocuments/monetary20190731a1.pdf,2019-07-31
584502,2019-09-17,"Meeting, September 17-18, 2019",statement,2019-09-18,monetary20190918a1.txt,https://fraser.stlouisfed.org/files/text/historical/FOMC/meetingdocuments/monetary20190918a1.txt,https://fraser.stlouisfed.org/docs/historical/FOMC/meetingdocuments/monetary20190918a1.pdf,2019-09-18
584542,2019-10-11,"Meeting, October 4, 2019 (Unscheduled)",statement,2019-10-11,monetary20191011a1.txt,https://fraser.stlouisfed.org/files/text/historical/FOMC/meetingdocuments/monetary20191011a1.txt,https://fraser.stlouisfed.org/docs/historical/FOMC/meetingdocuments/monetary20191011a1.pdf,2019-10-11
584538,2019-10-29,"Meeting, October 29-30, 2019",statement,2019-10-30,monetary20191030a1.txt,https://fraser.stlouisfed.org/files/text/historical/FOMC/meetingdocuments/monetary20191030a1.txt,https://fraser.stlouisfed.org/docs/historical/FOMC/meetingdocuments/monetary20191030a1.pdf,2019-10-30
584816,2019-12-10,"Meeting, December 10-11, 2019",statement,2019-12-11,monetary20191211a1.txt,https://fraser.stlouisfed.org/files/text/historical/FOMC/meetingdocuments/monetary20191211a1.txt,https://fraser.stlouisfed.org/docs/historical/FOMC/meetingdocuments/monetary20191211a1.pdf,2019-12-11
585165,2020-01-28,"Meeting, January 28-29, 2020",statement,2020-01-29,monetary20200129a1.txt,https://fraser.stlouisfed.org/files/text/historical/FOMC/meetingdocuments/monetary20200129a1.txt,https://fraser.stlouisfed.org/docs/historical/FOMC/meetingdocuments/monetary20200129a1.pdf,2020-01-29
586834,2020-03-02,"Meeting, March 2, 2020 (Unscheduled)",statement,2020-03-03,monetary20200303a1.txt,https://fraser.stlouisfed.org/files/text/historical/FOMC/meetingdocuments/monetary20200303a1.txt,https://fraser.stlouisfed.org/docs/historical/FOMC/meetingdocuments/monetary20200303a1.pdf,2020-03-03
587319,2020-03-15,"Meeting, March 15, 2020 (Unscheduled)",statement,2020-03-15,monetary20200315a1.txt,https://fraser.stlouisfed.org/files/text/historical/FOMC/meetingdocuments/monetary20200315a1.txt,https://fraser.stlouisfed.org/docs/historical/FOMC/meetingdocuments/monetary20200315a1.pdf,2020-03-15
588287,2020-03-19,"Meeting, March 19, 2020 (Notation Vote)",statement,2020-03-19,monetary20200319a1.txt,https://fraser.stlouisfed.org/files/text/historical/FOMC/meetingdocuments/monetary20200319a1.txt,https://fraser.stlouisfed.org/docs/historical/FOMC/meetingdocuments/monetary20200319a1.pdf,2020-03-19
588288,2020-03-23,"Meeting, March 23, 2020 (Notation Vote)",statement,2020-03-23,monetary20200323a1.txt,https://fraser.stlouisfed.org/files/text/historical/FOMC/meetingdocuments/monetary20200323a1.txt,https://fraser.stlouisfed.org/docs/historical/FOMC/meetingdocuments/monetary20200323a1.pdf,2020-03-23
588289,2020-03-31,"Meeting, March 31, 2020 (Notation Vote)",statement,2020-03-31,monetary20200331a1.txt,https://fraser.stlouisfed.org/files/text/historical/FOMC/meetingdocuments/monetary20200331a1.txt,https://fraser.stlouisfed.org/docs/historical/FOMC/meetingdocuments/monetary20200331a1.pdf,2020-03-31
588477,2020-04-28,"Meeting, April 28-29, 2020",statement,2020-04-29,monetary20200429a1.txt,https://fraser.stlouisfed.org/files/text/historical/FOMC/meetingdocuments/monetary20200429a1.txt,https://fraser.stlouisfed.org/docs/historical/FOMC/meetingdocuments/monetary20200429a1.pdf,2020-04-29
589676,2020-06-09,"Meeting, June 9-10, 2020",statement,2020-06-10,monetary20200610a1.txt,https://fraser.stlouisfed.org/files/text/historical/FOMC/meetingdocuments/monetary20200610a1.txt,https://fraser.stlouisfed.org/docs/historical/FOMC/meetingdocuments/monetary20200610a1.pdf,2020-06-10
594191,2020-07-28,"Meeting, July 28-29, 2020",statement,2020-07-29,monetary20200729a1.txt,https://fraser.stlouisfed.org/files/text/historical/FOMC/meetingdocuments/monetary20200729a1.txt,https://fraser.stlouisfed.org/docs/historical/FOMC/meetingdocuments/monetary20200729a1.pdf,2020-07-29
596196,2020-09-15,"Meeting, September 15-16, 2020",statement,2020-09-16,monetary20200916a1.txt,https://fraser.stlouisfed.org/files/text/historical/FOMC/meetingdocuments/monetary20200916a1.txt,https://fraser.stlouisfed.org/docs/historical/FOMC/meetingdocuments/monetary20200916a1.pdf,2020-09-16
598101,2020-11-04,"Meeting, November 4-5, 2020",statement,2020-11-05,monetary20201105a1.txt,https://fraser.stlouisfed.org/files/text/historical/FOMC/meetingdocuments/monetary20201105a1.txt,https://fraser.stlouisfed.org/docs/historical/FOMC/meetingdocuments/monetary20201105a1.pdf,2020-11-05
598544,2020-12-15,"Meeting, December 15-16, 2020",statement,2020-12-16,monetary20201216a1.txt,https://fraser.stlouisfed.org/files/text/historical/FOMC/meetingdocuments/monetary20201216a1.txt,https://fraser.stlouisfed.org/docs/historical/FOMC/meetingdocuments/monetary20201216a1.pdf,2020-12-16
598775,2021-01-26,"Meeting, January 26-27, 2021",statement,2021-01-27,monetary20210127a1.txt,https://fraser.stlouisfed.org/files/text/historical/FOMC/meetingdocuments/monetary20210127a1.txt,https://fraser.stlouisfed.org/docs/historical/FOMC/meetingdocuments/monetary20210127a1.pdf,2021-01-27
600742,2021-03-16,"Meeting, March 16-17, 2021",statement,2021-03-17,monetary20210317a1.txt,https://fraser.stlouisfed.org/files/text/historical/FOMC/meetingdocuments/monetary20210317a1.txt,https://fraser.stlouisfed.org/docs/historical/FOMC/meetingdocuments/monetary20210317a1.pdf,2021-03-17
601897,2021-04-27,"Meeting, April 27-28, 2021",statement,2021-04-28,monetary20210428a1.txt,https://fraser.stlouisfed.org/files/text/historical/FOMC/meetingdocuments/monetary20210428a1.txt,https://fraser.stlouisfed.org/docs/historical/FOMC/meetingdocuments/monetary20210428a1.pdf,2021-04-28
603942,2021-06-15,"Meeting, June 15-16, 2021",statement,2021-06-16,monetary20210616a1.txt,https://fraser.stlouisfed.org/files/text/historical/FOMC/meetingdocuments/monetary20210616a1.txt,https://fraser.stlouisfed.org/docs/historical/FOMC/meetingdocuments/monetary20210616a1.pdf,2021-06-16
604765,2021-07-27,"Meeting, July 27-28, 2021",statement,2021-07-28,monetary20210728a1.txt,https://fraser.stlouisfed.org/files/text/historical/FOMC/meetingdocuments/monetary20210728a1.txt,https://fraser.stlouisfed.org/docs/historical/FOMC/meetingdocuments/monetary20210728a1.pdf,2021-07-28
605825,2021-09-21,"Meeting, September 21-22, 2021",statement,2021-09-22,monetary20210922a1.txt,https://fraser.stlouisfed.org/files/text/historical/FOMC/meetingdocuments/monetary20210922a1.txt,https://fraser.stlouisfed.org/docs/historical/FOMC/meetingdocuments/monetary20210922a1.pdf,2021-09-22
608601,2021-11-02,"Meeting, November 2-3, 2021",statement,2021-11-03,monetary20211103a1.txt,https://fraser.stlouisfed.org/files/text/historical/FOMC/meetingdocuments/monetary20211103a1.txt,https://fraser.stlouisfed.org/docs/historical/FOMC/meetingdocuments/monetary20211103a1.pdf,2021-11-03
610139,2021-12-14,"Meeting, December 14-15, 2021",statement,2021-12-15,monetary20211215a1.txt,https://fraser.stlouisfed.org/files/text/historical/FOMC/meetingdocuments/monetary20211215a1.txt,https://fraser.stlouisfed.org/docs/historical/FOMC/meetingdocuments/monetary20211215a1.pdf,2021-12-15
610587,2022-01-25,"Meeting, January 25-26, 2022",statement,2022-01-26,monetary20220126a1.txt,https://fraser.stlouisfed.org/files/text/historical/FOMC/meetingdocuments/monetary20220126a1.txt,https://fraser.stlouisfed.org/docs/historical/FOMC/meetingdocuments/monetary20220126a1.pdf,2022-01-26
611545,2022-03-15,"Meeting, March 15-16, 2022",statement,2022-03-16,monetary20220316a1.txt,https://fraser.stlouisfed.org/files/text/historical/FOMC/meetingdocuments/monetary20220316a1.txt,https://fraser.stlouisfed.org/docs/historical/FOMC/meetingdocuments/monetary20220316a1.pdf,2022-03-16
611869,2022-05-03,"Meeting, May 3-4, 2022",statement,2022-05-04,monetary20220504a1.txt,https://fraser.stlouisfed.org/files/text/historical/FOMC/meetingdocuments/monetary20220504a1.txt,https://fraser.stlouisfed.org/docs/historical/FOMC/meetingdocuments/monetary20220504a1.pdf,2022-05-04
616227,2022-06-14,"Meeting, June 14-15, 2022",statement,2022-06-15,monetary20220615a1.txt,https://fraser.stlouisfed.org/files/text/historical/FOMC/meetingdocuments/monetary20220615a1.txt,https://fraser.stlouisfed.org/docs/historical/FOMC/meetingdocuments/monetary20220615a1.pdf,2022-06-15
619211,2022-07-26,"Meeting, July 26-27, 2022",statement,2022-07-27,monetary20220727a1.txt,https://fraser.stlouisfed.org/files/text/historical/FOMC/meetingdocuments/monetary20220727a1.txt,https://fraser.stlouisfed.org/docs/historical/FOMC/meetingdocuments/monetary20220727a1.pdf,2022-07-27
622307,2022-09-20,"Meeting, September 20-21, 2022",statement,2022-09-21,monetary20220921a1.txt,https://fraser.stlouisfed.org/files/text/historical/FOMC/meetingdocuments/monetary20220921a1.txt,https://fraser.stlouisfed.org/docs/historical/FOMC/meetingdocuments/monetary20220921a1.pdf,2022-09-21
627813,2022-11-01,"Meeting, November 1-2, 2022",statement,2022-11-02,monetary20221102a1.txt,https://fraser.stlouisfed.org/files/text/historical/FOMC/meetingdocuments/monetary20221102a1.txt,https://fraser.stlouisfed.org/docs/historical/FOMC/meetingdocuments/monetary20221102a1.pdf,2022-11-02
627845,2022-12-13,"Meeting, December 13-14, 2022",statement,2022-12-14,monetary20221214a1.txt,https://fraser.stlouisfed.org/files/text/historical/FOMC/meetingdocuments/monetary20221214a1.txt,https://fraser.stlouisfed.org/docs/historical/FOMC/meetingdocuments/monetary20221214a1.pdf,2022-12-14
628650,2023-01-31,"Meeting, January 31-February 1, 2023",statement,2023-02-01,monetary20230201a1.txt,https://fraser.stlouisfed.org/files/text/historical/FOMC/meetingdocuments/monetary20230201a1.txt,https://fraser.stlouisfed.org/docs/historical/FOMC/meetingdocuments/monetary20230201a1.pdf,2023-02-01
629124,2023-03-21,"Meeting, March 21-22, 2023",statement,2023-03-22,monetary20230322a1.txt,https://fraser.stlouisfed.org/files/text/historical/FOMC/meetingdocuments/monetary20230322a1.txt,https://fraser.stlouisfed.org/docs/historical/FOMC/meetingdocuments/monetary20230322a1.pdf,2023-03-22
632567,2023-05-02,"Meeting, May 2-3, 2023",statement,2023-05-03,monetary20230503a1.txt,https://fraser.stlouisfed.org/files/text/historical/FOMC/meetingdocuments/monetary20230503a1.txt,https://fraser.stlouisfed.org/docs/historical/FOMC/meetingdocuments/monetary20230503a1.pdf,2023-05-03
635588,2023-06-13,"Meeting, June 13-14, 2023",statement,2023-06-14,monetary20230614a1.txt,https://fraser.stlouisfed.org/files/text/historical/FOMC/meetingdocuments/monetary20230614a1.txt,https://fraser.stlouisfed.org/docs/historical/FOMC/meetingdocuments/monetary20230614a1.pdf,2023-06-14
650228,2023-07-25,"Meeting, July 25-26, 2023",statement,2023-07-26,monetary20230726a1.txt,https://fraser.stlouisfed.org/files/text/historical/FOMC/meetingdocuments/monetary20230726a1.txt,https://fraser.stlouisfed.org/docs/historical/FOMC/meetingdocuments/monetary20230726a1.pdf,2023-07-26
650316,2023-09-19,"Meeting, September 19-20, 2023",statement,2023-09-20,monetary20230920a1.txt,https://fraser.stlouisfed.org/files/text/historical/FOMC/meetingdocuments/monetary20230920a1.txt,https://fraser.stlouisfed.org/docs/historical/FOMC/meetingdocuments/monetary20230920a1.pdf,2023-09-20
655797,2023-10-31,"Meeting, October 31-November 1, 2023",statement,2023-11-01,monetary20231101a1.txt,https://fraser.stlouisfed.org/files/text/historical/FOMC/meetingdocuments/monetary20231101a1.txt,https://fraser.stlouisfed.org/docs/historical/FOMC/meetingdocuments/monetary20231101a1.pdf,2023-11-01
657388,2023-12-13,"Meeting, December 12-13, 2023",statement,2023-12-13,monetary20231213a1.txt,https://fraser.stlouisfed.org/files/text/historical/FOMC/meetingdocuments/monetary20231213a1.txt,https://fraser.stlouisfed.org/docs/historical/FOMC/meetingdocuments/monetary20231213a1.pdf,2023-12-13
659514,2024-01-30,"Meeting, January 30-31, 2024",statement,2024-01-31,monetary20240131a1.txt,https://fraser.stlouisfed.org/files/text/historical/FOMC/meetingdocuments/monetary20240131a1.txt,https://fraser.stlouisfed.org/docs/historical/FOMC/meetingdocuments/monetary20240131a1.pdf,2024-01-31
679766,2024-03-20,"Meeting, March 19-20, 2024",statement,2024-03-20,monetary20240320a1.txt,https://fraser.stlouisfed.org/files/text/historical/FOMC/meetingdocuments/monetary20240320a1.txt,https://fraser.stlouisfed.org/docs/historical/FOMC/meetingdocuments/monetary20240320a1.pdf,2024-03-20
679767,2024-05-01,"Meeting, April 30-May 1, 2024",statement,2024-05-01,monetary20240501a1.txt,https://fraser.stlouisfed.org/files/text/historical/FOMC/meetingdocuments/monetary20240501a1.txt,https://fraser.stlouisfed.org/docs/historical/FOMC/meetingdocuments/monetary20240501a1.pdf,2024-05-01
679768,2024-06-12,"Meeting, June 11-12, 2024",statement,2024-06-12,monetary20240612a1.txt,https://fraser.stlouisfed.org/files/text/historical/FOMC/meetingdocuments/monetary20240612a1.txt,https://fraser.stlouisfed.org/docs/historical/FOMC/meetingdocuments/monetary20240612a1.pdf,2024-06-12
679769,2024-07-31,"Meeting, July 30-31, 2024",statement,2024-07-31,monetary20240731a1.txt,https://fraser.stlouisfed.org/files/text/historical/FOMC/meetingdocuments/monetary20240731a1.txt,https://fraser.stlouisfed.org/docs/historical/FOMC/meetingdocuments/monetary20240731a1.pdf,2024-07-31
679770,2024-09-18,"Meeting, September 17-18, 2024",statement,2024-09-18,monetary20240918a1.txt,https://fraser.stlouisfed.org/files/text/historical/FOMC/meetingdocuments/monetary20240918a1.txt,https://fraser.stlouisfed.org/docs/historical/FOMC/meetingdocuments/monetary20240918a1.pdf,2024-09-18
679759,2024-11-07,"Meeting, November 6-7, 2024",statement,2024-11-07,monetary20241107a1.txt,https://fraser.stlouisfed.org/files/text/historical/FOMC/meetingdocuments/monetary20241107a1.txt,https://fraser.stlouisfed.org/docs/historical/FOMC/meetingdocuments/monetary20241107a1.pdf,2024-11-07
680053,2024-12-18,"Meeting, December 17-18, 2024",statement,2024-12-18,monetary20241218a1.txt,https://fraser.stlouisfed.org/files/text/historical/FOMC/meetingdocuments/monetary20241218a1.txt,https://fraser.stlouisfed.org/docs/historical/FOMC/meetingdocuments/monetary20241218a1.pdf,2024-12-18
681117,2025-01-29,"Meeting, January 28-29, 2025",statement,2025-01-29,monetary20250129a1.txt,https://fraser.stlouisfed.org/files/text/historical/FOMC/meetingdocuments/monetary20250129a1.txt,https://fraser.stlouisfed.org/docs/historical/FOMC/meetingdocuments/monetary20250129a1.pdf,2025-01-29
684019,2025-03-19,"Meeting, March 18-19, 2025",statement,2025-03-19,monetary20250319a1.txt,https://fraser.stlouisfed.org/files/text/historical/FOMC/meetingdocuments/monetary20250319a1.txt,https://fraser.stlouisfed.org/docs/historical/FOMC/meetingdocuments/monetary20250319a1.pdf,2025-03-19
685851,2025-05-07,"Meeting, May 6-7, 2025",statement,2025-05-07,monetary20250507a1.txt,https://fraser.stlouisfed.org/files/text/historical/FOMC/meetingdocuments/monetary20250507a1.txt,https://fraser.stlouisfed.org/docs/historical/FOMC/meetingdocuments/monetary20250507a1.pdf,2025-05-07
688287,2025-06-18,"Meeting, June 17-18, 2025",statement,2025-06-18,monetary20250618a1.txt,https://fraser.stlouisfed.org/files/text/historical/FOMC/meetingdocuments/monetary20250618a1.txt,https://fraser.stlouisfed.org/docs/historical/FOMC/meetingdocuments/monetary20250618a1.pdf,2025-06-18
690650,2025-07-30,"Meeting, July 29-30, 2025",statement,2025-07-30,monetary20250730a1.txt,https://fraser.stlouisfed.org/files/text/historical/FOMC/meetingdocuments/monetary20250730a1.txt,https://fraser.stlouisfed.org/docs/historical/FOMC/meetingdocuments/monetary20250730a1.pdf,2025-07-30
703961,2025-09-17,"Meeting, September 16-17, 2025",statement,2025-09-17,monetary20250917a1.txt,https://fraser.stlouisfed.org/files/text/historical/FOMC/meetingdocuments/monetary20250917a1.txt,https://fraser.stlouisfed.org/docs/historical/FOMC/meetingdocuments/monetary20250917a1.pdf,2025-09-17
707800,2025-10-29,"Meeting, October 28-29, 2025",statement,2025-10-29,monetary20251029a1.txt,https://fraser.stlouisfed.org/files/text/historical/FOMC/meetingdocuments/monetary20251029a1.txt,https://fraser.stlouisfed.org/docs/historical/FOMC/meetingdocuments/monetary20251029a1.pdf,2025-10-29
716083,2025-12-10,"Meeting, December 9-10, 2025",statement,2025-12-10,monetary20251210a1.txt,https://fraser.stlouisfed.org/files/text/historical/FOMC/meetingdocuments/monetary20251210a1.txt,https://fraser.stlouisfed.org/docs/historical/FOMC/meetingdocuments/monetary20251210a1.pdf,2025-12-10
718623,2026-01-28,"Meeting, January 27-28, 2026",statement,2026-01-28,monetary20260128a1.txt,https://fraser.stlouisfed.org/files/text/historical/FOMC/meetingdocuments/monetary20260128a1.txt,https://fraser.stlouisfed.org/docs/historical/FOMC/meetingdocuments/monetary20260128a1.pdf,2026-01-28
721155,2026-03-18,"Meeting, March 17-18, 2026",statement,2026-03-18,monetary20260318a1.txt,https://fraser.stlouisfed.org/files/text/historical/FOMC/meetingdocuments/monetary20260318a1.txt,https://fraser.stlouisfed.org/docs/historical/FOMC/meetingdocuments/monetary20260318a1.pdf,2026-03-18
724400,2026-04-29,"Meeting, April 28-29, 2026",statement,2026-04-29,monetary20260429a1.txt,https://fraser.stlouisfed.org/files/text/historical/FOMC/meetingdocuments/monetary20260429a1.txt,https://fraser.stlouisfed.org/docs/historical/FOMC/meetingdocuments/monetary20260429a1.pdf,2026-04-29
