index_name,symbol,priority,fetched_at
NIFTY BANK,ICICIBANK,,2026-04-14T01:22:41.013948+00:00
NIFTY BANK,HDFCBANK,,2026-04-14T01:22:41.013948+00:00
NIFTY BANK,SBIN,,2026-04-14T01:22:41.013948+00:00
NIFTY BANK,AXISBANK,,2026-04-14T01:22:41.013948+00:00
NIFTY BANK,KOTAKBANK,,2026-04-14T01:22:41.013948+00:00
NIFTY BANK,UNIONBANK,,2026-04-14T01:22:41.013948+00:00
NIFTY BANK,BANKBARODA,,2026-04-14T01:22:41.013948+00:00
NIFTY BANK,CANBK,,2026-04-14T01:22:41.013948+00:00
NIFTY BANK,FEDERALBNK,,2026-04-14T01:22:41.013948+00:00
NIFTY BANK,PNB,,2026-04-14T01:22:41.013948+00:00
NIFTY BANK,AUBANK,,2026-04-14T01:22:41.013948+00:00
NIFTY BANK,YESBANK,,2026-04-14T01:22:41.013948+00:00
NIFTY BANK,INDUSINDBK,,2026-04-14T01:22:41.013948+00:00
NIFTY BANK,IDFCFIRSTB,,2026-04-14T01:22:41.013948+00:00
NIFTY FIN SERVICE,ICICIBANK,,2026-04-14T01:22:41.013948+00:00
NIFTY FIN SERVICE,HDFCBANK,,2026-04-14T01:22:41.013948+00:00
NIFTY FIN SERVICE,BSE,,2026-04-14T01:22:41.013948+00:00
NIFTY FIN SERVICE,SBIN,,2026-04-14T01:22:41.013948+00:00
NIFTY FIN SERVICE,AXISBANK,,2026-04-14T01:22:41.013948+00:00
NIFTY FIN SERVICE,KOTAKBANK,,2026-04-14T01:22:41.013948+00:00
NIFTY FIN SERVICE,BAJFINANCE,,2026-04-14T01:22:41.013948+00:00
NIFTY FIN SERVICE,SHRIRAMFIN,,2026-04-14T01:22:41.013948+00:00
NIFTY FIN SERVICE,CHOLAFIN,,2026-04-14T01:22:41.013948+00:00
NIFTY FIN SERVICE,PFC,,2026-04-14T01:22:41.013948+00:00
NIFTY FIN SERVICE,JIOFIN,,2026-04-14T01:22:41.013948+00:00
NIFTY FIN SERVICE,HDFCLIFE,,2026-04-14T01:22:41.013948+00:00
NIFTY FIN SERVICE,BAJAJFINSV,,2026-04-14T01:22:41.013948+00:00
NIFTY FIN SERVICE,RECLTD,,2026-04-14T01:22:41.013948+00:00
NIFTY FIN SERVICE,MUTHOOTFIN,,2026-04-14T01:22:41.013948+00:00
NIFTY FIN SERVICE,SBILIFE,,2026-04-14T01:22:41.013948+00:00
NIFTY FIN SERVICE,MFSL,,2026-04-14T01:22:41.013948+00:00
NIFTY FIN SERVICE,SBICARD,,2026-04-14T01:22:41.013948+00:00
NIFTY FIN SERVICE,LICHSGFIN,,2026-04-14T01:22:41.013948+00:00
NIFTY FIN SERVICE,ICICIGI,,2026-04-14T01:22:41.013948+00:00
NIFTY MID SELECT,BSE,,2026-04-14T01:22:41.013948+00:00
NIFTY MID SELECT,BHEL,,2026-04-14T01:22:41.013948+00:00
NIFTY MID SELECT,SUZLON,,2026-04-14T01:22:41.013948+00:00
NIFTY MID SELECT,DIXON,,2026-04-14T01:22:41.013948+00:00
NIFTY MID SELECT,HEROMOTOCO,,2026-04-14T01:22:41.013948+00:00
NIFTY MID SELECT,ASHOKLEY,,2026-04-14T01:22:41.013948+00:00
NIFTY MID SELECT,POLYCAB,,2026-04-14T01:22:41.013948+00:00
NIFTY MID SELECT,HINDPETRO,,2026-04-14T01:22:41.013948+00:00
NIFTY MID SELECT,SWIGGY,,2026-04-14T01:22:41.013948+00:00
NIFTY MID SELECT,PERSISTENT,,2026-04-14T01:22:41.013948+00:00
NIFTY MID SELECT,POLICYBZR,,2026-04-14T01:22:41.013948+00:00
NIFTY MID SELECT,PAYTM,,2026-04-14T01:22:41.013948+00:00
NIFTY MID SELECT,BHARATFORG,,2026-04-14T01:22:41.013948+00:00
NIFTY MID SELECT,LICI,,2026-04-14T01:22:41.013948+00:00
NIFTY MID SELECT,AUROPHARMA,,2026-04-14T01:22:41.013948+00:00
NIFTY MID SELECT,LUPIN,,2026-04-14T01:22:41.013948+00:00
NIFTY MID SELECT,SRF,,2026-04-14T01:22:41.013948+00:00
NIFTY MID SELECT,MARICO,,2026-04-14T01:22:41.013948+00:00
NIFTY MID SELECT,INDIANB,,2026-04-14T01:22:41.013948+00:00
NIFTY MID SELECT,AUBANK,,2026-04-14T01:22:41.013948+00:00
NIFTY MID SELECT,YESBANK,,2026-04-14T01:22:41.013948+00:00
NIFTY MID SELECT,INDUSINDBK,,2026-04-14T01:22:41.013948+00:00
NIFTY MID SELECT,INDUSTOWER,,2026-04-14T01:22:41.013948+00:00
NIFTY MID SELECT,NAUKRI,,2026-04-14T01:22:41.013948+00:00
NIFTY MID SELECT,FORTIS,,2026-04-14T01:22:41.013948+00:00
NIFTY 100,ICICIBANK,,2026-04-14T01:22:41.013948+00:00
NIFTY 100,RELIANCE,,2026-04-14T01:22:41.013948+00:00
NIFTY 100,HDFCBANK,,2026-04-14T01:22:41.013948+00:00
NIFTY 100,BHARTIARTL,,2026-04-14T01:22:41.013948+00:00
NIFTY 100,LT,,2026-04-14T01:22:41.013948+00:00
NIFTY 100,SBIN,,2026-04-14T01:22:41.013948+00:00
NIFTY 100,MARUTI,,2026-04-14T01:22:41.013948+00:00
NIFTY 100,ADANIPOWER,,2026-04-14T01:22:41.013948+00:00
NIFTY 100,INFY,,2026-04-14T01:22:41.013948+00:00
NIFTY 100,AXISBANK,,2026-04-14T01:22:41.013948+00:00
NIFTY 100,KOTAKBANK,,2026-04-14T01:22:41.013948+00:00
NIFTY 100,ETERNAL,,2026-04-14T01:22:41.013948+00:00
NIFTY 100,M&M,,2026-04-14T01:22:41.013948+00:00
NIFTY 100,BAJFINANCE,,2026-04-14T01:22:41.013948+00:00
NIFTY 100,VEDL,,2026-04-14T01:22:41.013948+00:00
NIFTY 100,TCS,,2026-04-14T01:22:41.013948+00:00
NIFTY 100,EICHERMOT,,2026-04-14T01:22:41.013948+00:00
NIFTY 100,TATAPOWER,,2026-04-14T01:22:41.013948+00:00
NIFTY 100,SHRIRAMFIN,,2026-04-14T01:22:41.013948+00:00
NIFTY 100,COALINDIA,,2026-04-14T01:22:41.013948+00:00
NIFTY 100,ADANIENT,,2026-04-14T01:22:41.013948+00:00
NIFTY 100,INDIGO,,2026-04-14T01:22:41.013948+00:00
NIFTY 100,ONGC,,2026-04-14T01:22:41.013948+00:00
NIFTY 100,BEL,,2026-04-14T01:22:41.013948+00:00
NIFTY 100,ADANIGREEN,,2026-04-14T01:22:41.013948+00:00
NIFTY 100,MAZDOCK,,2026-04-14T01:22:41.013948+00:00
NIFTY 100,SUNPHARMA,,2026-04-14T01:22:41.013948+00:00
NIFTY 100,TMCV,,2026-04-14T01:22:41.013948+00:00
NIFTY 100,NTPC,,2026-04-14T01:22:41.013948+00:00
NIFTY 100,ADANIPORTS,,2026-04-14T01:22:41.013948+00:00
NIFTY 100,TATASTEEL,,2026-04-14T01:22:41.013948+00:00
NIFTY 100,CHOLAFIN,,2026-04-14T01:22:41.013948+00:00
NIFTY 100,MOTHERSON,,2026-04-14T01:22:41.013948+00:00
NIFTY 100,ITC,,2026-04-14T01:22:41.013948+00:00
NIFTY 100,ADANIENSOL,,2026-04-14T01:22:41.013948+00:00
NIFTY 100,POWERGRID,,2026-04-14T01:22:41.013948+00:00
NIFTY 100,HINDALCO,,2026-04-14T01:22:41.013948+00:00
NIFTY 100,TMPV,,2026-04-14T01:22:41.013948+00:00
NIFTY 100,HAL,,2026-04-14T01:22:41.013948+00:00
NIFTY 100,WIPRO,,2026-04-14T01:22:41.013948+00:00
NIFTY 100,CUMMINSIND,,2026-04-14T01:22:41.013948+00:00
NIFTY 100,HINDUNILVR,,2026-04-14T01:22:41.013948+00:00
NIFTY 100,ASIANPAINT,,2026-04-14T01:22:41.013948+00:00
NIFTY 100,BPCL,,2026-04-14T01:22:41.013948+00:00
NIFTY 100,DMART,,2026-04-14T01:22:41.013948+00:00
NIFTY 100,PFC,,2026-04-14T01:22:41.013948+00:00
NIFTY 100,TITAN,,2026-04-14T01:22:41.013948+00:00
NIFTY 100,JIOFIN,,2026-04-14T01:22:41.013948+00:00
NIFTY 100,BAJAJ-AUTO,,2026-04-14T01:22:41.013948+00:00
NIFTY 100,SOLARINDS,,2026-04-14T01:22:41.013948+00:00
NIFTY 100,HDFCLIFE,,2026-04-14T01:22:41.013948+00:00
NIFTY 100,UNIONBANK,,2026-04-14T01:22:41.013948+00:00
NIFTY 100,GRASIM,,2026-04-14T01:22:41.013948+00:00
NIFTY 100,BANKBARODA,,2026-04-14T01:22:41.013948+00:00
NIFTY 100,HCLTECH,,2026-04-14T01:22:41.013948+00:00
NIFTY 100,IOC,,2026-04-14T01:22:41.013948+00:00
NIFTY 100,TORNTPHARM,,2026-04-14T01:22:41.013948+00:00
NIFTY 100,CANBK,,2026-04-14T01:22:41.013948+00:00
NIFTY 100,HDFCAMC,,2026-04-14T01:22:41.013948+00:00
NIFTY 100,ULTRACEMCO,,2026-04-14T01:22:41.013948+00:00
NIFTY 100,GAIL,,2026-04-14T01:22:41.013948+00:00
NIFTY 100,DLF,,2026-04-14T01:22:41.013948+00:00
NIFTY 100,TVSMOTOR,,2026-04-14T01:22:41.013948+00:00
NIFTY 100,APOLLOHOSP,,2026-04-14T01:22:41.013948+00:00
NIFTY 100,VBL,,2026-04-14T01:22:41.013948+00:00
NIFTY 100,MAXHEALTH,,2026-04-14T01:22:41.013948+00:00
NIFTY 100,BAJAJFINSV,,2026-04-14T01:22:41.013948+00:00
NIFTY 100,ABB,,2026-04-14T01:22:41.013948+00:00
NIFTY 100,BOSCHLTD,,2026-04-14T01:22:41.013948+00:00
NIFTY 100,LODHA,,2026-04-14T01:22:41.013948+00:00
NIFTY 100,PNB,,2026-04-14T01:22:41.013948+00:00
NIFTY 100,CIPLA,,2026-04-14T01:22:41.013948+00:00
NIFTY 100,BRITANNIA,,2026-04-14T01:22:41.013948+00:00
NIFTY 100,RECLTD,,2026-04-14T01:22:41.013948+00:00
NIFTY 100,MUTHOOTFIN,,2026-04-14T01:22:41.013948+00:00
NIFTY 100,TECHM,,2026-04-14T01:22:41.013948+00:00
NIFTY 100,TATACONSUM,,2026-04-14T01:22:41.013948+00:00
NIFTY 100,DRREDDY,,2026-04-14T01:22:41.013948+00:00
NIFTY 100,UNITDSPR,,2026-04-14T01:22:41.013948+00:00
NIFTY 100,NESTLEIND,,2026-04-14T01:22:41.013948+00:00
NIFTY 100,TRENT,,2026-04-14T01:22:41.013948+00:00
NIFTY 100,HYUNDAI,,2026-04-14T01:22:41.013948+00:00
NIFTY 100,IRFC,,2026-04-14T01:22:41.013948+00:00
NIFTY 100,HINDZINC,,2026-04-14T01:22:41.013948+00:00
NIFTY 100,CGPOWER,,2026-04-14T01:22:41.013948+00:00
NIFTY 100,INDHOTEL,,2026-04-14T01:22:41.013948+00:00
NIFTY 100,JINDALSTEL,,2026-04-14T01:22:41.013948+00:00
NIFTY 100,DIVISLAB,,2026-04-14T01:22:41.013948+00:00
NIFTY 100,JSWSTEEL,,2026-04-14T01:22:41.013948+00:00
NIFTY 100,SBILIFE,,2026-04-14T01:22:41.013948+00:00
NIFTY 100,GODREJCP,,2026-04-14T01:22:41.013948+00:00
NIFTY 100,SIEMENS,,2026-04-14T01:22:41.013948+00:00
NIFTY 100,AMBUJACEM,,2026-04-14T01:22:41.013948+00:00
NIFTY 100,PIDILITIND,,2026-04-14T01:22:41.013948+00:00
NIFTY 100,ENRIN,,2026-04-14T01:22:41.013948+00:00
NIFTY 100,LTM,,2026-04-14T01:22:41.013948+00:00
NIFTY 100,SHREECEM,,2026-04-14T01:22:41.013948+00:00
NIFTY 100,ZYDUSLIFE,,2026-04-14T01:22:41.013948+00:00
NIFTY 100,BAJAJHLDNG,,2026-04-14T01:22:41.013948+00:00
NIFTY 100,TATACAP,,2026-04-14T01:22:41.013948+00:00
NIFTY 200,ICICIBANK,,2026-04-14T01:22:41.013948+00:00
NIFTY 200,RELIANCE,,2026-04-14T01:22:41.013948+00:00
NIFTY 200,HDFCBANK,,2026-04-14T01:22:41.013948+00:00
NIFTY 200,BHARTIARTL,,2026-04-14T01:22:41.013948+00:00
NIFTY 200,BSE,,2026-04-14T01:22:41.013948+00:00
NIFTY 200,LT,,2026-04-14T01:22:41.013948+00:00
NIFTY 200,SBIN,,2026-04-14T01:22:41.013948+00:00
NIFTY 200,MARUTI,,2026-04-14T01:22:41.013948+00:00
NIFTY 200,ADANIPOWER,,2026-04-14T01:22:41.013948+00:00
NIFTY 200,INFY,,2026-04-14T01:22:41.013948+00:00
NIFTY 200,MCX,,2026-04-14T01:22:41.013948+00:00
NIFTY 200,BHEL,,2026-04-14T01:22:41.013948+00:00
NIFTY 200,AXISBANK,,2026-04-14T01:22:41.013948+00:00
NIFTY 200,KOTAKBANK,,2026-04-14T01:22:41.013948+00:00
NIFTY 200,WAAREEENER,,2026-04-14T01:22:41.013948+00:00
NIFTY 200,ETERNAL,,2026-04-14T01:22:41.013948+00:00
NIFTY 200,M&M,,2026-04-14T01:22:41.013948+00:00
NIFTY 200,BAJFINANCE,,2026-04-14T01:22:41.013948+00:00
NIFTY 200,TATAINVEST,,2026-04-14T01:22:41.013948+00:00
NIFTY 200,VEDL,,2026-04-14T01:22:41.013948+00:00
NIFTY 200,TCS,,2026-04-14T01:22:41.013948+00:00
NIFTY 200,EICHERMOT,,2026-04-14T01:22:41.013948+00:00
NIFTY 200,GROWW,,2026-04-14T01:22:41.013948+00:00
NIFTY 200,TATAPOWER,,2026-04-14T01:22:41.013948+00:00
NIFTY 200,SHRIRAMFIN,,2026-04-14T01:22:41.013948+00:00
NIFTY 200,COALINDIA,,2026-04-14T01:22:41.013948+00:00
NIFTY 200,ADANIENT,,2026-04-14T01:22:41.013948+00:00
NIFTY 200,INDIGO,,2026-04-14T01:22:41.013948+00:00
NIFTY 200,ONGC,,2026-04-14T01:22:41.013948+00:00
NIFTY 200,BEL,,2026-04-14T01:22:41.013948+00:00
NIFTY 200,ADANIGREEN,,2026-04-14T01:22:41.013948+00:00
NIFTY 200,MAZDOCK,,2026-04-14T01:22:41.013948+00:00
NIFTY 200,SUNPHARMA,,2026-04-14T01:22:41.013948+00:00
NIFTY 200,POWERINDIA,,2026-04-14T01:22:41.013948+00:00
NIFTY 200,TMCV,,2026-04-14T01:22:41.013948+00:00
NIFTY 200,SUZLON,,2026-04-14T01:22:41.013948+00:00
NIFTY 200,DIXON,,2026-04-14T01:22:41.013948+00:00
NIFTY 200,NTPC,,2026-04-14T01:22:41.013948+00:00
NIFTY 200,NATIONALUM,,2026-04-14T01:22:41.013948+00:00
NIFTY 200,ADANIPORTS,,2026-04-14T01:22:41.013948+00:00
NIFTY 200,TATASTEEL,,2026-04-14T01:22:41.013948+00:00
NIFTY 200,CHOLAFIN,,2026-04-14T01:22:41.013948+00:00
NIFTY 200,MOTHERSON,,2026-04-14T01:22:41.013948+00:00
NIFTY 200,ITC,,2026-04-14T01:22:41.013948+00:00
NIFTY 200,SAIL,,2026-04-14T01:22:41.013948+00:00
NIFTY 200,ADANIENSOL,,2026-04-14T01:22:41.013948+00:00
NIFTY 200,POWERGRID,,2026-04-14T01:22:41.013948+00:00
NIFTY 200,HINDALCO,,2026-04-14T01:22:41.013948+00:00
NIFTY 200,TMPV,,2026-04-14T01:22:41.013948+00:00
NIFTY 200,HAL,,2026-04-14T01:22:41.013948+00:00
NIFTY 200,WIPRO,,2026-04-14T01:22:41.013948+00:00
NIFTY 200,CUMMINSIND,,2026-04-14T01:22:41.013948+00:00
NIFTY 200,HINDUNILVR,,2026-04-14T01:22:41.013948+00:00
NIFTY 200,IDEA,,2026-04-14T01:22:41.013948+00:00
NIFTY 200,JSWENERGY,,2026-04-14T01:22:41.013948+00:00
NIFTY 200,ASIANPAINT,,2026-04-14T01:22:41.013948+00:00
NIFTY 200,HEROMOTOCO,,2026-04-14T01:22:41.013948+00:00
NIFTY 200,BPCL,,2026-04-14T01:22:41.013948+00:00
NIFTY 200,DMART,,2026-04-14T01:22:41.013948+00:00
NIFTY 200,PFC,,2026-04-14T01:22:41.013948+00:00
NIFTY 200,TITAN,,2026-04-14T01:22:41.013948+00:00
NIFTY 200,VOLTAS,,2026-04-14T01:22:41.013948+00:00
NIFTY 200,ASHOKLEY,,2026-04-14T01:22:41.013948+00:00
NIFTY 200,POLYCAB,,2026-04-14T01:22:41.013948+00:00
NIFTY 200,JIOFIN,,2026-04-14T01:22:41.013948+00:00
NIFTY 200,APLAPOLLO,,2026-04-14T01:22:41.013948+00:00
NIFTY 200,BAJAJ-AUTO,,2026-04-14T01:22:41.013948+00:00
NIFTY 200,SOLARINDS,,2026-04-14T01:22:41.013948+00:00
NIFTY 200,OIL,,2026-04-14T01:22:41.013948+00:00
NIFTY 200,HDFCLIFE,,2026-04-14T01:22:41.013948+00:00
NIFTY 200,UNIONBANK,,2026-04-14T01:22:41.013948+00:00
NIFTY 200,GRASIM,,2026-04-14T01:22:41.013948+00:00
NIFTY 200,GVT&D,,2026-04-14T01:22:41.013948+00:00
NIFTY 200,BANKBARODA,,2026-04-14T01:22:41.013948+00:00
NIFTY 200,HINDPETRO,,2026-04-14T01:22:41.013948+00:00
NIFTY 200,HCLTECH,,2026-04-14T01:22:41.013948+00:00
NIFTY 200,IOC,,2026-04-14T01:22:41.013948+00:00
NIFTY 200,TORNTPHARM,,2026-04-14T01:22:41.013948+00:00
NIFTY 200,CANBK,,2026-04-14T01:22:41.013948+00:00
NIFTY 200,ATGL,,2026-04-14T01:22:41.013948+00:00
NIFTY 200,HDFCAMC,,2026-04-14T01:22:41.013948+00:00
NIFTY 200,ULTRACEMCO,,2026-04-14T01:22:41.013948+00:00
NIFTY 200,SWIGGY,,2026-04-14T01:22:41.013948+00:00
NIFTY 200,PREMIERENE,,2026-04-14T01:22:41.013948+00:00
NIFTY 200,NMDC,,2026-04-14T01:22:41.013948+00:00
NIFTY 200,PERSISTENT,,2026-04-14T01:22:41.013948+00:00
NIFTY 200,COFORGE,,2026-04-14T01:22:41.013948+00:00
NIFTY 200,GAIL,,2026-04-14T01:22:41.013948+00:00
NIFTY 200,DLF,,2026-04-14T01:22:41.013948+00:00
NIFTY 200,TVSMOTOR,,2026-04-14T01:22:41.013948+00:00
NIFTY 200,COCHINSHIP,,2026-04-14T01:22:41.013948+00:00
NIFTY 200,APOLLOHOSP,,2026-04-14T01:22:41.013948+00:00
NIFTY 200,VBL,,2026-04-14T01:22:41.013948+00:00
NIFTY 200,MAXHEALTH,,2026-04-14T01:22:41.013948+00:00
NIFTY 200,BAJAJFINSV,,2026-04-14T01:22:41.013948+00:00
NIFTY 200,ABB,,2026-04-14T01:22:41.013948+00:00
NIFTY 200,POLICYBZR,,2026-04-14T01:22:41.013948+00:00
NIFTY 200,PAYTM,,2026-04-14T01:22:41.013948+00:00
NIFTY 200,BOSCHLTD,,2026-04-14T01:22:41.013948+00:00
NIFTY 200,LODHA,,2026-04-14T01:22:41.013948+00:00
NIFTY 200,FEDERALBNK,,2026-04-14T01:22:41.013948+00:00
NIFTY 200,BHARATFORG,,2026-04-14T01:22:41.013948+00:00
NIFTY 200,PNB,,2026-04-14T01:22:41.013948+00:00
NIFTY 200,CIPLA,,2026-04-14T01:22:41.013948+00:00
NIFTY 200,BRITANNIA,,2026-04-14T01:22:41.013948+00:00
NIFTY 200,RECLTD,,2026-04-14T01:22:41.013948+00:00
NIFTY 200,MUTHOOTFIN,,2026-04-14T01:22:41.013948+00:00
NIFTY 200,AUROPHARMA,,2026-04-14T01:22:41.013948+00:00
NIFTY 200,TECHM,,2026-04-14T01:22:41.013948+00:00
NIFTY 200,TATACONSUM,,2026-04-14T01:22:41.013948+00:00
NIFTY 200,ICICIAMC,,2026-04-14T01:22:41.013948+00:00
NIFTY 200,DRREDDY,,2026-04-14T01:22:41.013948+00:00
NIFTY 200,PRESTIGE,,2026-04-14T01:22:41.013948+00:00
NIFTY 200,LUPIN,,2026-04-14T01:22:41.013948+00:00
NIFTY 200,UNITDSPR,,2026-04-14T01:22:41.013948+00:00
NIFTY 200,BANKINDIA,,2026-04-14T01:22:41.013948+00:00
NIFTY 200,SRF,,2026-04-14T01:22:41.013948+00:00
NIFTY 200,BDL,,2026-04-14T01:22:41.013948+00:00
NIFTY 200,NESTLEIND,,2026-04-14T01:22:41.013948+00:00
NIFTY 200,TRENT,,2026-04-14T01:22:41.013948+00:00
NIFTY 200,HYUNDAI,,2026-04-14T01:22:41.013948+00:00
NIFTY 200,MARICO,,2026-04-14T01:22:41.013948+00:00
NIFTY 200,LGEINDIA,,2026-04-14T01:22:41.013948+00:00
NIFTY 200,IRFC,,2026-04-14T01:22:41.013948+00:00
NIFTY 200,GLENMARK,,2026-04-14T01:22:41.013948+00:00
NIFTY 200,GODREJPROP,,2026-04-14T01:22:41.013948+00:00
NIFTY 200,HINDZINC,,2026-04-14T01:22:41.013948+00:00
NIFTY 200,CGPOWER,,2026-04-14T01:22:41.013948+00:00
NIFTY 200,KEI,,2026-04-14T01:22:41.013948+00:00
NIFTY 200,INDIANB,,2026-04-14T01:22:41.013948+00:00
NIFTY 200,LAURUSLABS,,2026-04-14T01:22:41.013948+00:00
NIFTY 200,GMRAIRPORT,,2026-04-14T01:22:41.013948+00:00
NIFTY 200,BLUESTARCO,,2026-04-14T01:22:41.013948+00:00
NIFTY 200,MANKIND,,2026-04-14T01:22:41.013948+00:00
NIFTY 200,AUBANK,,2026-04-14T01:22:41.013948+00:00
NIFTY 200,LENSKART,,2026-04-14T01:22:41.013948+00:00
NIFTY 200,INDHOTEL,,2026-04-14T01:22:41.013948+00:00
NIFTY 200,LTF,,2026-04-14T01:22:41.013948+00:00
NIFTY 200,JINDALSTEL,,2026-04-14T01:22:41.013948+00:00
NIFTY 200,RVNL,,2026-04-14T01:22:41.013948+00:00
NIFTY 200,KALYANKJIL,,2026-04-14T01:22:41.013948+00:00
NIFTY 200,YESBANK,,2026-04-14T01:22:41.013948+00:00
NIFTY 200,DIVISLAB,,2026-04-14T01:22:41.013948+00:00
NIFTY 200,INDUSINDBK,,2026-04-14T01:22:41.013948+00:00
NIFTY 200,IDFCFIRSTB,,2026-04-14T01:22:41.013948+00:00
NIFTY 200,SUPREMEIND,,2026-04-14T01:22:41.013948+00:00
NIFTY 200,JSWSTEEL,,2026-04-14T01:22:41.013948+00:00
NIFTY 200,BIOCON,,2026-04-14T01:22:41.013948+00:00
NIFTY 200,SBILIFE,,2026-04-14T01:22:41.013948+00:00
NIFTY 200,VMM,,2026-04-14T01:22:41.013948+00:00
NIFTY 200,HAVELLS,,2026-04-14T01:22:41.013948+00:00
NIFTY 200,INDUSTOWER,,2026-04-14T01:22:41.013948+00:00
NIFTY 200,GODREJCP,,2026-04-14T01:22:41.013948+00:00
NIFTY 200,GODFRYPHLP,,2026-04-14T01:22:41.013948+00:00
NIFTY 200,NHPC,,2026-04-14T01:22:41.013948+00:00
NIFTY 200,IREDA,,2026-04-14T01:22:41.013948+00:00
NIFTY 200,SIEMENS,,2026-04-14T01:22:41.013948+00:00
NIFTY 200,UPL,,2026-04-14T01:22:41.013948+00:00
NIFTY 200,NAUKRI,,2026-04-14T01:22:41.013948+00:00
NIFTY 200,ASTRAL,,2026-04-14T01:22:41.013948+00:00
NIFTY 200,OBEROIRLTY,,2026-04-14T01:22:41.013948+00:00
NIFTY 200,HUDCO,,2026-04-14T01:22:41.013948+00:00
NIFTY 200,AMBUJACEM,,2026-04-14T01:22:41.013948+00:00
NIFTY 200,EXIDEIND,,2026-04-14T01:22:41.013948+00:00
NIFTY 200,PIDILITIND,,2026-04-14T01:22:41.013948+00:00
NIFTY 200,ABCAPITAL,,2026-04-14T01:22:41.013948+00:00
NIFTY 200,MFSL,,2026-04-14T01:22:41.013948+00:00
NIFTY 200,ENRIN,,2026-04-14T01:22:41.013948+00:00
NIFTY 200,ALKEM,,2026-04-14T01:22:41.013948+00:00
NIFTY 200,JUBLFOOD,,2026-04-14T01:22:41.013948+00:00
NIFTY 200,KPITTECH,,2026-04-14T01:22:41.013948+00:00
NIFTY 200,MRF,,2026-04-14T01:22:41.013948+00:00
NIFTY 200,PAGEIND,,2026-04-14T01:22:41.013948+00:00
NIFTY 200,RADICO,,2026-04-14T01:22:41.013948+00:00
NIFTY 200,SBICARD,,2026-04-14T01:22:41.013948+00:00
NIFTY 200,FORTIS,,2026-04-14T01:22:41.013948+00:00
NIFTY 200,COLPAL,,2026-04-14T01:22:41.013948+00:00
NIFTY 200,LTM,,2026-04-14T01:22:41.013948+00:00
NIFTY 200,NYKAA,,2026-04-14T01:22:41.013948+00:00
NIFTY 200,PATANJALI,,2026-04-14T01:22:41.013948+00:00
NIFTY 200,LICHSGFIN,,2026-04-14T01:22:41.013948+00:00
NIFTY 200,360ONE,,2026-04-14T01:22:41.013948+00:00
NIFTY 200,MOTILALOFS,,2026-04-14T01:22:41.013948+00:00
NIFTY 200,PHOENIXLTD,,2026-04-14T01:22:41.013948+00:00
NIFTY 200,SHREECEM,,2026-04-14T01:22:41.013948+00:00
NIFTY 200,ICICIGI,,2026-04-14T01:22:41.013948+00:00
NIFTY 200,IRCTC,,2026-04-14T01:22:41.013948+00:00
NIFTY 200,TATAELXSI,,2026-04-14T01:22:41.013948+00:00
NIFTY 200,ZYDUSLIFE,,2026-04-14T01:22:41.013948+00:00
NIFTY 200,MPHASIS,,2026-04-14T01:22:41.013948+00:00
NIFTY 200,M&MFIN,,2026-04-14T01:22:41.013948+00:00
NIFTY 200,DABUR,,2026-04-14T01:22:41.013948+00:00
NIFTY 200,OFSS,,2026-04-14T01:22:41.013948+00:00
NIFTY 200,COROMANDEL,,2026-04-14T01:22:41.013948+00:00
NIFTY 200,TATACOMM,,2026-04-14T01:22:41.013948+00:00
NIFTY 200,BAJAJHLDNG,,2026-04-14T01:22:41.013948+00:00
NIFTY 200,TATACAP,,2026-04-14T01:22:41.013948+00:00
NIFTY 200,PIIND,,2026-04-14T01:22:41.013948+00:00
NIFTY 200,CONCOR,,2026-04-14T01:22:41.013948+00:00
NIFTY 200,TIINDIA,,2026-04-14T01:22:41.013948+00:00
NIFTY 500,ICICIBANK,,2026-04-14T01:22:41.013948+00:00
NIFTY 500,RELIANCE,,2026-04-14T01:22:41.013948+00:00
NIFTY 500,HDFCBANK,,2026-04-14T01:22:41.013948+00:00
NIFTY 500,ATHERENERG,,2026-04-14T01:22:41.013948+00:00
NIFTY 500,BHARTIARTL,,2026-04-14T01:22:41.013948+00:00
NIFTY 500,BSE,,2026-04-14T01:22:41.013948+00:00
NIFTY 500,LT,,2026-04-14T01:22:41.013948+00:00
NIFTY 500,SBIN,,2026-04-14T01:22:41.013948+00:00
NIFTY 500,MARUTI,,2026-04-14T01:22:41.013948+00:00
NIFTY 500,ADANIPOWER,,2026-04-14T01:22:41.013948+00:00
NIFTY 500,ZYDUSWELL,,2026-04-14T01:22:41.013948+00:00
NIFTY 500,OLAELEC,,2026-04-14T01:22:41.013948+00:00
NIFTY 500,INFY,,2026-04-14T01:22:41.013948+00:00
NIFTY 500,MCX,,2026-04-14T01:22:41.013948+00:00
NIFTY 500,BHEL,,2026-04-14T01:22:41.013948+00:00
NIFTY 500,AXISBANK,,2026-04-14T01:22:41.013948+00:00
NIFTY 500,KOTAKBANK,,2026-04-14T01:22:41.013948+00:00
NIFTY 500,WAAREEENER,,2026-04-14T01:22:41.013948+00:00
NIFTY 500,ETERNAL,,2026-04-14T01:22:41.013948+00:00
NIFTY 500,TATACHEM,,2026-04-14T01:22:41.013948+00:00
NIFTY 500,M&M,,2026-04-14T01:22:41.013948+00:00
NIFTY 500,BAJFINANCE,,2026-04-14T01:22:41.013948+00:00
NIFTY 500,TATAINVEST,,2026-04-14T01:22:41.013948+00:00
NIFTY 500,NTPCGREEN,,2026-04-14T01:22:41.013948+00:00
NIFTY 500,VEDL,,2026-04-14T01:22:41.013948+00:00
NIFTY 500,TCS,,2026-04-14T01:22:41.013948+00:00
NIFTY 500,EICHERMOT,,2026-04-14T01:22:41.013948+00:00
NIFTY 500,GROWW,,2026-04-14T01:22:41.013948+00:00
NIFTY 500,TATAPOWER,,2026-04-14T01:22:41.013948+00:00
NIFTY 500,SHRIRAMFIN,,2026-04-14T01:22:41.013948+00:00
NIFTY 500,COALINDIA,,2026-04-14T01:22:41.013948+00:00
NIFTY 500,ADANIENT,,2026-04-14T01:22:41.013948+00:00
NIFTY 500,INDIGO,,2026-04-14T01:22:41.013948+00:00
NIFTY 500,ONGC,,2026-04-14T01:22:41.013948+00:00
NIFTY 500,BEL,,2026-04-14T01:22:41.013948+00:00
NIFTY 500,ADANIGREEN,,2026-04-14T01:22:41.013948+00:00
NIFTY 500,MAZDOCK,,2026-04-14T01:22:41.013948+00:00
NIFTY 500,HFCL,,2026-04-14T01:22:41.013948+00:00
NIFTY 500,SUNPHARMA,,2026-04-14T01:22:41.013948+00:00
NIFTY 500,POWERINDIA,,2026-04-14T01:22:41.013948+00:00
NIFTY 500,TMCV,,2026-04-14T01:22:41.013948+00:00
NIFTY 500,SUZLON,,2026-04-14T01:22:41.013948+00:00
NIFTY 500,DIXON,,2026-04-14T01:22:41.013948+00:00
NIFTY 500,NTPC,,2026-04-14T01:22:41.013948+00:00
NIFTY 500,JYOTICNC,,2026-04-14T01:22:41.013948+00:00
NIFTY 500,NATIONALUM,,2026-04-14T01:22:41.013948+00:00
NIFTY 500,ADANIPORTS,,2026-04-14T01:22:41.013948+00:00
NIFTY 500,TATASTEEL,,2026-04-14T01:22:41.013948+00:00
NIFTY 500,CHOLAFIN,,2026-04-14T01:22:41.013948+00:00
NIFTY 500,MOTHERSON,,2026-04-14T01:22:41.013948+00:00
NIFTY 500,ITC,,2026-04-14T01:22:41.013948+00:00
NIFTY 500,SAIL,,2026-04-14T01:22:41.013948+00:00
NIFTY 500,NIACL,,2026-04-14T01:22:41.013948+00:00
NIFTY 500,ADANIENSOL,,2026-04-14T01:22:41.013948+00:00
NIFTY 500,POWERGRID,,2026-04-14T01:22:41.013948+00:00
NIFTY 500,HINDALCO,,2026-04-14T01:22:41.013948+00:00
NIFTY 500,TMPV,,2026-04-14T01:22:41.013948+00:00
NIFTY 500,HAL,,2026-04-14T01:22:41.013948+00:00
NIFTY 500,WIPRO,,2026-04-14T01:22:41.013948+00:00
NIFTY 500,CUMMINSIND,,2026-04-14T01:22:41.013948+00:00
NIFTY 500,HINDUNILVR,,2026-04-14T01:22:41.013948+00:00
NIFTY 500,IDEA,,2026-04-14T01:22:41.013948+00:00
NIFTY 500,JSWENERGY,,2026-04-14T01:22:41.013948+00:00
NIFTY 500,ASIANPAINT,,2026-04-14T01:22:41.013948+00:00
NIFTY 500,HEROMOTOCO,,2026-04-14T01:22:41.013948+00:00
NIFTY 500,BPCL,,2026-04-14T01:22:41.013948+00:00
NIFTY 500,DMART,,2026-04-14T01:22:41.013948+00:00
NIFTY 500,KAYNES,,2026-04-14T01:22:41.013948+00:00
NIFTY 500,PFC,,2026-04-14T01:22:41.013948+00:00
NIFTY 500,TITAN,,2026-04-14T01:22:41.013948+00:00
NIFTY 500,VOLTAS,,2026-04-14T01:22:41.013948+00:00
NIFTY 500,ASHOKLEY,,2026-04-14T01:22:41.013948+00:00
NIFTY 500,OLECTRA,,2026-04-14T01:22:41.013948+00:00
NIFTY 500,POLYCAB,,2026-04-14T01:22:41.013948+00:00
NIFTY 500,JBMA,,2026-04-14T01:22:41.013948+00:00
NIFTY 500,AMBER,,2026-04-14T01:22:41.013948+00:00
NIFTY 500,JIOFIN,,2026-04-14T01:22:41.013948+00:00
NIFTY 500,APLAPOLLO,,2026-04-14T01:22:41.013948+00:00
NIFTY 500,BAJAJ-AUTO,,2026-04-14T01:22:41.013948+00:00
NIFTY 500,FORCEMOT,,2026-04-14T01:22:41.013948+00:00
NIFTY 500,SOLARINDS,,2026-04-14T01:22:41.013948+00:00
NIFTY 500,OIL,,2026-04-14T01:22:41.013948+00:00
NIFTY 500,GRSE,,2026-04-14T01:22:41.013948+00:00
NIFTY 500,HDFCLIFE,,2026-04-14T01:22:41.013948+00:00
NIFTY 500,UNIONBANK,,2026-04-14T01:22:41.013948+00:00
NIFTY 500,GRASIM,,2026-04-14T01:22:41.013948+00:00
NIFTY 500,GVT&D,,2026-04-14T01:22:41.013948+00:00
NIFTY 500,BANKBARODA,,2026-04-14T01:22:41.013948+00:00
NIFTY 500,HINDCOPPER,,2026-04-14T01:22:41.013948+00:00
NIFTY 500,RPOWER,,2026-04-14T01:22:41.013948+00:00
NIFTY 500,HINDPETRO,,2026-04-14T01:22:41.013948+00:00
NIFTY 500,HCLTECH,,2026-04-14T01:22:41.013948+00:00
NIFTY 500,IOC,,2026-04-14T01:22:41.013948+00:00
NIFTY 500,TORNTPHARM,,2026-04-14T01:22:41.013948+00:00
NIFTY 500,CDSL,,2026-04-14T01:22:41.013948+00:00
NIFTY 500,CANBK,,2026-04-14T01:22:41.013948+00:00
NIFTY 500,SONACOMS,,2026-04-14T01:22:41.013948+00:00
NIFTY 500,ONESOURCE,,2026-04-14T01:22:41.013948+00:00
NIFTY 500,ATGL,,2026-04-14T01:22:41.013948+00:00
NIFTY 500,SARDAEN,,2026-04-14T01:22:41.013948+00:00
NIFTY 500,GMDCLTD,,2026-04-14T01:22:41.013948+00:00
NIFTY 500,ACMESOLAR,,2026-04-14T01:22:41.013948+00:00
NIFTY 500,HDFCAMC,,2026-04-14T01:22:41.013948+00:00
NIFTY 500,COHANCE,,2026-04-14T01:22:41.013948+00:00
NIFTY 500,ULTRACEMCO,,2026-04-14T01:22:41.013948+00:00
NIFTY 500,SWIGGY,,2026-04-14T01:22:41.013948+00:00
NIFTY 500,DATAPATTNS,,2026-04-14T01:22:41.013948+00:00
NIFTY 500,PREMIERENE,,2026-04-14T01:22:41.013948+00:00
NIFTY 500,NMDC,,2026-04-14T01:22:41.013948+00:00
NIFTY 500,PERSISTENT,,2026-04-14T01:22:41.013948+00:00
NIFTY 500,COFORGE,,2026-04-14T01:22:41.013948+00:00
NIFTY 500,GAIL,,2026-04-14T01:22:41.013948+00:00
NIFTY 500,DLF,,2026-04-14T01:22:41.013948+00:00
NIFTY 500,TVSMOTOR,,2026-04-14T01:22:41.013948+00:00
NIFTY 500,COCHINSHIP,,2026-04-14T01:22:41.013948+00:00
NIFTY 500,APOLLOHOSP,,2026-04-14T01:22:41.013948+00:00
NIFTY 500,VBL,,2026-04-14T01:22:41.013948+00:00
NIFTY 500,MAXHEALTH,,2026-04-14T01:22:41.013948+00:00
NIFTY 500,JPPOWER,,2026-04-14T01:22:41.013948+00:00
NIFTY 500,ANANDRATHI,,2026-04-14T01:22:41.013948+00:00
NIFTY 500,TARIL,,2026-04-14T01:22:41.013948+00:00
NIFTY 500,BAJAJFINSV,,2026-04-14T01:22:41.013948+00:00
NIFTY 500,ABB,,2026-04-14T01:22:41.013948+00:00
NIFTY 500,POLICYBZR,,2026-04-14T01:22:41.013948+00:00
NIFTY 500,PAYTM,,2026-04-14T01:22:41.013948+00:00
NIFTY 500,BOSCHLTD,,2026-04-14T01:22:41.013948+00:00
NIFTY 500,LODHA,,2026-04-14T01:22:41.013948+00:00
NIFTY 500,FEDERALBNK,,2026-04-14T01:22:41.013948+00:00
NIFTY 500,BHARATFORG,,2026-04-14T01:22:41.013948+00:00
NIFTY 500,THERMAX,,2026-04-14T01:22:41.013948+00:00
NIFTY 500,PNB,,2026-04-14T01:22:41.013948+00:00
NIFTY 500,CIPLA,,2026-04-14T01:22:41.013948+00:00
NIFTY 500,BRITANNIA,,2026-04-14T01:22:41.013948+00:00
NIFTY 500,INOXWIND,,2026-04-14T01:22:41.013948+00:00
NIFTY 500,ANGELONE,,2026-04-14T01:22:41.013948+00:00
NIFTY 500,RECLTD,,2026-04-14T01:22:41.013948+00:00
NIFTY 500,LICI,,2026-04-14T01:22:41.013948+00:00
NIFTY 500,MUTHOOTFIN,,2026-04-14T01:22:41.013948+00:00
NIFTY 500,AUROPHARMA,,2026-04-14T01:22:41.013948+00:00
NIFTY 500,TECHM,,2026-04-14T01:22:41.013948+00:00
NIFTY 500,TATACONSUM,,2026-04-14T01:22:41.013948+00:00
NIFTY 500,ICICIAMC,,2026-04-14T01:22:41.013948+00:00
NIFTY 500,DRREDDY,,2026-04-14T01:22:41.013948+00:00
NIFTY 500,PRESTIGE,,2026-04-14T01:22:41.013948+00:00
NIFTY 500,LUPIN,,2026-04-14T01:22:41.013948+00:00
NIFTY 500,HBLENGINE,,2026-04-14T01:22:41.013948+00:00
NIFTY 500,UNITDSPR,,2026-04-14T01:22:41.013948+00:00
NIFTY 500,BANKINDIA,,2026-04-14T01:22:41.013948+00:00
NIFTY 500,SRF,,2026-04-14T01:22:41.013948+00:00
NIFTY 500,POONAWALLA,,2026-04-14T01:22:41.013948+00:00
NIFTY 500,BDL,,2026-04-14T01:22:41.013948+00:00
NIFTY 500,NESTLEIND,,2026-04-14T01:22:41.013948+00:00
NIFTY 500,TRENT,,2026-04-14T01:22:41.013948+00:00
NIFTY 500,HYUNDAI,,2026-04-14T01:22:41.013948+00:00
NIFTY 500,MARICO,,2026-04-14T01:22:41.013948+00:00
NIFTY 500,WELCORP,,2026-04-14T01:22:41.013948+00:00
NIFTY 500,LGEINDIA,,2026-04-14T01:22:41.013948+00:00
NIFTY 500,IRFC,,2026-04-14T01:22:41.013948+00:00
NIFTY 500,GLENMARK,,2026-04-14T01:22:41.013948+00:00
NIFTY 500,NETWEB,,2026-04-14T01:22:41.013948+00:00
NIFTY 500,GODREJPROP,,2026-04-14T01:22:41.013948+00:00
NIFTY 500,HINDZINC,,2026-04-14T01:22:41.013948+00:00
NIFTY 500,PGEL,,2026-04-14T01:22:41.013948+00:00
NIFTY 500,GALLANTT,,2026-04-14T01:22:41.013948+00:00
NIFTY 500,CGPOWER,,2026-04-14T01:22:41.013948+00:00
NIFTY 500,KEI,,2026-04-14T01:22:41.013948+00:00
NIFTY 500,INDIANB,,2026-04-14T01:22:41.013948+00:00
NIFTY 500,LAURUSLABS,,2026-04-14T01:22:41.013948+00:00
NIFTY 500,TEJASNET,,2026-04-14T01:22:41.013948+00:00
NIFTY 500,GMRAIRPORT,,2026-04-14T01:22:41.013948+00:00
NIFTY 500,HSCL,,2026-04-14T01:22:41.013948+00:00
NIFTY 500,CHENNPETRO,,2026-04-14T01:22:41.013948+00:00
NIFTY 500,BLUESTARCO,,2026-04-14T01:22:41.013948+00:00
NIFTY 500,APARINDS,,2026-04-14T01:22:41.013948+00:00
NIFTY 500,MANKIND,,2026-04-14T01:22:41.013948+00:00
NIFTY 500,AUBANK,,2026-04-14T01:22:41.013948+00:00
NIFTY 500,LENSKART,,2026-04-14T01:22:41.013948+00:00
NIFTY 500,INDHOTEL,,2026-04-14T01:22:41.013948+00:00
NIFTY 500,LTF,,2026-04-14T01:22:41.013948+00:00
NIFTY 500,JINDALSTEL,,2026-04-14T01:22:41.013948+00:00
NIFTY 500,RVNL,,2026-04-14T01:22:41.013948+00:00
NIFTY 500,SCI,,2026-04-14T01:22:41.013948+00:00
NIFTY 500,KALYANKJIL,,2026-04-14T01:22:41.013948+00:00
NIFTY 500,YESBANK,,2026-04-14T01:22:41.013948+00:00
NIFTY 500,MAHABANK,,2026-04-14T01:22:41.013948+00:00
NIFTY 500,DIVISLAB,,2026-04-14T01:22:41.013948+00:00
NIFTY 500,INDUSINDBK,,2026-04-14T01:22:41.013948+00:00
NIFTY 500,IDFCFIRSTB,,2026-04-14T01:22:41.013948+00:00
NIFTY 500,SUPREMEIND,,2026-04-14T01:22:41.013948+00:00
NIFTY 500,JSWSTEEL,,2026-04-14T01:22:41.013948+00:00
NIFTY 500,EMMVEE,,2026-04-14T01:22:41.013948+00:00
NIFTY 500,BIOCON,,2026-04-14T01:22:41.013948+00:00
NIFTY 500,SBILIFE,,2026-04-14T01:22:41.013948+00:00
NIFTY 500,VMM,,2026-04-14T01:22:41.013948+00:00
NIFTY 500,HAVELLS,,2026-04-14T01:22:41.013948+00:00
NIFTY 500,INDUSTOWER,,2026-04-14T01:22:41.013948+00:00
NIFTY 500,NAM-INDIA,,2026-04-14T01:22:41.013948+00:00
NIFTY 500,JBCHEPHARM,,2026-04-14T01:22:41.013948+00:00
NIFTY 500,GODREJCP,,2026-04-14T01:22:41.013948+00:00
NIFTY 500,SAMMAANCAP,,2026-04-14T01:22:41.013948+00:00
NIFTY 500,GODFRYPHLP,,2026-04-14T01:22:41.013948+00:00
NIFTY 500,ZEEL,,2026-04-14T01:22:41.013948+00:00
NIFTY 500,NHPC,,2026-04-14T01:22:41.013948+00:00
NIFTY 500,IREDA,,2026-04-14T01:22:41.013948+00:00
NIFTY 500,SIEMENS,,2026-04-14T01:22:41.013948+00:00
NIFTY 500,UPL,,2026-04-14T01:22:41.013948+00:00
NIFTY 500,BELRISE,,2026-04-14T01:22:41.013948+00:00
NIFTY 500,NAUKRI,,2026-04-14T01:22:41.013948+00:00
NIFTY 500,ASTRAL,,2026-04-14T01:22:41.013948+00:00
NIFTY 500,PETRONET,,2026-04-14T01:22:41.013948+00:00
NIFTY 500,OBEROIRLTY,,2026-04-14T01:22:41.013948+00:00
NIFTY 500,GPIL,,2026-04-14T01:22:41.013948+00:00
NIFTY 500,HUDCO,,2026-04-14T01:22:41.013948+00:00
NIFTY 500,TORNTPOWER,,2026-04-14T01:22:41.013948+00:00
NIFTY 500,MANAPPURAM,,2026-04-14T01:22:41.013948+00:00
NIFTY 500,ENGINERSIN,,2026-04-14T01:22:41.013948+00:00
NIFTY 500,AMBUJACEM,,2026-04-14T01:22:41.013948+00:00
NIFTY 500,AARTIIND,,2026-04-14T01:22:41.013948+00:00
NIFTY 500,EXIDEIND,,2026-04-14T01:22:41.013948+00:00
NIFTY 500,URBANCO,,2026-04-14T01:22:41.013948+00:00
NIFTY 500,IDBI,,2026-04-14T01:22:41.013948+00:00
NIFTY 500,PIDILITIND,,2026-04-14T01:22:41.013948+00:00
NIFTY 500,WOCKPHARMA,,2026-04-14T01:22:41.013948+00:00
NIFTY 500,ABCAPITAL,,2026-04-14T01:22:41.013948+00:00
NIFTY 500,BANDHANBNK,,2026-04-14T01:22:41.013948+00:00
NIFTY 500,MFSL,,2026-04-14T01:22:41.013948+00:00
NIFTY 500,ENRIN,,2026-04-14T01:22:41.013948+00:00
NIFTY 500,ANANTRAJ,,2026-04-14T01:22:41.013948+00:00
NIFTY 500,IGL,,2026-04-14T01:22:41.013948+00:00
NIFTY 500,MRPL,,2026-04-14T01:22:41.013948+00:00
NIFTY 500,ALKEM,,2026-04-14T01:22:41.013948+00:00
NIFTY 500,JUBLFOOD,,2026-04-14T01:22:41.013948+00:00
NIFTY 500,KPITTECH,,2026-04-14T01:22:41.013948+00:00
NIFTY 500,MRF,,2026-04-14T01:22:41.013948+00:00
NIFTY 500,ACUTAAS,,2026-04-14T01:22:41.013948+00:00
NIFTY 500,UNOMINDA,,2026-04-14T01:22:41.013948+00:00
NIFTY 500,PAGEIND,,2026-04-14T01:22:41.013948+00:00
NIFTY 500,DELHIVERY,,2026-04-14T01:22:41.013948+00:00
NIFTY 500,ZENTEC,,2026-04-14T01:22:41.013948+00:00
NIFTY 500,SYRMA,,2026-04-14T01:22:41.013948+00:00
NIFTY 500,MEESHO,,2026-04-14T01:22:41.013948+00:00
NIFTY 500,NLCINDIA,,2026-04-14T01:22:41.013948+00:00
NIFTY 500,KFINTECH,,2026-04-14T01:22:41.013948+00:00
NIFTY 500,CPPLUS,,2026-04-14T01:22:41.013948+00:00
NIFTY 500,RADICO,,2026-04-14T01:22:41.013948+00:00
NIFTY 500,SBICARD,,2026-04-14T01:22:41.013948+00:00
NIFTY 500,FORTIS,,2026-04-14T01:22:41.013948+00:00
NIFTY 500,COLPAL,,2026-04-14T01:22:41.013948+00:00
NIFTY 500,HEG,,2026-04-14T01:22:41.013948+00:00
NIFTY 500,NBCC,,2026-04-14T01:22:41.013948+00:00
NIFTY 500,IEX,,2026-04-14T01:22:41.013948+00:00
NIFTY 500,LLOYDSME,,2026-04-14T01:22:41.013948+00:00
NIFTY 500,LTM,,2026-04-14T01:22:41.013948+00:00
NIFTY 500,JSL,,2026-04-14T01:22:41.013948+00:00
NIFTY 500,KARURVYSYA,,2026-04-14T01:22:41.013948+00:00
NIFTY 500,NEULANDLAB,,2026-04-14T01:22:41.013948+00:00
NIFTY 500,IFCI,,2026-04-14T01:22:41.013948+00:00
NIFTY 500,NYKAA,,2026-04-14T01:22:41.013948+00:00
NIFTY 500,RBLBANK,,2026-04-14T01:22:41.013948+00:00
NIFTY 500,HONASA,,2026-04-14T01:22:41.013948+00:00
NIFTY 500,PINELABS,,2026-04-14T01:22:41.013948+00:00
NIFTY 500,NAVINFLUOR,,2026-04-14T01:22:41.013948+00:00
NIFTY 500,PNBHOUSING,,2026-04-14T01:22:41.013948+00:00
NIFTY 500,JKCEMENT,,2026-04-14T01:22:41.013948+00:00
NIFTY 500,GRAPHITE,,2026-04-14T01:22:41.013948+00:00
NIFTY 500,PATANJALI,,2026-04-14T01:22:41.013948+00:00
NIFTY 500,ITCHOTELS,,2026-04-14T01:22:41.013948+00:00
NIFTY 500,ABFRL,,2026-04-14T01:22:41.013948+00:00
NIFTY 500,LICHSGFIN,,2026-04-14T01:22:41.013948+00:00
NIFTY 500,GESHIP,,2026-04-14T01:22:41.013948+00:00
NIFTY 500,CAMS,,2026-04-14T01:22:41.013948+00:00
NIFTY 500,CHOICEIN,,2026-04-14T01:22:41.013948+00:00
NIFTY 500,BAJAJHFL,,2026-04-14T01:22:41.013948+00:00
NIFTY 500,360ONE,,2026-04-14T01:22:41.013948+00:00
NIFTY 500,REDINGTON,,2026-04-14T01:22:41.013948+00:00
NIFTY 500,MOTILALOFS,,2026-04-14T01:22:41.013948+00:00
NIFTY 500,PHOENIXLTD,,2026-04-14T01:22:41.013948+00:00
NIFTY 500,KIRLOSENG,,2026-04-14T01:22:41.013948+00:00
NIFTY 500,SHREECEM,,2026-04-14T01:22:41.013948+00:00
NIFTY 500,ICICIGI,,2026-04-14T01:22:41.013948+00:00
NIFTY 500,IRCTC,,2026-04-14T01:22:41.013948+00:00
NIFTY 500,NATCOPHARM,,2026-04-14T01:22:41.013948+00:00
NIFTY 500,CESC,,2026-04-14T01:22:41.013948+00:00
NIFTY 500,TATAELXSI,,2026-04-14T01:22:41.013948+00:00
NIFTY 500,SJVN,,2026-04-14T01:22:41.013948+00:00
NIFTY 500,JWL,,2026-04-14T01:22:41.013948+00:00
NIFTY 500,BEML,,2026-04-14T01:22:41.013948+00:00
NIFTY 500,AFFLE,,2026-04-14T01:22:41.013948+00:00
NIFTY 500,TRITURBINE,,2026-04-14T01:22:41.013948+00:00
NIFTY 500,DALBHARAT,,2026-04-14T01:22:41.013948+00:00
NIFTY 500,JINDALSAW,,2026-04-14T01:22:41.013948+00:00
NIFTY 500,ITI,,2026-04-14T01:22:41.013948+00:00
NIFTY 500,ZYDUSLIFE,,2026-04-14T01:22:41.013948+00:00
NIFTY 500,TITAGARH,,2026-04-14T01:22:41.013948+00:00
NIFTY 500,MPHASIS,,2026-04-14T01:22:41.013948+00:00
NIFTY 500,ICICIPRULI,,2026-04-14T01:22:41.013948+00:00
NIFTY 500,PARADEEP,,2026-04-14T01:22:41.013948+00:00
NIFTY 500,BLS,,2026-04-14T01:22:41.013948+00:00
NIFTY 500,J&KBANK,,2026-04-14T01:22:41.013948+00:00
NIFTY 500,M&MFIN,,2026-04-14T01:22:41.013948+00:00
NIFTY 500,DABUR,,2026-04-14T01:22:41.013948+00:00
NIFTY 500,IRCON,,2026-04-14T01:22:41.013948+00:00
NIFTY 500,OFSS,,2026-04-14T01:22:41.013948+00:00
NIFTY 500,INTELLECT,,2026-04-14T01:22:41.013948+00:00
NIFTY 500,FIRSTCRY,,2026-04-14T01:22:41.013948+00:00
NIFTY 500,ARE&M,,2026-04-14T01:22:41.013948+00:00
NIFTY 500,DEEPAKFERT,,2026-04-14T01:22:41.013948+00:00
NIFTY 500,JSWINFRA,,2026-04-14T01:22:41.013948+00:00
NIFTY 500,CROMPTON,,2026-04-14T01:22:41.013948+00:00
NIFTY 500,ACC,,2026-04-14T01:22:41.013948+00:00
NIFTY 500,AJANTPHARM,,2026-04-14T01:22:41.013948+00:00
NIFTY 500,GRAVITA,,2026-04-14T01:22:41.013948+00:00
NIFTY 500,SAGILITY,,2026-04-14T01:22:41.013948+00:00
NIFTY 500,COROMANDEL,,2026-04-14T01:22:41.013948+00:00
NIFTY 500,TATACOMM,,2026-04-14T01:22:41.013948+00:00
NIFTY 500,SCHAEFFLER,,2026-04-14T01:22:41.013948+00:00
NIFTY 500,JKTYRE,,2026-04-14T01:22:41.013948+00:00
NIFTY 500,MGL,,2026-04-14T01:22:41.013948+00:00
NIFTY 500,CUB,,2026-04-14T01:22:41.013948+00:00
NIFTY 500,NAVA,,2026-04-14T01:22:41.013948+00:00
NIFTY 500,BLUEJET,,2026-04-14T01:22:41.013948+00:00
NIFTY 500,ABSLAMC,,2026-04-14T01:22:41.013948+00:00
NIFTY 500,KEC,,2026-04-14T01:22:41.013948+00:00
NIFTY 500,PPLPHARMA,,2026-04-14T01:22:41.013948+00:00
NIFTY 500,SAILIFE,,2026-04-14T01:22:41.013948+00:00
NIFTY 500,BAJAJHLDNG,,2026-04-14T01:22:41.013948+00:00
NIFTY 500,NEWGEN,,2026-04-14T01:22:41.013948+00:00
NIFTY 500,TATACAP,,2026-04-14T01:22:41.013948+00:00
NIFTY 500,LINDEINDIA,,2026-04-14T01:22:41.013948+00:00
NIFTY 500,TIMKEN,,2026-04-14T01:22:41.013948+00:00
NIFTY 500,BRIGADE,,2026-04-14T01:22:41.013948+00:00
NIFTY 500,PIIND,,2026-04-14T01:22:41.013948+00:00
NIFTY 500,APTUS,,2026-04-14T01:22:41.013948+00:00
NIFTY 500,CONCOR,,2026-04-14T01:22:41.013948+00:00
NIFTY 500,PCBL,,2026-04-14T01:22:41.013948+00:00
NIFTY 500,AWL,,2026-04-14T01:22:41.013948+00:00
NIFTY 500,LTTS,,2026-04-14T01:22:41.013948+00:00
NIFTY 500,EMCURE,,2026-04-14T01:22:41.013948+00:00
NIFTY 500,NH,,2026-04-14T01:22:41.013948+00:00
NIFTY 500,GRANULES,,2026-04-14T01:22:41.013948+00:00
NIFTY 500,IIFL,,2026-04-14T01:22:41.013948+00:00
NIFTY 500,GICRE,,2026-04-14T01:22:41.013948+00:00
NIFTY 500,ECLERX,,2026-04-14T01:22:41.013948+00:00
NIFTY 500,JMFINANCIL,,2026-04-14T01:22:41.013948+00:00
NIFTY 500,CARTRADE,,2026-04-14T01:22:41.013948+00:00
NIFTY 500,FIVESTAR,,2026-04-14T01:22:41.013948+00:00
NIFTY 500,ACE,,2026-04-14T01:22:41.013948+00:00
NIFTY 500,LEMONTREE,,2026-04-14T01:22:41.013948+00:00
NIFTY 500,CHAMBLFERT,,2026-04-14T01:22:41.013948+00:00
NIFTY 500,TATATECH,,2026-04-14T01:22:41.013948+00:00
NIFTY 500,PWL,,2026-04-14T01:22:41.013948+00:00
NIFTY 500,AAVAS,,2026-04-14T01:22:41.013948+00:00
NIFTY 500,SUNTV,,2026-04-14T01:22:41.013948+00:00
NIFTY 500,NCC,,2026-04-14T01:22:41.013948+00:00
NIFTY 500,DEEPAKNTR,,2026-04-14T01:22:41.013948+00:00
NIFTY 500,IRB,,2026-04-14T01:22:41.013948+00:00
NIFTY 500,RAILTEL,,2026-04-14T01:22:41.013948+00:00
NIFTY 500,ABREL,,2026-04-14T01:22:41.013948+00:00
NIFTY 500,SIGNATURE,,2026-04-14T01:22:41.013948+00:00
NIFTY 500,FINCABLES,,2026-04-14T01:22:41.013948+00:00
NIFTY 500,HONAUT,,2026-04-14T01:22:41.013948+00:00
NIFTY 500,JAINREC,,2026-04-14T01:22:41.013948+00:00
NIFTY 500,LALPATHLAB,,2026-04-14T01:22:41.013948+00:00
NIFTY 500,BALKRISIND,,2026-04-14T01:22:41.013948+00:00
NIFTY 500,AFCONS,,2026-04-14T01:22:41.013948+00:00
NIFTY 500,DEVYANI,,2026-04-14T01:22:41.013948+00:00
NIFTY 500,ABDL,,2026-04-14T01:22:41.013948+00:00
NIFTY 500,ZFCVINDIA,,2026-04-14T01:22:41.013948+00:00
NIFTY 500,ELGIEQUIP,,2026-04-14T01:22:41.013948+00:00
NIFTY 500,HDBFS,,2026-04-14T01:22:41.013948+00:00
NIFTY 500,APOLLOTYRE,,2026-04-14T01:22:41.013948+00:00
NIFTY 500,PTCIL,,2026-04-14T01:22:41.013948+00:00
NIFTY 500,BALRAMCHIN,,2026-04-14T01:22:41.013948+00:00
NIFTY 500,ASAHIINDIA,,2026-04-14T01:22:41.013948+00:00
NIFTY 500,SUNDARMFIN,,2026-04-14T01:22:41.013948+00:00
NIFTY 500,CEATLTD,,2026-04-14T01:22:41.013948+00:00
NIFTY 500,KPRMILL,,2026-04-14T01:22:41.013948+00:00
NIFTY 500,UBL,,2026-04-14T01:22:41.013948+00:00
NIFTY 500,KAJARIACER,,2026-04-14T01:22:41.013948+00:00
NIFTY 500,MSUMI,,2026-04-14T01:22:41.013948+00:00
NIFTY 500,TIINDIA,,2026-04-14T01:22:41.013948+00:00
NIFTY 500,NUVAMA,,2026-04-14T01:22:41.013948+00:00
NIFTY 500,RRKABEL,,2026-04-14T01:22:41.013948+00:00
NIFTY 500,TTML,,2026-04-14T01:22:41.013948+00:00
NIFTY 500,AEGISLOG,,2026-04-14T01:22:41.013948+00:00
NIFTY 500,ASTERDM,,2026-04-14T01:22:41.013948+00:00
NIFTY 500,SBFC,,2026-04-14T01:22:41.013948+00:00
NIFTY 500,NSLNISP,,2026-04-14T01:22:41.013948+00:00
NIFTY 500,SCHNEIDER,,2026-04-14T01:22:41.013948+00:00
NIFTY 500,CHOLAHLDNG,,2026-04-14T01:22:41.013948+00:00
NIFTY 500,CCL,,2026-04-14T01:22:41.013948+00:00
NIFTY 500,HOMEFIRST,,2026-04-14T01:22:41.013948+00:00
NIFTY 500,EMAMILTD,,2026-04-14T01:22:41.013948+00:00
NIFTY 500,CYIENT,,2026-04-14T01:22:41.013948+00:00
NIFTY 500,FACT,,2026-04-14T01:22:41.013948+00:00
NIFTY 500,ELECON,,2026-04-14T01:22:41.013948+00:00
NIFTY 500,INDIAMART,,2026-04-14T01:22:41.013948+00:00
NIFTY 500,MINDACORP,,2026-04-14T01:22:41.013948+00:00
NIFTY 500,WHIRLPOOL,,2026-04-14T01:22:41.013948+00:00
NIFTY 500,CRISIL,,2026-04-14T01:22:41.013948+00:00
NIFTY 500,BAYERCROP,,2026-04-14T01:22:41.013948+00:00
NIFTY 500,CASTROLIND,,2026-04-14T01:22:41.013948+00:00
NIFTY 500,SYNGENE,,2026-04-14T01:22:41.013948+00:00
NIFTY 500,CREDITACC,,2026-04-14T01:22:41.013948+00:00
NIFTY 500,BHARTIHEXA,,2026-04-14T01:22:41.013948+00:00
NIFTY 500,VTL,,2026-04-14T01:22:41.013948+00:00
NIFTY 500,PIRAMALFIN,,2026-04-14T01:22:41.013948+00:00
NIFTY 500,LTFOODS,,2026-04-14T01:22:41.013948+00:00
NIFTY 500,KIMS,,2026-04-14T01:22:41.013948+00:00
NIFTY 500,UCOBANK,,2026-04-14T01:22:41.013948+00:00
NIFTY 500,ZENSARTECH,,2026-04-14T01:22:41.013948+00:00
NIFTY 500,LATENTVIEW,,2026-04-14T01:22:41.013948+00:00
NIFTY 500,GILLETTE,,2026-04-14T01:22:41.013948+00:00
NIFTY 500,ANTHEM,,2026-04-14T01:22:41.013948+00:00
NIFTY 500,TECHNOE,,2026-04-14T01:22:41.013948+00:00
NIFTY 500,TRIDENT,,2026-04-14T01:22:41.013948+00:00
NIFTY 500,PVRINOX,,2026-04-14T01:22:41.013948+00:00
NIFTY 500,ABBOTINDIA,,2026-04-14T01:22:41.013948+00:00
NIFTY 500,TENNIND,,2026-04-14T01:22:41.013948+00:00
NIFTY 500,CEMPRO,,2026-04-14T01:22:41.013948+00:00
NIFTY 500,CENTRALBK,,2026-04-14T01:22:41.013948+00:00
NIFTY 500,GABRIEL,,2026-04-14T01:22:41.013948+00:00
NIFTY 500,BSOFT,,2026-04-14T01:22:41.013948+00:00
NIFTY 500,EIDPARRY,,2026-04-14T01:22:41.013948+00:00
NIFTY 500,UTIAMC,,2026-04-14T01:22:41.013948+00:00
NIFTY 500,RAINBOW,,2026-04-14T01:22:41.013948+00:00
NIFTY 500,JSWCEMENT,,2026-04-14T01:22:41.013948+00:00
NIFTY 500,ESCORTS,,2026-04-14T01:22:41.013948+00:00
NIFTY 500,AIAENG,,2026-04-14T01:22:41.013948+00:00
NIFTY 500,SAPPHIRE,,2026-04-14T01:22:41.013948+00:00
NIFTY 500,IOB,,2026-04-14T01:22:41.013948+00:00
NIFTY 500,GLAXO,,2026-04-14T01:22:41.013948+00:00
NIFTY 500,FSL,,2026-04-14T01:22:41.013948+00:00
NIFTY 500,BERGEPAINT,,2026-04-14T01:22:41.013948+00:00
NIFTY 500,BATAINDIA,,2026-04-14T01:22:41.013948+00:00
NIFTY 500,CANFINHOME,,2026-04-14T01:22:41.013948+00:00
NIFTY 500,GSPL,,2026-04-14T01:22:41.013948+00:00
NIFTY 500,AKZOINDIA,,2026-04-14T01:22:41.013948+00:00
NIFTY 500,IPCALAB,,2026-04-14T01:22:41.013948+00:00
NIFTY 500,ANURAS,,2026-04-14T01:22:41.013948+00:00
NIFTY 500,ENDURANCE,,2026-04-14T01:22:41.013948+00:00
NIFTY 500,SWANCORP,,2026-04-14T01:22:41.013948+00:00
NIFTY 500,BBTC,,2026-04-14T01:22:41.013948+00:00
NIFTY 500,MEDANTA,,2026-04-14T01:22:41.013948+00:00
NIFTY 500,FLUOROCHEM,,2026-04-14T01:22:41.013948+00:00
NIFTY 500,ERIS,,2026-04-14T01:22:41.013948+00:00
NIFTY 500,AIIL,,2026-04-14T01:22:41.013948+00:00
NIFTY 500,CAPLIPOINT,,2026-04-14T01:22:41.013948+00:00
NIFTY 500,CLEAN,,2026-04-14T01:22:41.013948+00:00
NIFTY 500,SAREGAMA,,2026-04-14T01:22:41.013948+00:00
NIFTY 500,IKS,,2026-04-14T01:22:41.013948+00:00
NIFTY 500,STARHEALTH,,2026-04-14T01:22:41.013948+00:00
NIFTY 500,RITES,,2026-04-14T01:22:41.013948+00:00
NIFTY 500,RKFORGE,,2026-04-14T01:22:41.013948+00:00
NIFTY 500,MMTC,,2026-04-14T01:22:41.013948+00:00
NIFTY 500,SOBHA,,2026-04-14T01:22:41.013948+00:00
NIFTY 500,AADHARHFC,,2026-04-14T01:22:41.013948+00:00
NIFTY 500,EIHOTEL,,2026-04-14T01:22:41.013948+00:00
NIFTY 500,KPIL,,2026-04-14T01:22:41.013948+00:00
NIFTY 500,CRAFTSMAN,,2026-04-14T01:22:41.013948+00:00
NIFTY 500,USHAMART,,2026-04-14T01:22:41.013948+00:00
NIFTY 500,RAMCOCEM,,2026-04-14T01:22:41.013948+00:00
NIFTY 500,AEGISVOPAK,,2026-04-14T01:22:41.013948+00:00
NIFTY 500,3MINDIA,,2026-04-14T01:22:41.013948+00:00
NIFTY 500,CANHLIFE,,2026-04-14T01:22:41.013948+00:00
NIFTY 500,CGCL,,2026-04-14T01:22:41.013948+00:00
NIFTY 500,CONCORDBIO,,2026-04-14T01:22:41.013948+00:00
NIFTY 500,WELSPUNLIV,,2026-04-14T01:22:41.013948+00:00
NIFTY 500,GLAND,,2026-04-14T01:22:41.013948+00:00
NIFTY 500,POLYMED,,2026-04-14T01:22:41.013948+00:00
NIFTY 500,SONATSOFTW,,2026-04-14T01:22:41.013948+00:00
NIFTY 500,BLUEDART,,2026-04-14T01:22:41.013948+00:00
NIFTY 500,HEXT,,2026-04-14T01:22:41.013948+00:00
NIFTY 500,IGIL,,2026-04-14T01:22:41.013948+00:00
NIFTY 500,SHYAMMETL,,2026-04-14T01:22:41.013948+00:00
NIFTY 500,NUVOCO,,2026-04-14T01:22:41.013948+00:00
NIFTY 500,TBOTEK,,2026-04-14T01:22:41.013948+00:00
NIFTY 500,CARBORUNIV,,2026-04-14T01:22:41.013948+00:00
NIFTY 500,JUBLINGREA,,2026-04-14T01:22:41.013948+00:00
NIFTY 500,ABLBL,,2026-04-14T01:22:41.013948+00:00
NIFTY 500,INDGN,,2026-04-14T01:22:41.013948+00:00
NIFTY 500,MAPMYINDIA,,2026-04-14T01:22:41.013948+00:00
NIFTY 500,TEGA,,2026-04-14T01:22:41.013948+00:00
NIFTY 500,SUMICHEM,,2026-04-14T01:22:41.013948+00:00
NIFTY 500,VIJAYA,,2026-04-14T01:22:41.013948+00:00
NIFTY 500,ATUL,,2026-04-14T01:22:41.013948+00:00
NIFTY 500,THELEELA,,2026-04-14T01:22:41.013948+00:00
NIFTY 500,GODREJIND,,2026-04-14T01:22:41.013948+00:00
NIFTY 500,DOMS,,2026-04-14T01:22:41.013948+00:00
NIFTY 500,JUBLPHARMA,,2026-04-14T01:22:41.013948+00:00
NIFTY 500,PFIZER,,2026-04-14T01:22:41.013948+00:00
NIFTY 500,CHALET,,2026-04-14T01:22:41.013948+00:00
NIFTY 500,DCMSHRIRAM,,2026-04-14T01:22:41.013948+00:00
NIFTY 500,TRAVELFOOD,,2026-04-14T01:22:41.013948+00:00
NIFTY 500,NIVABUPA,,2026-04-14T01:22:41.013948+00:00
NIFTY 500,SPLPETRO,,2026-04-14T01:22:41.013948+00:00
NIFTY 500,BIKAJI,,2026-04-14T01:22:41.013948+00:00
NIFTY 500,INDIACEM,,2026-04-14T01:22:41.013948+00:00
NIFTY 500,RHIM,,2026-04-14T01:22:41.013948+00:00
NIFTY 500,GODIGIT,,2026-04-14T01:22:41.013948+00:00
NIFTY MIDCAP 50,BSE,,2026-04-14T01:22:41.013948+00:00
NIFTY MIDCAP 50,MCX,,2026-04-14T01:22:41.013948+00:00
NIFTY MIDCAP 50,BHEL,,2026-04-14T01:22:41.013948+00:00
NIFTY MIDCAP 50,WAAREEENER,,2026-04-14T01:22:41.013948+00:00
NIFTY MIDCAP 50,SUZLON,,2026-04-14T01:22:41.013948+00:00
NIFTY MIDCAP 50,DIXON,,2026-04-14T01:22:41.013948+00:00
NIFTY MIDCAP 50,HEROMOTOCO,,2026-04-14T01:22:41.013948+00:00
NIFTY MIDCAP 50,ASHOKLEY,,2026-04-14T01:22:41.013948+00:00
NIFTY MIDCAP 50,POLYCAB,,2026-04-14T01:22:41.013948+00:00
NIFTY MIDCAP 50,APLAPOLLO,,2026-04-14T01:22:41.013948+00:00
NIFTY MIDCAP 50,OIL,,2026-04-14T01:22:41.013948+00:00
NIFTY MIDCAP 50,HINDPETRO,,2026-04-14T01:22:41.013948+00:00
NIFTY MIDCAP 50,SWIGGY,,2026-04-14T01:22:41.013948+00:00
NIFTY MIDCAP 50,NMDC,,2026-04-14T01:22:41.013948+00:00
NIFTY MIDCAP 50,PERSISTENT,,2026-04-14T01:22:41.013948+00:00
NIFTY MIDCAP 50,COFORGE,,2026-04-14T01:22:41.013948+00:00
NIFTY MIDCAP 50,POLICYBZR,,2026-04-14T01:22:41.013948+00:00
NIFTY MIDCAP 50,PAYTM,,2026-04-14T01:22:41.013948+00:00
NIFTY MIDCAP 50,FEDERALBNK,,2026-04-14T01:22:41.013948+00:00
NIFTY MIDCAP 50,BHARATFORG,,2026-04-14T01:22:41.013948+00:00
NIFTY MIDCAP 50,AUROPHARMA,,2026-04-14T01:22:41.013948+00:00
NIFTY MIDCAP 50,PRESTIGE,,2026-04-14T01:22:41.013948+00:00
NIFTY MIDCAP 50,LUPIN,,2026-04-14T01:22:41.013948+00:00
NIFTY MIDCAP 50,SRF,,2026-04-14T01:22:41.013948+00:00
NIFTY MIDCAP 50,MARICO,,2026-04-14T01:22:41.013948+00:00
NIFTY MIDCAP 50,GODREJPROP,,2026-04-14T01:22:41.013948+00:00
NIFTY MIDCAP 50,LAURUSLABS,,2026-04-14T01:22:41.013948+00:00
NIFTY MIDCAP 50,GMRAIRPORT,,2026-04-14T01:22:41.013948+00:00
NIFTY MIDCAP 50,MANKIND,,2026-04-14T01:22:41.013948+00:00
NIFTY MIDCAP 50,AUBANK,,2026-04-14T01:22:41.013948+00:00
NIFTY MIDCAP 50,YESBANK,,2026-04-14T01:22:41.013948+00:00
NIFTY MIDCAP 50,INDUSINDBK,,2026-04-14T01:22:41.013948+00:00
NIFTY MIDCAP 50,IDFCFIRSTB,,2026-04-14T01:22:41.013948+00:00
NIFTY MIDCAP 50,SUPREMEIND,,2026-04-14T01:22:41.013948+00:00
NIFTY MIDCAP 50,HAVELLS,,2026-04-14T01:22:41.013948+00:00
NIFTY MIDCAP 50,INDUSTOWER,,2026-04-14T01:22:41.013948+00:00
NIFTY MIDCAP 50,NHPC,,2026-04-14T01:22:41.013948+00:00
NIFTY MIDCAP 50,UPL,,2026-04-14T01:22:41.013948+00:00
NIFTY MIDCAP 50,NAUKRI,,2026-04-14T01:22:41.013948+00:00
NIFTY MIDCAP 50,MFSL,,2026-04-14T01:22:41.013948+00:00
NIFTY MIDCAP 50,ALKEM,,2026-04-14T01:22:41.013948+00:00
NIFTY MIDCAP 50,SBICARD,,2026-04-14T01:22:41.013948+00:00
NIFTY MIDCAP 50,FORTIS,,2026-04-14T01:22:41.013948+00:00
NIFTY MIDCAP 50,COLPAL,,2026-04-14T01:22:41.013948+00:00
NIFTY MIDCAP 50,NYKAA,,2026-04-14T01:22:41.013948+00:00
NIFTY MIDCAP 50,PHOENIXLTD,,2026-04-14T01:22:41.013948+00:00
NIFTY MIDCAP 50,ICICIGI,,2026-04-14T01:22:41.013948+00:00
NIFTY MIDCAP 50,MPHASIS,,2026-04-14T01:22:41.013948+00:00
NIFTY MIDCAP 50,DABUR,,2026-04-14T01:22:41.013948+00:00
NIFTY MIDCAP 50,TIINDIA,,2026-04-14T01:22:41.013948+00:00
NIFTY MIDCAP 100,BSE,,2026-04-14T01:22:41.013948+00:00
NIFTY MIDCAP 100,MCX,,2026-04-14T01:22:41.013948+00:00
NIFTY MIDCAP 100,BHEL,,2026-04-14T01:22:41.013948+00:00
NIFTY MIDCAP 100,WAAREEENER,,2026-04-14T01:22:41.013948+00:00
NIFTY MIDCAP 100,TATAINVEST,,2026-04-14T01:22:41.013948+00:00
NIFTY MIDCAP 100,GROWW,,2026-04-14T01:22:41.013948+00:00
NIFTY MIDCAP 100,POWERINDIA,,2026-04-14T01:22:41.013948+00:00
NIFTY MIDCAP 100,SUZLON,,2026-04-14T01:22:41.013948+00:00
NIFTY MIDCAP 100,DIXON,,2026-04-14T01:22:41.013948+00:00
NIFTY MIDCAP 100,NATIONALUM,,2026-04-14T01:22:41.013948+00:00
NIFTY MIDCAP 100,SAIL,,2026-04-14T01:22:41.013948+00:00
NIFTY MIDCAP 100,IDEA,,2026-04-14T01:22:41.013948+00:00
NIFTY MIDCAP 100,JSWENERGY,,2026-04-14T01:22:41.013948+00:00
NIFTY MIDCAP 100,HEROMOTOCO,,2026-04-14T01:22:41.013948+00:00
NIFTY MIDCAP 100,VOLTAS,,2026-04-14T01:22:41.013948+00:00
NIFTY MIDCAP 100,ASHOKLEY,,2026-04-14T01:22:41.013948+00:00
NIFTY MIDCAP 100,POLYCAB,,2026-04-14T01:22:41.013948+00:00
NIFTY MIDCAP 100,APLAPOLLO,,2026-04-14T01:22:41.013948+00:00
NIFTY MIDCAP 100,OIL,,2026-04-14T01:22:41.013948+00:00
NIFTY MIDCAP 100,GVT&D,,2026-04-14T01:22:41.013948+00:00
NIFTY MIDCAP 100,HINDPETRO,,2026-04-14T01:22:41.013948+00:00
NIFTY MIDCAP 100,ATGL,,2026-04-14T01:22:41.013948+00:00
NIFTY MIDCAP 100,SWIGGY,,2026-04-14T01:22:41.013948+00:00
NIFTY MIDCAP 100,PREMIERENE,,2026-04-14T01:22:41.013948+00:00
NIFTY MIDCAP 100,NMDC,,2026-04-14T01:22:41.013948+00:00
NIFTY MIDCAP 100,PERSISTENT,,2026-04-14T01:22:41.013948+00:00
NIFTY MIDCAP 100,COFORGE,,2026-04-14T01:22:41.013948+00:00
NIFTY MIDCAP 100,COCHINSHIP,,2026-04-14T01:22:41.013948+00:00
NIFTY MIDCAP 100,POLICYBZR,,2026-04-14T01:22:41.013948+00:00
NIFTY MIDCAP 100,PAYTM,,2026-04-14T01:22:41.013948+00:00
NIFTY MIDCAP 100,FEDERALBNK,,2026-04-14T01:22:41.013948+00:00
NIFTY MIDCAP 100,BHARATFORG,,2026-04-14T01:22:41.013948+00:00
NIFTY MIDCAP 100,AUROPHARMA,,2026-04-14T01:22:41.013948+00:00
NIFTY MIDCAP 100,ICICIAMC,,2026-04-14T01:22:41.013948+00:00
NIFTY MIDCAP 100,PRESTIGE,,2026-04-14T01:22:41.013948+00:00
NIFTY MIDCAP 100,LUPIN,,2026-04-14T01:22:41.013948+00:00
NIFTY MIDCAP 100,BANKINDIA,,2026-04-14T01:22:41.013948+00:00
NIFTY MIDCAP 100,SRF,,2026-04-14T01:22:41.013948+00:00
NIFTY MIDCAP 100,BDL,,2026-04-14T01:22:41.013948+00:00
NIFTY MIDCAP 100,MARICO,,2026-04-14T01:22:41.013948+00:00
NIFTY MIDCAP 100,LGEINDIA,,2026-04-14T01:22:41.013948+00:00
NIFTY MIDCAP 100,GLENMARK,,2026-04-14T01:22:41.013948+00:00
NIFTY MIDCAP 100,GODREJPROP,,2026-04-14T01:22:41.013948+00:00
NIFTY MIDCAP 100,KEI,,2026-04-14T01:22:41.013948+00:00
NIFTY MIDCAP 100,INDIANB,,2026-04-14T01:22:41.013948+00:00
NIFTY MIDCAP 100,LAURUSLABS,,2026-04-14T01:22:41.013948+00:00
NIFTY MIDCAP 100,GMRAIRPORT,,2026-04-14T01:22:41.013948+00:00
NIFTY MIDCAP 100,BLUESTARCO,,2026-04-14T01:22:41.013948+00:00
NIFTY MIDCAP 100,MANKIND,,2026-04-14T01:22:41.013948+00:00
NIFTY MIDCAP 100,AUBANK,,2026-04-14T01:22:41.013948+00:00
NIFTY MIDCAP 100,LENSKART,,2026-04-14T01:22:41.013948+00:00
NIFTY MIDCAP 100,LTF,,2026-04-14T01:22:41.013948+00:00
NIFTY MIDCAP 100,RVNL,,2026-04-14T01:22:41.013948+00:00
NIFTY MIDCAP 100,KALYANKJIL,,2026-04-14T01:22:41.013948+00:00
NIFTY MIDCAP 100,YESBANK,,2026-04-14T01:22:41.013948+00:00
NIFTY MIDCAP 100,INDUSINDBK,,2026-04-14T01:22:41.013948+00:00
NIFTY MIDCAP 100,IDFCFIRSTB,,2026-04-14T01:22:41.013948+00:00
NIFTY MIDCAP 100,SUPREMEIND,,2026-04-14T01:22:41.013948+00:00
NIFTY MIDCAP 100,BIOCON,,2026-04-14T01:22:41.013948+00:00
NIFTY MIDCAP 100,VMM,,2026-04-14T01:22:41.013948+00:00
NIFTY MIDCAP 100,HAVELLS,,2026-04-14T01:22:41.013948+00:00
NIFTY MIDCAP 100,INDUSTOWER,,2026-04-14T01:22:41.013948+00:00
NIFTY MIDCAP 100,GODFRYPHLP,,2026-04-14T01:22:41.013948+00:00
NIFTY MIDCAP 100,NHPC,,2026-04-14T01:22:41.013948+00:00
NIFTY MIDCAP 100,IREDA,,2026-04-14T01:22:41.013948+00:00
NIFTY MIDCAP 100,UPL,,2026-04-14T01:22:41.013948+00:00
NIFTY MIDCAP 100,NAUKRI,,2026-04-14T01:22:41.013948+00:00
NIFTY MIDCAP 100,ASTRAL,,2026-04-14T01:22:41.013948+00:00
NIFTY MIDCAP 100,OBEROIRLTY,,2026-04-14T01:22:41.013948+00:00
NIFTY MIDCAP 100,HUDCO,,2026-04-14T01:22:41.013948+00:00
NIFTY MIDCAP 100,EXIDEIND,,2026-04-14T01:22:41.013948+00:00
NIFTY MIDCAP 100,ABCAPITAL,,2026-04-14T01:22:41.013948+00:00
NIFTY MIDCAP 100,MFSL,,2026-04-14T01:22:41.013948+00:00
NIFTY MIDCAP 100,ALKEM,,2026-04-14T01:22:41.013948+00:00
NIFTY MIDCAP 100,JUBLFOOD,,2026-04-14T01:22:41.013948+00:00
NIFTY MIDCAP 100,KPITTECH,,2026-04-14T01:22:41.013948+00:00
NIFTY MIDCAP 100,MRF,,2026-04-14T01:22:41.013948+00:00
NIFTY MIDCAP 100,PAGEIND,,2026-04-14T01:22:41.013948+00:00
NIFTY MIDCAP 100,RADICO,,2026-04-14T01:22:41.013948+00:00
NIFTY MIDCAP 100,SBICARD,,2026-04-14T01:22:41.013948+00:00
NIFTY MIDCAP 100,FORTIS,,2026-04-14T01:22:41.013948+00:00
NIFTY MIDCAP 100,COLPAL,,2026-04-14T01:22:41.013948+00:00
NIFTY MIDCAP 100,NYKAA,,2026-04-14T01:22:41.013948+00:00
NIFTY MIDCAP 100,PATANJALI,,2026-04-14T01:22:41.013948+00:00
NIFTY MIDCAP 100,LICHSGFIN,,2026-04-14T01:22:41.013948+00:00
NIFTY MIDCAP 100,360ONE,,2026-04-14T01:22:41.013948+00:00
NIFTY MIDCAP 100,MOTILALOFS,,2026-04-14T01:22:41.013948+00:00
NIFTY MIDCAP 100,PHOENIXLTD,,2026-04-14T01:22:41.013948+00:00
NIFTY MIDCAP 100,ICICIGI,,2026-04-14T01:22:41.013948+00:00
NIFTY MIDCAP 100,IRCTC,,2026-04-14T01:22:41.013948+00:00
NIFTY MIDCAP 100,TATAELXSI,,2026-04-14T01:22:41.013948+00:00
NIFTY MIDCAP 100,MPHASIS,,2026-04-14T01:22:41.013948+00:00
NIFTY MIDCAP 100,M&MFIN,,2026-04-14T01:22:41.013948+00:00
NIFTY MIDCAP 100,DABUR,,2026-04-14T01:22:41.013948+00:00
NIFTY MIDCAP 100,OFSS,,2026-04-14T01:22:41.013948+00:00
NIFTY MIDCAP 100,COROMANDEL,,2026-04-14T01:22:41.013948+00:00
NIFTY MIDCAP 100,TATACOMM,,2026-04-14T01:22:41.013948+00:00
NIFTY MIDCAP 100,PIIND,,2026-04-14T01:22:41.013948+00:00
NIFTY MIDCAP 100,CONCOR,,2026-04-14T01:22:41.013948+00:00
NIFTY MIDCAP 100,TIINDIA,,2026-04-14T01:22:41.013948+00:00
NIFTY SMLCAP 100,ATHERENERG,,2026-04-14T01:22:41.013948+00:00
NIFTY SMLCAP 100,OLAELEC,,2026-04-14T01:22:41.013948+00:00
NIFTY SMLCAP 100,TATACHEM,,2026-04-14T01:22:41.013948+00:00
NIFTY SMLCAP 100,JYOTICNC,,2026-04-14T01:22:41.013948+00:00
NIFTY SMLCAP 100,KAYNES,,2026-04-14T01:22:41.013948+00:00
NIFTY SMLCAP 100,JBMA,,2026-04-14T01:22:41.013948+00:00
NIFTY SMLCAP 100,AMBER,,2026-04-14T01:22:41.013948+00:00
NIFTY SMLCAP 100,FORCEMOT,,2026-04-14T01:22:41.013948+00:00
NIFTY SMLCAP 100,GRSE,,2026-04-14T01:22:41.013948+00:00
NIFTY SMLCAP 100,HINDCOPPER,,2026-04-14T01:22:41.013948+00:00
NIFTY SMLCAP 100,RPOWER,,2026-04-14T01:22:41.013948+00:00
NIFTY SMLCAP 100,CDSL,,2026-04-14T01:22:41.013948+00:00
NIFTY SMLCAP 100,SONACOMS,,2026-04-14T01:22:41.013948+00:00
NIFTY SMLCAP 100,SARDAEN,,2026-04-14T01:22:41.013948+00:00
NIFTY SMLCAP 100,GMDCLTD,,2026-04-14T01:22:41.013948+00:00
NIFTY SMLCAP 100,COHANCE,,2026-04-14T01:22:41.013948+00:00
NIFTY SMLCAP 100,DATAPATTNS,,2026-04-14T01:22:41.013948+00:00
NIFTY SMLCAP 100,ANANDRATHI,,2026-04-14T01:22:41.013948+00:00
NIFTY SMLCAP 100,INOXWIND,,2026-04-14T01:22:41.013948+00:00
NIFTY SMLCAP 100,ANGELONE,,2026-04-14T01:22:41.013948+00:00
NIFTY SMLCAP 100,HBLENGINE,,2026-04-14T01:22:41.013948+00:00
NIFTY SMLCAP 100,POONAWALLA,,2026-04-14T01:22:41.013948+00:00
NIFTY SMLCAP 100,WELCORP,,2026-04-14T01:22:41.013948+00:00
NIFTY SMLCAP 100,NETWEB,,2026-04-14T01:22:41.013948+00:00
NIFTY SMLCAP 100,PGEL,,2026-04-14T01:22:41.013948+00:00
NIFTY SMLCAP 100,HSCL,,2026-04-14T01:22:41.013948+00:00
NIFTY SMLCAP 100,GPIL,,2026-04-14T01:22:41.013948+00:00
NIFTY SMLCAP 100,MANAPPURAM,,2026-04-14T01:22:41.013948+00:00
NIFTY SMLCAP 100,AARTIIND,,2026-04-14T01:22:41.013948+00:00
NIFTY SMLCAP 100,URBANCO,,2026-04-14T01:22:41.013948+00:00
NIFTY SMLCAP 100,IDBI,,2026-04-14T01:22:41.013948+00:00
NIFTY SMLCAP 100,WOCKPHARMA,,2026-04-14T01:22:41.013948+00:00
NIFTY SMLCAP 100,BANDHANBNK,,2026-04-14T01:22:41.013948+00:00
NIFTY SMLCAP 100,ANANTRAJ,,2026-04-14T01:22:41.013948+00:00
NIFTY SMLCAP 100,IGL,,2026-04-14T01:22:41.013948+00:00
NIFTY SMLCAP 100,MRPL,,2026-04-14T01:22:41.013948+00:00
NIFTY SMLCAP 100,DELHIVERY,,2026-04-14T01:22:41.013948+00:00
NIFTY SMLCAP 100,MEESHO,,2026-04-14T01:22:41.013948+00:00
NIFTY SMLCAP 100,KFINTECH,,2026-04-14T01:22:41.013948+00:00
NIFTY SMLCAP 100,NBCC,,2026-04-14T01:22:41.013948+00:00
NIFTY SMLCAP 100,KARURVYSYA,,2026-04-14T01:22:41.013948+00:00
NIFTY SMLCAP 100,NEULANDLAB,,2026-04-14T01:22:41.013948+00:00
NIFTY SMLCAP 100,IFCI,,2026-04-14T01:22:41.013948+00:00
NIFTY SMLCAP 100,RBLBANK,,2026-04-14T01:22:41.013948+00:00
NIFTY SMLCAP 100,PINELABS,,2026-04-14T01:22:41.013948+00:00
NIFTY SMLCAP 100,NAVINFLUOR,,2026-04-14T01:22:41.013948+00:00
NIFTY SMLCAP 100,PNBHOUSING,,2026-04-14T01:22:41.013948+00:00
NIFTY SMLCAP 100,GESHIP,,2026-04-14T01:22:41.013948+00:00
NIFTY SMLCAP 100,CAMS,,2026-04-14T01:22:41.013948+00:00
NIFTY SMLCAP 100,REDINGTON,,2026-04-14T01:22:41.013948+00:00
NIFTY SMLCAP 100,NATCOPHARM,,2026-04-14T01:22:41.013948+00:00
NIFTY SMLCAP 100,CESC,,2026-04-14T01:22:41.013948+00:00
NIFTY SMLCAP 100,BEML,,2026-04-14T01:22:41.013948+00:00
NIFTY SMLCAP 100,AFFLE,,2026-04-14T01:22:41.013948+00:00
NIFTY SMLCAP 100,TRITURBINE,,2026-04-14T01:22:41.013948+00:00
NIFTY SMLCAP 100,ITI,,2026-04-14T01:22:41.013948+00:00
NIFTY SMLCAP 100,BLS,,2026-04-14T01:22:41.013948+00:00
NIFTY SMLCAP 100,IRCON,,2026-04-14T01:22:41.013948+00:00
NIFTY SMLCAP 100,FIRSTCRY,,2026-04-14T01:22:41.013948+00:00
NIFTY SMLCAP 100,ARE&M,,2026-04-14T01:22:41.013948+00:00
NIFTY SMLCAP 100,DEEPAKFERT,,2026-04-14T01:22:41.013948+00:00
NIFTY SMLCAP 100,CROMPTON,,2026-04-14T01:22:41.013948+00:00
NIFTY SMLCAP 100,SAGILITY,,2026-04-14T01:22:41.013948+00:00
NIFTY SMLCAP 100,CUB,,2026-04-14T01:22:41.013948+00:00
NIFTY SMLCAP 100,KEC,,2026-04-14T01:22:41.013948+00:00
NIFTY SMLCAP 100,PPLPHARMA,,2026-04-14T01:22:41.013948+00:00
NIFTY SMLCAP 100,SAILIFE,,2026-04-14T01:22:41.013948+00:00
NIFTY SMLCAP 100,BRIGADE,,2026-04-14T01:22:41.013948+00:00
NIFTY SMLCAP 100,APTUS,,2026-04-14T01:22:41.013948+00:00
NIFTY SMLCAP 100,NH,,2026-04-14T01:22:41.013948+00:00
NIFTY SMLCAP 100,IIFL,,2026-04-14T01:22:41.013948+00:00
NIFTY SMLCAP 100,JMFINANCIL,,2026-04-14T01:22:41.013948+00:00
NIFTY SMLCAP 100,FIVESTAR,,2026-04-14T01:22:41.013948+00:00
NIFTY SMLCAP 100,CHAMBLFERT,,2026-04-14T01:22:41.013948+00:00
NIFTY SMLCAP 100,TATATECH,,2026-04-14T01:22:41.013948+00:00
NIFTY SMLCAP 100,PWL,,2026-04-14T01:22:41.013948+00:00
NIFTY SMLCAP 100,ABREL,,2026-04-14T01:22:41.013948+00:00
NIFTY SMLCAP 100,SIGNATURE,,2026-04-14T01:22:41.013948+00:00
NIFTY SMLCAP 100,LALPATHLAB,,2026-04-14T01:22:41.013948+00:00
NIFTY SMLCAP 100,AFCONS,,2026-04-14T01:22:41.013948+00:00
NIFTY SMLCAP 100,DEVYANI,,2026-04-14T01:22:41.013948+00:00
NIFTY SMLCAP 100,NUVAMA,,2026-04-14T01:22:41.013948+00:00
NIFTY SMLCAP 100,AEGISLOG,,2026-04-14T01:22:41.013948+00:00
NIFTY SMLCAP 100,ASTERDM,,2026-04-14T01:22:41.013948+00:00
NIFTY SMLCAP 100,CHOLAHLDNG,,2026-04-14T01:22:41.013948+00:00
NIFTY SMLCAP 100,WHIRLPOOL,,2026-04-14T01:22:41.013948+00:00
NIFTY SMLCAP 100,CASTROLIND,,2026-04-14T01:22:41.013948+00:00
NIFTY SMLCAP 100,SYNGENE,,2026-04-14T01:22:41.013948+00:00
NIFTY SMLCAP 100,CREDITACC,,2026-04-14T01:22:41.013948+00:00
NIFTY SMLCAP 100,PIRAMALFIN,,2026-04-14T01:22:41.013948+00:00
NIFTY SMLCAP 100,ZENSARTECH,,2026-04-14T01:22:41.013948+00:00
NIFTY SMLCAP 100,TENNIND,,2026-04-14T01:22:41.013948+00:00
NIFTY SMLCAP 100,JSWCEMENT,,2026-04-14T01:22:41.013948+00:00
NIFTY SMLCAP 100,FSL,,2026-04-14T01:22:41.013948+00:00
NIFTY SMLCAP 100,SWANCORP,,2026-04-14T01:22:41.013948+00:00
NIFTY SMLCAP 100,IKS,,2026-04-14T01:22:41.013948+00:00
NIFTY SMLCAP 100,STARHEALTH,,2026-04-14T01:22:41.013948+00:00
NIFTY SMLCAP 100,RAMCOCEM,,2026-04-14T01:22:41.013948+00:00
NIFTY SMLCAP 100,CGCL,,2026-04-14T01:22:41.013948+00:00
NIFTY SMLCAP 100,GLAND,,2026-04-14T01:22:41.013948+00:00
NIFTY MIDCAP 150,BSE,,2026-04-14T01:22:41.013948+00:00
NIFTY MIDCAP 150,MCX,,2026-04-14T01:22:41.013948+00:00
NIFTY MIDCAP 150,BHEL,,2026-04-14T01:22:41.013948+00:00
NIFTY MIDCAP 150,WAAREEENER,,2026-04-14T01:22:41.013948+00:00
NIFTY MIDCAP 150,TATAINVEST,,2026-04-14T01:22:41.013948+00:00
NIFTY MIDCAP 150,NTPCGREEN,,2026-04-14T01:22:41.013948+00:00
NIFTY MIDCAP 150,GROWW,,2026-04-14T01:22:41.013948+00:00
NIFTY MIDCAP 150,POWERINDIA,,2026-04-14T01:22:41.013948+00:00
NIFTY MIDCAP 150,SUZLON,,2026-04-14T01:22:41.013948+00:00
NIFTY MIDCAP 150,DIXON,,2026-04-14T01:22:41.013948+00:00
NIFTY MIDCAP 150,NATIONALUM,,2026-04-14T01:22:41.013948+00:00
NIFTY MIDCAP 150,SAIL,,2026-04-14T01:22:41.013948+00:00
NIFTY MIDCAP 150,NIACL,,2026-04-14T01:22:41.013948+00:00
NIFTY MIDCAP 150,IDEA,,2026-04-14T01:22:41.013948+00:00
NIFTY MIDCAP 150,JSWENERGY,,2026-04-14T01:22:41.013948+00:00
NIFTY MIDCAP 150,HEROMOTOCO,,2026-04-14T01:22:41.013948+00:00
NIFTY MIDCAP 150,VOLTAS,,2026-04-14T01:22:41.013948+00:00
NIFTY MIDCAP 150,ASHOKLEY,,2026-04-14T01:22:41.013948+00:00
NIFTY MIDCAP 150,POLYCAB,,2026-04-14T01:22:41.013948+00:00
NIFTY MIDCAP 150,APLAPOLLO,,2026-04-14T01:22:41.013948+00:00
NIFTY MIDCAP 150,OIL,,2026-04-14T01:22:41.013948+00:00
NIFTY MIDCAP 150,GVT&D,,2026-04-14T01:22:41.013948+00:00
NIFTY MIDCAP 150,HINDPETRO,,2026-04-14T01:22:41.013948+00:00
NIFTY MIDCAP 150,ATGL,,2026-04-14T01:22:41.013948+00:00
NIFTY MIDCAP 150,SWIGGY,,2026-04-14T01:22:41.013948+00:00
NIFTY MIDCAP 150,PREMIERENE,,2026-04-14T01:22:41.013948+00:00
NIFTY MIDCAP 150,NMDC,,2026-04-14T01:22:41.013948+00:00
NIFTY MIDCAP 150,PERSISTENT,,2026-04-14T01:22:41.013948+00:00
NIFTY MIDCAP 150,COFORGE,,2026-04-14T01:22:41.013948+00:00
NIFTY MIDCAP 150,COCHINSHIP,,2026-04-14T01:22:41.013948+00:00
NIFTY MIDCAP 150,POLICYBZR,,2026-04-14T01:22:41.013948+00:00
NIFTY MIDCAP 150,PAYTM,,2026-04-14T01:22:41.013948+00:00
NIFTY MIDCAP 150,FEDERALBNK,,2026-04-14T01:22:41.013948+00:00
NIFTY MIDCAP 150,BHARATFORG,,2026-04-14T01:22:41.013948+00:00
NIFTY MIDCAP 150,THERMAX,,2026-04-14T01:22:41.013948+00:00
NIFTY MIDCAP 150,LICI,,2026-04-14T01:22:41.013948+00:00
NIFTY MIDCAP 150,AUROPHARMA,,2026-04-14T01:22:41.013948+00:00
NIFTY MIDCAP 150,ICICIAMC,,2026-04-14T01:22:41.013948+00:00
NIFTY MIDCAP 150,PRESTIGE,,2026-04-14T01:22:41.013948+00:00
NIFTY MIDCAP 150,LUPIN,,2026-04-14T01:22:41.013948+00:00
NIFTY MIDCAP 150,BANKINDIA,,2026-04-14T01:22:41.013948+00:00
NIFTY MIDCAP 150,SRF,,2026-04-14T01:22:41.013948+00:00
NIFTY MIDCAP 150,BDL,,2026-04-14T01:22:41.013948+00:00
NIFTY MIDCAP 150,MARICO,,2026-04-14T01:22:41.013948+00:00
NIFTY MIDCAP 150,LGEINDIA,,2026-04-14T01:22:41.013948+00:00
NIFTY MIDCAP 150,GLENMARK,,2026-04-14T01:22:41.013948+00:00
NIFTY MIDCAP 150,GODREJPROP,,2026-04-14T01:22:41.013948+00:00
NIFTY MIDCAP 150,KEI,,2026-04-14T01:22:41.013948+00:00
NIFTY MIDCAP 150,INDIANB,,2026-04-14T01:22:41.013948+00:00
NIFTY MIDCAP 150,LAURUSLABS,,2026-04-14T01:22:41.013948+00:00
NIFTY MIDCAP 150,GMRAIRPORT,,2026-04-14T01:22:41.013948+00:00
NIFTY MIDCAP 150,BLUESTARCO,,2026-04-14T01:22:41.013948+00:00
NIFTY MIDCAP 150,APARINDS,,2026-04-14T01:22:41.013948+00:00
NIFTY MIDCAP 150,MANKIND,,2026-04-14T01:22:41.013948+00:00
NIFTY MIDCAP 150,AUBANK,,2026-04-14T01:22:41.013948+00:00
NIFTY MIDCAP 150,LENSKART,,2026-04-14T01:22:41.013948+00:00
NIFTY MIDCAP 150,LTF,,2026-04-14T01:22:41.013948+00:00
NIFTY MIDCAP 150,RVNL,,2026-04-14T01:22:41.013948+00:00
NIFTY MIDCAP 150,KALYANKJIL,,2026-04-14T01:22:41.013948+00:00
NIFTY MIDCAP 150,YESBANK,,2026-04-14T01:22:41.013948+00:00
NIFTY MIDCAP 150,MAHABANK,,2026-04-14T01:22:41.013948+00:00
NIFTY MIDCAP 150,INDUSINDBK,,2026-04-14T01:22:41.013948+00:00
NIFTY MIDCAP 150,IDFCFIRSTB,,2026-04-14T01:22:41.013948+00:00
NIFTY MIDCAP 150,SUPREMEIND,,2026-04-14T01:22:41.013948+00:00
NIFTY MIDCAP 150,BIOCON,,2026-04-14T01:22:41.013948+00:00
NIFTY MIDCAP 150,VMM,,2026-04-14T01:22:41.013948+00:00
NIFTY MIDCAP 150,HAVELLS,,2026-04-14T01:22:41.013948+00:00
NIFTY MIDCAP 150,INDUSTOWER,,2026-04-14T01:22:41.013948+00:00
NIFTY MIDCAP 150,NAM-INDIA,,2026-04-14T01:22:41.013948+00:00
NIFTY MIDCAP 150,GODFRYPHLP,,2026-04-14T01:22:41.013948+00:00
NIFTY MIDCAP 150,NHPC,,2026-04-14T01:22:41.013948+00:00
NIFTY MIDCAP 150,IREDA,,2026-04-14T01:22:41.013948+00:00
NIFTY MIDCAP 150,UPL,,2026-04-14T01:22:41.013948+00:00
NIFTY MIDCAP 150,NAUKRI,,2026-04-14T01:22:41.013948+00:00
NIFTY MIDCAP 150,ASTRAL,,2026-04-14T01:22:41.013948+00:00
NIFTY MIDCAP 150,PETRONET,,2026-04-14T01:22:41.013948+00:00
NIFTY MIDCAP 150,OBEROIRLTY,,2026-04-14T01:22:41.013948+00:00
NIFTY MIDCAP 150,HUDCO,,2026-04-14T01:22:41.013948+00:00
NIFTY MIDCAP 150,TORNTPOWER,,2026-04-14T01:22:41.013948+00:00
NIFTY MIDCAP 150,EXIDEIND,,2026-04-14T01:22:41.013948+00:00
NIFTY MIDCAP 150,ABCAPITAL,,2026-04-14T01:22:41.013948+00:00
NIFTY MIDCAP 150,MFSL,,2026-04-14T01:22:41.013948+00:00
NIFTY MIDCAP 150,ALKEM,,2026-04-14T01:22:41.013948+00:00
NIFTY MIDCAP 150,JUBLFOOD,,2026-04-14T01:22:41.013948+00:00
NIFTY MIDCAP 150,KPITTECH,,2026-04-14T01:22:41.013948+00:00
NIFTY MIDCAP 150,MRF,,2026-04-14T01:22:41.013948+00:00
NIFTY MIDCAP 150,UNOMINDA,,2026-04-14T01:22:41.013948+00:00
NIFTY MIDCAP 150,PAGEIND,,2026-04-14T01:22:41.013948+00:00
NIFTY MIDCAP 150,NLCINDIA,,2026-04-14T01:22:41.013948+00:00
NIFTY MIDCAP 150,RADICO,,2026-04-14T01:22:41.013948+00:00
NIFTY MIDCAP 150,SBICARD,,2026-04-14T01:22:41.013948+00:00
NIFTY MIDCAP 150,FORTIS,,2026-04-14T01:22:41.013948+00:00
NIFTY MIDCAP 150,COLPAL,,2026-04-14T01:22:41.013948+00:00
NIFTY MIDCAP 150,LLOYDSME,,2026-04-14T01:22:41.013948+00:00
NIFTY MIDCAP 150,JSL,,2026-04-14T01:22:41.013948+00:00
NIFTY MIDCAP 150,NYKAA,,2026-04-14T01:22:41.013948+00:00
NIFTY MIDCAP 150,JKCEMENT,,2026-04-14T01:22:41.013948+00:00
NIFTY MIDCAP 150,PATANJALI,,2026-04-14T01:22:41.013948+00:00
NIFTY MIDCAP 150,ITCHOTELS,,2026-04-14T01:22:41.013948+00:00
NIFTY MIDCAP 150,LICHSGFIN,,2026-04-14T01:22:41.013948+00:00
NIFTY MIDCAP 150,BAJAJHFL,,2026-04-14T01:22:41.013948+00:00
NIFTY MIDCAP 150,360ONE,,2026-04-14T01:22:41.013948+00:00
NIFTY MIDCAP 150,MOTILALOFS,,2026-04-14T01:22:41.013948+00:00
NIFTY MIDCAP 150,PHOENIXLTD,,2026-04-14T01:22:41.013948+00:00
NIFTY MIDCAP 150,ICICIGI,,2026-04-14T01:22:41.013948+00:00
NIFTY MIDCAP 150,IRCTC,,2026-04-14T01:22:41.013948+00:00
NIFTY MIDCAP 150,TATAELXSI,,2026-04-14T01:22:41.013948+00:00
NIFTY MIDCAP 150,SJVN,,2026-04-14T01:22:41.013948+00:00
NIFTY MIDCAP 150,DALBHARAT,,2026-04-14T01:22:41.013948+00:00
NIFTY MIDCAP 150,MPHASIS,,2026-04-14T01:22:41.013948+00:00
NIFTY MIDCAP 150,ICICIPRULI,,2026-04-14T01:22:41.013948+00:00
NIFTY MIDCAP 150,M&MFIN,,2026-04-14T01:22:41.013948+00:00
NIFTY MIDCAP 150,DABUR,,2026-04-14T01:22:41.013948+00:00
NIFTY MIDCAP 150,OFSS,,2026-04-14T01:22:41.013948+00:00
NIFTY MIDCAP 150,JSWINFRA,,2026-04-14T01:22:41.013948+00:00
NIFTY MIDCAP 150,ACC,,2026-04-14T01:22:41.013948+00:00
NIFTY MIDCAP 150,AJANTPHARM,,2026-04-14T01:22:41.013948+00:00
NIFTY MIDCAP 150,COROMANDEL,,2026-04-14T01:22:41.013948+00:00
NIFTY MIDCAP 150,TATACOMM,,2026-04-14T01:22:41.013948+00:00
NIFTY MIDCAP 150,SCHAEFFLER,,2026-04-14T01:22:41.013948+00:00
NIFTY MIDCAP 150,LINDEINDIA,,2026-04-14T01:22:41.013948+00:00
NIFTY MIDCAP 150,PIIND,,2026-04-14T01:22:41.013948+00:00
NIFTY MIDCAP 150,CONCOR,,2026-04-14T01:22:41.013948+00:00
NIFTY MIDCAP 150,AWL,,2026-04-14T01:22:41.013948+00:00
NIFTY MIDCAP 150,LTTS,,2026-04-14T01:22:41.013948+00:00
NIFTY MIDCAP 150,GICRE,,2026-04-14T01:22:41.013948+00:00
NIFTY MIDCAP 150,HONAUT,,2026-04-14T01:22:41.013948+00:00
NIFTY MIDCAP 150,BALKRISIND,,2026-04-14T01:22:41.013948+00:00
NIFTY MIDCAP 150,HDBFS,,2026-04-14T01:22:41.013948+00:00
NIFTY MIDCAP 150,APOLLOTYRE,,2026-04-14T01:22:41.013948+00:00
NIFTY MIDCAP 150,SUNDARMFIN,,2026-04-14T01:22:41.013948+00:00
NIFTY MIDCAP 150,KPRMILL,,2026-04-14T01:22:41.013948+00:00
NIFTY MIDCAP 150,UBL,,2026-04-14T01:22:41.013948+00:00
NIFTY MIDCAP 150,TIINDIA,,2026-04-14T01:22:41.013948+00:00
NIFTY MIDCAP 150,CRISIL,,2026-04-14T01:22:41.013948+00:00
NIFTY MIDCAP 150,BHARTIHEXA,,2026-04-14T01:22:41.013948+00:00
NIFTY MIDCAP 150,ANTHEM,,2026-04-14T01:22:41.013948+00:00
NIFTY MIDCAP 150,ABBOTINDIA,,2026-04-14T01:22:41.013948+00:00
NIFTY MIDCAP 150,ESCORTS,,2026-04-14T01:22:41.013948+00:00
NIFTY MIDCAP 150,AIAENG,,2026-04-14T01:22:41.013948+00:00
NIFTY MIDCAP 150,GLAXO,,2026-04-14T01:22:41.013948+00:00
NIFTY MIDCAP 150,BERGEPAINT,,2026-04-14T01:22:41.013948+00:00
NIFTY MIDCAP 150,IPCALAB,,2026-04-14T01:22:41.013948+00:00
NIFTY MIDCAP 150,ENDURANCE,,2026-04-14T01:22:41.013948+00:00
NIFTY MIDCAP 150,MEDANTA,,2026-04-14T01:22:41.013948+00:00
NIFTY MIDCAP 150,FLUOROCHEM,,2026-04-14T01:22:41.013948+00:00
NIFTY MIDCAP 150,AIIL,,2026-04-14T01:22:41.013948+00:00
NIFTY MIDCAP 150,3MINDIA,,2026-04-14T01:22:41.013948+00:00
NIFTY MIDCAP 150,HEXT,,2026-04-14T01:22:41.013948+00:00
NIFTY MIDCAP 150,GODREJIND,,2026-04-14T01:22:41.013948+00:00
NIFTY SMLCAP 50,TATACHEM,,2026-04-14T01:22:41.013948+00:00
NIFTY SMLCAP 50,KAYNES,,2026-04-14T01:22:41.013948+00:00
NIFTY SMLCAP 50,AMBER,,2026-04-14T01:22:41.013948+00:00
NIFTY SMLCAP 50,HINDCOPPER,,2026-04-14T01:22:41.013948+00:00
NIFTY SMLCAP 50,RPOWER,,2026-04-14T01:22:41.013948+00:00
NIFTY SMLCAP 50,CDSL,,2026-04-14T01:22:41.013948+00:00
NIFTY SMLCAP 50,SONACOMS,,2026-04-14T01:22:41.013948+00:00
NIFTY SMLCAP 50,COHANCE,,2026-04-14T01:22:41.013948+00:00
NIFTY SMLCAP 50,ANANDRATHI,,2026-04-14T01:22:41.013948+00:00
NIFTY SMLCAP 50,INOXWIND,,2026-04-14T01:22:41.013948+00:00
NIFTY SMLCAP 50,ANGELONE,,2026-04-14T01:22:41.013948+00:00
NIFTY SMLCAP 50,POONAWALLA,,2026-04-14T01:22:41.013948+00:00
NIFTY SMLCAP 50,WELCORP,,2026-04-14T01:22:41.013948+00:00
NIFTY SMLCAP 50,PGEL,,2026-04-14T01:22:41.013948+00:00
NIFTY SMLCAP 50,HSCL,,2026-04-14T01:22:41.013948+00:00
NIFTY SMLCAP 50,MANAPPURAM,,2026-04-14T01:22:41.013948+00:00
NIFTY SMLCAP 50,WOCKPHARMA,,2026-04-14T01:22:41.013948+00:00
NIFTY SMLCAP 50,BANDHANBNK,,2026-04-14T01:22:41.013948+00:00
NIFTY SMLCAP 50,IGL,,2026-04-14T01:22:41.013948+00:00
NIFTY SMLCAP 50,DELHIVERY,,2026-04-14T01:22:41.013948+00:00
NIFTY SMLCAP 50,KFINTECH,,2026-04-14T01:22:41.013948+00:00
NIFTY SMLCAP 50,NBCC,,2026-04-14T01:22:41.013948+00:00
NIFTY SMLCAP 50,KARURVYSYA,,2026-04-14T01:22:41.013948+00:00
NIFTY SMLCAP 50,NEULANDLAB,,2026-04-14T01:22:41.013948+00:00
NIFTY SMLCAP 50,RBLBANK,,2026-04-14T01:22:41.013948+00:00
NIFTY SMLCAP 50,NAVINFLUOR,,2026-04-14T01:22:41.013948+00:00
NIFTY SMLCAP 50,PNBHOUSING,,2026-04-14T01:22:41.013948+00:00
NIFTY SMLCAP 50,CAMS,,2026-04-14T01:22:41.013948+00:00
NIFTY SMLCAP 50,REDINGTON,,2026-04-14T01:22:41.013948+00:00
NIFTY SMLCAP 50,NATCOPHARM,,2026-04-14T01:22:41.013948+00:00
NIFTY SMLCAP 50,CESC,,2026-04-14T01:22:41.013948+00:00
NIFTY SMLCAP 50,AFFLE,,2026-04-14T01:22:41.013948+00:00
NIFTY SMLCAP 50,ARE&M,,2026-04-14T01:22:41.013948+00:00
NIFTY SMLCAP 50,CROMPTON,,2026-04-14T01:22:41.013948+00:00
NIFTY SMLCAP 50,CUB,,2026-04-14T01:22:41.013948+00:00
NIFTY SMLCAP 50,KEC,,2026-04-14T01:22:41.013948+00:00
NIFTY SMLCAP 50,PPLPHARMA,,2026-04-14T01:22:41.013948+00:00
NIFTY SMLCAP 50,SAILIFE,,2026-04-14T01:22:41.013948+00:00
NIFTY SMLCAP 50,NH,,2026-04-14T01:22:41.013948+00:00
NIFTY SMLCAP 50,IIFL,,2026-04-14T01:22:41.013948+00:00
NIFTY SMLCAP 50,FIVESTAR,,2026-04-14T01:22:41.013948+00:00
NIFTY SMLCAP 50,TATATECH,,2026-04-14T01:22:41.013948+00:00
NIFTY SMLCAP 50,LALPATHLAB,,2026-04-14T01:22:41.013948+00:00
NIFTY SMLCAP 50,AEGISLOG,,2026-04-14T01:22:41.013948+00:00
NIFTY SMLCAP 50,ASTERDM,,2026-04-14T01:22:41.013948+00:00
NIFTY SMLCAP 50,CHOLAHLDNG,,2026-04-14T01:22:41.013948+00:00
NIFTY SMLCAP 50,CASTROLIND,,2026-04-14T01:22:41.013948+00:00
NIFTY SMLCAP 50,SYNGENE,,2026-04-14T01:22:41.013948+00:00
NIFTY SMLCAP 50,PIRAMALFIN,,2026-04-14T01:22:41.013948+00:00
NIFTY SMLCAP 50,GLAND,,2026-04-14T01:22:41.013948+00:00
NIFTY SMLCAP 250,ATHERENERG,,2026-04-14T01:22:41.013948+00:00
NIFTY SMLCAP 250,ZYDUSWELL,,2026-04-14T01:22:41.013948+00:00
NIFTY SMLCAP 250,OLAELEC,,2026-04-14T01:22:41.013948+00:00
NIFTY SMLCAP 250,TATACHEM,,2026-04-14T01:22:41.013948+00:00
NIFTY SMLCAP 250,HFCL,,2026-04-14T01:22:41.013948+00:00
NIFTY SMLCAP 250,JYOTICNC,,2026-04-14T01:22:41.013948+00:00
NIFTY SMLCAP 250,KAYNES,,2026-04-14T01:22:41.013948+00:00
NIFTY SMLCAP 250,OLECTRA,,2026-04-14T01:22:41.013948+00:00
NIFTY SMLCAP 250,JBMA,,2026-04-14T01:22:41.013948+00:00
NIFTY SMLCAP 250,AMBER,,2026-04-14T01:22:41.013948+00:00
NIFTY SMLCAP 250,FORCEMOT,,2026-04-14T01:22:41.013948+00:00
NIFTY SMLCAP 250,GRSE,,2026-04-14T01:22:41.013948+00:00
NIFTY SMLCAP 250,HINDCOPPER,,2026-04-14T01:22:41.013948+00:00
NIFTY SMLCAP 250,RPOWER,,2026-04-14T01:22:41.013948+00:00
NIFTY SMLCAP 250,CDSL,,2026-04-14T01:22:41.013948+00:00
NIFTY SMLCAP 250,SONACOMS,,2026-04-14T01:22:41.013948+00:00
NIFTY SMLCAP 250,ONESOURCE,,2026-04-14T01:22:41.013948+00:00
NIFTY SMLCAP 250,SARDAEN,,2026-04-14T01:22:41.013948+00:00
NIFTY SMLCAP 250,GMDCLTD,,2026-04-14T01:22:41.013948+00:00
NIFTY SMLCAP 250,ACMESOLAR,,2026-04-14T01:22:41.013948+00:00
NIFTY SMLCAP 250,COHANCE,,2026-04-14T01:22:41.013948+00:00
NIFTY SMLCAP 250,DATAPATTNS,,2026-04-14T01:22:41.013948+00:00
NIFTY SMLCAP 250,JPPOWER,,2026-04-14T01:22:41.013948+00:00
NIFTY SMLCAP 250,ANANDRATHI,,2026-04-14T01:22:41.013948+00:00
NIFTY SMLCAP 250,TARIL,,2026-04-14T01:22:41.013948+00:00
NIFTY SMLCAP 250,INOXWIND,,2026-04-14T01:22:41.013948+00:00
NIFTY SMLCAP 250,ANGELONE,,2026-04-14T01:22:41.013948+00:00
NIFTY SMLCAP 250,HBLENGINE,,2026-04-14T01:22:41.013948+00:00
NIFTY SMLCAP 250,POONAWALLA,,2026-04-14T01:22:41.013948+00:00
NIFTY SMLCAP 250,WELCORP,,2026-04-14T01:22:41.013948+00:00
NIFTY SMLCAP 250,NETWEB,,2026-04-14T01:22:41.013948+00:00
NIFTY SMLCAP 250,PGEL,,2026-04-14T01:22:41.013948+00:00
NIFTY SMLCAP 250,GALLANTT,,2026-04-14T01:22:41.013948+00:00
NIFTY SMLCAP 250,TEJASNET,,2026-04-14T01:22:41.013948+00:00
NIFTY SMLCAP 250,HSCL,,2026-04-14T01:22:41.013948+00:00
NIFTY SMLCAP 250,CHENNPETRO,,2026-04-14T01:22:41.013948+00:00
NIFTY SMLCAP 250,SCI,,2026-04-14T01:22:41.013948+00:00
NIFTY SMLCAP 250,EMMVEE,,2026-04-14T01:22:41.013948+00:00
NIFTY SMLCAP 250,JBCHEPHARM,,2026-04-14T01:22:41.013948+00:00
NIFTY SMLCAP 250,SAMMAANCAP,,2026-04-14T01:22:41.013948+00:00
NIFTY SMLCAP 250,ZEEL,,2026-04-14T01:22:41.013948+00:00
NIFTY SMLCAP 250,BELRISE,,2026-04-14T01:22:41.013948+00:00
NIFTY SMLCAP 250,GPIL,,2026-04-14T01:22:41.013948+00:00
NIFTY SMLCAP 250,MANAPPURAM,,2026-04-14T01:22:41.013948+00:00
NIFTY SMLCAP 250,ENGINERSIN,,2026-04-14T01:22:41.013948+00:00
NIFTY SMLCAP 250,AARTIIND,,2026-04-14T01:22:41.013948+00:00
NIFTY SMLCAP 250,URBANCO,,2026-04-14T01:22:41.013948+00:00
NIFTY SMLCAP 250,IDBI,,2026-04-14T01:22:41.013948+00:00
NIFTY SMLCAP 250,WOCKPHARMA,,2026-04-14T01:22:41.013948+00:00
NIFTY SMLCAP 250,BANDHANBNK,,2026-04-14T01:22:41.013948+00:00
NIFTY SMLCAP 250,ANANTRAJ,,2026-04-14T01:22:41.013948+00:00
NIFTY SMLCAP 250,IGL,,2026-04-14T01:22:41.013948+00:00
NIFTY SMLCAP 250,MRPL,,2026-04-14T01:22:41.013948+00:00
NIFTY SMLCAP 250,ACUTAAS,,2026-04-14T01:22:41.013948+00:00
NIFTY SMLCAP 250,DELHIVERY,,2026-04-14T01:22:41.013948+00:00
NIFTY SMLCAP 250,ZENTEC,,2026-04-14T01:22:41.013948+00:00
NIFTY SMLCAP 250,SYRMA,,2026-04-14T01:22:41.013948+00:00
NIFTY SMLCAP 250,MEESHO,,2026-04-14T01:22:41.013948+00:00
NIFTY SMLCAP 250,KFINTECH,,2026-04-14T01:22:41.013948+00:00
NIFTY SMLCAP 250,CPPLUS,,2026-04-14T01:22:41.013948+00:00
NIFTY SMLCAP 250,HEG,,2026-04-14T01:22:41.013948+00:00
NIFTY SMLCAP 250,NBCC,,2026-04-14T01:22:41.013948+00:00
NIFTY SMLCAP 250,IEX,,2026-04-14T01:22:41.013948+00:00
NIFTY SMLCAP 250,KARURVYSYA,,2026-04-14T01:22:41.013948+00:00
NIFTY SMLCAP 250,NEULANDLAB,,2026-04-14T01:22:41.013948+00:00
NIFTY SMLCAP 250,IFCI,,2026-04-14T01:22:41.013948+00:00
NIFTY SMLCAP 250,RBLBANK,,2026-04-14T01:22:41.013948+00:00
NIFTY SMLCAP 250,HONASA,,2026-04-14T01:22:41.013948+00:00
NIFTY SMLCAP 250,PINELABS,,2026-04-14T01:22:41.013948+00:00
NIFTY SMLCAP 250,NAVINFLUOR,,2026-04-14T01:22:41.013948+00:00
NIFTY SMLCAP 250,PNBHOUSING,,2026-04-14T01:22:41.013948+00:00
NIFTY SMLCAP 250,GRAPHITE,,2026-04-14T01:22:41.013948+00:00
NIFTY SMLCAP 250,ABFRL,,2026-04-14T01:22:41.013948+00:00
NIFTY SMLCAP 250,GESHIP,,2026-04-14T01:22:41.013948+00:00
NIFTY SMLCAP 250,CAMS,,2026-04-14T01:22:41.013948+00:00
NIFTY SMLCAP 250,CHOICEIN,,2026-04-14T01:22:41.013948+00:00
NIFTY SMLCAP 250,REDINGTON,,2026-04-14T01:22:41.013948+00:00
NIFTY SMLCAP 250,KIRLOSENG,,2026-04-14T01:22:41.013948+00:00
NIFTY SMLCAP 250,NATCOPHARM,,2026-04-14T01:22:41.013948+00:00
NIFTY SMLCAP 250,CESC,,2026-04-14T01:22:41.013948+00:00
NIFTY SMLCAP 250,JWL,,2026-04-14T01:22:41.013948+00:00
NIFTY SMLCAP 250,BEML,,2026-04-14T01:22:41.013948+00:00
NIFTY SMLCAP 250,AFFLE,,2026-04-14T01:22:41.013948+00:00
NIFTY SMLCAP 250,TRITURBINE,,2026-04-14T01:22:41.013948+00:00
NIFTY SMLCAP 250,JINDALSAW,,2026-04-14T01:22:41.013948+00:00
NIFTY SMLCAP 250,ITI,,2026-04-14T01:22:41.013948+00:00
NIFTY SMLCAP 250,TITAGARH,,2026-04-14T01:22:41.013948+00:00
NIFTY SMLCAP 250,PARADEEP,,2026-04-14T01:22:41.013948+00:00
NIFTY SMLCAP 250,BLS,,2026-04-14T01:22:41.013948+00:00
NIFTY SMLCAP 250,J&KBANK,,2026-04-14T01:22:41.013948+00:00
NIFTY SMLCAP 250,IRCON,,2026-04-14T01:22:41.013948+00:00
NIFTY SMLCAP 250,INTELLECT,,2026-04-14T01:22:41.013948+00:00
NIFTY SMLCAP 250,FIRSTCRY,,2026-04-14T01:22:41.013948+00:00
NIFTY SMLCAP 250,ARE&M,,2026-04-14T01:22:41.013948+00:00
NIFTY SMLCAP 250,DEEPAKFERT,,2026-04-14T01:22:41.013948+00:00
NIFTY SMLCAP 250,CROMPTON,,2026-04-14T01:22:41.013948+00:00
NIFTY SMLCAP 250,GRAVITA,,2026-04-14T01:22:41.013948+00:00
NIFTY SMLCAP 250,SAGILITY,,2026-04-14T01:22:41.013948+00:00
NIFTY SMLCAP 250,JKTYRE,,2026-04-14T01:22:41.013948+00:00
NIFTY SMLCAP 250,MGL,,2026-04-14T01:22:41.013948+00:00
NIFTY SMLCAP 250,CUB,,2026-04-14T01:22:41.013948+00:00
NIFTY SMLCAP 250,NAVA,,2026-04-14T01:22:41.013948+00:00
NIFTY SMLCAP 250,BLUEJET,,2026-04-14T01:22:41.013948+00:00
NIFTY SMLCAP 250,ABSLAMC,,2026-04-14T01:22:41.013948+00:00
NIFTY SMLCAP 250,KEC,,2026-04-14T01:22:41.013948+00:00
NIFTY SMLCAP 250,PPLPHARMA,,2026-04-14T01:22:41.013948+00:00
NIFTY SMLCAP 250,SAILIFE,,2026-04-14T01:22:41.013948+00:00
NIFTY SMLCAP 250,NEWGEN,,2026-04-14T01:22:41.013948+00:00
NIFTY SMLCAP 250,TIMKEN,,2026-04-14T01:22:41.013948+00:00
NIFTY SMLCAP 250,BRIGADE,,2026-04-14T01:22:41.013948+00:00
NIFTY SMLCAP 250,APTUS,,2026-04-14T01:22:41.013948+00:00
NIFTY SMLCAP 250,PCBL,,2026-04-14T01:22:41.013948+00:00
NIFTY SMLCAP 250,EMCURE,,2026-04-14T01:22:41.013948+00:00
NIFTY SMLCAP 250,NH,,2026-04-14T01:22:41.013948+00:00
NIFTY SMLCAP 250,GRANULES,,2026-04-14T01:22:41.013948+00:00
NIFTY SMLCAP 250,IIFL,,2026-04-14T01:22:41.013948+00:00
NIFTY SMLCAP 250,ECLERX,,2026-04-14T01:22:41.013948+00:00
NIFTY SMLCAP 250,JMFINANCIL,,2026-04-14T01:22:41.013948+00:00
NIFTY SMLCAP 250,CARTRADE,,2026-04-14T01:22:41.013948+00:00
NIFTY SMLCAP 250,FIVESTAR,,2026-04-14T01:22:41.013948+00:00
NIFTY SMLCAP 250,ACE,,2026-04-14T01:22:41.013948+00:00
NIFTY SMLCAP 250,LEMONTREE,,2026-04-14T01:22:41.013948+00:00
NIFTY SMLCAP 250,CHAMBLFERT,,2026-04-14T01:22:41.013948+00:00
NIFTY SMLCAP 250,TATATECH,,2026-04-14T01:22:41.013948+00:00
NIFTY SMLCAP 250,PWL,,2026-04-14T01:22:41.013948+00:00
NIFTY SMLCAP 250,AAVAS,,2026-04-14T01:22:41.013948+00:00
NIFTY SMLCAP 250,SUNTV,,2026-04-14T01:22:41.013948+00:00
NIFTY SMLCAP 250,NCC,,2026-04-14T01:22:41.013948+00:00
NIFTY SMLCAP 250,DEEPAKNTR,,2026-04-14T01:22:41.013948+00:00
NIFTY SMLCAP 250,IRB,,2026-04-14T01:22:41.013948+00:00
NIFTY SMLCAP 250,RAILTEL,,2026-04-14T01:22:41.013948+00:00
NIFTY SMLCAP 250,ABREL,,2026-04-14T01:22:41.013948+00:00
NIFTY SMLCAP 250,SIGNATURE,,2026-04-14T01:22:41.013948+00:00
NIFTY SMLCAP 250,FINCABLES,,2026-04-14T01:22:41.013948+00:00
NIFTY SMLCAP 250,JAINREC,,2026-04-14T01:22:41.013948+00:00
NIFTY SMLCAP 250,LALPATHLAB,,2026-04-14T01:22:41.013948+00:00
NIFTY SMLCAP 250,AFCONS,,2026-04-14T01:22:41.013948+00:00
NIFTY SMLCAP 250,DEVYANI,,2026-04-14T01:22:41.013948+00:00
NIFTY SMLCAP 250,ABDL,,2026-04-14T01:22:41.013948+00:00
NIFTY SMLCAP 250,ZFCVINDIA,,2026-04-14T01:22:41.013948+00:00
NIFTY SMLCAP 250,ELGIEQUIP,,2026-04-14T01:22:41.013948+00:00
NIFTY SMLCAP 250,PTCIL,,2026-04-14T01:22:41.013948+00:00
NIFTY SMLCAP 250,BALRAMCHIN,,2026-04-14T01:22:41.013948+00:00
NIFTY SMLCAP 250,ASAHIINDIA,,2026-04-14T01:22:41.013948+00:00
NIFTY SMLCAP 250,CEATLTD,,2026-04-14T01:22:41.013948+00:00
NIFTY SMLCAP 250,KAJARIACER,,2026-04-14T01:22:41.013948+00:00
NIFTY SMLCAP 250,MSUMI,,2026-04-14T01:22:41.013948+00:00
NIFTY SMLCAP 250,NUVAMA,,2026-04-14T01:22:41.013948+00:00
NIFTY SMLCAP 250,RRKABEL,,2026-04-14T01:22:41.013948+00:00
NIFTY SMLCAP 250,TTML,,2026-04-14T01:22:41.013948+00:00
NIFTY SMLCAP 250,AEGISLOG,,2026-04-14T01:22:41.013948+00:00
NIFTY SMLCAP 250,ASTERDM,,2026-04-14T01:22:41.013948+00:00
NIFTY SMLCAP 250,SBFC,,2026-04-14T01:22:41.013948+00:00
NIFTY SMLCAP 250,NSLNISP,,2026-04-14T01:22:41.013948+00:00
NIFTY SMLCAP 250,SCHNEIDER,,2026-04-14T01:22:41.013948+00:00
NIFTY SMLCAP 250,CHOLAHLDNG,,2026-04-14T01:22:41.013948+00:00
NIFTY SMLCAP 250,CCL,,2026-04-14T01:22:41.013948+00:00
NIFTY SMLCAP 250,HOMEFIRST,,2026-04-14T01:22:41.013948+00:00
NIFTY SMLCAP 250,EMAMILTD,,2026-04-14T01:22:41.013948+00:00
NIFTY SMLCAP 250,CYIENT,,2026-04-14T01:22:41.013948+00:00
NIFTY SMLCAP 250,FACT,,2026-04-14T01:22:41.013948+00:00
NIFTY SMLCAP 250,ELECON,,2026-04-14T01:22:41.013948+00:00
NIFTY SMLCAP 250,INDIAMART,,2026-04-14T01:22:41.013948+00:00
NIFTY SMLCAP 250,MINDACORP,,2026-04-14T01:22:41.013948+00:00
NIFTY SMLCAP 250,WHIRLPOOL,,2026-04-14T01:22:41.013948+00:00
NIFTY SMLCAP 250,BAYERCROP,,2026-04-14T01:22:41.013948+00:00
NIFTY SMLCAP 250,CASTROLIND,,2026-04-14T01:22:41.013948+00:00
NIFTY SMLCAP 250,SYNGENE,,2026-04-14T01:22:41.013948+00:00
NIFTY SMLCAP 250,CREDITACC,,2026-04-14T01:22:41.013948+00:00
NIFTY SMLCAP 250,VTL,,2026-04-14T01:22:41.013948+00:00
NIFTY SMLCAP 250,PIRAMALFIN,,2026-04-14T01:22:41.013948+00:00
NIFTY SMLCAP 250,LTFOODS,,2026-04-14T01:22:41.013948+00:00
NIFTY SMLCAP 250,KIMS,,2026-04-14T01:22:41.013948+00:00
NIFTY SMLCAP 250,UCOBANK,,2026-04-14T01:22:41.013948+00:00
NIFTY SMLCAP 250,ZENSARTECH,,2026-04-14T01:22:41.013948+00:00
NIFTY SMLCAP 250,LATENTVIEW,,2026-04-14T01:22:41.013948+00:00
NIFTY SMLCAP 250,GILLETTE,,2026-04-14T01:22:41.013948+00:00
NIFTY SMLCAP 250,TECHNOE,,2026-04-14T01:22:41.013948+00:00
NIFTY SMLCAP 250,TRIDENT,,2026-04-14T01:22:41.013948+00:00
NIFTY SMLCAP 250,PVRINOX,,2026-04-14T01:22:41.013948+00:00
NIFTY SMLCAP 250,TENNIND,,2026-04-14T01:22:41.013948+00:00
NIFTY SMLCAP 250,CEMPRO,,2026-04-14T01:22:41.013948+00:00
NIFTY SMLCAP 250,CENTRALBK,,2026-04-14T01:22:41.013948+00:00
NIFTY SMLCAP 250,GABRIEL,,2026-04-14T01:22:41.013948+00:00
NIFTY SMLCAP 250,BSOFT,,2026-04-14T01:22:41.013948+00:00
NIFTY SMLCAP 250,EIDPARRY,,2026-04-14T01:22:41.013948+00:00
NIFTY SMLCAP 250,UTIAMC,,2026-04-14T01:22:41.013948+00:00
NIFTY SMLCAP 250,RAINBOW,,2026-04-14T01:22:41.013948+00:00
NIFTY SMLCAP 250,JSWCEMENT,,2026-04-14T01:22:41.013948+00:00
NIFTY SMLCAP 250,SAPPHIRE,,2026-04-14T01:22:41.013948+00:00
NIFTY SMLCAP 250,IOB,,2026-04-14T01:22:41.013948+00:00
NIFTY SMLCAP 250,FSL,,2026-04-14T01:22:41.013948+00:00
NIFTY SMLCAP 250,BATAINDIA,,2026-04-14T01:22:41.013948+00:00
NIFTY SMLCAP 250,CANFINHOME,,2026-04-14T01:22:41.013948+00:00
NIFTY SMLCAP 250,GSPL,,2026-04-14T01:22:41.013948+00:00
NIFTY SMLCAP 250,AKZOINDIA,,2026-04-14T01:22:41.013948+00:00
NIFTY SMLCAP 250,ANURAS,,2026-04-14T01:22:41.013948+00:00
NIFTY SMLCAP 250,SWANCORP,,2026-04-14T01:22:41.013948+00:00
NIFTY SMLCAP 250,BBTC,,2026-04-14T01:22:41.013948+00:00
NIFTY SMLCAP 250,ERIS,,2026-04-14T01:22:41.013948+00:00
NIFTY SMLCAP 250,CAPLIPOINT,,2026-04-14T01:22:41.013948+00:00
NIFTY SMLCAP 250,CLEAN,,2026-04-14T01:22:41.013948+00:00
NIFTY SMLCAP 250,SAREGAMA,,2026-04-14T01:22:41.013948+00:00
NIFTY SMLCAP 250,IKS,,2026-04-14T01:22:41.013948+00:00
NIFTY SMLCAP 250,STARHEALTH,,2026-04-14T01:22:41.013948+00:00
NIFTY SMLCAP 250,RITES,,2026-04-14T01:22:41.013948+00:00
NIFTY SMLCAP 250,RKFORGE,,2026-04-14T01:22:41.013948+00:00
NIFTY SMLCAP 250,MMTC,,2026-04-14T01:22:41.013948+00:00
NIFTY SMLCAP 250,SOBHA,,2026-04-14T01:22:41.013948+00:00
NIFTY SMLCAP 250,AADHARHFC,,2026-04-14T01:22:41.013948+00:00
NIFTY SMLCAP 250,EIHOTEL,,2026-04-14T01:22:41.013948+00:00
NIFTY SMLCAP 250,KPIL,,2026-04-14T01:22:41.013948+00:00
NIFTY SMLCAP 250,CRAFTSMAN,,2026-04-14T01:22:41.013948+00:00
NIFTY SMLCAP 250,USHAMART,,2026-04-14T01:22:41.013948+00:00
NIFTY SMLCAP 250,RAMCOCEM,,2026-04-14T01:22:41.013948+00:00
NIFTY SMLCAP 250,AEGISVOPAK,,2026-04-14T01:22:41.013948+00:00
NIFTY SMLCAP 250,CANHLIFE,,2026-04-14T01:22:41.013948+00:00
NIFTY SMLCAP 250,CGCL,,2026-04-14T01:22:41.013948+00:00
NIFTY SMLCAP 250,CONCORDBIO,,2026-04-14T01:22:41.013948+00:00
NIFTY SMLCAP 250,WELSPUNLIV,,2026-04-14T01:22:41.013948+00:00
NIFTY SMLCAP 250,GLAND,,2026-04-14T01:22:41.013948+00:00
NIFTY SMLCAP 250,POLYMED,,2026-04-14T01:22:41.013948+00:00
NIFTY SMLCAP 250,SONATSOFTW,,2026-04-14T01:22:41.013948+00:00
NIFTY SMLCAP 250,BLUEDART,,2026-04-14T01:22:41.013948+00:00
NIFTY SMLCAP 250,IGIL,,2026-04-14T01:22:41.013948+00:00
NIFTY SMLCAP 250,SHYAMMETL,,2026-04-14T01:22:41.013948+00:00
NIFTY SMLCAP 250,NUVOCO,,2026-04-14T01:22:41.013948+00:00
NIFTY SMLCAP 250,TBOTEK,,2026-04-14T01:22:41.013948+00:00
NIFTY SMLCAP 250,CARBORUNIV,,2026-04-14T01:22:41.013948+00:00
NIFTY SMLCAP 250,JUBLINGREA,,2026-04-14T01:22:41.013948+00:00
NIFTY SMLCAP 250,ABLBL,,2026-04-14T01:22:41.013948+00:00
NIFTY SMLCAP 250,INDGN,,2026-04-14T01:22:41.013948+00:00
NIFTY SMLCAP 250,MAPMYINDIA,,2026-04-14T01:22:41.013948+00:00
NIFTY SMLCAP 250,TEGA,,2026-04-14T01:22:41.013948+00:00
NIFTY SMLCAP 250,SUMICHEM,,2026-04-14T01:22:41.013948+00:00
NIFTY SMLCAP 250,VIJAYA,,2026-04-14T01:22:41.013948+00:00
NIFTY SMLCAP 250,ATUL,,2026-04-14T01:22:41.013948+00:00
NIFTY SMLCAP 250,THELEELA,,2026-04-14T01:22:41.013948+00:00
NIFTY SMLCAP 250,DOMS,,2026-04-14T01:22:41.013948+00:00
NIFTY SMLCAP 250,JUBLPHARMA,,2026-04-14T01:22:41.013948+00:00
NIFTY SMLCAP 250,PFIZER,,2026-04-14T01:22:41.013948+00:00
NIFTY SMLCAP 250,CHALET,,2026-04-14T01:22:41.013948+00:00
NIFTY SMLCAP 250,DCMSHRIRAM,,2026-04-14T01:22:41.013948+00:00
NIFTY SMLCAP 250,TRAVELFOOD,,2026-04-14T01:22:41.013948+00:00
NIFTY SMLCAP 250,NIVABUPA,,2026-04-14T01:22:41.013948+00:00
NIFTY SMLCAP 250,SPLPETRO,,2026-04-14T01:22:41.013948+00:00
NIFTY SMLCAP 250,BIKAJI,,2026-04-14T01:22:41.013948+00:00
NIFTY SMLCAP 250,INDIACEM,,2026-04-14T01:22:41.013948+00:00
NIFTY SMLCAP 250,RHIM,,2026-04-14T01:22:41.013948+00:00
NIFTY SMLCAP 250,GODIGIT,,2026-04-14T01:22:41.013948+00:00
NIFTY MIDSML 400,ATHERENERG,,2026-04-14T01:22:41.013948+00:00
NIFTY MIDSML 400,BSE,,2026-04-14T01:22:41.013948+00:00
NIFTY MIDSML 400,ZYDUSWELL,,2026-04-14T01:22:41.013948+00:00
NIFTY MIDSML 400,OLAELEC,,2026-04-14T01:22:41.013948+00:00
NIFTY MIDSML 400,MCX,,2026-04-14T01:22:41.013948+00:00
NIFTY MIDSML 400,BHEL,,2026-04-14T01:22:41.013948+00:00
NIFTY MIDSML 400,WAAREEENER,,2026-04-14T01:22:41.013948+00:00
NIFTY MIDSML 400,TATACHEM,,2026-04-14T01:22:41.013948+00:00
NIFTY MIDSML 400,TATAINVEST,,2026-04-14T01:22:41.013948+00:00
NIFTY MIDSML 400,NTPCGREEN,,2026-04-14T01:22:41.013948+00:00
NIFTY MIDSML 400,GROWW,,2026-04-14T01:22:41.013948+00:00
NIFTY MIDSML 400,HFCL,,2026-04-14T01:22:41.013948+00:00
NIFTY MIDSML 400,POWERINDIA,,2026-04-14T01:22:41.013948+00:00
NIFTY MIDSML 400,SUZLON,,2026-04-14T01:22:41.013948+00:00
NIFTY MIDSML 400,DIXON,,2026-04-14T01:22:41.013948+00:00
NIFTY MIDSML 400,JYOTICNC,,2026-04-14T01:22:41.013948+00:00
NIFTY MIDSML 400,NATIONALUM,,2026-04-14T01:22:41.013948+00:00
NIFTY MIDSML 400,SAIL,,2026-04-14T01:22:41.013948+00:00
NIFTY MIDSML 400,NIACL,,2026-04-14T01:22:41.013948+00:00
NIFTY MIDSML 400,IDEA,,2026-04-14T01:22:41.013948+00:00
NIFTY MIDSML 400,JSWENERGY,,2026-04-14T01:22:41.013948+00:00
NIFTY MIDSML 400,HEROMOTOCO,,2026-04-14T01:22:41.013948+00:00
NIFTY MIDSML 400,KAYNES,,2026-04-14T01:22:41.013948+00:00
NIFTY MIDSML 400,VOLTAS,,2026-04-14T01:22:41.013948+00:00
NIFTY MIDSML 400,ASHOKLEY,,2026-04-14T01:22:41.013948+00:00
NIFTY MIDSML 400,OLECTRA,,2026-04-14T01:22:41.013948+00:00
NIFTY MIDSML 400,POLYCAB,,2026-04-14T01:22:41.013948+00:00
NIFTY MIDSML 400,JBMA,,2026-04-14T01:22:41.013948+00:00
NIFTY MIDSML 400,AMBER,,2026-04-14T01:22:41.013948+00:00
NIFTY MIDSML 400,APLAPOLLO,,2026-04-14T01:22:41.013948+00:00
NIFTY MIDSML 400,FORCEMOT,,2026-04-14T01:22:41.013948+00:00
NIFTY MIDSML 400,OIL,,2026-04-14T01:22:41.013948+00:00
NIFTY MIDSML 400,GRSE,,2026-04-14T01:22:41.013948+00:00
NIFTY MIDSML 400,GVT&D,,2026-04-14T01:22:41.013948+00:00
NIFTY MIDSML 400,HINDCOPPER,,2026-04-14T01:22:41.013948+00:00
NIFTY MIDSML 400,RPOWER,,2026-04-14T01:22:41.013948+00:00
NIFTY MIDSML 400,HINDPETRO,,2026-04-14T01:22:41.013948+00:00
NIFTY MIDSML 400,CDSL,,2026-04-14T01:22:41.013948+00:00
NIFTY MIDSML 400,SONACOMS,,2026-04-14T01:22:41.013948+00:00
NIFTY MIDSML 400,ONESOURCE,,2026-04-14T01:22:41.013948+00:00
NIFTY MIDSML 400,ATGL,,2026-04-14T01:22:41.013948+00:00
NIFTY MIDSML 400,SARDAEN,,2026-04-14T01:22:41.013948+00:00
NIFTY MIDSML 400,GMDCLTD,,2026-04-14T01:22:41.013948+00:00
NIFTY MIDSML 400,ACMESOLAR,,2026-04-14T01:22:41.013948+00:00
NIFTY MIDSML 400,COHANCE,,2026-04-14T01:22:41.013948+00:00
NIFTY MIDSML 400,SWIGGY,,2026-04-14T01:22:41.013948+00:00
NIFTY MIDSML 400,DATAPATTNS,,2026-04-14T01:22:41.013948+00:00
NIFTY MIDSML 400,PREMIERENE,,2026-04-14T01:22:41.013948+00:00
NIFTY MIDSML 400,NMDC,,2026-04-14T01:22:41.013948+00:00
NIFTY MIDSML 400,PERSISTENT,,2026-04-14T01:22:41.013948+00:00
NIFTY MIDSML 400,COFORGE,,2026-04-14T01:22:41.013948+00:00
NIFTY MIDSML 400,COCHINSHIP,,2026-04-14T01:22:41.013948+00:00
NIFTY MIDSML 400,JPPOWER,,2026-04-14T01:22:41.013948+00:00
NIFTY MIDSML 400,ANANDRATHI,,2026-04-14T01:22:41.013948+00:00
NIFTY MIDSML 400,TARIL,,2026-04-14T01:22:41.013948+00:00
NIFTY MIDSML 400,POLICYBZR,,2026-04-14T01:22:41.013948+00:00
NIFTY MIDSML 400,PAYTM,,2026-04-14T01:22:41.013948+00:00
NIFTY MIDSML 400,FEDERALBNK,,2026-04-14T01:22:41.013948+00:00
NIFTY MIDSML 400,BHARATFORG,,2026-04-14T01:22:41.013948+00:00
NIFTY MIDSML 400,THERMAX,,2026-04-14T01:22:41.013948+00:00
NIFTY MIDSML 400,INOXWIND,,2026-04-14T01:22:41.013948+00:00
NIFTY MIDSML 400,ANGELONE,,2026-04-14T01:22:41.013948+00:00
NIFTY MIDSML 400,LICI,,2026-04-14T01:22:41.013948+00:00
NIFTY MIDSML 400,AUROPHARMA,,2026-04-14T01:22:41.013948+00:00
NIFTY MIDSML 400,ICICIAMC,,2026-04-14T01:22:41.013948+00:00
NIFTY MIDSML 400,PRESTIGE,,2026-04-14T01:22:41.013948+00:00
NIFTY MIDSML 400,LUPIN,,2026-04-14T01:22:41.013948+00:00
NIFTY MIDSML 400,HBLENGINE,,2026-04-14T01:22:41.013948+00:00
NIFTY MIDSML 400,BANKINDIA,,2026-04-14T01:22:41.013948+00:00
NIFTY MIDSML 400,SRF,,2026-04-14T01:22:41.013948+00:00
NIFTY MIDSML 400,POONAWALLA,,2026-04-14T01:22:41.013948+00:00
NIFTY MIDSML 400,BDL,,2026-04-14T01:22:41.013948+00:00
NIFTY MIDSML 400,MARICO,,2026-04-14T01:22:41.013948+00:00
NIFTY MIDSML 400,WELCORP,,2026-04-14T01:22:41.013948+00:00
NIFTY MIDSML 400,LGEINDIA,,2026-04-14T01:22:41.013948+00:00
NIFTY MIDSML 400,GLENMARK,,2026-04-14T01:22:41.013948+00:00
NIFTY MIDSML 400,NETWEB,,2026-04-14T01:22:41.013948+00:00
NIFTY MIDSML 400,GODREJPROP,,2026-04-14T01:22:41.013948+00:00
NIFTY MIDSML 400,PGEL,,2026-04-14T01:22:41.013948+00:00
NIFTY MIDSML 400,GALLANTT,,2026-04-14T01:22:41.013948+00:00
NIFTY MIDSML 400,KEI,,2026-04-14T01:22:41.013948+00:00
NIFTY MIDSML 400,INDIANB,,2026-04-14T01:22:41.013948+00:00
NIFTY MIDSML 400,LAURUSLABS,,2026-04-14T01:22:41.013948+00:00
NIFTY MIDSML 400,TEJASNET,,2026-04-14T01:22:41.013948+00:00
NIFTY MIDSML 400,GMRAIRPORT,,2026-04-14T01:22:41.013948+00:00
NIFTY MIDSML 400,HSCL,,2026-04-14T01:22:41.013948+00:00
NIFTY MIDSML 400,CHENNPETRO,,2026-04-14T01:22:41.013948+00:00
NIFTY MIDSML 400,BLUESTARCO,,2026-04-14T01:22:41.013948+00:00
NIFTY MIDSML 400,APARINDS,,2026-04-14T01:22:41.013948+00:00
NIFTY MIDSML 400,MANKIND,,2026-04-14T01:22:41.013948+00:00
NIFTY MIDSML 400,AUBANK,,2026-04-14T01:22:41.013948+00:00
NIFTY MIDSML 400,LENSKART,,2026-04-14T01:22:41.013948+00:00
NIFTY MIDSML 400,LTF,,2026-04-14T01:22:41.013948+00:00
NIFTY MIDSML 400,RVNL,,2026-04-14T01:22:41.013948+00:00
NIFTY MIDSML 400,SCI,,2026-04-14T01:22:41.013948+00:00
NIFTY MIDSML 400,KALYANKJIL,,2026-04-14T01:22:41.013948+00:00
NIFTY MIDSML 400,YESBANK,,2026-04-14T01:22:41.013948+00:00
NIFTY MIDSML 400,MAHABANK,,2026-04-14T01:22:41.013948+00:00
NIFTY MIDSML 400,INDUSINDBK,,2026-04-14T01:22:41.013948+00:00
NIFTY MIDSML 400,IDFCFIRSTB,,2026-04-14T01:22:41.013948+00:00
NIFTY MIDSML 400,SUPREMEIND,,2026-04-14T01:22:41.013948+00:00
NIFTY MIDSML 400,EMMVEE,,2026-04-14T01:22:41.013948+00:00
NIFTY MIDSML 400,BIOCON,,2026-04-14T01:22:41.013948+00:00
NIFTY MIDSML 400,VMM,,2026-04-14T01:22:41.013948+00:00
NIFTY MIDSML 400,HAVELLS,,2026-04-14T01:22:41.013948+00:00
NIFTY MIDSML 400,INDUSTOWER,,2026-04-14T01:22:41.013948+00:00
NIFTY MIDSML 400,NAM-INDIA,,2026-04-14T01:22:41.013948+00:00
NIFTY MIDSML 400,JBCHEPHARM,,2026-04-14T01:22:41.013948+00:00
NIFTY MIDSML 400,SAMMAANCAP,,2026-04-14T01:22:41.013948+00:00
NIFTY MIDSML 400,GODFRYPHLP,,2026-04-14T01:22:41.013948+00:00
NIFTY MIDSML 400,ZEEL,,2026-04-14T01:22:41.013948+00:00
NIFTY MIDSML 400,NHPC,,2026-04-14T01:22:41.013948+00:00
NIFTY MIDSML 400,IREDA,,2026-04-14T01:22:41.013948+00:00
NIFTY MIDSML 400,UPL,,2026-04-14T01:22:41.013948+00:00
NIFTY MIDSML 400,BELRISE,,2026-04-14T01:22:41.013948+00:00
NIFTY MIDSML 400,NAUKRI,,2026-04-14T01:22:41.013948+00:00
NIFTY MIDSML 400,ASTRAL,,2026-04-14T01:22:41.013948+00:00
NIFTY MIDSML 400,PETRONET,,2026-04-14T01:22:41.013948+00:00
NIFTY MIDSML 400,OBEROIRLTY,,2026-04-14T01:22:41.013948+00:00
NIFTY MIDSML 400,GPIL,,2026-04-14T01:22:41.013948+00:00
NIFTY MIDSML 400,HUDCO,,2026-04-14T01:22:41.013948+00:00
NIFTY MIDSML 400,TORNTPOWER,,2026-04-14T01:22:41.013948+00:00
NIFTY MIDSML 400,MANAPPURAM,,2026-04-14T01:22:41.013948+00:00
NIFTY MIDSML 400,ENGINERSIN,,2026-04-14T01:22:41.013948+00:00
NIFTY MIDSML 400,AARTIIND,,2026-04-14T01:22:41.013948+00:00
NIFTY MIDSML 400,EXIDEIND,,2026-04-14T01:22:41.013948+00:00
NIFTY MIDSML 400,URBANCO,,2026-04-14T01:22:41.013948+00:00
NIFTY MIDSML 400,IDBI,,2026-04-14T01:22:41.013948+00:00
NIFTY MIDSML 400,WOCKPHARMA,,2026-04-14T01:22:41.013948+00:00
NIFTY MIDSML 400,ABCAPITAL,,2026-04-14T01:22:41.013948+00:00
NIFTY MIDSML 400,BANDHANBNK,,2026-04-14T01:22:41.013948+00:00
NIFTY MIDSML 400,MFSL,,2026-04-14T01:22:41.013948+00:00
NIFTY MIDSML 400,ANANTRAJ,,2026-04-14T01:22:41.013948+00:00
NIFTY MIDSML 400,IGL,,2026-04-14T01:22:41.013948+00:00
NIFTY MIDSML 400,MRPL,,2026-04-14T01:22:41.013948+00:00
NIFTY MIDSML 400,ALKEM,,2026-04-14T01:22:41.013948+00:00
NIFTY MIDSML 400,JUBLFOOD,,2026-04-14T01:22:41.013948+00:00
NIFTY MIDSML 400,KPITTECH,,2026-04-14T01:22:41.013948+00:00
NIFTY MIDSML 400,MRF,,2026-04-14T01:22:41.013948+00:00
NIFTY MIDSML 400,ACUTAAS,,2026-04-14T01:22:41.013948+00:00
NIFTY MIDSML 400,UNOMINDA,,2026-04-14T01:22:41.013948+00:00
NIFTY MIDSML 400,PAGEIND,,2026-04-14T01:22:41.013948+00:00
NIFTY MIDSML 400,DELHIVERY,,2026-04-14T01:22:41.013948+00:00
NIFTY MIDSML 400,ZENTEC,,2026-04-14T01:22:41.013948+00:00
NIFTY MIDSML 400,SYRMA,,2026-04-14T01:22:41.013948+00:00
NIFTY MIDSML 400,MEESHO,,2026-04-14T01:22:41.013948+00:00
NIFTY MIDSML 400,NLCINDIA,,2026-04-14T01:22:41.013948+00:00
NIFTY MIDSML 400,KFINTECH,,2026-04-14T01:22:41.013948+00:00
NIFTY MIDSML 400,CPPLUS,,2026-04-14T01:22:41.013948+00:00
NIFTY MIDSML 400,RADICO,,2026-04-14T01:22:41.013948+00:00
NIFTY MIDSML 400,SBICARD,,2026-04-14T01:22:41.013948+00:00
NIFTY MIDSML 400,FORTIS,,2026-04-14T01:22:41.013948+00:00
NIFTY MIDSML 400,COLPAL,,2026-04-14T01:22:41.013948+00:00
NIFTY MIDSML 400,HEG,,2026-04-14T01:22:41.013948+00:00
NIFTY MIDSML 400,NBCC,,2026-04-14T01:22:41.013948+00:00
NIFTY MIDSML 400,IEX,,2026-04-14T01:22:41.013948+00:00
NIFTY MIDSML 400,LLOYDSME,,2026-04-14T01:22:41.013948+00:00
NIFTY MIDSML 400,JSL,,2026-04-14T01:22:41.013948+00:00
NIFTY MIDSML 400,KARURVYSYA,,2026-04-14T01:22:41.013948+00:00
NIFTY MIDSML 400,NEULANDLAB,,2026-04-14T01:22:41.013948+00:00
NIFTY MIDSML 400,IFCI,,2026-04-14T01:22:41.013948+00:00
NIFTY MIDSML 400,NYKAA,,2026-04-14T01:22:41.013948+00:00
NIFTY MIDSML 400,RBLBANK,,2026-04-14T01:22:41.013948+00:00
NIFTY MIDSML 400,HONASA,,2026-04-14T01:22:41.013948+00:00
NIFTY MIDSML 400,PINELABS,,2026-04-14T01:22:41.013948+00:00
NIFTY MIDSML 400,NAVINFLUOR,,2026-04-14T01:22:41.013948+00:00
NIFTY MIDSML 400,PNBHOUSING,,2026-04-14T01:22:41.013948+00:00
NIFTY MIDSML 400,JKCEMENT,,2026-04-14T01:22:41.013948+00:00
NIFTY MIDSML 400,GRAPHITE,,2026-04-14T01:22:41.013948+00:00
NIFTY MIDSML 400,PATANJALI,,2026-04-14T01:22:41.013948+00:00
NIFTY MIDSML 400,ITCHOTELS,,2026-04-14T01:22:41.013948+00:00
NIFTY MIDSML 400,ABFRL,,2026-04-14T01:22:41.013948+00:00
NIFTY MIDSML 400,LICHSGFIN,,2026-04-14T01:22:41.013948+00:00
NIFTY MIDSML 400,GESHIP,,2026-04-14T01:22:41.013948+00:00
NIFTY MIDSML 400,CAMS,,2026-04-14T01:22:41.013948+00:00
NIFTY MIDSML 400,CHOICEIN,,2026-04-14T01:22:41.013948+00:00
NIFTY MIDSML 400,BAJAJHFL,,2026-04-14T01:22:41.013948+00:00
NIFTY MIDSML 400,360ONE,,2026-04-14T01:22:41.013948+00:00
NIFTY MIDSML 400,REDINGTON,,2026-04-14T01:22:41.013948+00:00
NIFTY MIDSML 400,MOTILALOFS,,2026-04-14T01:22:41.013948+00:00
NIFTY MIDSML 400,PHOENIXLTD,,2026-04-14T01:22:41.013948+00:00
NIFTY MIDSML 400,KIRLOSENG,,2026-04-14T01:22:41.013948+00:00
NIFTY MIDSML 400,ICICIGI,,2026-04-14T01:22:41.013948+00:00
NIFTY MIDSML 400,IRCTC,,2026-04-14T01:22:41.013948+00:00
NIFTY MIDSML 400,NATCOPHARM,,2026-04-14T01:22:41.013948+00:00
NIFTY MIDSML 400,CESC,,2026-04-14T01:22:41.013948+00:00
NIFTY MIDSML 400,TATAELXSI,,2026-04-14T01:22:41.013948+00:00
NIFTY MIDSML 400,SJVN,,2026-04-14T01:22:41.013948+00:00
NIFTY MIDSML 400,JWL,,2026-04-14T01:22:41.013948+00:00
NIFTY MIDSML 400,BEML,,2026-04-14T01:22:41.013948+00:00
NIFTY MIDSML 400,AFFLE,,2026-04-14T01:22:41.013948+00:00
NIFTY MIDSML 400,TRITURBINE,,2026-04-14T01:22:41.013948+00:00
NIFTY MIDSML 400,DALBHARAT,,2026-04-14T01:22:41.013948+00:00
NIFTY MIDSML 400,JINDALSAW,,2026-04-14T01:22:41.013948+00:00
NIFTY MIDSML 400,ITI,,2026-04-14T01:22:41.013948+00:00
NIFTY MIDSML 400,TITAGARH,,2026-04-14T01:22:41.013948+00:00
NIFTY MIDSML 400,MPHASIS,,2026-04-14T01:22:41.013948+00:00
NIFTY MIDSML 400,ICICIPRULI,,2026-04-14T01:22:41.013948+00:00
NIFTY MIDSML 400,PARADEEP,,2026-04-14T01:22:41.013948+00:00
NIFTY MIDSML 400,BLS,,2026-04-14T01:22:41.013948+00:00
NIFTY MIDSML 400,J&KBANK,,2026-04-14T01:22:41.013948+00:00
NIFTY MIDSML 400,M&MFIN,,2026-04-14T01:22:41.013948+00:00
NIFTY MIDSML 400,DABUR,,2026-04-14T01:22:41.013948+00:00
NIFTY MIDSML 400,IRCON,,2026-04-14T01:22:41.013948+00:00
NIFTY MIDSML 400,OFSS,,2026-04-14T01:22:41.013948+00:00
NIFTY MIDSML 400,INTELLECT,,2026-04-14T01:22:41.013948+00:00
NIFTY MIDSML 400,FIRSTCRY,,2026-04-14T01:22:41.013948+00:00
NIFTY MIDSML 400,ARE&M,,2026-04-14T01:22:41.013948+00:00
NIFTY MIDSML 400,DEEPAKFERT,,2026-04-14T01:22:41.013948+00:00
NIFTY MIDSML 400,JSWINFRA,,2026-04-14T01:22:41.013948+00:00
NIFTY MIDSML 400,CROMPTON,,2026-04-14T01:22:41.013948+00:00
NIFTY MIDSML 400,ACC,,2026-04-14T01:22:41.013948+00:00
NIFTY MIDSML 400,AJANTPHARM,,2026-04-14T01:22:41.013948+00:00
NIFTY MIDSML 400,GRAVITA,,2026-04-14T01:22:41.013948+00:00
NIFTY MIDSML 400,SAGILITY,,2026-04-14T01:22:41.013948+00:00
NIFTY MIDSML 400,COROMANDEL,,2026-04-14T01:22:41.013948+00:00
NIFTY MIDSML 400,TATACOMM,,2026-04-14T01:22:41.013948+00:00
NIFTY MIDSML 400,SCHAEFFLER,,2026-04-14T01:22:41.013948+00:00
NIFTY MIDSML 400,JKTYRE,,2026-04-14T01:22:41.013948+00:00
NIFTY MIDSML 400,MGL,,2026-04-14T01:22:41.013948+00:00
NIFTY MIDSML 400,CUB,,2026-04-14T01:22:41.013948+00:00
NIFTY MIDSML 400,NAVA,,2026-04-14T01:22:41.013948+00:00
NIFTY MIDSML 400,BLUEJET,,2026-04-14T01:22:41.013948+00:00
NIFTY MIDSML 400,ABSLAMC,,2026-04-14T01:22:41.013948+00:00
NIFTY MIDSML 400,KEC,,2026-04-14T01:22:41.013948+00:00
NIFTY MIDSML 400,PPLPHARMA,,2026-04-14T01:22:41.013948+00:00
NIFTY MIDSML 400,SAILIFE,,2026-04-14T01:22:41.013948+00:00
NIFTY MIDSML 400,NEWGEN,,2026-04-14T01:22:41.013948+00:00
NIFTY MIDSML 400,LINDEINDIA,,2026-04-14T01:22:41.013948+00:00
NIFTY MIDSML 400,TIMKEN,,2026-04-14T01:22:41.013948+00:00
NIFTY MIDSML 400,BRIGADE,,2026-04-14T01:22:41.013948+00:00
NIFTY MIDSML 400,PIIND,,2026-04-14T01:22:41.013948+00:00
NIFTY MIDSML 400,APTUS,,2026-04-14T01:22:41.013948+00:00
NIFTY MIDSML 400,CONCOR,,2026-04-14T01:22:41.013948+00:00
NIFTY MIDSML 400,PCBL,,2026-04-14T01:22:41.013948+00:00
NIFTY MIDSML 400,AWL,,2026-04-14T01:22:41.013948+00:00
NIFTY MIDSML 400,LTTS,,2026-04-14T01:22:41.013948+00:00
NIFTY MIDSML 400,EMCURE,,2026-04-14T01:22:41.013948+00:00
NIFTY MIDSML 400,NH,,2026-04-14T01:22:41.013948+00:00
NIFTY MIDSML 400,GRANULES,,2026-04-14T01:22:41.013948+00:00
NIFTY MIDSML 400,IIFL,,2026-04-14T01:22:41.013948+00:00
NIFTY MIDSML 400,GICRE,,2026-04-14T01:22:41.013948+00:00
NIFTY MIDSML 400,ECLERX,,2026-04-14T01:22:41.013948+00:00
NIFTY MIDSML 400,JMFINANCIL,,2026-04-14T01:22:41.013948+00:00
NIFTY MIDSML 400,CARTRADE,,2026-04-14T01:22:41.013948+00:00
NIFTY MIDSML 400,FIVESTAR,,2026-04-14T01:22:41.013948+00:00
NIFTY MIDSML 400,ACE,,2026-04-14T01:22:41.013948+00:00
NIFTY MIDSML 400,LEMONTREE,,2026-04-14T01:22:41.013948+00:00
NIFTY MIDSML 400,CHAMBLFERT,,2026-04-14T01:22:41.013948+00:00
NIFTY MIDSML 400,TATATECH,,2026-04-14T01:22:41.013948+00:00
NIFTY MIDSML 400,PWL,,2026-04-14T01:22:41.013948+00:00
NIFTY MIDSML 400,AAVAS,,2026-04-14T01:22:41.013948+00:00
NIFTY MIDSML 400,SUNTV,,2026-04-14T01:22:41.013948+00:00
NIFTY MIDSML 400,NCC,,2026-04-14T01:22:41.013948+00:00
NIFTY MIDSML 400,DEEPAKNTR,,2026-04-14T01:22:41.013948+00:00
NIFTY MIDSML 400,IRB,,2026-04-14T01:22:41.013948+00:00
NIFTY MIDSML 400,RAILTEL,,2026-04-14T01:22:41.013948+00:00
NIFTY MIDSML 400,ABREL,,2026-04-14T01:22:41.013948+00:00
NIFTY MIDSML 400,SIGNATURE,,2026-04-14T01:22:41.013948+00:00
NIFTY MIDSML 400,FINCABLES,,2026-04-14T01:22:41.013948+00:00
NIFTY MIDSML 400,HONAUT,,2026-04-14T01:22:41.013948+00:00
NIFTY MIDSML 400,JAINREC,,2026-04-14T01:22:41.013948+00:00
NIFTY MIDSML 400,LALPATHLAB,,2026-04-14T01:22:41.013948+00:00
NIFTY MIDSML 400,BALKRISIND,,2026-04-14T01:22:41.013948+00:00
NIFTY MIDSML 400,AFCONS,,2026-04-14T01:22:41.013948+00:00
NIFTY MIDSML 400,DEVYANI,,2026-04-14T01:22:41.013948+00:00
NIFTY MIDSML 400,ABDL,,2026-04-14T01:22:41.013948+00:00
NIFTY MIDSML 400,ZFCVINDIA,,2026-04-14T01:22:41.013948+00:00
NIFTY MIDSML 400,ELGIEQUIP,,2026-04-14T01:22:41.013948+00:00
NIFTY MIDSML 400,HDBFS,,2026-04-14T01:22:41.013948+00:00
NIFTY MIDSML 400,APOLLOTYRE,,2026-04-14T01:22:41.013948+00:00
NIFTY MIDSML 400,PTCIL,,2026-04-14T01:22:41.013948+00:00
NIFTY MIDSML 400,BALRAMCHIN,,2026-04-14T01:22:41.013948+00:00
NIFTY MIDSML 400,ASAHIINDIA,,2026-04-14T01:22:41.013948+00:00
NIFTY MIDSML 400,SUNDARMFIN,,2026-04-14T01:22:41.013948+00:00
NIFTY MIDSML 400,CEATLTD,,2026-04-14T01:22:41.013948+00:00
NIFTY MIDSML 400,KPRMILL,,2026-04-14T01:22:41.013948+00:00
NIFTY MIDSML 400,UBL,,2026-04-14T01:22:41.013948+00:00
NIFTY MIDSML 400,KAJARIACER,,2026-04-14T01:22:41.013948+00:00
NIFTY MIDSML 400,MSUMI,,2026-04-14T01:22:41.013948+00:00
NIFTY MIDSML 400,TIINDIA,,2026-04-14T01:22:41.013948+00:00
NIFTY MIDSML 400,NUVAMA,,2026-04-14T01:22:41.013948+00:00
NIFTY MIDSML 400,RRKABEL,,2026-04-14T01:22:41.013948+00:00
NIFTY MIDSML 400,TTML,,2026-04-14T01:22:41.013948+00:00
NIFTY MIDSML 400,AEGISLOG,,2026-04-14T01:22:41.013948+00:00
NIFTY MIDSML 400,ASTERDM,,2026-04-14T01:22:41.013948+00:00
NIFTY MIDSML 400,SBFC,,2026-04-14T01:22:41.013948+00:00
NIFTY MIDSML 400,NSLNISP,,2026-04-14T01:22:41.013948+00:00
NIFTY MIDSML 400,SCHNEIDER,,2026-04-14T01:22:41.013948+00:00
NIFTY MIDSML 400,CHOLAHLDNG,,2026-04-14T01:22:41.013948+00:00
NIFTY MIDSML 400,CCL,,2026-04-14T01:22:41.013948+00:00
NIFTY MIDSML 400,HOMEFIRST,,2026-04-14T01:22:41.013948+00:00
NIFTY MIDSML 400,EMAMILTD,,2026-04-14T01:22:41.013948+00:00
NIFTY MIDSML 400,CYIENT,,2026-04-14T01:22:41.013948+00:00
NIFTY MIDSML 400,FACT,,2026-04-14T01:22:41.013948+00:00
NIFTY MIDSML 400,ELECON,,2026-04-14T01:22:41.013948+00:00
NIFTY MIDSML 400,INDIAMART,,2026-04-14T01:22:41.013948+00:00
NIFTY MIDSML 400,MINDACORP,,2026-04-14T01:22:41.013948+00:00
NIFTY MIDSML 400,WHIRLPOOL,,2026-04-14T01:22:41.013948+00:00
NIFTY MIDSML 400,CRISIL,,2026-04-14T01:22:41.013948+00:00
NIFTY MIDSML 400,BAYERCROP,,2026-04-14T01:22:41.013948+00:00
NIFTY MIDSML 400,CASTROLIND,,2026-04-14T01:22:41.013948+00:00
NIFTY MIDSML 400,SYNGENE,,2026-04-14T01:22:41.013948+00:00
NIFTY MIDSML 400,CREDITACC,,2026-04-14T01:22:41.013948+00:00
NIFTY MIDSML 400,BHARTIHEXA,,2026-04-14T01:22:41.013948+00:00
NIFTY MIDSML 400,VTL,,2026-04-14T01:22:41.013948+00:00
NIFTY MIDSML 400,PIRAMALFIN,,2026-04-14T01:22:41.013948+00:00
NIFTY MIDSML 400,LTFOODS,,2026-04-14T01:22:41.013948+00:00
NIFTY MIDSML 400,KIMS,,2026-04-14T01:22:41.013948+00:00
NIFTY MIDSML 400,UCOBANK,,2026-04-14T01:22:41.013948+00:00
NIFTY MIDSML 400,ZENSARTECH,,2026-04-14T01:22:41.013948+00:00
NIFTY MIDSML 400,LATENTVIEW,,2026-04-14T01:22:41.013948+00:00
NIFTY MIDSML 400,GILLETTE,,2026-04-14T01:22:41.013948+00:00
NIFTY MIDSML 400,ANTHEM,,2026-04-14T01:22:41.013948+00:00
NIFTY MIDSML 400,TECHNOE,,2026-04-14T01:22:41.013948+00:00
NIFTY MIDSML 400,TRIDENT,,2026-04-14T01:22:41.013948+00:00
NIFTY MIDSML 400,PVRINOX,,2026-04-14T01:22:41.013948+00:00
NIFTY MIDSML 400,ABBOTINDIA,,2026-04-14T01:22:41.013948+00:00
NIFTY MIDSML 400,TENNIND,,2026-04-14T01:22:41.013948+00:00
NIFTY MIDSML 400,CEMPRO,,2026-04-14T01:22:41.013948+00:00
NIFTY MIDSML 400,CENTRALBK,,2026-04-14T01:22:41.013948+00:00
NIFTY MIDSML 400,GABRIEL,,2026-04-14T01:22:41.013948+00:00
NIFTY MIDSML 400,BSOFT,,2026-04-14T01:22:41.013948+00:00
NIFTY MIDSML 400,EIDPARRY,,2026-04-14T01:22:41.013948+00:00
NIFTY MIDSML 400,UTIAMC,,2026-04-14T01:22:41.013948+00:00
NIFTY MIDSML 400,RAINBOW,,2026-04-14T01:22:41.013948+00:00
NIFTY MIDSML 400,JSWCEMENT,,2026-04-14T01:22:41.013948+00:00
NIFTY MIDSML 400,ESCORTS,,2026-04-14T01:22:41.013948+00:00
NIFTY MIDSML 400,AIAENG,,2026-04-14T01:22:41.013948+00:00
NIFTY MIDSML 400,SAPPHIRE,,2026-04-14T01:22:41.013948+00:00
NIFTY MIDSML 400,IOB,,2026-04-14T01:22:41.013948+00:00
NIFTY MIDSML 400,GLAXO,,2026-04-14T01:22:41.013948+00:00
NIFTY MIDSML 400,FSL,,2026-04-14T01:22:41.013948+00:00
NIFTY MIDSML 400,BERGEPAINT,,2026-04-14T01:22:41.013948+00:00
NIFTY MIDSML 400,BATAINDIA,,2026-04-14T01:22:41.013948+00:00
NIFTY MIDSML 400,CANFINHOME,,2026-04-14T01:22:41.013948+00:00
NIFTY MIDSML 400,GSPL,,2026-04-14T01:22:41.013948+00:00
NIFTY MIDSML 400,AKZOINDIA,,2026-04-14T01:22:41.013948+00:00
NIFTY MIDSML 400,IPCALAB,,2026-04-14T01:22:41.013948+00:00
NIFTY MIDSML 400,ANURAS,,2026-04-14T01:22:41.013948+00:00
NIFTY MIDSML 400,ENDURANCE,,2026-04-14T01:22:41.013948+00:00
NIFTY MIDSML 400,SWANCORP,,2026-04-14T01:22:41.013948+00:00
NIFTY MIDSML 400,BBTC,,2026-04-14T01:22:41.013948+00:00
NIFTY MIDSML 400,MEDANTA,,2026-04-14T01:22:41.013948+00:00
NIFTY MIDSML 400,FLUOROCHEM,,2026-04-14T01:22:41.013948+00:00
NIFTY MIDSML 400,ERIS,,2026-04-14T01:22:41.013948+00:00
NIFTY MIDSML 400,AIIL,,2026-04-14T01:22:41.013948+00:00
NIFTY MIDSML 400,CAPLIPOINT,,2026-04-14T01:22:41.013948+00:00
NIFTY MIDSML 400,CLEAN,,2026-04-14T01:22:41.013948+00:00
NIFTY MIDSML 400,SAREGAMA,,2026-04-14T01:22:41.013948+00:00
NIFTY MIDSML 400,IKS,,2026-04-14T01:22:41.013948+00:00
NIFTY MIDSML 400,STARHEALTH,,2026-04-14T01:22:41.013948+00:00
NIFTY MIDSML 400,RITES,,2026-04-14T01:22:41.013948+00:00
NIFTY MIDSML 400,RKFORGE,,2026-04-14T01:22:41.013948+00:00
NIFTY MIDSML 400,MMTC,,2026-04-14T01:22:41.013948+00:00
NIFTY MIDSML 400,SOBHA,,2026-04-14T01:22:41.013948+00:00
NIFTY MIDSML 400,AADHARHFC,,2026-04-14T01:22:41.013948+00:00
NIFTY MIDSML 400,EIHOTEL,,2026-04-14T01:22:41.013948+00:00
NIFTY MIDSML 400,KPIL,,2026-04-14T01:22:41.013948+00:00
NIFTY MIDSML 400,CRAFTSMAN,,2026-04-14T01:22:41.013948+00:00
NIFTY MIDSML 400,USHAMART,,2026-04-14T01:22:41.013948+00:00
NIFTY MIDSML 400,RAMCOCEM,,2026-04-14T01:22:41.013948+00:00
NIFTY MIDSML 400,AEGISVOPAK,,2026-04-14T01:22:41.013948+00:00
NIFTY MIDSML 400,3MINDIA,,2026-04-14T01:22:41.013948+00:00
NIFTY MIDSML 400,CANHLIFE,,2026-04-14T01:22:41.013948+00:00
NIFTY MIDSML 400,CGCL,,2026-04-14T01:22:41.013948+00:00
NIFTY MIDSML 400,CONCORDBIO,,2026-04-14T01:22:41.013948+00:00
NIFTY MIDSML 400,WELSPUNLIV,,2026-04-14T01:22:41.013948+00:00
NIFTY MIDSML 400,GLAND,,2026-04-14T01:22:41.013948+00:00
NIFTY MIDSML 400,POLYMED,,2026-04-14T01:22:41.013948+00:00
NIFTY MIDSML 400,SONATSOFTW,,2026-04-14T01:22:41.013948+00:00
NIFTY MIDSML 400,BLUEDART,,2026-04-14T01:22:41.013948+00:00
NIFTY MIDSML 400,HEXT,,2026-04-14T01:22:41.013948+00:00
NIFTY MIDSML 400,IGIL,,2026-04-14T01:22:41.013948+00:00
NIFTY MIDSML 400,SHYAMMETL,,2026-04-14T01:22:41.013948+00:00
NIFTY MIDSML 400,NUVOCO,,2026-04-14T01:22:41.013948+00:00
NIFTY MIDSML 400,TBOTEK,,2026-04-14T01:22:41.013948+00:00
NIFTY MIDSML 400,CARBORUNIV,,2026-04-14T01:22:41.013948+00:00
NIFTY MIDSML 400,JUBLINGREA,,2026-04-14T01:22:41.013948+00:00
NIFTY MIDSML 400,ABLBL,,2026-04-14T01:22:41.013948+00:00
NIFTY MIDSML 400,INDGN,,2026-04-14T01:22:41.013948+00:00
NIFTY MIDSML 400,MAPMYINDIA,,2026-04-14T01:22:41.013948+00:00
NIFTY MIDSML 400,TEGA,,2026-04-14T01:22:41.013948+00:00
NIFTY MIDSML 400,SUMICHEM,,2026-04-14T01:22:41.013948+00:00
NIFTY MIDSML 400,VIJAYA,,2026-04-14T01:22:41.013948+00:00
NIFTY MIDSML 400,ATUL,,2026-04-14T01:22:41.013948+00:00
NIFTY MIDSML 400,THELEELA,,2026-04-14T01:22:41.013948+00:00
NIFTY MIDSML 400,GODREJIND,,2026-04-14T01:22:41.013948+00:00
NIFTY MIDSML 400,DOMS,,2026-04-14T01:22:41.013948+00:00
NIFTY MIDSML 400,JUBLPHARMA,,2026-04-14T01:22:41.013948+00:00
NIFTY MIDSML 400,PFIZER,,2026-04-14T01:22:41.013948+00:00
NIFTY MIDSML 400,CHALET,,2026-04-14T01:22:41.013948+00:00
NIFTY MIDSML 400,DCMSHRIRAM,,2026-04-14T01:22:41.013948+00:00
NIFTY MIDSML 400,TRAVELFOOD,,2026-04-14T01:22:41.013948+00:00
NIFTY MIDSML 400,NIVABUPA,,2026-04-14T01:22:41.013948+00:00
NIFTY MIDSML 400,SPLPETRO,,2026-04-14T01:22:41.013948+00:00
NIFTY MIDSML 400,BIKAJI,,2026-04-14T01:22:41.013948+00:00
NIFTY MIDSML 400,INDIACEM,,2026-04-14T01:22:41.013948+00:00
NIFTY MIDSML 400,RHIM,,2026-04-14T01:22:41.013948+00:00
NIFTY MIDSML 400,GODIGIT,,2026-04-14T01:22:41.013948+00:00
NIFTY500 MULTICAP,ICICIBANK,,2026-04-14T01:22:41.013948+00:00
NIFTY500 MULTICAP,RELIANCE,,2026-04-14T01:22:41.013948+00:00
NIFTY500 MULTICAP,HDFCBANK,,2026-04-14T01:22:41.013948+00:00
NIFTY500 MULTICAP,ATHERENERG,,2026-04-14T01:22:41.013948+00:00
NIFTY500 MULTICAP,BHARTIARTL,,2026-04-14T01:22:41.013948+00:00
NIFTY500 MULTICAP,BSE,,2026-04-14T01:22:41.013948+00:00
NIFTY500 MULTICAP,LT,,2026-04-14T01:22:41.013948+00:00
NIFTY500 MULTICAP,SBIN,,2026-04-14T01:22:41.013948+00:00
NIFTY500 MULTICAP,MARUTI,,2026-04-14T01:22:41.013948+00:00
NIFTY500 MULTICAP,ADANIPOWER,,2026-04-14T01:22:41.013948+00:00
NIFTY500 MULTICAP,ZYDUSWELL,,2026-04-14T01:22:41.013948+00:00
NIFTY500 MULTICAP,OLAELEC,,2026-04-14T01:22:41.013948+00:00
NIFTY500 MULTICAP,INFY,,2026-04-14T01:22:41.013948+00:00
NIFTY500 MULTICAP,MCX,,2026-04-14T01:22:41.013948+00:00
NIFTY500 MULTICAP,BHEL,,2026-04-14T01:22:41.013948+00:00
NIFTY500 MULTICAP,AXISBANK,,2026-04-14T01:22:41.013948+00:00
NIFTY500 MULTICAP,KOTAKBANK,,2026-04-14T01:22:41.013948+00:00
NIFTY500 MULTICAP,WAAREEENER,,2026-04-14T01:22:41.013948+00:00
NIFTY500 MULTICAP,ETERNAL,,2026-04-14T01:22:41.013948+00:00
NIFTY500 MULTICAP,TATACHEM,,2026-04-14T01:22:41.013948+00:00
NIFTY500 MULTICAP,M&M,,2026-04-14T01:22:41.013948+00:00
NIFTY500 MULTICAP,BAJFINANCE,,2026-04-14T01:22:41.013948+00:00
NIFTY500 MULTICAP,TATAINVEST,,2026-04-14T01:22:41.013948+00:00
NIFTY500 MULTICAP,NTPCGREEN,,2026-04-14T01:22:41.013948+00:00
NIFTY500 MULTICAP,VEDL,,2026-04-14T01:22:41.013948+00:00
NIFTY500 MULTICAP,TCS,,2026-04-14T01:22:41.013948+00:00
NIFTY500 MULTICAP,EICHERMOT,,2026-04-14T01:22:41.013948+00:00
NIFTY500 MULTICAP,GROWW,,2026-04-14T01:22:41.013948+00:00
NIFTY500 MULTICAP,TATAPOWER,,2026-04-14T01:22:41.013948+00:00
NIFTY500 MULTICAP,SHRIRAMFIN,,2026-04-14T01:22:41.013948+00:00
NIFTY500 MULTICAP,COALINDIA,,2026-04-14T01:22:41.013948+00:00
NIFTY500 MULTICAP,ADANIENT,,2026-04-14T01:22:41.013948+00:00
NIFTY500 MULTICAP,INDIGO,,2026-04-14T01:22:41.013948+00:00
NIFTY500 MULTICAP,ONGC,,2026-04-14T01:22:41.013948+00:00
NIFTY500 MULTICAP,BEL,,2026-04-14T01:22:41.013948+00:00
NIFTY500 MULTICAP,ADANIGREEN,,2026-04-14T01:22:41.013948+00:00
NIFTY500 MULTICAP,MAZDOCK,,2026-04-14T01:22:41.013948+00:00
NIFTY500 MULTICAP,HFCL,,2026-04-14T01:22:41.013948+00:00
NIFTY500 MULTICAP,SUNPHARMA,,2026-04-14T01:22:41.013948+00:00
NIFTY500 MULTICAP,POWERINDIA,,2026-04-14T01:22:41.013948+00:00
NIFTY500 MULTICAP,TMCV,,2026-04-14T01:22:41.013948+00:00
NIFTY500 MULTICAP,SUZLON,,2026-04-14T01:22:41.013948+00:00
NIFTY500 MULTICAP,DIXON,,2026-04-14T01:22:41.013948+00:00
NIFTY500 MULTICAP,NTPC,,2026-04-14T01:22:41.013948+00:00
NIFTY500 MULTICAP,JYOTICNC,,2026-04-14T01:22:41.013948+00:00
NIFTY500 MULTICAP,NATIONALUM,,2026-04-14T01:22:41.013948+00:00
NIFTY500 MULTICAP,ADANIPORTS,,2026-04-14T01:22:41.013948+00:00
NIFTY500 MULTICAP,TATASTEEL,,2026-04-14T01:22:41.013948+00:00
NIFTY500 MULTICAP,CHOLAFIN,,2026-04-14T01:22:41.013948+00:00
NIFTY500 MULTICAP,MOTHERSON,,2026-04-14T01:22:41.013948+00:00
NIFTY500 MULTICAP,ITC,,2026-04-14T01:22:41.013948+00:00
NIFTY500 MULTICAP,SAIL,,2026-04-14T01:22:41.013948+00:00
NIFTY500 MULTICAP,NIACL,,2026-04-14T01:22:41.013948+00:00
NIFTY500 MULTICAP,ADANIENSOL,,2026-04-14T01:22:41.013948+00:00
NIFTY500 MULTICAP,POWERGRID,,2026-04-14T01:22:41.013948+00:00
NIFTY500 MULTICAP,HINDALCO,,2026-04-14T01:22:41.013948+00:00
NIFTY500 MULTICAP,TMPV,,2026-04-14T01:22:41.013948+00:00
NIFTY500 MULTICAP,HAL,,2026-04-14T01:22:41.013948+00:00
NIFTY500 MULTICAP,WIPRO,,2026-04-14T01:22:41.013948+00:00
NIFTY500 MULTICAP,CUMMINSIND,,2026-04-14T01:22:41.013948+00:00
NIFTY500 MULTICAP,HINDUNILVR,,2026-04-14T01:22:41.013948+00:00
NIFTY500 MULTICAP,IDEA,,2026-04-14T01:22:41.013948+00:00
NIFTY500 MULTICAP,JSWENERGY,,2026-04-14T01:22:41.013948+00:00
NIFTY500 MULTICAP,ASIANPAINT,,2026-04-14T01:22:41.013948+00:00
NIFTY500 MULTICAP,HEROMOTOCO,,2026-04-14T01:22:41.013948+00:00
NIFTY500 MULTICAP,BPCL,,2026-04-14T01:22:41.013948+00:00
NIFTY500 MULTICAP,DMART,,2026-04-14T01:22:41.013948+00:00
NIFTY500 MULTICAP,KAYNES,,2026-04-14T01:22:41.013948+00:00
NIFTY500 MULTICAP,PFC,,2026-04-14T01:22:41.013948+00:00
NIFTY500 MULTICAP,TITAN,,2026-04-14T01:22:41.013948+00:00
NIFTY500 MULTICAP,VOLTAS,,2026-04-14T01:22:41.013948+00:00
NIFTY500 MULTICAP,ASHOKLEY,,2026-04-14T01:22:41.013948+00:00
NIFTY500 MULTICAP,OLECTRA,,2026-04-14T01:22:41.013948+00:00
NIFTY500 MULTICAP,POLYCAB,,2026-04-14T01:22:41.013948+00:00
NIFTY500 MULTICAP,JBMA,,2026-04-14T01:22:41.013948+00:00
NIFTY500 MULTICAP,AMBER,,2026-04-14T01:22:41.013948+00:00
NIFTY500 MULTICAP,JIOFIN,,2026-04-14T01:22:41.013948+00:00
NIFTY500 MULTICAP,APLAPOLLO,,2026-04-14T01:22:41.013948+00:00
NIFTY500 MULTICAP,BAJAJ-AUTO,,2026-04-14T01:22:41.013948+00:00
NIFTY500 MULTICAP,FORCEMOT,,2026-04-14T01:22:41.013948+00:00
NIFTY500 MULTICAP,SOLARINDS,,2026-04-14T01:22:41.013948+00:00
NIFTY500 MULTICAP,OIL,,2026-04-14T01:22:41.013948+00:00
NIFTY500 MULTICAP,GRSE,,2026-04-14T01:22:41.013948+00:00
NIFTY500 MULTICAP,HDFCLIFE,,2026-04-14T01:22:41.013948+00:00
NIFTY500 MULTICAP,UNIONBANK,,2026-04-14T01:22:41.013948+00:00
NIFTY500 MULTICAP,GRASIM,,2026-04-14T01:22:41.013948+00:00
NIFTY500 MULTICAP,GVT&D,,2026-04-14T01:22:41.013948+00:00
NIFTY500 MULTICAP,BANKBARODA,,2026-04-14T01:22:41.013948+00:00
NIFTY500 MULTICAP,HINDCOPPER,,2026-04-14T01:22:41.013948+00:00
NIFTY500 MULTICAP,RPOWER,,2026-04-14T01:22:41.013948+00:00
NIFTY500 MULTICAP,HINDPETRO,,2026-04-14T01:22:41.013948+00:00
NIFTY500 MULTICAP,HCLTECH,,2026-04-14T01:22:41.013948+00:00
NIFTY500 MULTICAP,IOC,,2026-04-14T01:22:41.013948+00:00
NIFTY500 MULTICAP,TORNTPHARM,,2026-04-14T01:22:41.013948+00:00
NIFTY500 MULTICAP,CDSL,,2026-04-14T01:22:41.013948+00:00
NIFTY500 MULTICAP,CANBK,,2026-04-14T01:22:41.013948+00:00
NIFTY500 MULTICAP,SONACOMS,,2026-04-14T01:22:41.013948+00:00
NIFTY500 MULTICAP,ONESOURCE,,2026-04-14T01:22:41.013948+00:00
NIFTY500 MULTICAP,ATGL,,2026-04-14T01:22:41.013948+00:00
NIFTY500 MULTICAP,SARDAEN,,2026-04-14T01:22:41.013948+00:00
NIFTY500 MULTICAP,GMDCLTD,,2026-04-14T01:22:41.013948+00:00
NIFTY500 MULTICAP,ACMESOLAR,,2026-04-14T01:22:41.013948+00:00
NIFTY500 MULTICAP,HDFCAMC,,2026-04-14T01:22:41.013948+00:00
NIFTY500 MULTICAP,COHANCE,,2026-04-14T01:22:41.013948+00:00
NIFTY500 MULTICAP,ULTRACEMCO,,2026-04-14T01:22:41.013948+00:00
NIFTY500 MULTICAP,SWIGGY,,2026-04-14T01:22:41.013948+00:00
NIFTY500 MULTICAP,DATAPATTNS,,2026-04-14T01:22:41.013948+00:00
NIFTY500 MULTICAP,PREMIERENE,,2026-04-14T01:22:41.013948+00:00
NIFTY500 MULTICAP,NMDC,,2026-04-14T01:22:41.013948+00:00
NIFTY500 MULTICAP,PERSISTENT,,2026-04-14T01:22:41.013948+00:00
NIFTY500 MULTICAP,COFORGE,,2026-04-14T01:22:41.013948+00:00
NIFTY500 MULTICAP,GAIL,,2026-04-14T01:22:41.013948+00:00
NIFTY500 MULTICAP,DLF,,2026-04-14T01:22:41.013948+00:00
NIFTY500 MULTICAP,TVSMOTOR,,2026-04-14T01:22:41.013948+00:00
NIFTY500 MULTICAP,COCHINSHIP,,2026-04-14T01:22:41.013948+00:00
NIFTY500 MULTICAP,APOLLOHOSP,,2026-04-14T01:22:41.013948+00:00
NIFTY500 MULTICAP,VBL,,2026-04-14T01:22:41.013948+00:00
NIFTY500 MULTICAP,MAXHEALTH,,2026-04-14T01:22:41.013948+00:00
NIFTY500 MULTICAP,JPPOWER,,2026-04-14T01:22:41.013948+00:00
NIFTY500 MULTICAP,ANANDRATHI,,2026-04-14T01:22:41.013948+00:00
NIFTY500 MULTICAP,TARIL,,2026-04-14T01:22:41.013948+00:00
NIFTY500 MULTICAP,BAJAJFINSV,,2026-04-14T01:22:41.013948+00:00
NIFTY500 MULTICAP,ABB,,2026-04-14T01:22:41.013948+00:00
NIFTY500 MULTICAP,POLICYBZR,,2026-04-14T01:22:41.013948+00:00
NIFTY500 MULTICAP,PAYTM,,2026-04-14T01:22:41.013948+00:00
NIFTY500 MULTICAP,BOSCHLTD,,2026-04-14T01:22:41.013948+00:00
NIFTY500 MULTICAP,LODHA,,2026-04-14T01:22:41.013948+00:00
NIFTY500 MULTICAP,FEDERALBNK,,2026-04-14T01:22:41.013948+00:00
NIFTY500 MULTICAP,BHARATFORG,,2026-04-14T01:22:41.013948+00:00
NIFTY500 MULTICAP,THERMAX,,2026-04-14T01:22:41.013948+00:00
NIFTY500 MULTICAP,PNB,,2026-04-14T01:22:41.013948+00:00
NIFTY500 MULTICAP,CIPLA,,2026-04-14T01:22:41.013948+00:00
NIFTY500 MULTICAP,BRITANNIA,,2026-04-14T01:22:41.013948+00:00
NIFTY500 MULTICAP,INOXWIND,,2026-04-14T01:22:41.013948+00:00
NIFTY500 MULTICAP,ANGELONE,,2026-04-14T01:22:41.013948+00:00
NIFTY500 MULTICAP,RECLTD,,2026-04-14T01:22:41.013948+00:00
NIFTY500 MULTICAP,LICI,,2026-04-14T01:22:41.013948+00:00
NIFTY500 MULTICAP,MUTHOOTFIN,,2026-04-14T01:22:41.013948+00:00
NIFTY500 MULTICAP,AUROPHARMA,,2026-04-14T01:22:41.013948+00:00
NIFTY500 MULTICAP,TECHM,,2026-04-14T01:22:41.013948+00:00
NIFTY500 MULTICAP,TATACONSUM,,2026-04-14T01:22:41.013948+00:00
NIFTY500 MULTICAP,ICICIAMC,,2026-04-14T01:22:41.013948+00:00
NIFTY500 MULTICAP,DRREDDY,,2026-04-14T01:22:41.013948+00:00
NIFTY500 MULTICAP,PRESTIGE,,2026-04-14T01:22:41.013948+00:00
NIFTY500 MULTICAP,LUPIN,,2026-04-14T01:22:41.013948+00:00
NIFTY500 MULTICAP,HBLENGINE,,2026-04-14T01:22:41.013948+00:00
NIFTY500 MULTICAP,UNITDSPR,,2026-04-14T01:22:41.013948+00:00
NIFTY500 MULTICAP,BANKINDIA,,2026-04-14T01:22:41.013948+00:00
NIFTY500 MULTICAP,SRF,,2026-04-14T01:22:41.013948+00:00
NIFTY500 MULTICAP,POONAWALLA,,2026-04-14T01:22:41.013948+00:00
NIFTY500 MULTICAP,BDL,,2026-04-14T01:22:41.013948+00:00
NIFTY500 MULTICAP,NESTLEIND,,2026-04-14T01:22:41.013948+00:00
NIFTY500 MULTICAP,TRENT,,2026-04-14T01:22:41.013948+00:00
NIFTY500 MULTICAP,HYUNDAI,,2026-04-14T01:22:41.013948+00:00
NIFTY500 MULTICAP,MARICO,,2026-04-14T01:22:41.013948+00:00
NIFTY500 MULTICAP,WELCORP,,2026-04-14T01:22:41.013948+00:00
NIFTY500 MULTICAP,LGEINDIA,,2026-04-14T01:22:41.013948+00:00
NIFTY500 MULTICAP,IRFC,,2026-04-14T01:22:41.013948+00:00
NIFTY500 MULTICAP,GLENMARK,,2026-04-14T01:22:41.013948+00:00
NIFTY500 MULTICAP,NETWEB,,2026-04-14T01:22:41.013948+00:00
NIFTY500 MULTICAP,GODREJPROP,,2026-04-14T01:22:41.013948+00:00
NIFTY500 MULTICAP,HINDZINC,,2026-04-14T01:22:41.013948+00:00
NIFTY500 MULTICAP,PGEL,,2026-04-14T01:22:41.013948+00:00
NIFTY500 MULTICAP,GALLANTT,,2026-04-14T01:22:41.013948+00:00
NIFTY500 MULTICAP,CGPOWER,,2026-04-14T01:22:41.013948+00:00
NIFTY500 MULTICAP,KEI,,2026-04-14T01:22:41.013948+00:00
NIFTY500 MULTICAP,INDIANB,,2026-04-14T01:22:41.013948+00:00
NIFTY500 MULTICAP,LAURUSLABS,,2026-04-14T01:22:41.013948+00:00
NIFTY500 MULTICAP,TEJASNET,,2026-04-14T01:22:41.013948+00:00
NIFTY500 MULTICAP,GMRAIRPORT,,2026-04-14T01:22:41.013948+00:00
NIFTY500 MULTICAP,HSCL,,2026-04-14T01:22:41.013948+00:00
NIFTY500 MULTICAP,CHENNPETRO,,2026-04-14T01:22:41.013948+00:00
NIFTY500 MULTICAP,BLUESTARCO,,2026-04-14T01:22:41.013948+00:00
NIFTY500 MULTICAP,APARINDS,,2026-04-14T01:22:41.013948+00:00
NIFTY500 MULTICAP,MANKIND,,2026-04-14T01:22:41.013948+00:00
NIFTY500 MULTICAP,AUBANK,,2026-04-14T01:22:41.013948+00:00
NIFTY500 MULTICAP,LENSKART,,2026-04-14T01:22:41.013948+00:00
NIFTY500 MULTICAP,INDHOTEL,,2026-04-14T01:22:41.013948+00:00
NIFTY500 MULTICAP,LTF,,2026-04-14T01:22:41.013948+00:00
NIFTY500 MULTICAP,JINDALSTEL,,2026-04-14T01:22:41.013948+00:00
NIFTY500 MULTICAP,RVNL,,2026-04-14T01:22:41.013948+00:00
NIFTY500 MULTICAP,SCI,,2026-04-14T01:22:41.013948+00:00
NIFTY500 MULTICAP,KALYANKJIL,,2026-04-14T01:22:41.013948+00:00
NIFTY500 MULTICAP,YESBANK,,2026-04-14T01:22:41.013948+00:00
NIFTY500 MULTICAP,MAHABANK,,2026-04-14T01:22:41.013948+00:00
NIFTY500 MULTICAP,DIVISLAB,,2026-04-14T01:22:41.013948+00:00
NIFTY500 MULTICAP,INDUSINDBK,,2026-04-14T01:22:41.013948+00:00
NIFTY500 MULTICAP,IDFCFIRSTB,,2026-04-14T01:22:41.013948+00:00
NIFTY500 MULTICAP,SUPREMEIND,,2026-04-14T01:22:41.013948+00:00
NIFTY500 MULTICAP,JSWSTEEL,,2026-04-14T01:22:41.013948+00:00
NIFTY500 MULTICAP,EMMVEE,,2026-04-14T01:22:41.013948+00:00
NIFTY500 MULTICAP,BIOCON,,2026-04-14T01:22:41.013948+00:00
NIFTY500 MULTICAP,SBILIFE,,2026-04-14T01:22:41.013948+00:00
NIFTY500 MULTICAP,VMM,,2026-04-14T01:22:41.013948+00:00
NIFTY500 MULTICAP,HAVELLS,,2026-04-14T01:22:41.013948+00:00
NIFTY500 MULTICAP,INDUSTOWER,,2026-04-14T01:22:41.013948+00:00
NIFTY500 MULTICAP,NAM-INDIA,,2026-04-14T01:22:41.013948+00:00
NIFTY500 MULTICAP,JBCHEPHARM,,2026-04-14T01:22:41.013948+00:00
NIFTY500 MULTICAP,GODREJCP,,2026-04-14T01:22:41.013948+00:00
NIFTY500 MULTICAP,SAMMAANCAP,,2026-04-14T01:22:41.013948+00:00
NIFTY500 MULTICAP,GODFRYPHLP,,2026-04-14T01:22:41.013948+00:00
NIFTY500 MULTICAP,ZEEL,,2026-04-14T01:22:41.013948+00:00
NIFTY500 MULTICAP,NHPC,,2026-04-14T01:22:41.013948+00:00
NIFTY500 MULTICAP,IREDA,,2026-04-14T01:22:41.013948+00:00
NIFTY500 MULTICAP,SIEMENS,,2026-04-14T01:22:41.013948+00:00
NIFTY500 MULTICAP,UPL,,2026-04-14T01:22:41.013948+00:00
NIFTY500 MULTICAP,BELRISE,,2026-04-14T01:22:41.013948+00:00
NIFTY500 MULTICAP,NAUKRI,,2026-04-14T01:22:41.013948+00:00
NIFTY500 MULTICAP,ASTRAL,,2026-04-14T01:22:41.013948+00:00
NIFTY500 MULTICAP,PETRONET,,2026-04-14T01:22:41.013948+00:00
NIFTY500 MULTICAP,OBEROIRLTY,,2026-04-14T01:22:41.013948+00:00
NIFTY500 MULTICAP,GPIL,,2026-04-14T01:22:41.013948+00:00
NIFTY500 MULTICAP,HUDCO,,2026-04-14T01:22:41.013948+00:00
NIFTY500 MULTICAP,TORNTPOWER,,2026-04-14T01:22:41.013948+00:00
NIFTY500 MULTICAP,MANAPPURAM,,2026-04-14T01:22:41.013948+00:00
NIFTY500 MULTICAP,ENGINERSIN,,2026-04-14T01:22:41.013948+00:00
NIFTY500 MULTICAP,AMBUJACEM,,2026-04-14T01:22:41.013948+00:00
NIFTY500 MULTICAP,AARTIIND,,2026-04-14T01:22:41.013948+00:00
NIFTY500 MULTICAP,EXIDEIND,,2026-04-14T01:22:41.013948+00:00
NIFTY500 MULTICAP,URBANCO,,2026-04-14T01:22:41.013948+00:00
NIFTY500 MULTICAP,IDBI,,2026-04-14T01:22:41.013948+00:00
NIFTY500 MULTICAP,PIDILITIND,,2026-04-14T01:22:41.013948+00:00
NIFTY500 MULTICAP,WOCKPHARMA,,2026-04-14T01:22:41.013948+00:00
NIFTY500 MULTICAP,ABCAPITAL,,2026-04-14T01:22:41.013948+00:00
NIFTY500 MULTICAP,BANDHANBNK,,2026-04-14T01:22:41.013948+00:00
NIFTY500 MULTICAP,MFSL,,2026-04-14T01:22:41.013948+00:00
NIFTY500 MULTICAP,ENRIN,,2026-04-14T01:22:41.013948+00:00
NIFTY500 MULTICAP,ANANTRAJ,,2026-04-14T01:22:41.013948+00:00
NIFTY500 MULTICAP,IGL,,2026-04-14T01:22:41.013948+00:00
NIFTY500 MULTICAP,MRPL,,2026-04-14T01:22:41.013948+00:00
NIFTY500 MULTICAP,ALKEM,,2026-04-14T01:22:41.013948+00:00
NIFTY500 MULTICAP,JUBLFOOD,,2026-04-14T01:22:41.013948+00:00
NIFTY500 MULTICAP,KPITTECH,,2026-04-14T01:22:41.013948+00:00
NIFTY500 MULTICAP,MRF,,2026-04-14T01:22:41.013948+00:00
NIFTY500 MULTICAP,ACUTAAS,,2026-04-14T01:22:41.013948+00:00
NIFTY500 MULTICAP,UNOMINDA,,2026-04-14T01:22:41.013948+00:00
NIFTY500 MULTICAP,PAGEIND,,2026-04-14T01:22:41.013948+00:00
NIFTY500 MULTICAP,DELHIVERY,,2026-04-14T01:22:41.013948+00:00
NIFTY500 MULTICAP,ZENTEC,,2026-04-14T01:22:41.013948+00:00
NIFTY500 MULTICAP,SYRMA,,2026-04-14T01:22:41.013948+00:00
NIFTY500 MULTICAP,MEESHO,,2026-04-14T01:22:41.013948+00:00
NIFTY500 MULTICAP,NLCINDIA,,2026-04-14T01:22:41.013948+00:00
NIFTY500 MULTICAP,KFINTECH,,2026-04-14T01:22:41.013948+00:00
NIFTY500 MULTICAP,CPPLUS,,2026-04-14T01:22:41.013948+00:00
NIFTY500 MULTICAP,RADICO,,2026-04-14T01:22:41.013948+00:00
NIFTY500 MULTICAP,SBICARD,,2026-04-14T01:22:41.013948+00:00
NIFTY500 MULTICAP,FORTIS,,2026-04-14T01:22:41.013948+00:00
NIFTY500 MULTICAP,COLPAL,,2026-04-14T01:22:41.013948+00:00
NIFTY500 MULTICAP,HEG,,2026-04-14T01:22:41.013948+00:00
NIFTY500 MULTICAP,NBCC,,2026-04-14T01:22:41.013948+00:00
NIFTY500 MULTICAP,IEX,,2026-04-14T01:22:41.013948+00:00
NIFTY500 MULTICAP,LLOYDSME,,2026-04-14T01:22:41.013948+00:00
NIFTY500 MULTICAP,LTM,,2026-04-14T01:22:41.013948+00:00
NIFTY500 MULTICAP,JSL,,2026-04-14T01:22:41.013948+00:00
NIFTY500 MULTICAP,KARURVYSYA,,2026-04-14T01:22:41.013948+00:00
NIFTY500 MULTICAP,NEULANDLAB,,2026-04-14T01:22:41.013948+00:00
NIFTY500 MULTICAP,IFCI,,2026-04-14T01:22:41.013948+00:00
NIFTY500 MULTICAP,NYKAA,,2026-04-14T01:22:41.013948+00:00
NIFTY500 MULTICAP,RBLBANK,,2026-04-14T01:22:41.013948+00:00
NIFTY500 MULTICAP,HONASA,,2026-04-14T01:22:41.013948+00:00
NIFTY500 MULTICAP,PINELABS,,2026-04-14T01:22:41.013948+00:00
NIFTY500 MULTICAP,NAVINFLUOR,,2026-04-14T01:22:41.013948+00:00
NIFTY500 MULTICAP,PNBHOUSING,,2026-04-14T01:22:41.013948+00:00
NIFTY500 MULTICAP,JKCEMENT,,2026-04-14T01:22:41.013948+00:00
NIFTY500 MULTICAP,GRAPHITE,,2026-04-14T01:22:41.013948+00:00
NIFTY500 MULTICAP,PATANJALI,,2026-04-14T01:22:41.013948+00:00
NIFTY500 MULTICAP,ITCHOTELS,,2026-04-14T01:22:41.013948+00:00
NIFTY500 MULTICAP,ABFRL,,2026-04-14T01:22:41.013948+00:00
NIFTY500 MULTICAP,LICHSGFIN,,2026-04-14T01:22:41.013948+00:00
NIFTY500 MULTICAP,GESHIP,,2026-04-14T01:22:41.013948+00:00
NIFTY500 MULTICAP,CAMS,,2026-04-14T01:22:41.013948+00:00
NIFTY500 MULTICAP,CHOICEIN,,2026-04-14T01:22:41.013948+00:00
NIFTY500 MULTICAP,BAJAJHFL,,2026-04-14T01:22:41.013948+00:00
NIFTY500 MULTICAP,360ONE,,2026-04-14T01:22:41.013948+00:00
NIFTY500 MULTICAP,REDINGTON,,2026-04-14T01:22:41.013948+00:00
NIFTY500 MULTICAP,MOTILALOFS,,2026-04-14T01:22:41.013948+00:00
NIFTY500 MULTICAP,PHOENIXLTD,,2026-04-14T01:22:41.013948+00:00
NIFTY500 MULTICAP,KIRLOSENG,,2026-04-14T01:22:41.013948+00:00
NIFTY500 MULTICAP,SHREECEM,,2026-04-14T01:22:41.013948+00:00
NIFTY500 MULTICAP,ICICIGI,,2026-04-14T01:22:41.013948+00:00
NIFTY500 MULTICAP,IRCTC,,2026-04-14T01:22:41.013948+00:00
NIFTY500 MULTICAP,NATCOPHARM,,2026-04-14T01:22:41.013948+00:00
NIFTY500 MULTICAP,CESC,,2026-04-14T01:22:41.013948+00:00
NIFTY500 MULTICAP,TATAELXSI,,2026-04-14T01:22:41.013948+00:00
NIFTY500 MULTICAP,SJVN,,2026-04-14T01:22:41.013948+00:00
NIFTY500 MULTICAP,JWL,,2026-04-14T01:22:41.013948+00:00
NIFTY500 MULTICAP,BEML,,2026-04-14T01:22:41.013948+00:00
NIFTY500 MULTICAP,AFFLE,,2026-04-14T01:22:41.013948+00:00
NIFTY500 MULTICAP,TRITURBINE,,2026-04-14T01:22:41.013948+00:00
NIFTY500 MULTICAP,DALBHARAT,,2026-04-14T01:22:41.013948+00:00
NIFTY500 MULTICAP,JINDALSAW,,2026-04-14T01:22:41.013948+00:00
NIFTY500 MULTICAP,ITI,,2026-04-14T01:22:41.013948+00:00
NIFTY500 MULTICAP,ZYDUSLIFE,,2026-04-14T01:22:41.013948+00:00
NIFTY500 MULTICAP,TITAGARH,,2026-04-14T01:22:41.013948+00:00
NIFTY500 MULTICAP,MPHASIS,,2026-04-14T01:22:41.013948+00:00
NIFTY500 MULTICAP,ICICIPRULI,,2026-04-14T01:22:41.013948+00:00
NIFTY500 MULTICAP,PARADEEP,,2026-04-14T01:22:41.013948+00:00
NIFTY500 MULTICAP,BLS,,2026-04-14T01:22:41.013948+00:00
NIFTY500 MULTICAP,J&KBANK,,2026-04-14T01:22:41.013948+00:00
NIFTY500 MULTICAP,M&MFIN,,2026-04-14T01:22:41.013948+00:00
NIFTY500 MULTICAP,DABUR,,2026-04-14T01:22:41.013948+00:00
NIFTY500 MULTICAP,IRCON,,2026-04-14T01:22:41.013948+00:00
NIFTY500 MULTICAP,OFSS,,2026-04-14T01:22:41.013948+00:00
NIFTY500 MULTICAP,INTELLECT,,2026-04-14T01:22:41.013948+00:00
NIFTY500 MULTICAP,FIRSTCRY,,2026-04-14T01:22:41.013948+00:00
NIFTY500 MULTICAP,ARE&M,,2026-04-14T01:22:41.013948+00:00
NIFTY500 MULTICAP,DEEPAKFERT,,2026-04-14T01:22:41.013948+00:00
NIFTY500 MULTICAP,JSWINFRA,,2026-04-14T01:22:41.013948+00:00
NIFTY500 MULTICAP,CROMPTON,,2026-04-14T01:22:41.013948+00:00
NIFTY500 MULTICAP,ACC,,2026-04-14T01:22:41.013948+00:00
NIFTY500 MULTICAP,AJANTPHARM,,2026-04-14T01:22:41.013948+00:00
NIFTY500 MULTICAP,GRAVITA,,2026-04-14T01:22:41.013948+00:00
NIFTY500 MULTICAP,SAGILITY,,2026-04-14T01:22:41.013948+00:00
NIFTY500 MULTICAP,COROMANDEL,,2026-04-14T01:22:41.013948+00:00
NIFTY500 MULTICAP,TATACOMM,,2026-04-14T01:22:41.013948+00:00
NIFTY500 MULTICAP,SCHAEFFLER,,2026-04-14T01:22:41.013948+00:00
NIFTY500 MULTICAP,JKTYRE,,2026-04-14T01:22:41.013948+00:00
NIFTY500 MULTICAP,MGL,,2026-04-14T01:22:41.013948+00:00
NIFTY500 MULTICAP,CUB,,2026-04-14T01:22:41.013948+00:00
NIFTY500 MULTICAP,NAVA,,2026-04-14T01:22:41.013948+00:00
NIFTY500 MULTICAP,BLUEJET,,2026-04-14T01:22:41.013948+00:00
NIFTY500 MULTICAP,ABSLAMC,,2026-04-14T01:22:41.013948+00:00
NIFTY500 MULTICAP,KEC,,2026-04-14T01:22:41.013948+00:00
NIFTY500 MULTICAP,PPLPHARMA,,2026-04-14T01:22:41.013948+00:00
NIFTY500 MULTICAP,SAILIFE,,2026-04-14T01:22:41.013948+00:00
NIFTY500 MULTICAP,BAJAJHLDNG,,2026-04-14T01:22:41.013948+00:00
NIFTY500 MULTICAP,NEWGEN,,2026-04-14T01:22:41.013948+00:00
NIFTY500 MULTICAP,TATACAP,,2026-04-14T01:22:41.013948+00:00
NIFTY500 MULTICAP,LINDEINDIA,,2026-04-14T01:22:41.013948+00:00
NIFTY500 MULTICAP,TIMKEN,,2026-04-14T01:22:41.013948+00:00
NIFTY500 MULTICAP,BRIGADE,,2026-04-14T01:22:41.013948+00:00
NIFTY500 MULTICAP,PIIND,,2026-04-14T01:22:41.013948+00:00
NIFTY500 MULTICAP,APTUS,,2026-04-14T01:22:41.013948+00:00
NIFTY500 MULTICAP,CONCOR,,2026-04-14T01:22:41.013948+00:00
NIFTY500 MULTICAP,PCBL,,2026-04-14T01:22:41.013948+00:00
NIFTY500 MULTICAP,AWL,,2026-04-14T01:22:41.013948+00:00
NIFTY500 MULTICAP,LTTS,,2026-04-14T01:22:41.013948+00:00
NIFTY500 MULTICAP,EMCURE,,2026-04-14T01:22:41.013948+00:00
NIFTY500 MULTICAP,NH,,2026-04-14T01:22:41.013948+00:00
NIFTY500 MULTICAP,GRANULES,,2026-04-14T01:22:41.013948+00:00
NIFTY500 MULTICAP,IIFL,,2026-04-14T01:22:41.013948+00:00
NIFTY500 MULTICAP,GICRE,,2026-04-14T01:22:41.013948+00:00
NIFTY500 MULTICAP,ECLERX,,2026-04-14T01:22:41.013948+00:00
NIFTY500 MULTICAP,JMFINANCIL,,2026-04-14T01:22:41.013948+00:00
NIFTY500 MULTICAP,CARTRADE,,2026-04-14T01:22:41.013948+00:00
NIFTY500 MULTICAP,FIVESTAR,,2026-04-14T01:22:41.013948+00:00
NIFTY500 MULTICAP,ACE,,2026-04-14T01:22:41.013948+00:00
NIFTY500 MULTICAP,LEMONTREE,,2026-04-14T01:22:41.013948+00:00
NIFTY500 MULTICAP,CHAMBLFERT,,2026-04-14T01:22:41.013948+00:00
NIFTY500 MULTICAP,TATATECH,,2026-04-14T01:22:41.013948+00:00
NIFTY500 MULTICAP,PWL,,2026-04-14T01:22:41.013948+00:00
NIFTY500 MULTICAP,AAVAS,,2026-04-14T01:22:41.013948+00:00
NIFTY500 MULTICAP,SUNTV,,2026-04-14T01:22:41.013948+00:00
NIFTY500 MULTICAP,NCC,,2026-04-14T01:22:41.013948+00:00
NIFTY500 MULTICAP,DEEPAKNTR,,2026-04-14T01:22:41.013948+00:00
NIFTY500 MULTICAP,IRB,,2026-04-14T01:22:41.013948+00:00
NIFTY500 MULTICAP,RAILTEL,,2026-04-14T01:22:41.013948+00:00
NIFTY500 MULTICAP,ABREL,,2026-04-14T01:22:41.013948+00:00
NIFTY500 MULTICAP,SIGNATURE,,2026-04-14T01:22:41.013948+00:00
NIFTY500 MULTICAP,FINCABLES,,2026-04-14T01:22:41.013948+00:00
NIFTY500 MULTICAP,HONAUT,,2026-04-14T01:22:41.013948+00:00
NIFTY500 MULTICAP,JAINREC,,2026-04-14T01:22:41.013948+00:00
NIFTY500 MULTICAP,LALPATHLAB,,2026-04-14T01:22:41.013948+00:00
NIFTY500 MULTICAP,BALKRISIND,,2026-04-14T01:22:41.013948+00:00
NIFTY500 MULTICAP,AFCONS,,2026-04-14T01:22:41.013948+00:00
NIFTY500 MULTICAP,DEVYANI,,2026-04-14T01:22:41.013948+00:00
NIFTY500 MULTICAP,ABDL,,2026-04-14T01:22:41.013948+00:00
NIFTY500 MULTICAP,ZFCVINDIA,,2026-04-14T01:22:41.013948+00:00
NIFTY500 MULTICAP,ELGIEQUIP,,2026-04-14T01:22:41.013948+00:00
NIFTY500 MULTICAP,HDBFS,,2026-04-14T01:22:41.013948+00:00
NIFTY500 MULTICAP,APOLLOTYRE,,2026-04-14T01:22:41.013948+00:00
NIFTY500 MULTICAP,PTCIL,,2026-04-14T01:22:41.013948+00:00
NIFTY500 MULTICAP,BALRAMCHIN,,2026-04-14T01:22:41.013948+00:00
NIFTY500 MULTICAP,ASAHIINDIA,,2026-04-14T01:22:41.013948+00:00
NIFTY500 MULTICAP,SUNDARMFIN,,2026-04-14T01:22:41.013948+00:00
NIFTY500 MULTICAP,CEATLTD,,2026-04-14T01:22:41.013948+00:00
NIFTY500 MULTICAP,KPRMILL,,2026-04-14T01:22:41.013948+00:00
NIFTY500 MULTICAP,UBL,,2026-04-14T01:22:41.013948+00:00
NIFTY500 MULTICAP,KAJARIACER,,2026-04-14T01:22:41.013948+00:00
NIFTY500 MULTICAP,MSUMI,,2026-04-14T01:22:41.013948+00:00
NIFTY500 MULTICAP,TIINDIA,,2026-04-14T01:22:41.013948+00:00
NIFTY500 MULTICAP,NUVAMA,,2026-04-14T01:22:41.013948+00:00
NIFTY500 MULTICAP,RRKABEL,,2026-04-14T01:22:41.013948+00:00
NIFTY500 MULTICAP,TTML,,2026-04-14T01:22:41.013948+00:00
NIFTY500 MULTICAP,AEGISLOG,,2026-04-14T01:22:41.013948+00:00
NIFTY500 MULTICAP,ASTERDM,,2026-04-14T01:22:41.013948+00:00
NIFTY500 MULTICAP,SBFC,,2026-04-14T01:22:41.013948+00:00
NIFTY500 MULTICAP,NSLNISP,,2026-04-14T01:22:41.013948+00:00
NIFTY500 MULTICAP,SCHNEIDER,,2026-04-14T01:22:41.013948+00:00
NIFTY500 MULTICAP,CHOLAHLDNG,,2026-04-14T01:22:41.013948+00:00
NIFTY500 MULTICAP,CCL,,2026-04-14T01:22:41.013948+00:00
NIFTY500 MULTICAP,HOMEFIRST,,2026-04-14T01:22:41.013948+00:00
NIFTY500 MULTICAP,EMAMILTD,,2026-04-14T01:22:41.013948+00:00
NIFTY500 MULTICAP,CYIENT,,2026-04-14T01:22:41.013948+00:00
NIFTY500 MULTICAP,FACT,,2026-04-14T01:22:41.013948+00:00
NIFTY500 MULTICAP,ELECON,,2026-04-14T01:22:41.013948+00:00
NIFTY500 MULTICAP,INDIAMART,,2026-04-14T01:22:41.013948+00:00
NIFTY500 MULTICAP,MINDACORP,,2026-04-14T01:22:41.013948+00:00
NIFTY500 MULTICAP,WHIRLPOOL,,2026-04-14T01:22:41.013948+00:00
NIFTY500 MULTICAP,CRISIL,,2026-04-14T01:22:41.013948+00:00
NIFTY500 MULTICAP,BAYERCROP,,2026-04-14T01:22:41.013948+00:00
NIFTY500 MULTICAP,CASTROLIND,,2026-04-14T01:22:41.013948+00:00
NIFTY500 MULTICAP,SYNGENE,,2026-04-14T01:22:41.013948+00:00
NIFTY500 MULTICAP,CREDITACC,,2026-04-14T01:22:41.013948+00:00
NIFTY500 MULTICAP,BHARTIHEXA,,2026-04-14T01:22:41.013948+00:00
NIFTY500 MULTICAP,VTL,,2026-04-14T01:22:41.013948+00:00
NIFTY500 MULTICAP,PIRAMALFIN,,2026-04-14T01:22:41.013948+00:00
NIFTY500 MULTICAP,LTFOODS,,2026-04-14T01:22:41.013948+00:00
NIFTY500 MULTICAP,KIMS,,2026-04-14T01:22:41.013948+00:00
NIFTY500 MULTICAP,UCOBANK,,2026-04-14T01:22:41.013948+00:00
NIFTY500 MULTICAP,ZENSARTECH,,2026-04-14T01:22:41.013948+00:00
NIFTY500 MULTICAP,LATENTVIEW,,2026-04-14T01:22:41.013948+00:00
NIFTY500 MULTICAP,GILLETTE,,2026-04-14T01:22:41.013948+00:00
NIFTY500 MULTICAP,ANTHEM,,2026-04-14T01:22:41.013948+00:00
NIFTY500 MULTICAP,TECHNOE,,2026-04-14T01:22:41.013948+00:00
NIFTY500 MULTICAP,TRIDENT,,2026-04-14T01:22:41.013948+00:00
NIFTY500 MULTICAP,PVRINOX,,2026-04-14T01:22:41.013948+00:00
NIFTY500 MULTICAP,ABBOTINDIA,,2026-04-14T01:22:41.013948+00:00
NIFTY500 MULTICAP,TENNIND,,2026-04-14T01:22:41.013948+00:00
NIFTY500 MULTICAP,CEMPRO,,2026-04-14T01:22:41.013948+00:00
NIFTY500 MULTICAP,CENTRALBK,,2026-04-14T01:22:41.013948+00:00
NIFTY500 MULTICAP,GABRIEL,,2026-04-14T01:22:41.013948+00:00
NIFTY500 MULTICAP,BSOFT,,2026-04-14T01:22:41.013948+00:00
NIFTY500 MULTICAP,EIDPARRY,,2026-04-14T01:22:41.013948+00:00
NIFTY500 MULTICAP,UTIAMC,,2026-04-14T01:22:41.013948+00:00
NIFTY500 MULTICAP,RAINBOW,,2026-04-14T01:22:41.013948+00:00
NIFTY500 MULTICAP,JSWCEMENT,,2026-04-14T01:22:41.013948+00:00
NIFTY500 MULTICAP,ESCORTS,,2026-04-14T01:22:41.013948+00:00
NIFTY500 MULTICAP,AIAENG,,2026-04-14T01:22:41.013948+00:00
NIFTY500 MULTICAP,SAPPHIRE,,2026-04-14T01:22:41.013948+00:00
NIFTY500 MULTICAP,IOB,,2026-04-14T01:22:41.013948+00:00
NIFTY500 MULTICAP,GLAXO,,2026-04-14T01:22:41.013948+00:00
NIFTY500 MULTICAP,FSL,,2026-04-14T01:22:41.013948+00:00
NIFTY500 MULTICAP,BERGEPAINT,,2026-04-14T01:22:41.013948+00:00
NIFTY500 MULTICAP,BATAINDIA,,2026-04-14T01:22:41.013948+00:00
NIFTY500 MULTICAP,CANFINHOME,,2026-04-14T01:22:41.013948+00:00
NIFTY500 MULTICAP,GSPL,,2026-04-14T01:22:41.013948+00:00
NIFTY500 MULTICAP,AKZOINDIA,,2026-04-14T01:22:41.013948+00:00
NIFTY500 MULTICAP,IPCALAB,,2026-04-14T01:22:41.013948+00:00
NIFTY500 MULTICAP,ANURAS,,2026-04-14T01:22:41.013948+00:00
NIFTY500 MULTICAP,ENDURANCE,,2026-04-14T01:22:41.013948+00:00
NIFTY500 MULTICAP,SWANCORP,,2026-04-14T01:22:41.013948+00:00
NIFTY500 MULTICAP,BBTC,,2026-04-14T01:22:41.013948+00:00
NIFTY500 MULTICAP,MEDANTA,,2026-04-14T01:22:41.013948+00:00
NIFTY500 MULTICAP,FLUOROCHEM,,2026-04-14T01:22:41.013948+00:00
NIFTY500 MULTICAP,ERIS,,2026-04-14T01:22:41.013948+00:00
NIFTY500 MULTICAP,AIIL,,2026-04-14T01:22:41.013948+00:00
NIFTY500 MULTICAP,CAPLIPOINT,,2026-04-14T01:22:41.013948+00:00
NIFTY500 MULTICAP,CLEAN,,2026-04-14T01:22:41.013948+00:00
NIFTY500 MULTICAP,SAREGAMA,,2026-04-14T01:22:41.013948+00:00
NIFTY500 MULTICAP,IKS,,2026-04-14T01:22:41.013948+00:00
NIFTY500 MULTICAP,STARHEALTH,,2026-04-14T01:22:41.013948+00:00
NIFTY500 MULTICAP,RITES,,2026-04-14T01:22:41.013948+00:00
NIFTY500 MULTICAP,RKFORGE,,2026-04-14T01:22:41.013948+00:00
NIFTY500 MULTICAP,MMTC,,2026-04-14T01:22:41.013948+00:00
NIFTY500 MULTICAP,SOBHA,,2026-04-14T01:22:41.013948+00:00
NIFTY500 MULTICAP,AADHARHFC,,2026-04-14T01:22:41.013948+00:00
NIFTY500 MULTICAP,EIHOTEL,,2026-04-14T01:22:41.013948+00:00
NIFTY500 MULTICAP,KPIL,,2026-04-14T01:22:41.013948+00:00
NIFTY500 MULTICAP,CRAFTSMAN,,2026-04-14T01:22:41.013948+00:00
NIFTY500 MULTICAP,USHAMART,,2026-04-14T01:22:41.013948+00:00
NIFTY500 MULTICAP,RAMCOCEM,,2026-04-14T01:22:41.013948+00:00
NIFTY500 MULTICAP,AEGISVOPAK,,2026-04-14T01:22:41.013948+00:00
NIFTY500 MULTICAP,3MINDIA,,2026-04-14T01:22:41.013948+00:00
NIFTY500 MULTICAP,CANHLIFE,,2026-04-14T01:22:41.013948+00:00
NIFTY500 MULTICAP,CGCL,,2026-04-14T01:22:41.013948+00:00
NIFTY500 MULTICAP,CONCORDBIO,,2026-04-14T01:22:41.013948+00:00
NIFTY500 MULTICAP,WELSPUNLIV,,2026-04-14T01:22:41.013948+00:00
NIFTY500 MULTICAP,GLAND,,2026-04-14T01:22:41.013948+00:00
NIFTY500 MULTICAP,POLYMED,,2026-04-14T01:22:41.013948+00:00
NIFTY500 MULTICAP,SONATSOFTW,,2026-04-14T01:22:41.013948+00:00
NIFTY500 MULTICAP,BLUEDART,,2026-04-14T01:22:41.013948+00:00
NIFTY500 MULTICAP,HEXT,,2026-04-14T01:22:41.013948+00:00
NIFTY500 MULTICAP,IGIL,,2026-04-14T01:22:41.013948+00:00
NIFTY500 MULTICAP,SHYAMMETL,,2026-04-14T01:22:41.013948+00:00
NIFTY500 MULTICAP,NUVOCO,,2026-04-14T01:22:41.013948+00:00
NIFTY500 MULTICAP,TBOTEK,,2026-04-14T01:22:41.013948+00:00
NIFTY500 MULTICAP,CARBORUNIV,,2026-04-14T01:22:41.013948+00:00
NIFTY500 MULTICAP,JUBLINGREA,,2026-04-14T01:22:41.013948+00:00
NIFTY500 MULTICAP,ABLBL,,2026-04-14T01:22:41.013948+00:00
NIFTY500 MULTICAP,INDGN,,2026-04-14T01:22:41.013948+00:00
NIFTY500 MULTICAP,MAPMYINDIA,,2026-04-14T01:22:41.013948+00:00
NIFTY500 MULTICAP,TEGA,,2026-04-14T01:22:41.013948+00:00
NIFTY500 MULTICAP,SUMICHEM,,2026-04-14T01:22:41.013948+00:00
NIFTY500 MULTICAP,VIJAYA,,2026-04-14T01:22:41.013948+00:00
NIFTY500 MULTICAP,ATUL,,2026-04-14T01:22:41.013948+00:00
NIFTY500 MULTICAP,THELEELA,,2026-04-14T01:22:41.013948+00:00
NIFTY500 MULTICAP,GODREJIND,,2026-04-14T01:22:41.013948+00:00
NIFTY500 MULTICAP,DOMS,,2026-04-14T01:22:41.013948+00:00
NIFTY500 MULTICAP,JUBLPHARMA,,2026-04-14T01:22:41.013948+00:00
NIFTY500 MULTICAP,PFIZER,,2026-04-14T01:22:41.013948+00:00
NIFTY500 MULTICAP,CHALET,,2026-04-14T01:22:41.013948+00:00
NIFTY500 MULTICAP,DCMSHRIRAM,,2026-04-14T01:22:41.013948+00:00
NIFTY500 MULTICAP,TRAVELFOOD,,2026-04-14T01:22:41.013948+00:00
NIFTY500 MULTICAP,NIVABUPA,,2026-04-14T01:22:41.013948+00:00
NIFTY500 MULTICAP,SPLPETRO,,2026-04-14T01:22:41.013948+00:00
NIFTY500 MULTICAP,BIKAJI,,2026-04-14T01:22:41.013948+00:00
NIFTY500 MULTICAP,INDIACEM,,2026-04-14T01:22:41.013948+00:00
NIFTY500 MULTICAP,RHIM,,2026-04-14T01:22:41.013948+00:00
NIFTY500 MULTICAP,GODIGIT,,2026-04-14T01:22:41.013948+00:00
NIFTY LARGEMID250,ICICIBANK,,2026-04-14T01:22:41.013948+00:00
NIFTY LARGEMID250,RELIANCE,,2026-04-14T01:22:41.013948+00:00
NIFTY LARGEMID250,HDFCBANK,,2026-04-14T01:22:41.013948+00:00
NIFTY LARGEMID250,BHARTIARTL,,2026-04-14T01:22:41.013948+00:00
NIFTY LARGEMID250,BSE,,2026-04-14T01:22:41.013948+00:00
NIFTY LARGEMID250,LT,,2026-04-14T01:22:41.013948+00:00
NIFTY LARGEMID250,SBIN,,2026-04-14T01:22:41.013948+00:00
NIFTY LARGEMID250,MARUTI,,2026-04-14T01:22:41.013948+00:00
NIFTY LARGEMID250,ADANIPOWER,,2026-04-14T01:22:41.013948+00:00
NIFTY LARGEMID250,INFY,,2026-04-14T01:22:41.013948+00:00
NIFTY LARGEMID250,MCX,,2026-04-14T01:22:41.013948+00:00
NIFTY LARGEMID250,BHEL,,2026-04-14T01:22:41.013948+00:00
NIFTY LARGEMID250,AXISBANK,,2026-04-14T01:22:41.013948+00:00
NIFTY LARGEMID250,KOTAKBANK,,2026-04-14T01:22:41.013948+00:00
NIFTY LARGEMID250,WAAREEENER,,2026-04-14T01:22:41.013948+00:00
NIFTY LARGEMID250,ETERNAL,,2026-04-14T01:22:41.013948+00:00
NIFTY LARGEMID250,M&M,,2026-04-14T01:22:41.013948+00:00
NIFTY LARGEMID250,BAJFINANCE,,2026-04-14T01:22:41.013948+00:00
NIFTY LARGEMID250,TATAINVEST,,2026-04-14T01:22:41.013948+00:00
NIFTY LARGEMID250,NTPCGREEN,,2026-04-14T01:22:41.013948+00:00
NIFTY LARGEMID250,VEDL,,2026-04-14T01:22:41.013948+00:00
NIFTY LARGEMID250,TCS,,2026-04-14T01:22:41.013948+00:00
NIFTY LARGEMID250,EICHERMOT,,2026-04-14T01:22:41.013948+00:00
NIFTY LARGEMID250,GROWW,,2026-04-14T01:22:41.013948+00:00
NIFTY LARGEMID250,TATAPOWER,,2026-04-14T01:22:41.013948+00:00
NIFTY LARGEMID250,SHRIRAMFIN,,2026-04-14T01:22:41.013948+00:00
NIFTY LARGEMID250,COALINDIA,,2026-04-14T01:22:41.013948+00:00
NIFTY LARGEMID250,ADANIENT,,2026-04-14T01:22:41.013948+00:00
NIFTY LARGEMID250,INDIGO,,2026-04-14T01:22:41.013948+00:00
NIFTY LARGEMID250,ONGC,,2026-04-14T01:22:41.013948+00:00
NIFTY LARGEMID250,BEL,,2026-04-14T01:22:41.013948+00:00
NIFTY LARGEMID250,ADANIGREEN,,2026-04-14T01:22:41.013948+00:00
NIFTY LARGEMID250,MAZDOCK,,2026-04-14T01:22:41.013948+00:00
NIFTY LARGEMID250,SUNPHARMA,,2026-04-14T01:22:41.013948+00:00
NIFTY LARGEMID250,POWERINDIA,,2026-04-14T01:22:41.013948+00:00
NIFTY LARGEMID250,TMCV,,2026-04-14T01:22:41.013948+00:00
NIFTY LARGEMID250,SUZLON,,2026-04-14T01:22:41.013948+00:00
NIFTY LARGEMID250,DIXON,,2026-04-14T01:22:41.013948+00:00
NIFTY LARGEMID250,NTPC,,2026-04-14T01:22:41.013948+00:00
NIFTY LARGEMID250,NATIONALUM,,2026-04-14T01:22:41.013948+00:00
NIFTY LARGEMID250,ADANIPORTS,,2026-04-14T01:22:41.013948+00:00
NIFTY LARGEMID250,TATASTEEL,,2026-04-14T01:22:41.013948+00:00
NIFTY LARGEMID250,CHOLAFIN,,2026-04-14T01:22:41.013948+00:00
NIFTY LARGEMID250,MOTHERSON,,2026-04-14T01:22:41.013948+00:00
NIFTY LARGEMID250,ITC,,2026-04-14T01:22:41.013948+00:00
NIFTY LARGEMID250,SAIL,,2026-04-14T01:22:41.013948+00:00
NIFTY LARGEMID250,NIACL,,2026-04-14T01:22:41.013948+00:00
NIFTY LARGEMID250,ADANIENSOL,,2026-04-14T01:22:41.013948+00:00
NIFTY LARGEMID250,POWERGRID,,2026-04-14T01:22:41.013948+00:00
NIFTY LARGEMID250,HINDALCO,,2026-04-14T01:22:41.013948+00:00
NIFTY LARGEMID250,TMPV,,2026-04-14T01:22:41.013948+00:00
NIFTY LARGEMID250,HAL,,2026-04-14T01:22:41.013948+00:00
NIFTY LARGEMID250,WIPRO,,2026-04-14T01:22:41.013948+00:00
NIFTY LARGEMID250,CUMMINSIND,,2026-04-14T01:22:41.013948+00:00
NIFTY LARGEMID250,HINDUNILVR,,2026-04-14T01:22:41.013948+00:00
NIFTY LARGEMID250,IDEA,,2026-04-14T01:22:41.013948+00:00
NIFTY LARGEMID250,JSWENERGY,,2026-04-14T01:22:41.013948+00:00
NIFTY LARGEMID250,ASIANPAINT,,2026-04-14T01:22:41.013948+00:00
NIFTY LARGEMID250,HEROMOTOCO,,2026-04-14T01:22:41.013948+00:00
NIFTY LARGEMID250,BPCL,,2026-04-14T01:22:41.013948+00:00
NIFTY LARGEMID250,DMART,,2026-04-14T01:22:41.013948+00:00
NIFTY LARGEMID250,PFC,,2026-04-14T01:22:41.013948+00:00
NIFTY LARGEMID250,TITAN,,2026-04-14T01:22:41.013948+00:00
NIFTY LARGEMID250,VOLTAS,,2026-04-14T01:22:41.013948+00:00
NIFTY LARGEMID250,ASHOKLEY,,2026-04-14T01:22:41.013948+00:00
NIFTY LARGEMID250,POLYCAB,,2026-04-14T01:22:41.013948+00:00
NIFTY LARGEMID250,JIOFIN,,2026-04-14T01:22:41.013948+00:00
NIFTY LARGEMID250,APLAPOLLO,,2026-04-14T01:22:41.013948+00:00
NIFTY LARGEMID250,BAJAJ-AUTO,,2026-04-14T01:22:41.013948+00:00
NIFTY LARGEMID250,SOLARINDS,,2026-04-14T01:22:41.013948+00:00
NIFTY LARGEMID250,OIL,,2026-04-14T01:22:41.013948+00:00
NIFTY LARGEMID250,HDFCLIFE,,2026-04-14T01:22:41.013948+00:00
NIFTY LARGEMID250,UNIONBANK,,2026-04-14T01:22:41.013948+00:00
NIFTY LARGEMID250,GRASIM,,2026-04-14T01:22:41.013948+00:00
NIFTY LARGEMID250,GVT&D,,2026-04-14T01:22:41.013948+00:00
NIFTY LARGEMID250,BANKBARODA,,2026-04-14T01:22:41.013948+00:00
NIFTY LARGEMID250,HINDPETRO,,2026-04-14T01:22:41.013948+00:00
NIFTY LARGEMID250,HCLTECH,,2026-04-14T01:22:41.013948+00:00
NIFTY LARGEMID250,IOC,,2026-04-14T01:22:41.013948+00:00
NIFTY LARGEMID250,TORNTPHARM,,2026-04-14T01:22:41.013948+00:00
NIFTY LARGEMID250,CANBK,,2026-04-14T01:22:41.013948+00:00
NIFTY LARGEMID250,ATGL,,2026-04-14T01:22:41.013948+00:00
NIFTY LARGEMID250,HDFCAMC,,2026-04-14T01:22:41.013948+00:00
NIFTY LARGEMID250,ULTRACEMCO,,2026-04-14T01:22:41.013948+00:00
NIFTY LARGEMID250,SWIGGY,,2026-04-14T01:22:41.013948+00:00
NIFTY LARGEMID250,PREMIERENE,,2026-04-14T01:22:41.013948+00:00
NIFTY LARGEMID250,NMDC,,2026-04-14T01:22:41.013948+00:00
NIFTY LARGEMID250,PERSISTENT,,2026-04-14T01:22:41.013948+00:00
NIFTY LARGEMID250,COFORGE,,2026-04-14T01:22:41.013948+00:00
NIFTY LARGEMID250,GAIL,,2026-04-14T01:22:41.013948+00:00
NIFTY LARGEMID250,DLF,,2026-04-14T01:22:41.013948+00:00
NIFTY LARGEMID250,TVSMOTOR,,2026-04-14T01:22:41.013948+00:00
NIFTY LARGEMID250,COCHINSHIP,,2026-04-14T01:22:41.013948+00:00
NIFTY LARGEMID250,APOLLOHOSP,,2026-04-14T01:22:41.013948+00:00
NIFTY LARGEMID250,VBL,,2026-04-14T01:22:41.013948+00:00
NIFTY LARGEMID250,MAXHEALTH,,2026-04-14T01:22:41.013948+00:00
NIFTY LARGEMID250,BAJAJFINSV,,2026-04-14T01:22:41.013948+00:00
NIFTY LARGEMID250,ABB,,2026-04-14T01:22:41.013948+00:00
NIFTY LARGEMID250,POLICYBZR,,2026-04-14T01:22:41.013948+00:00
NIFTY LARGEMID250,PAYTM,,2026-04-14T01:22:41.013948+00:00
NIFTY LARGEMID250,BOSCHLTD,,2026-04-14T01:22:41.013948+00:00
NIFTY LARGEMID250,LODHA,,2026-04-14T01:22:41.013948+00:00
NIFTY LARGEMID250,FEDERALBNK,,2026-04-14T01:22:41.013948+00:00
NIFTY LARGEMID250,BHARATFORG,,2026-04-14T01:22:41.013948+00:00
NIFTY LARGEMID250,THERMAX,,2026-04-14T01:22:41.013948+00:00
NIFTY LARGEMID250,PNB,,2026-04-14T01:22:41.013948+00:00
NIFTY LARGEMID250,CIPLA,,2026-04-14T01:22:41.013948+00:00
NIFTY LARGEMID250,BRITANNIA,,2026-04-14T01:22:41.013948+00:00
NIFTY LARGEMID250,RECLTD,,2026-04-14T01:22:41.013948+00:00
NIFTY LARGEMID250,LICI,,2026-04-14T01:22:41.013948+00:00
NIFTY LARGEMID250,MUTHOOTFIN,,2026-04-14T01:22:41.013948+00:00
NIFTY LARGEMID250,AUROPHARMA,,2026-04-14T01:22:41.013948+00:00
NIFTY LARGEMID250,TECHM,,2026-04-14T01:22:41.013948+00:00
NIFTY LARGEMID250,TATACONSUM,,2026-04-14T01:22:41.013948+00:00
NIFTY LARGEMID250,ICICIAMC,,2026-04-14T01:22:41.013948+00:00
NIFTY LARGEMID250,DRREDDY,,2026-04-14T01:22:41.013948+00:00
NIFTY LARGEMID250,PRESTIGE,,2026-04-14T01:22:41.013948+00:00
NIFTY LARGEMID250,LUPIN,,2026-04-14T01:22:41.013948+00:00
NIFTY LARGEMID250,UNITDSPR,,2026-04-14T01:22:41.013948+00:00
NIFTY LARGEMID250,BANKINDIA,,2026-04-14T01:22:41.013948+00:00
NIFTY LARGEMID250,SRF,,2026-04-14T01:22:41.013948+00:00
NIFTY LARGEMID250,BDL,,2026-04-14T01:22:41.013948+00:00
NIFTY LARGEMID250,NESTLEIND,,2026-04-14T01:22:41.013948+00:00
NIFTY LARGEMID250,TRENT,,2026-04-14T01:22:41.013948+00:00
NIFTY LARGEMID250,HYUNDAI,,2026-04-14T01:22:41.013948+00:00
NIFTY LARGEMID250,MARICO,,2026-04-14T01:22:41.013948+00:00
NIFTY LARGEMID250,LGEINDIA,,2026-04-14T01:22:41.013948+00:00
NIFTY LARGEMID250,IRFC,,2026-04-14T01:22:41.013948+00:00
NIFTY LARGEMID250,GLENMARK,,2026-04-14T01:22:41.013948+00:00
NIFTY LARGEMID250,GODREJPROP,,2026-04-14T01:22:41.013948+00:00
NIFTY LARGEMID250,HINDZINC,,2026-04-14T01:22:41.013948+00:00
NIFTY LARGEMID250,CGPOWER,,2026-04-14T01:22:41.013948+00:00
NIFTY LARGEMID250,KEI,,2026-04-14T01:22:41.013948+00:00
NIFTY LARGEMID250,INDIANB,,2026-04-14T01:22:41.013948+00:00
NIFTY LARGEMID250,LAURUSLABS,,2026-04-14T01:22:41.013948+00:00
NIFTY LARGEMID250,GMRAIRPORT,,2026-04-14T01:22:41.013948+00:00
NIFTY LARGEMID250,BLUESTARCO,,2026-04-14T01:22:41.013948+00:00
NIFTY LARGEMID250,APARINDS,,2026-04-14T01:22:41.013948+00:00
NIFTY LARGEMID250,MANKIND,,2026-04-14T01:22:41.013948+00:00
NIFTY LARGEMID250,AUBANK,,2026-04-14T01:22:41.013948+00:00
NIFTY LARGEMID250,LENSKART,,2026-04-14T01:22:41.013948+00:00
NIFTY LARGEMID250,INDHOTEL,,2026-04-14T01:22:41.013948+00:00
NIFTY LARGEMID250,LTF,,2026-04-14T01:22:41.013948+00:00
NIFTY LARGEMID250,JINDALSTEL,,2026-04-14T01:22:41.013948+00:00
NIFTY LARGEMID250,RVNL,,2026-04-14T01:22:41.013948+00:00
NIFTY LARGEMID250,KALYANKJIL,,2026-04-14T01:22:41.013948+00:00
NIFTY LARGEMID250,YESBANK,,2026-04-14T01:22:41.013948+00:00
NIFTY LARGEMID250,MAHABANK,,2026-04-14T01:22:41.013948+00:00
NIFTY LARGEMID250,DIVISLAB,,2026-04-14T01:22:41.013948+00:00
NIFTY LARGEMID250,INDUSINDBK,,2026-04-14T01:22:41.013948+00:00
NIFTY LARGEMID250,IDFCFIRSTB,,2026-04-14T01:22:41.013948+00:00
NIFTY LARGEMID250,SUPREMEIND,,2026-04-14T01:22:41.013948+00:00
NIFTY LARGEMID250,JSWSTEEL,,2026-04-14T01:22:41.013948+00:00
NIFTY LARGEMID250,BIOCON,,2026-04-14T01:22:41.013948+00:00
NIFTY LARGEMID250,SBILIFE,,2026-04-14T01:22:41.013948+00:00
NIFTY LARGEMID250,VMM,,2026-04-14T01:22:41.013948+00:00
NIFTY LARGEMID250,HAVELLS,,2026-04-14T01:22:41.013948+00:00
NIFTY LARGEMID250,INDUSTOWER,,2026-04-14T01:22:41.013948+00:00
NIFTY LARGEMID250,NAM-INDIA,,2026-04-14T01:22:41.013948+00:00
NIFTY LARGEMID250,GODREJCP,,2026-04-14T01:22:41.013948+00:00
NIFTY LARGEMID250,GODFRYPHLP,,2026-04-14T01:22:41.013948+00:00
NIFTY LARGEMID250,NHPC,,2026-04-14T01:22:41.013948+00:00
NIFTY LARGEMID250,IREDA,,2026-04-14T01:22:41.013948+00:00
NIFTY LARGEMID250,SIEMENS,,2026-04-14T01:22:41.013948+00:00
NIFTY LARGEMID250,UPL,,2026-04-14T01:22:41.013948+00:00
NIFTY LARGEMID250,NAUKRI,,2026-04-14T01:22:41.013948+00:00
NIFTY LARGEMID250,ASTRAL,,2026-04-14T01:22:41.013948+00:00
NIFTY LARGEMID250,PETRONET,,2026-04-14T01:22:41.013948+00:00
NIFTY LARGEMID250,OBEROIRLTY,,2026-04-14T01:22:41.013948+00:00
NIFTY LARGEMID250,HUDCO,,2026-04-14T01:22:41.013948+00:00
NIFTY LARGEMID250,TORNTPOWER,,2026-04-14T01:22:41.013948+00:00
NIFTY LARGEMID250,AMBUJACEM,,2026-04-14T01:22:41.013948+00:00
NIFTY LARGEMID250,EXIDEIND,,2026-04-14T01:22:41.013948+00:00
NIFTY LARGEMID250,PIDILITIND,,2026-04-14T01:22:41.013948+00:00
NIFTY LARGEMID250,ABCAPITAL,,2026-04-14T01:22:41.013948+00:00
NIFTY LARGEMID250,MFSL,,2026-04-14T01:22:41.013948+00:00
NIFTY LARGEMID250,ENRIN,,2026-04-14T01:22:41.013948+00:00
NIFTY LARGEMID250,ALKEM,,2026-04-14T01:22:41.013948+00:00
NIFTY LARGEMID250,JUBLFOOD,,2026-04-14T01:22:41.013948+00:00
NIFTY LARGEMID250,KPITTECH,,2026-04-14T01:22:41.013948+00:00
NIFTY LARGEMID250,MRF,,2026-04-14T01:22:41.013948+00:00
NIFTY LARGEMID250,UNOMINDA,,2026-04-14T01:22:41.013948+00:00
NIFTY LARGEMID250,PAGEIND,,2026-04-14T01:22:41.013948+00:00
NIFTY LARGEMID250,NLCINDIA,,2026-04-14T01:22:41.013948+00:00
NIFTY LARGEMID250,RADICO,,2026-04-14T01:22:41.013948+00:00
NIFTY LARGEMID250,SBICARD,,2026-04-14T01:22:41.013948+00:00
NIFTY LARGEMID250,FORTIS,,2026-04-14T01:22:41.013948+00:00
NIFTY LARGEMID250,COLPAL,,2026-04-14T01:22:41.013948+00:00
NIFTY LARGEMID250,LLOYDSME,,2026-04-14T01:22:41.013948+00:00
NIFTY LARGEMID250,LTM,,2026-04-14T01:22:41.013948+00:00
NIFTY LARGEMID250,JSL,,2026-04-14T01:22:41.013948+00:00
NIFTY LARGEMID250,NYKAA,,2026-04-14T01:22:41.013948+00:00
NIFTY LARGEMID250,JKCEMENT,,2026-04-14T01:22:41.013948+00:00
NIFTY LARGEMID250,PATANJALI,,2026-04-14T01:22:41.013948+00:00
NIFTY LARGEMID250,ITCHOTELS,,2026-04-14T01:22:41.013948+00:00
NIFTY LARGEMID250,LICHSGFIN,,2026-04-14T01:22:41.013948+00:00
NIFTY LARGEMID250,BAJAJHFL,,2026-04-14T01:22:41.013948+00:00
NIFTY LARGEMID250,360ONE,,2026-04-14T01:22:41.013948+00:00
NIFTY LARGEMID250,MOTILALOFS,,2026-04-14T01:22:41.013948+00:00
NIFTY LARGEMID250,PHOENIXLTD,,2026-04-14T01:22:41.013948+00:00
NIFTY LARGEMID250,SHREECEM,,2026-04-14T01:22:41.013948+00:00
NIFTY LARGEMID250,ICICIGI,,2026-04-14T01:22:41.013948+00:00
NIFTY LARGEMID250,IRCTC,,2026-04-14T01:22:41.013948+00:00
NIFTY LARGEMID250,TATAELXSI,,2026-04-14T01:22:41.013948+00:00
NIFTY LARGEMID250,SJVN,,2026-04-14T01:22:41.013948+00:00
NIFTY LARGEMID250,DALBHARAT,,2026-04-14T01:22:41.013948+00:00
NIFTY LARGEMID250,ZYDUSLIFE,,2026-04-14T01:22:41.013948+00:00
NIFTY LARGEMID250,MPHASIS,,2026-04-14T01:22:41.013948+00:00
NIFTY LARGEMID250,ICICIPRULI,,2026-04-14T01:22:41.013948+00:00
NIFTY LARGEMID250,M&MFIN,,2026-04-14T01:22:41.013948+00:00
NIFTY LARGEMID250,DABUR,,2026-04-14T01:22:41.013948+00:00
NIFTY LARGEMID250,OFSS,,2026-04-14T01:22:41.013948+00:00
NIFTY LARGEMID250,JSWINFRA,,2026-04-14T01:22:41.013948+00:00
NIFTY LARGEMID250,ACC,,2026-04-14T01:22:41.013948+00:00
NIFTY LARGEMID250,AJANTPHARM,,2026-04-14T01:22:41.013948+00:00
NIFTY LARGEMID250,COROMANDEL,,2026-04-14T01:22:41.013948+00:00
NIFTY LARGEMID250,TATACOMM,,2026-04-14T01:22:41.013948+00:00
NIFTY LARGEMID250,SCHAEFFLER,,2026-04-14T01:22:41.013948+00:00
NIFTY LARGEMID250,BAJAJHLDNG,,2026-04-14T01:22:41.013948+00:00
NIFTY LARGEMID250,TATACAP,,2026-04-14T01:22:41.013948+00:00
NIFTY LARGEMID250,LINDEINDIA,,2026-04-14T01:22:41.013948+00:00
NIFTY LARGEMID250,PIIND,,2026-04-14T01:22:41.013948+00:00
NIFTY LARGEMID250,CONCOR,,2026-04-14T01:22:41.013948+00:00
NIFTY LARGEMID250,AWL,,2026-04-14T01:22:41.013948+00:00
NIFTY LARGEMID250,LTTS,,2026-04-14T01:22:41.013948+00:00
NIFTY LARGEMID250,GICRE,,2026-04-14T01:22:41.013948+00:00
NIFTY LARGEMID250,HONAUT,,2026-04-14T01:22:41.013948+00:00
NIFTY LARGEMID250,BALKRISIND,,2026-04-14T01:22:41.013948+00:00
NIFTY LARGEMID250,HDBFS,,2026-04-14T01:22:41.013948+00:00
NIFTY LARGEMID250,APOLLOTYRE,,2026-04-14T01:22:41.013948+00:00
NIFTY LARGEMID250,SUNDARMFIN,,2026-04-14T01:22:41.013948+00:00
NIFTY LARGEMID250,KPRMILL,,2026-04-14T01:22:41.013948+00:00
NIFTY LARGEMID250,UBL,,2026-04-14T01:22:41.013948+00:00
NIFTY LARGEMID250,TIINDIA,,2026-04-14T01:22:41.013948+00:00
NIFTY LARGEMID250,CRISIL,,2026-04-14T01:22:41.013948+00:00
NIFTY LARGEMID250,BHARTIHEXA,,2026-04-14T01:22:41.013948+00:00
NIFTY LARGEMID250,ANTHEM,,2026-04-14T01:22:41.013948+00:00
NIFTY LARGEMID250,ABBOTINDIA,,2026-04-14T01:22:41.013948+00:00
NIFTY LARGEMID250,ESCORTS,,2026-04-14T01:22:41.013948+00:00
NIFTY LARGEMID250,AIAENG,,2026-04-14T01:22:41.013948+00:00
NIFTY LARGEMID250,GLAXO,,2026-04-14T01:22:41.013948+00:00
NIFTY LARGEMID250,BERGEPAINT,,2026-04-14T01:22:41.013948+00:00
NIFTY LARGEMID250,IPCALAB,,2026-04-14T01:22:41.013948+00:00
NIFTY LARGEMID250,ENDURANCE,,2026-04-14T01:22:41.013948+00:00
NIFTY LARGEMID250,MEDANTA,,2026-04-14T01:22:41.013948+00:00
NIFTY LARGEMID250,FLUOROCHEM,,2026-04-14T01:22:41.013948+00:00
NIFTY LARGEMID250,AIIL,,2026-04-14T01:22:41.013948+00:00
NIFTY LARGEMID250,3MINDIA,,2026-04-14T01:22:41.013948+00:00
NIFTY LARGEMID250,HEXT,,2026-04-14T01:22:41.013948+00:00
NIFTY LARGEMID250,GODREJIND,,2026-04-14T01:22:41.013948+00:00
NIFTY TOTAL MKT,ICICIBANK,,2026-04-14T01:22:41.013948+00:00
NIFTY TOTAL MKT,RELIANCE,,2026-04-14T01:22:41.013948+00:00
NIFTY TOTAL MKT,HDFCBANK,,2026-04-14T01:22:41.013948+00:00
NIFTY TOTAL MKT,ATHERENERG,,2026-04-14T01:22:41.013948+00:00
NIFTY TOTAL MKT,BHARTIARTL,,2026-04-14T01:22:41.013948+00:00
NIFTY TOTAL MKT,BSE,,2026-04-14T01:22:41.013948+00:00
NIFTY TOTAL MKT,LT,,2026-04-14T01:22:41.013948+00:00
NIFTY TOTAL MKT,SBIN,,2026-04-14T01:22:41.013948+00:00
NIFTY TOTAL MKT,MARUTI,,2026-04-14T01:22:41.013948+00:00
NIFTY TOTAL MKT,EIEL,,2026-04-14T01:22:41.013948+00:00
NIFTY TOTAL MKT,ADANIPOWER,,2026-04-14T01:22:41.013948+00:00
NIFTY TOTAL MKT,ZYDUSWELL,,2026-04-14T01:22:41.013948+00:00
NIFTY TOTAL MKT,OLAELEC,,2026-04-14T01:22:41.013948+00:00
NIFTY TOTAL MKT,INFY,,2026-04-14T01:22:41.013948+00:00
NIFTY TOTAL MKT,MCX,,2026-04-14T01:22:41.013948+00:00
NIFTY TOTAL MKT,BHEL,,2026-04-14T01:22:41.013948+00:00
NIFTY TOTAL MKT,AXISBANK,,2026-04-14T01:22:41.013948+00:00
NIFTY TOTAL MKT,KOTAKBANK,,2026-04-14T01:22:41.013948+00:00
NIFTY TOTAL MKT,WAAREEENER,,2026-04-14T01:22:41.013948+00:00
NIFTY TOTAL MKT,ETERNAL,,2026-04-14T01:22:41.013948+00:00
NIFTY TOTAL MKT,TATACHEM,,2026-04-14T01:22:41.013948+00:00
NIFTY TOTAL MKT,M&M,,2026-04-14T01:22:41.013948+00:00
NIFTY TOTAL MKT,BAJFINANCE,,2026-04-14T01:22:41.013948+00:00
NIFTY TOTAL MKT,TATAINVEST,,2026-04-14T01:22:41.013948+00:00
NIFTY TOTAL MKT,NTPCGREEN,,2026-04-14T01:22:41.013948+00:00
NIFTY TOTAL MKT,VEDL,,2026-04-14T01:22:41.013948+00:00
NIFTY TOTAL MKT,TCS,,2026-04-14T01:22:41.013948+00:00
NIFTY TOTAL MKT,EICHERMOT,,2026-04-14T01:22:41.013948+00:00
NIFTY TOTAL MKT,GROWW,,2026-04-14T01:22:41.013948+00:00
NIFTY TOTAL MKT,TATAPOWER,,2026-04-14T01:22:41.013948+00:00
NIFTY TOTAL MKT,SHRIRAMFIN,,2026-04-14T01:22:41.013948+00:00
NIFTY TOTAL MKT,COALINDIA,,2026-04-14T01:22:41.013948+00:00
NIFTY TOTAL MKT,ADANIENT,,2026-04-14T01:22:41.013948+00:00
NIFTY TOTAL MKT,INDIGO,,2026-04-14T01:22:41.013948+00:00
NIFTY TOTAL MKT,ONGC,,2026-04-14T01:22:41.013948+00:00
NIFTY TOTAL MKT,BEL,,2026-04-14T01:22:41.013948+00:00
NIFTY TOTAL MKT,ADANIGREEN,,2026-04-14T01:22:41.013948+00:00
NIFTY TOTAL MKT,MAZDOCK,,2026-04-14T01:22:41.013948+00:00
NIFTY TOTAL MKT,HFCL,,2026-04-14T01:22:41.013948+00:00
NIFTY TOTAL MKT,SUNPHARMA,,2026-04-14T01:22:41.013948+00:00
NIFTY TOTAL MKT,POWERINDIA,,2026-04-14T01:22:41.013948+00:00
NIFTY TOTAL MKT,TMCV,,2026-04-14T01:22:41.013948+00:00
NIFTY TOTAL MKT,SUZLON,,2026-04-14T01:22:41.013948+00:00
NIFTY TOTAL MKT,DIXON,,2026-04-14T01:22:41.013948+00:00
NIFTY TOTAL MKT,NTPC,,2026-04-14T01:22:41.013948+00:00
NIFTY TOTAL MKT,JYOTICNC,,2026-04-14T01:22:41.013948+00:00
NIFTY TOTAL MKT,NATIONALUM,,2026-04-14T01:22:41.013948+00:00
NIFTY TOTAL MKT,ADANIPORTS,,2026-04-14T01:22:41.013948+00:00
NIFTY TOTAL MKT,TATASTEEL,,2026-04-14T01:22:41.013948+00:00
NIFTY TOTAL MKT,CHOLAFIN,,2026-04-14T01:22:41.013948+00:00
NIFTY TOTAL MKT,MOTHERSON,,2026-04-14T01:22:41.013948+00:00
NIFTY TOTAL MKT,ITC,,2026-04-14T01:22:41.013948+00:00
NIFTY TOTAL MKT,SAIL,,2026-04-14T01:22:41.013948+00:00
NIFTY TOTAL MKT,NIACL,,2026-04-14T01:22:41.013948+00:00
NIFTY TOTAL MKT,ADANIENSOL,,2026-04-14T01:22:41.013948+00:00
NIFTY TOTAL MKT,POWERGRID,,2026-04-14T01:22:41.013948+00:00
NIFTY TOTAL MKT,HINDALCO,,2026-04-14T01:22:41.013948+00:00
NIFTY TOTAL MKT,TMPV,,2026-04-14T01:22:41.013948+00:00
NIFTY TOTAL MKT,HAL,,2026-04-14T01:22:41.013948+00:00
NIFTY TOTAL MKT,WIPRO,,2026-04-14T01:22:41.013948+00:00
NIFTY TOTAL MKT,CUMMINSIND,,2026-04-14T01:22:41.013948+00:00
NIFTY TOTAL MKT,HINDUNILVR,,2026-04-14T01:22:41.013948+00:00
NIFTY TOTAL MKT,IDEA,,2026-04-14T01:22:41.013948+00:00
NIFTY TOTAL MKT,JSWENERGY,,2026-04-14T01:22:41.013948+00:00
NIFTY TOTAL MKT,ASIANPAINT,,2026-04-14T01:22:41.013948+00:00
NIFTY TOTAL MKT,HEROMOTOCO,,2026-04-14T01:22:41.013948+00:00
NIFTY TOTAL MKT,BPCL,,2026-04-14T01:22:41.013948+00:00
NIFTY TOTAL MKT,DMART,,2026-04-14T01:22:41.013948+00:00
NIFTY TOTAL MKT,KAYNES,,2026-04-14T01:22:41.013948+00:00
NIFTY TOTAL MKT,PFC,,2026-04-14T01:22:41.013948+00:00
NIFTY TOTAL MKT,KRN,,2026-04-14T01:22:41.013948+00:00
NIFTY TOTAL MKT,TITAN,,2026-04-14T01:22:41.013948+00:00
NIFTY TOTAL MKT,VOLTAS,,2026-04-14T01:22:41.013948+00:00
NIFTY TOTAL MKT,ASHOKLEY,,2026-04-14T01:22:41.013948+00:00
NIFTY TOTAL MKT,OLECTRA,,2026-04-14T01:22:41.013948+00:00
NIFTY TOTAL MKT,POLYCAB,,2026-04-14T01:22:41.013948+00:00
NIFTY TOTAL MKT,PURVA,,2026-04-14T01:22:41.013948+00:00
NIFTY TOTAL MKT,JBMA,,2026-04-14T01:22:41.013948+00:00
NIFTY TOTAL MKT,AMBER,,2026-04-14T01:22:41.013948+00:00
NIFTY TOTAL MKT,JIOFIN,,2026-04-14T01:22:41.013948+00:00
NIFTY TOTAL MKT,APLAPOLLO,,2026-04-14T01:22:41.013948+00:00
NIFTY TOTAL MKT,BAJAJ-AUTO,,2026-04-14T01:22:41.013948+00:00
NIFTY TOTAL MKT,MTARTECH,,2026-04-14T01:22:41.013948+00:00
NIFTY TOTAL MKT,FORCEMOT,,2026-04-14T01:22:41.013948+00:00
NIFTY TOTAL MKT,SOLARINDS,,2026-04-14T01:22:41.013948+00:00
NIFTY TOTAL MKT,OIL,,2026-04-14T01:22:41.013948+00:00
NIFTY TOTAL MKT,GRSE,,2026-04-14T01:22:41.013948+00:00
NIFTY TOTAL MKT,HDFCLIFE,,2026-04-14T01:22:41.013948+00:00
NIFTY TOTAL MKT,UNIONBANK,,2026-04-14T01:22:41.013948+00:00
NIFTY TOTAL MKT,GRASIM,,2026-04-14T01:22:41.013948+00:00
NIFTY TOTAL MKT,GVT&D,,2026-04-14T01:22:41.013948+00:00
NIFTY TOTAL MKT,BANKBARODA,,2026-04-14T01:22:41.013948+00:00
NIFTY TOTAL MKT,HINDCOPPER,,2026-04-14T01:22:41.013948+00:00
NIFTY TOTAL MKT,RPOWER,,2026-04-14T01:22:41.013948+00:00
NIFTY TOTAL MKT,HINDPETRO,,2026-04-14T01:22:41.013948+00:00
NIFTY TOTAL MKT,HCLTECH,,2026-04-14T01:22:41.013948+00:00
NIFTY TOTAL MKT,IOC,,2026-04-14T01:22:41.013948+00:00
NIFTY TOTAL MKT,TORNTPHARM,,2026-04-14T01:22:41.013948+00:00
NIFTY TOTAL MKT,CDSL,,2026-04-14T01:22:41.013948+00:00
NIFTY TOTAL MKT,CANBK,,2026-04-14T01:22:41.013948+00:00
NIFTY TOTAL MKT,SONACOMS,,2026-04-14T01:22:41.013948+00:00
NIFTY TOTAL MKT,ONESOURCE,,2026-04-14T01:22:41.013948+00:00
NIFTY TOTAL MKT,ATGL,,2026-04-14T01:22:41.013948+00:00
NIFTY TOTAL MKT,SARDAEN,,2026-04-14T01:22:41.013948+00:00
NIFTY TOTAL MKT,GMDCLTD,,2026-04-14T01:22:41.013948+00:00
NIFTY TOTAL MKT,ACMESOLAR,,2026-04-14T01:22:41.013948+00:00
NIFTY TOTAL MKT,HDFCAMC,,2026-04-14T01:22:41.013948+00:00
NIFTY TOTAL MKT,COHANCE,,2026-04-14T01:22:41.013948+00:00
NIFTY TOTAL MKT,ULTRACEMCO,,2026-04-14T01:22:41.013948+00:00
NIFTY TOTAL MKT,SWIGGY,,2026-04-14T01:22:41.013948+00:00
NIFTY TOTAL MKT,DATAPATTNS,,2026-04-14T01:22:41.013948+00:00
NIFTY TOTAL MKT,PREMIERENE,,2026-04-14T01:22:41.013948+00:00
NIFTY TOTAL MKT,NMDC,,2026-04-14T01:22:41.013948+00:00
NIFTY TOTAL MKT,PERSISTENT,,2026-04-14T01:22:41.013948+00:00
NIFTY TOTAL MKT,COFORGE,,2026-04-14T01:22:41.013948+00:00
NIFTY TOTAL MKT,GAIL,,2026-04-14T01:22:41.013948+00:00
NIFTY TOTAL MKT,DLF,,2026-04-14T01:22:41.013948+00:00
NIFTY TOTAL MKT,STLTECH,,2026-04-14T01:22:41.013948+00:00
NIFTY TOTAL MKT,TVSMOTOR,,2026-04-14T01:22:41.013948+00:00
NIFTY TOTAL MKT,COCHINSHIP,,2026-04-14T01:22:41.013948+00:00
NIFTY TOTAL MKT,APOLLOHOSP,,2026-04-14T01:22:41.013948+00:00
NIFTY TOTAL MKT,VBL,,2026-04-14T01:22:41.013948+00:00
NIFTY TOTAL MKT,MAXHEALTH,,2026-04-14T01:22:41.013948+00:00
NIFTY TOTAL MKT,JPPOWER,,2026-04-14T01:22:41.013948+00:00
NIFTY TOTAL MKT,ANANDRATHI,,2026-04-14T01:22:41.013948+00:00
NIFTY TOTAL MKT,TARIL,,2026-04-14T01:22:41.013948+00:00
NIFTY TOTAL MKT,BAJAJFINSV,,2026-04-14T01:22:41.013948+00:00
NIFTY TOTAL MKT,ABB,,2026-04-14T01:22:41.013948+00:00
NIFTY TOTAL MKT,POLICYBZR,,2026-04-14T01:22:41.013948+00:00
NIFTY TOTAL MKT,PAYTM,,2026-04-14T01:22:41.013948+00:00
NIFTY TOTAL MKT,BOSCHLTD,,2026-04-14T01:22:41.013948+00:00
NIFTY TOTAL MKT,LODHA,,2026-04-14T01:22:41.013948+00:00
NIFTY TOTAL MKT,FEDERALBNK,,2026-04-14T01:22:41.013948+00:00
NIFTY TOTAL MKT,BHARATFORG,,2026-04-14T01:22:41.013948+00:00
NIFTY TOTAL MKT,THERMAX,,2026-04-14T01:22:41.013948+00:00
NIFTY TOTAL MKT,PNB,,2026-04-14T01:22:41.013948+00:00
NIFTY TOTAL MKT,AVANTIFEED,,2026-04-14T01:22:41.013948+00:00
NIFTY TOTAL MKT,CIPLA,,2026-04-14T01:22:41.013948+00:00
NIFTY TOTAL MKT,BRITANNIA,,2026-04-14T01:22:41.013948+00:00
NIFTY TOTAL MKT,INOXWIND,,2026-04-14T01:22:41.013948+00:00
NIFTY TOTAL MKT,ANGELONE,,2026-04-14T01:22:41.013948+00:00
NIFTY TOTAL MKT,INOXINDIA,,2026-04-14T01:22:41.013948+00:00
NIFTY TOTAL MKT,RECLTD,,2026-04-14T01:22:41.013948+00:00
NIFTY TOTAL MKT,LICI,,2026-04-14T01:22:41.013948+00:00
NIFTY TOTAL MKT,MUTHOOTFIN,,2026-04-14T01:22:41.013948+00:00
NIFTY TOTAL MKT,AUROPHARMA,,2026-04-14T01:22:41.013948+00:00
NIFTY TOTAL MKT,TECHM,,2026-04-14T01:22:41.013948+00:00
NIFTY TOTAL MKT,TATACONSUM,,2026-04-14T01:22:41.013948+00:00
NIFTY TOTAL MKT,ICICIAMC,,2026-04-14T01:22:41.013948+00:00
NIFTY TOTAL MKT,DRREDDY,,2026-04-14T01:22:41.013948+00:00
NIFTY TOTAL MKT,PRESTIGE,,2026-04-14T01:22:41.013948+00:00
NIFTY TOTAL MKT,APOLLO,,2026-04-14T01:22:41.013948+00:00
NIFTY TOTAL MKT,LUPIN,,2026-04-14T01:22:41.013948+00:00
NIFTY TOTAL MKT,HBLENGINE,,2026-04-14T01:22:41.013948+00:00
NIFTY TOTAL MKT,UNITDSPR,,2026-04-14T01:22:41.013948+00:00
NIFTY TOTAL MKT,BANKINDIA,,2026-04-14T01:22:41.013948+00:00
NIFTY TOTAL MKT,SRF,,2026-04-14T01:22:41.013948+00:00
NIFTY TOTAL MKT,POONAWALLA,,2026-04-14T01:22:41.013948+00:00
NIFTY TOTAL MKT,BDL,,2026-04-14T01:22:41.013948+00:00
NIFTY TOTAL MKT,NESTLEIND,,2026-04-14T01:22:41.013948+00:00
NIFTY TOTAL MKT,TRENT,,2026-04-14T01:22:41.013948+00:00
NIFTY TOTAL MKT,HYUNDAI,,2026-04-14T01:22:41.013948+00:00
NIFTY TOTAL MKT,MARICO,,2026-04-14T01:22:41.013948+00:00
NIFTY TOTAL MKT,WELCORP,,2026-04-14T01:22:41.013948+00:00
NIFTY TOTAL MKT,LGEINDIA,,2026-04-14T01:22:41.013948+00:00
NIFTY TOTAL MKT,IRFC,,2026-04-14T01:22:41.013948+00:00
NIFTY TOTAL MKT,GLENMARK,,2026-04-14T01:22:41.013948+00:00
NIFTY TOTAL MKT,NETWEB,,2026-04-14T01:22:41.013948+00:00
NIFTY TOTAL MKT,GODREJPROP,,2026-04-14T01:22:41.013948+00:00
NIFTY TOTAL MKT,HINDZINC,,2026-04-14T01:22:41.013948+00:00
NIFTY TOTAL MKT,PGEL,,2026-04-14T01:22:41.013948+00:00
NIFTY TOTAL MKT,GALLANTT,,2026-04-14T01:22:41.013948+00:00
NIFTY TOTAL MKT,CGPOWER,,2026-04-14T01:22:41.013948+00:00
NIFTY TOTAL MKT,KEI,,2026-04-14T01:22:41.013948+00:00
NIFTY TOTAL MKT,INDIANB,,2026-04-14T01:22:41.013948+00:00
NIFTY TOTAL MKT,WAAREERTL,,2026-04-14T01:22:41.013948+00:00
NIFTY TOTAL MKT,TDPOWERSYS,,2026-04-14T01:22:41.013948+00:00
NIFTY TOTAL MKT,LAURUSLABS,,2026-04-14T01:22:41.013948+00:00
NIFTY TOTAL MKT,TEJASNET,,2026-04-14T01:22:41.013948+00:00
NIFTY TOTAL MKT,GMRAIRPORT,,2026-04-14T01:22:41.013948+00:00
NIFTY TOTAL MKT,HSCL,,2026-04-14T01:22:41.013948+00:00
NIFTY TOTAL MKT,CHENNPETRO,,2026-04-14T01:22:41.013948+00:00
NIFTY TOTAL MKT,BLUESTARCO,,2026-04-14T01:22:41.013948+00:00
NIFTY TOTAL MKT,APARINDS,,2026-04-14T01:22:41.013948+00:00
NIFTY TOTAL MKT,JAYNECOIND,,2026-04-14T01:22:41.013948+00:00
NIFTY TOTAL MKT,MANKIND,,2026-04-14T01:22:41.013948+00:00
NIFTY TOTAL MKT,AUBANK,,2026-04-14T01:22:41.013948+00:00
NIFTY TOTAL MKT,LENSKART,,2026-04-14T01:22:41.013948+00:00
NIFTY TOTAL MKT,INDHOTEL,,2026-04-14T01:22:41.013948+00:00
NIFTY TOTAL MKT,LTF,,2026-04-14T01:22:41.013948+00:00
NIFTY TOTAL MKT,JINDALSTEL,,2026-04-14T01:22:41.013948+00:00
NIFTY TOTAL MKT,RVNL,,2026-04-14T01:22:41.013948+00:00
NIFTY TOTAL MKT,SCI,,2026-04-14T01:22:41.013948+00:00
NIFTY TOTAL MKT,KALYANKJIL,,2026-04-14T01:22:41.013948+00:00
NIFTY TOTAL MKT,YESBANK,,2026-04-14T01:22:41.013948+00:00
NIFTY TOTAL MKT,MAHABANK,,2026-04-14T01:22:41.013948+00:00
NIFTY TOTAL MKT,QPOWER,,2026-04-14T01:22:41.013948+00:00
NIFTY TOTAL MKT,DIVISLAB,,2026-04-14T01:22:41.013948+00:00
NIFTY TOTAL MKT,INDUSINDBK,,2026-04-14T01:22:41.013948+00:00
NIFTY TOTAL MKT,IDFCFIRSTB,,2026-04-14T01:22:41.013948+00:00
NIFTY TOTAL MKT,SUPREMEIND,,2026-04-14T01:22:41.013948+00:00
NIFTY TOTAL MKT,JSWSTEEL,,2026-04-14T01:22:41.013948+00:00
NIFTY TOTAL MKT,EMMVEE,,2026-04-14T01:22:41.013948+00:00
NIFTY TOTAL MKT,BIOCON,,2026-04-14T01:22:41.013948+00:00
NIFTY TOTAL MKT,SBILIFE,,2026-04-14T01:22:41.013948+00:00
NIFTY TOTAL MKT,VMM,,2026-04-14T01:22:41.013948+00:00
NIFTY TOTAL MKT,HAVELLS,,2026-04-14T01:22:41.013948+00:00
NIFTY TOTAL MKT,INDUSTOWER,,2026-04-14T01:22:41.013948+00:00
NIFTY TOTAL MKT,NAM-INDIA,,2026-04-14T01:22:41.013948+00:00
NIFTY TOTAL MKT,JBCHEPHARM,,2026-04-14T01:22:41.013948+00:00
NIFTY TOTAL MKT,GODREJCP,,2026-04-14T01:22:41.013948+00:00
NIFTY TOTAL MKT,SAMMAANCAP,,2026-04-14T01:22:41.013948+00:00
NIFTY TOTAL MKT,VIKRAMSOLR,,2026-04-14T01:22:41.013948+00:00
NIFTY TOTAL MKT,GODFRYPHLP,,2026-04-14T01:22:41.013948+00:00
NIFTY TOTAL MKT,ZEEL,,2026-04-14T01:22:41.013948+00:00
NIFTY TOTAL MKT,NHPC,,2026-04-14T01:22:41.013948+00:00
NIFTY TOTAL MKT,IREDA,,2026-04-14T01:22:41.013948+00:00
NIFTY TOTAL MKT,SIEMENS,,2026-04-14T01:22:41.013948+00:00
NIFTY TOTAL MKT,UPL,,2026-04-14T01:22:41.013948+00:00
NIFTY TOTAL MKT,BELRISE,,2026-04-14T01:22:41.013948+00:00
NIFTY TOTAL MKT,NAUKRI,,2026-04-14T01:22:41.013948+00:00
NIFTY TOTAL MKT,PARAS,,2026-04-14T01:22:41.013948+00:00
NIFTY TOTAL MKT,ASTRAL,,2026-04-14T01:22:41.013948+00:00
NIFTY TOTAL MKT,PETRONET,,2026-04-14T01:22:41.013948+00:00
NIFTY TOTAL MKT,OBEROIRLTY,,2026-04-14T01:22:41.013948+00:00
NIFTY TOTAL MKT,GPIL,,2026-04-14T01:22:41.013948+00:00
NIFTY TOTAL MKT,HUDCO,,2026-04-14T01:22:41.013948+00:00
NIFTY TOTAL MKT,TORNTPOWER,,2026-04-14T01:22:41.013948+00:00
NIFTY TOTAL MKT,MANAPPURAM,,2026-04-14T01:22:41.013948+00:00
NIFTY TOTAL MKT,ENGINERSIN,,2026-04-14T01:22:41.013948+00:00
NIFTY TOTAL MKT,AMBUJACEM,,2026-04-14T01:22:41.013948+00:00
NIFTY TOTAL MKT,PRIVISCL,,2026-04-14T01:22:41.013948+00:00
NIFTY TOTAL MKT,AARTIIND,,2026-04-14T01:22:41.013948+00:00
NIFTY TOTAL MKT,EXIDEIND,,2026-04-14T01:22:41.013948+00:00
NIFTY TOTAL MKT,URBANCO,,2026-04-14T01:22:41.013948+00:00
NIFTY TOTAL MKT,IDBI,,2026-04-14T01:22:41.013948+00:00
NIFTY TOTAL MKT,PIDILITIND,,2026-04-14T01:22:41.013948+00:00
NIFTY TOTAL MKT,WOCKPHARMA,,2026-04-14T01:22:41.013948+00:00
NIFTY TOTAL MKT,ABCAPITAL,,2026-04-14T01:22:41.013948+00:00
NIFTY TOTAL MKT,BANDHANBNK,,2026-04-14T01:22:41.013948+00:00
NIFTY TOTAL MKT,MFSL,,2026-04-14T01:22:41.013948+00:00
NIFTY TOTAL MKT,CUPID,,2026-04-14T01:22:41.013948+00:00
NIFTY TOTAL MKT,ENRIN,,2026-04-14T01:22:41.013948+00:00
NIFTY TOTAL MKT,ANANTRAJ,,2026-04-14T01:22:41.013948+00:00
NIFTY TOTAL MKT,IGL,,2026-04-14T01:22:41.013948+00:00
NIFTY TOTAL MKT,MRPL,,2026-04-14T01:22:41.013948+00:00
NIFTY TOTAL MKT,ALKEM,,2026-04-14T01:22:41.013948+00:00
NIFTY TOTAL MKT,JUBLFOOD,,2026-04-14T01:22:41.013948+00:00
NIFTY TOTAL MKT,KPITTECH,,2026-04-14T01:22:41.013948+00:00
NIFTY TOTAL MKT,MRF,,2026-04-14T01:22:41.013948+00:00
NIFTY TOTAL MKT,ACUTAAS,,2026-04-14T01:22:41.013948+00:00
NIFTY TOTAL MKT,UNOMINDA,,2026-04-14T01:22:41.013948+00:00
NIFTY TOTAL MKT,LUMAXTECH,,2026-04-14T01:22:41.013948+00:00
NIFTY TOTAL MKT,PAGEIND,,2026-04-14T01:22:41.013948+00:00
NIFTY TOTAL MKT,DELHIVERY,,2026-04-14T01:22:41.013948+00:00
NIFTY TOTAL MKT,ZENTEC,,2026-04-14T01:22:41.013948+00:00
NIFTY TOTAL MKT,SYRMA,,2026-04-14T01:22:41.013948+00:00
NIFTY TOTAL MKT,MEESHO,,2026-04-14T01:22:41.013948+00:00
NIFTY TOTAL MKT,NLCINDIA,,2026-04-14T01:22:41.013948+00:00
NIFTY TOTAL MKT,KFINTECH,,2026-04-14T01:22:41.013948+00:00
NIFTY TOTAL MKT,CPPLUS,,2026-04-14T01:22:41.013948+00:00
NIFTY TOTAL MKT,RADICO,,2026-04-14T01:22:41.013948+00:00
NIFTY TOTAL MKT,SBICARD,,2026-04-14T01:22:41.013948+00:00
NIFTY TOTAL MKT,FORTIS,,2026-04-14T01:22:41.013948+00:00
NIFTY TOTAL MKT,COLPAL,,2026-04-14T01:22:41.013948+00:00
NIFTY TOTAL MKT,HEG,,2026-04-14T01:22:41.013948+00:00
NIFTY TOTAL MKT,VOLTAMP,,2026-04-14T01:22:41.013948+00:00
NIFTY TOTAL MKT,NBCC,,2026-04-14T01:22:41.013948+00:00
NIFTY TOTAL MKT,AEQUS,,2026-04-14T01:22:41.013948+00:00
NIFTY TOTAL MKT,KIRLOSBROS,,2026-04-14T01:22:41.013948+00:00
NIFTY TOTAL MKT,IEX,,2026-04-14T01:22:41.013948+00:00
NIFTY TOTAL MKT,PRAJIND,,2026-04-14T01:22:41.013948+00:00
NIFTY TOTAL MKT,LLOYDSME,,2026-04-14T01:22:41.013948+00:00
NIFTY TOTAL MKT,LTM,,2026-04-14T01:22:41.013948+00:00
NIFTY TOTAL MKT,JSL,,2026-04-14T01:22:41.013948+00:00
NIFTY TOTAL MKT,KARURVYSYA,,2026-04-14T01:22:41.013948+00:00
NIFTY TOTAL MKT,INOXGREEN,,2026-04-14T01:22:41.013948+00:00
NIFTY TOTAL MKT,HCC,,2026-04-14T01:22:41.013948+00:00
NIFTY TOTAL MKT,NEULANDLAB,,2026-04-14T01:22:41.013948+00:00
NIFTY TOTAL MKT,IFCI,,2026-04-14T01:22:41.013948+00:00
NIFTY TOTAL MKT,NYKAA,,2026-04-14T01:22:41.013948+00:00
NIFTY TOTAL MKT,RBLBANK,,2026-04-14T01:22:41.013948+00:00
NIFTY TOTAL MKT,HONASA,,2026-04-14T01:22:41.013948+00:00
NIFTY TOTAL MKT,AZAD,,2026-04-14T01:22:41.013948+00:00
NIFTY TOTAL MKT,PINELABS,,2026-04-14T01:22:41.013948+00:00
NIFTY TOTAL MKT,THANGAMAYL,,2026-04-14T01:22:41.013948+00:00
NIFTY TOTAL MKT,NAVINFLUOR,,2026-04-14T01:22:41.013948+00:00
NIFTY TOTAL MKT,PNBHOUSING,,2026-04-14T01:22:41.013948+00:00
NIFTY TOTAL MKT,JKCEMENT,,2026-04-14T01:22:41.013948+00:00
NIFTY TOTAL MKT,SHRIPISTON,,2026-04-14T01:22:41.013948+00:00
NIFTY TOTAL MKT,GRAPHITE,,2026-04-14T01:22:41.013948+00:00
NIFTY TOTAL MKT,PATANJALI,,2026-04-14T01:22:41.013948+00:00
NIFTY TOTAL MKT,KPIGREEN,,2026-04-14T01:22:41.013948+00:00
NIFTY TOTAL MKT,ITCHOTELS,,2026-04-14T01:22:41.013948+00:00
NIFTY TOTAL MKT,ABFRL,,2026-04-14T01:22:41.013948+00:00
NIFTY TOTAL MKT,PCJEWELLER,,2026-04-14T01:22:41.013948+00:00
NIFTY TOTAL MKT,LICHSGFIN,,2026-04-14T01:22:41.013948+00:00
NIFTY TOTAL MKT,GESHIP,,2026-04-14T01:22:41.013948+00:00
NIFTY TOTAL MKT,CAMS,,2026-04-14T01:22:41.013948+00:00
NIFTY TOTAL MKT,CHOICEIN,,2026-04-14T01:22:41.013948+00:00
NIFTY TOTAL MKT,UJJIVANSFB,,2026-04-14T01:22:41.013948+00:00
NIFTY TOTAL MKT,BAJAJHFL,,2026-04-14T01:22:41.013948+00:00
NIFTY TOTAL MKT,360ONE,,2026-04-14T01:22:41.013948+00:00
NIFTY TOTAL MKT,REDINGTON,,2026-04-14T01:22:41.013948+00:00
NIFTY TOTAL MKT,SHAKTIPUMP,,2026-04-14T01:22:41.013948+00:00
NIFTY TOTAL MKT,KSB,,2026-04-14T01:22:41.013948+00:00
NIFTY TOTAL MKT,MOTILALOFS,,2026-04-14T01:22:41.013948+00:00
NIFTY TOTAL MKT,PHOENIXLTD,,2026-04-14T01:22:41.013948+00:00
NIFTY TOTAL MKT,PNGJL,,2026-04-14T01:22:41.013948+00:00
NIFTY TOTAL MKT,KIRLOSENG,,2026-04-14T01:22:41.013948+00:00
NIFTY TOTAL MKT,SHREECEM,,2026-04-14T01:22:41.013948+00:00
NIFTY TOTAL MKT,ICICIGI,,2026-04-14T01:22:41.013948+00:00
NIFTY TOTAL MKT,IRCTC,,2026-04-14T01:22:41.013948+00:00
NIFTY TOTAL MKT,NATCOPHARM,,2026-04-14T01:22:41.013948+00:00
NIFTY TOTAL MKT,CESC,,2026-04-14T01:22:41.013948+00:00
NIFTY TOTAL MKT,TATAELXSI,,2026-04-14T01:22:41.013948+00:00
NIFTY TOTAL MKT,SJVN,,2026-04-14T01:22:41.013948+00:00
NIFTY TOTAL MKT,JWL,,2026-04-14T01:22:41.013948+00:00
NIFTY TOTAL MKT,SANSERA,,2026-04-14T01:22:41.013948+00:00
NIFTY TOTAL MKT,BEML,,2026-04-14T01:22:41.013948+00:00
NIFTY TOTAL MKT,AFFLE,,2026-04-14T01:22:41.013948+00:00
NIFTY TOTAL MKT,TRITURBINE,,2026-04-14T01:22:41.013948+00:00
NIFTY TOTAL MKT,DALBHARAT,,2026-04-14T01:22:41.013948+00:00
NIFTY TOTAL MKT,JINDALSAW,,2026-04-14T01:22:41.013948+00:00
NIFTY TOTAL MKT,RELIGARE,,2026-04-14T01:22:41.013948+00:00
NIFTY TOTAL MKT,ITI,,2026-04-14T01:22:41.013948+00:00
NIFTY TOTAL MKT,ZYDUSLIFE,,2026-04-14T01:22:41.013948+00:00
NIFTY TOTAL MKT,TITAGARH,,2026-04-14T01:22:41.013948+00:00
NIFTY TOTAL MKT,SANDUMA,,2026-04-14T01:22:41.013948+00:00
NIFTY TOTAL MKT,MPHASIS,,2026-04-14T01:22:41.013948+00:00
NIFTY TOTAL MKT,ICICIPRULI,,2026-04-14T01:22:41.013948+00:00
NIFTY TOTAL MKT,PARADEEP,,2026-04-14T01:22:41.013948+00:00
NIFTY TOTAL MKT,BLS,,2026-04-14T01:22:41.013948+00:00
NIFTY TOTAL MKT,SOUTHBANK,,2026-04-14T01:22:41.013948+00:00
NIFTY TOTAL MKT,J&KBANK,,2026-04-14T01:22:41.013948+00:00
NIFTY TOTAL MKT,M&MFIN,,2026-04-14T01:22:41.013948+00:00
NIFTY TOTAL MKT,DABUR,,2026-04-14T01:22:41.013948+00:00
NIFTY TOTAL MKT,IRCON,,2026-04-14T01:22:41.013948+00:00
NIFTY TOTAL MKT,OFSS,,2026-04-14T01:22:41.013948+00:00
NIFTY TOTAL MKT,INTELLECT,,2026-04-14T01:22:41.013948+00:00
NIFTY TOTAL MKT,FIRSTCRY,,2026-04-14T01:22:41.013948+00:00
NIFTY TOTAL MKT,ARE&M,,2026-04-14T01:22:41.013948+00:00
NIFTY TOTAL MKT,TIMETECHNO,,2026-04-14T01:22:41.013948+00:00
NIFTY TOTAL MKT,WEBELSOLAR,,2026-04-14T01:22:41.013948+00:00
NIFTY TOTAL MKT,DEEPAKFERT,,2026-04-14T01:22:41.013948+00:00
NIFTY TOTAL MKT,JSWINFRA,,2026-04-14T01:22:41.013948+00:00
NIFTY TOTAL MKT,CROMPTON,,2026-04-14T01:22:41.013948+00:00
NIFTY TOTAL MKT,ACC,,2026-04-14T01:22:41.013948+00:00
NIFTY TOTAL MKT,YATHARTH,,2026-04-14T01:22:41.013948+00:00
NIFTY TOTAL MKT,AJANTPHARM,,2026-04-14T01:22:41.013948+00:00
NIFTY TOTAL MKT,GRAVITA,,2026-04-14T01:22:41.013948+00:00
NIFTY TOTAL MKT,PFOCUS,,2026-04-14T01:22:41.013948+00:00
NIFTY TOTAL MKT,SAGILITY,,2026-04-14T01:22:41.013948+00:00
NIFTY TOTAL MKT,COROMANDEL,,2026-04-14T01:22:41.013948+00:00
NIFTY TOTAL MKT,TATACOMM,,2026-04-14T01:22:41.013948+00:00
NIFTY TOTAL MKT,SHAILY,,2026-04-14T01:22:41.013948+00:00
NIFTY TOTAL MKT,SCHAEFFLER,,2026-04-14T01:22:41.013948+00:00
NIFTY TOTAL MKT,RAIN,,2026-04-14T01:22:41.013948+00:00
NIFTY TOTAL MKT,KTKBANK,,2026-04-14T01:22:41.013948+00:00
NIFTY TOTAL MKT,WABAG,,2026-04-14T01:22:41.013948+00:00
NIFTY TOTAL MKT,EDELWEISS,,2026-04-14T01:22:41.013948+00:00
NIFTY TOTAL MKT,JKTYRE,,2026-04-14T01:22:41.013948+00:00
NIFTY TOTAL MKT,MGL,,2026-04-14T01:22:41.013948+00:00
NIFTY TOTAL MKT,AETHER,,2026-04-14T01:22:41.013948+00:00
NIFTY TOTAL MKT,CUB,,2026-04-14T01:22:41.013948+00:00
NIFTY TOTAL MKT,NAVA,,2026-04-14T01:22:41.013948+00:00
NIFTY TOTAL MKT,BLUEJET,,2026-04-14T01:22:41.013948+00:00
NIFTY TOTAL MKT,ABSLAMC,,2026-04-14T01:22:41.013948+00:00
NIFTY TOTAL MKT,KEC,,2026-04-14T01:22:41.013948+00:00
NIFTY TOTAL MKT,PPLPHARMA,,2026-04-14T01:22:41.013948+00:00
NIFTY TOTAL MKT,SAILIFE,,2026-04-14T01:22:41.013948+00:00
NIFTY TOTAL MKT,OSWALPUMPS,,2026-04-14T01:22:41.013948+00:00
NIFTY TOTAL MKT,BAJAJHLDNG,,2026-04-14T01:22:41.013948+00:00
NIFTY TOTAL MKT,NEWGEN,,2026-04-14T01:22:41.013948+00:00
NIFTY TOTAL MKT,TATACAP,,2026-04-14T01:22:41.013948+00:00
NIFTY TOTAL MKT,LINDEINDIA,,2026-04-14T01:22:41.013948+00:00
NIFTY TOTAL MKT,TIMKEN,,2026-04-14T01:22:41.013948+00:00
NIFTY TOTAL MKT,BRIGADE,,2026-04-14T01:22:41.013948+00:00
NIFTY TOTAL MKT,PIIND,,2026-04-14T01:22:41.013948+00:00
NIFTY TOTAL MKT,APTUS,,2026-04-14T01:22:41.013948+00:00
NIFTY TOTAL MKT,CONCOR,,2026-04-14T01:22:41.013948+00:00
NIFTY TOTAL MKT,PCBL,,2026-04-14T01:22:41.013948+00:00
NIFTY TOTAL MKT,AWL,,2026-04-14T01:22:41.013948+00:00
NIFTY TOTAL MKT,LTTS,,2026-04-14T01:22:41.013948+00:00
NIFTY TOTAL MKT,EMCURE,,2026-04-14T01:22:41.013948+00:00
NIFTY TOTAL MKT,NH,,2026-04-14T01:22:41.013948+00:00
NIFTY TOTAL MKT,PTC,,2026-04-14T01:22:41.013948+00:00
NIFTY TOTAL MKT,SMLMAH,,2026-04-14T01:22:41.013948+00:00
NIFTY TOTAL MKT,GRANULES,,2026-04-14T01:22:41.013948+00:00
NIFTY TOTAL MKT,IIFL,,2026-04-14T01:22:41.013948+00:00
NIFTY TOTAL MKT,GICRE,,2026-04-14T01:22:41.013948+00:00
NIFTY TOTAL MKT,ECLERX,,2026-04-14T01:22:41.013948+00:00
NIFTY TOTAL MKT,JMFINANCIL,,2026-04-14T01:22:41.013948+00:00
NIFTY TOTAL MKT,CARTRADE,,2026-04-14T01:22:41.013948+00:00
NIFTY TOTAL MKT,MANYAVAR,,2026-04-14T01:22:41.013948+00:00
NIFTY TOTAL MKT,FIVESTAR,,2026-04-14T01:22:41.013948+00:00
NIFTY TOTAL MKT,ACE,,2026-04-14T01:22:41.013948+00:00
NIFTY TOTAL MKT,LEMONTREE,,2026-04-14T01:22:41.013948+00:00
NIFTY TOTAL MKT,CHAMBLFERT,,2026-04-14T01:22:41.013948+00:00
NIFTY TOTAL MKT,TATATECH,,2026-04-14T01:22:41.013948+00:00
NIFTY TOTAL MKT,PWL,,2026-04-14T01:22:41.013948+00:00
NIFTY TOTAL MKT,AAVAS,,2026-04-14T01:22:41.013948+00:00
NIFTY TOTAL MKT,SUNTV,,2026-04-14T01:22:41.013948+00:00
NIFTY TOTAL MKT,NCC,,2026-04-14T01:22:41.013948+00:00
NIFTY TOTAL MKT,DEEPAKNTR,,2026-04-14T01:22:41.013948+00:00
NIFTY TOTAL MKT,IRB,,2026-04-14T01:22:41.013948+00:00
NIFTY TOTAL MKT,RAILTEL,,2026-04-14T01:22:41.013948+00:00
NIFTY TOTAL MKT,ABREL,,2026-04-14T01:22:41.013948+00:00
NIFTY TOTAL MKT,SIGNATURE,,2026-04-14T01:22:41.013948+00:00
NIFTY TOTAL MKT,FINCABLES,,2026-04-14T01:22:41.013948+00:00
NIFTY TOTAL MKT,HONAUT,,2026-04-14T01:22:41.013948+00:00
NIFTY TOTAL MKT,JAINREC,,2026-04-14T01:22:41.013948+00:00
NIFTY TOTAL MKT,LALPATHLAB,,2026-04-14T01:22:41.013948+00:00
NIFTY TOTAL MKT,SWSOLAR,,2026-04-14T01:22:41.013948+00:00
NIFTY TOTAL MKT,BALKRISIND,,2026-04-14T01:22:41.013948+00:00
NIFTY TOTAL MKT,AFCONS,,2026-04-14T01:22:41.013948+00:00
NIFTY TOTAL MKT,DEVYANI,,2026-04-14T01:22:41.013948+00:00
NIFTY TOTAL MKT,ABDL,,2026-04-14T01:22:41.013948+00:00
NIFTY TOTAL MKT,BORORENEW,,2026-04-14T01:22:41.013948+00:00
NIFTY TOTAL MKT,ZFCVINDIA,,2026-04-14T01:22:41.013948+00:00
NIFTY TOTAL MKT,GSFC,,2026-04-14T01:22:41.013948+00:00
NIFTY TOTAL MKT,JAMNAAUTO,,2026-04-14T01:22:41.013948+00:00
NIFTY TOTAL MKT,RTNPOWER,,2026-04-14T01:22:41.013948+00:00
NIFTY TOTAL MKT,ELGIEQUIP,,2026-04-14T01:22:41.013948+00:00
NIFTY TOTAL MKT,POWERMECH,,2026-04-14T01:22:41.013948+00:00
NIFTY TOTAL MKT,HDBFS,,2026-04-14T01:22:41.013948+00:00
NIFTY TOTAL MKT,APOLLOTYRE,,2026-04-14T01:22:41.013948+00:00
NIFTY TOTAL MKT,PTCIL,,2026-04-14T01:22:41.013948+00:00
NIFTY TOTAL MKT,BALRAMCHIN,,2026-04-14T01:22:41.013948+00:00
NIFTY TOTAL MKT,ZAGGLE,,2026-04-14T01:22:41.013948+00:00
NIFTY TOTAL MKT,ASAHIINDIA,,2026-04-14T01:22:41.013948+00:00
NIFTY TOTAL MKT,SUNDARMFIN,,2026-04-14T01:22:41.013948+00:00
NIFTY TOTAL MKT,CEATLTD,,2026-04-14T01:22:41.013948+00:00
NIFTY TOTAL MKT,GOKEX,,2026-04-14T01:22:41.013948+00:00
NIFTY TOTAL MKT,VMART,,2026-04-14T01:22:41.013948+00:00
NIFTY TOTAL MKT,KNRCON,,2026-04-14T01:22:41.013948+00:00
NIFTY TOTAL MKT,KPRMILL,,2026-04-14T01:22:41.013948+00:00
NIFTY TOTAL MKT,DCBBANK,,2026-04-14T01:22:41.013948+00:00
NIFTY TOTAL MKT,GRWRHITECH,,2026-04-14T01:22:41.013948+00:00
NIFTY TOTAL MKT,NAZARA,,2026-04-14T01:22:41.013948+00:00
NIFTY TOTAL MKT,TANLA,,2026-04-14T01:22:41.013948+00:00
NIFTY TOTAL MKT,HAPPSTMNDS,,2026-04-14T01:22:41.013948+00:00
NIFTY TOTAL MKT,STAR,,2026-04-14T01:22:41.013948+00:00
NIFTY TOTAL MKT,SAATVIKGL,,2026-04-14T01:22:41.013948+00:00
NIFTY TOTAL MKT,TEXRAIL,,2026-04-14T01:22:41.013948+00:00
NIFTY TOTAL MKT,SKYGOLD,,2026-04-14T01:22:41.013948+00:00
NIFTY TOTAL MKT,LLOYDSENGG,,2026-04-14T01:22:41.013948+00:00
NIFTY TOTAL MKT,MOIL,,2026-04-14T01:22:41.013948+00:00
NIFTY TOTAL MKT,UBL,,2026-04-14T01:22:41.013948+00:00
NIFTY TOTAL MKT,HGINFRA,,2026-04-14T01:22:41.013948+00:00
NIFTY TOTAL MKT,DIACABS,,2026-04-14T01:22:41.013948+00:00
NIFTY TOTAL MKT,AXISCADES,,2026-04-14T01:22:41.013948+00:00
NIFTY TOTAL MKT,KAJARIACER,,2026-04-14T01:22:41.013948+00:00
NIFTY TOTAL MKT,MSUMI,,2026-04-14T01:22:41.013948+00:00
NIFTY TOTAL MKT,TIINDIA,,2026-04-14T01:22:41.013948+00:00
NIFTY TOTAL MKT,NUVAMA,,2026-04-14T01:22:41.013948+00:00
NIFTY TOTAL MKT,RRKABEL,,2026-04-14T01:22:41.013948+00:00
NIFTY TOTAL MKT,TTML,,2026-04-14T01:22:41.013948+00:00
NIFTY TOTAL MKT,DBREALTY,,2026-04-14T01:22:41.013948+00:00
NIFTY TOTAL MKT,AEGISLOG,,2026-04-14T01:22:41.013948+00:00
NIFTY TOTAL MKT,ASTERDM,,2026-04-14T01:22:41.013948+00:00
NIFTY TOTAL MKT,KSCL,,2026-04-14T01:22:41.013948+00:00
NIFTY TOTAL MKT,SBFC,,2026-04-14T01:22:41.013948+00:00
NIFTY TOTAL MKT,NSLNISP,,2026-04-14T01:22:41.013948+00:00
NIFTY TOTAL MKT,NETWORK18,,2026-04-14T01:22:41.013948+00:00
NIFTY TOTAL MKT,SCHNEIDER,,2026-04-14T01:22:41.013948+00:00
NIFTY TOTAL MKT,TRANSRAILL,,2026-04-14T01:22:41.013948+00:00
NIFTY TOTAL MKT,CHOLAHLDNG,,2026-04-14T01:22:41.013948+00:00
NIFTY TOTAL MKT,CCL,,2026-04-14T01:22:41.013948+00:00
NIFTY TOTAL MKT,ATLANTAELE,,2026-04-14T01:22:41.013948+00:00
NIFTY TOTAL MKT,HOMEFIRST,,2026-04-14T01:22:41.013948+00:00
NIFTY TOTAL MKT,BALUFORGE,,2026-04-14T01:22:41.013948+00:00
NIFTY TOTAL MKT,EMAMILTD,,2026-04-14T01:22:41.013948+00:00
NIFTY TOTAL MKT,CYIENT,,2026-04-14T01:22:41.013948+00:00
NIFTY TOTAL MKT,FACT,,2026-04-14T01:22:41.013948+00:00
NIFTY TOTAL MKT,ELECON,,2026-04-14T01:22:41.013948+00:00
NIFTY TOTAL MKT,INDIAMART,,2026-04-14T01:22:41.013948+00:00
NIFTY TOTAL MKT,JKPAPER,,2026-04-14T01:22:41.013948+00:00
NIFTY TOTAL MKT,MINDACORP,,2026-04-14T01:22:41.013948+00:00
NIFTY TOTAL MKT,WHIRLPOOL,,2026-04-14T01:22:41.013948+00:00
NIFTY TOTAL MKT,CRISIL,,2026-04-14T01:22:41.013948+00:00
NIFTY TOTAL MKT,ELECTCAST,,2026-04-14T01:22:41.013948+00:00
NIFTY TOTAL MKT,MIDHANI,,2026-04-14T01:22:41.013948+00:00
NIFTY TOTAL MKT,BAYERCROP,,2026-04-14T01:22:41.013948+00:00
NIFTY TOTAL MKT,CASTROLIND,,2026-04-14T01:22:41.013948+00:00
NIFTY TOTAL MKT,SYNGENE,,2026-04-14T01:22:41.013948+00:00
NIFTY TOTAL MKT,KIRLPNU,,2026-04-14T01:22:41.013948+00:00
NIFTY TOTAL MKT,ASTRAMICRO,,2026-04-14T01:22:41.013948+00:00
NIFTY TOTAL MKT,CREDITACC,,2026-04-14T01:22:41.013948+00:00
NIFTY TOTAL MKT,BHARTIHEXA,,2026-04-14T01:22:41.013948+00:00
NIFTY TOTAL MKT,VTL,,2026-04-14T01:22:41.013948+00:00
NIFTY TOTAL MKT,PIRAMALFIN,,2026-04-14T01:22:41.013948+00:00
NIFTY TOTAL MKT,EPL,,2026-04-14T01:22:41.013948+00:00
NIFTY TOTAL MKT,RCF,,2026-04-14T01:22:41.013948+00:00
NIFTY TOTAL MKT,SENCO,,2026-04-14T01:22:41.013948+00:00
NIFTY TOTAL MKT,RENUKA,,2026-04-14T01:22:41.013948+00:00
NIFTY TOTAL MKT,ASHAPURMIN,,2026-04-14T01:22:41.013948+00:00
NIFTY TOTAL MKT,AKUMS,,2026-04-14T01:22:41.013948+00:00
NIFTY TOTAL MKT,CSBBANK,,2026-04-14T01:22:41.013948+00:00
NIFTY TOTAL MKT,LTFOODS,,2026-04-14T01:22:41.013948+00:00
NIFTY TOTAL MKT,KIMS,,2026-04-14T01:22:41.013948+00:00
NIFTY TOTAL MKT,UCOBANK,,2026-04-14T01:22:41.013948+00:00
NIFTY TOTAL MKT,ZENSARTECH,,2026-04-14T01:22:41.013948+00:00
NIFTY TOTAL MKT,ALIVUS,,2026-04-14T01:22:41.013948+00:00
NIFTY TOTAL MKT,CCAVENUE,,2026-04-14T01:22:41.013948+00:00
NIFTY TOTAL MKT,LATENTVIEW,,2026-04-14T01:22:41.013948+00:00
NIFTY TOTAL MKT,GILLETTE,,2026-04-14T01:22:41.013948+00:00
NIFTY TOTAL MKT,DYNAMATECH,,2026-04-14T01:22:41.013948+00:00
NIFTY TOTAL MKT,JUSTDIAL,,2026-04-14T01:22:41.013948+00:00
NIFTY TOTAL MKT,ANTHEM,,2026-04-14T01:22:41.013948+00:00
NIFTY TOTAL MKT,SHARDACROP,,2026-04-14T01:22:41.013948+00:00
NIFTY TOTAL MKT,TECHNOE,,2026-04-14T01:22:41.013948+00:00
NIFTY TOTAL MKT,TRIDENT,,2026-04-14T01:22:41.013948+00:00
NIFTY TOTAL MKT,PVRINOX,,2026-04-14T01:22:41.013948+00:00
NIFTY TOTAL MKT,CRAMC,,2026-04-14T01:22:41.013948+00:00
NIFTY TOTAL MKT,ABBOTINDIA,,2026-04-14T01:22:41.013948+00:00
NIFTY TOTAL MKT,TENNIND,,2026-04-14T01:22:41.013948+00:00
NIFTY TOTAL MKT,LLOYDSENT,,2026-04-14T01:22:41.013948+00:00
NIFTY TOTAL MKT,LOTUSDEV,,2026-04-14T01:22:41.013948+00:00
NIFTY TOTAL MKT,GAEL,,2026-04-14T01:22:41.013948+00:00
NIFTY TOTAL MKT,CEMPRO,,2026-04-14T01:22:41.013948+00:00
NIFTY TOTAL MKT,GNFC,,2026-04-14T01:22:41.013948+00:00
NIFTY TOTAL MKT,GREAVESCOT,,2026-04-14T01:22:41.013948+00:00
NIFTY TOTAL MKT,CENTRALBK,,2026-04-14T01:22:41.013948+00:00
NIFTY TOTAL MKT,STYRENIX,,2026-04-14T01:22:41.013948+00:00
NIFTY TOTAL MKT,GABRIEL,,2026-04-14T01:22:41.013948+00:00
NIFTY TOTAL MKT,REFEX,,2026-04-14T01:22:41.013948+00:00
NIFTY TOTAL MKT,BSOFT,,2026-04-14T01:22:41.013948+00:00
NIFTY TOTAL MKT,RUBICON,,2026-04-14T01:22:41.013948+00:00
NIFTY TOTAL MKT,IMFA,,2026-04-14T01:22:41.013948+00:00
NIFTY TOTAL MKT,PRICOLLTD,,2026-04-14T01:22:41.013948+00:00
NIFTY TOTAL MKT,PARKHOSPS,,2026-04-14T01:22:41.013948+00:00
NIFTY TOTAL MKT,CERA,,2026-04-14T01:22:41.013948+00:00
NIFTY TOTAL MKT,UTLSOLAR,,2026-04-14T01:22:41.013948+00:00
NIFTY TOTAL MKT,EIDPARRY,,2026-04-14T01:22:41.013948+00:00
NIFTY TOTAL MKT,AURIONPRO,,2026-04-14T01:22:41.013948+00:00
NIFTY TOTAL MKT,EQUITASBNK,,2026-04-14T01:22:41.013948+00:00
NIFTY TOTAL MKT,RATEGAIN,,2026-04-14T01:22:41.013948+00:00
NIFTY TOTAL MKT,UTIAMC,,2026-04-14T01:22:41.013948+00:00
NIFTY TOTAL MKT,BBOX,,2026-04-14T01:22:41.013948+00:00
NIFTY TOTAL MKT,THOMASCOOK,,2026-04-14T01:22:41.013948+00:00
NIFTY TOTAL MKT,LXCHEM,,2026-04-14T01:22:41.013948+00:00
NIFTY TOTAL MKT,RAINBOW,,2026-04-14T01:22:41.013948+00:00
NIFTY TOTAL MKT,JSWCEMENT,,2026-04-14T01:22:41.013948+00:00
NIFTY TOTAL MKT,ESCORTS,,2026-04-14T01:22:41.013948+00:00
NIFTY TOTAL MKT,AIAENG,,2026-04-14T01:22:41.013948+00:00
NIFTY TOTAL MKT,SAPPHIRE,,2026-04-14T01:22:41.013948+00:00
NIFTY TOTAL MKT,IOB,,2026-04-14T01:22:41.013948+00:00
NIFTY TOTAL MKT,TMB,,2026-04-14T01:22:41.013948+00:00
NIFTY TOTAL MKT,GLAXO,,2026-04-14T01:22:41.013948+00:00
NIFTY TOTAL MKT,FSL,,2026-04-14T01:22:41.013948+00:00
NIFTY TOTAL MKT,BERGEPAINT,,2026-04-14T01:22:41.013948+00:00
NIFTY TOTAL MKT,AVALON,,2026-04-14T01:22:41.013948+00:00
NIFTY TOTAL MKT,GPPL,,2026-04-14T01:22:41.013948+00:00
NIFTY TOTAL MKT,BATAINDIA,,2026-04-14T01:22:41.013948+00:00
NIFTY TOTAL MKT,MAHSEAMLES,,2026-04-14T01:22:41.013948+00:00
NIFTY TOTAL MKT,AARTIPHARM,,2026-04-14T01:22:41.013948+00:00
NIFTY TOTAL MKT,CANFINHOME,,2026-04-14T01:22:41.013948+00:00
NIFTY TOTAL MKT,GSPL,,2026-04-14T01:22:41.013948+00:00
NIFTY TOTAL MKT,AKZOINDIA,,2026-04-14T01:22:41.013948+00:00
NIFTY TOTAL MKT,ALOKINDS,,2026-04-14T01:22:41.013948+00:00
NIFTY TOTAL MKT,TI,,2026-04-14T01:22:41.013948+00:00
NIFTY TOTAL MKT,MEDPLUS,,2026-04-14T01:22:41.013948+00:00
NIFTY TOTAL MKT,IPCALAB,,2026-04-14T01:22:41.013948+00:00
NIFTY TOTAL MKT,ANURAS,,2026-04-14T01:22:41.013948+00:00
NIFTY TOTAL MKT,BAJAJELEC,,2026-04-14T01:22:41.013948+00:00
NIFTY TOTAL MKT,ASHOKA,,2026-04-14T01:22:41.013948+00:00
NIFTY TOTAL MKT,GMRP&UI,,2026-04-14T01:22:41.013948+00:00
NIFTY TOTAL MKT,IIFLCAPS,,2026-04-14T01:22:41.013948+00:00
NIFTY TOTAL MKT,ENDURANCE,,2026-04-14T01:22:41.013948+00:00
NIFTY TOTAL MKT,V2RETAIL,,2026-04-14T01:22:41.013948+00:00
NIFTY TOTAL MKT,SWANCORP,,2026-04-14T01:22:41.013948+00:00
NIFTY TOTAL MKT,SPARC,,2026-04-14T01:22:41.013948+00:00
NIFTY TOTAL MKT,BBTC,,2026-04-14T01:22:41.013948+00:00
NIFTY TOTAL MKT,MEDANTA,,2026-04-14T01:22:41.013948+00:00
NIFTY TOTAL MKT,AVL,,2026-04-14T01:22:41.013948+00:00
NIFTY TOTAL MKT,FLUOROCHEM,,2026-04-14T01:22:41.013948+00:00
NIFTY TOTAL MKT,ERIS,,2026-04-14T01:22:41.013948+00:00
NIFTY TOTAL MKT,IXIGO,,2026-04-14T01:22:41.013948+00:00
NIFTY TOTAL MKT,MANORAMA,,2026-04-14T01:22:41.013948+00:00
NIFTY TOTAL MKT,RAYMONDLSL,,2026-04-14T01:22:41.013948+00:00
NIFTY TOTAL MKT,AIIL,,2026-04-14T01:22:41.013948+00:00
NIFTY TOTAL MKT,CAPLIPOINT,,2026-04-14T01:22:41.013948+00:00
NIFTY TOTAL MKT,BANCOINDIA,,2026-04-14T01:22:41.013948+00:00
NIFTY TOTAL MKT,CLEAN,,2026-04-14T01:22:41.013948+00:00
NIFTY TOTAL MKT,SAREGAMA,,2026-04-14T01:22:41.013948+00:00
NIFTY TOTAL MKT,IKS,,2026-04-14T01:22:41.013948+00:00
NIFTY TOTAL MKT,CIEINDIA,,2026-04-14T01:22:41.013948+00:00
NIFTY TOTAL MKT,KRBL,,2026-04-14T01:22:41.013948+00:00
NIFTY TOTAL MKT,INDIAGLYCO,,2026-04-14T01:22:41.013948+00:00
NIFTY TOTAL MKT,STARHEALTH,,2026-04-14T01:22:41.013948+00:00
NIFTY TOTAL MKT,RITES,,2026-04-14T01:22:41.013948+00:00
NIFTY TOTAL MKT,RKFORGE,,2026-04-14T01:22:41.013948+00:00
NIFTY TOTAL MKT,CMSINFO,,2026-04-14T01:22:41.013948+00:00
NIFTY TOTAL MKT,VIYASH,,2026-04-14T01:22:41.013948+00:00
NIFTY TOTAL MKT,BLUESTONE,,2026-04-14T01:22:41.013948+00:00
NIFTY TOTAL MKT,KITEX,,2026-04-14T01:22:41.013948+00:00
NIFTY TOTAL MKT,CELLO,,2026-04-14T01:22:41.013948+00:00
NIFTY TOTAL MKT,MMTC,,2026-04-14T01:22:41.013948+00:00
NIFTY TOTAL MKT,SOBHA,,2026-04-14T01:22:41.013948+00:00
NIFTY TOTAL MKT,IONEXCHANG,,2026-04-14T01:22:41.013948+00:00
NIFTY TOTAL MKT,AADHARHFC,,2026-04-14T01:22:41.013948+00:00
NIFTY TOTAL MKT,EIHOTEL,,2026-04-14T01:22:41.013948+00:00
NIFTY TOTAL MKT,KPIL,,2026-04-14T01:22:41.013948+00:00
NIFTY TOTAL MKT,CRAFTSMAN,,2026-04-14T01:22:41.013948+00:00
NIFTY TOTAL MKT,USHAMART,,2026-04-14T01:22:41.013948+00:00
NIFTY TOTAL MKT,INDIASHLTR,,2026-04-14T01:22:41.013948+00:00
NIFTY TOTAL MKT,NFL,,2026-04-14T01:22:41.013948+00:00
NIFTY TOTAL MKT,VGUARD,,2026-04-14T01:22:41.013948+00:00
NIFTY TOTAL MKT,JSLL,,2026-04-14T01:22:41.013948+00:00
NIFTY TOTAL MKT,RTNINDIA,,2026-04-14T01:22:41.013948+00:00
NIFTY TOTAL MKT,BLACKBUCK,,2026-04-14T01:22:41.013948+00:00
NIFTY TOTAL MKT,FINPIPE,,2026-04-14T01:22:41.013948+00:00
NIFTY TOTAL MKT,RAMCOCEM,,2026-04-14T01:22:41.013948+00:00
NIFTY TOTAL MKT,FIEMIND,,2026-04-14T01:22:41.013948+00:00
NIFTY TOTAL MKT,SURYAROSNI,,2026-04-14T01:22:41.013948+00:00
NIFTY TOTAL MKT,AEGISVOPAK,,2026-04-14T01:22:41.013948+00:00
NIFTY TOTAL MKT,3MINDIA,,2026-04-14T01:22:41.013948+00:00
NIFTY TOTAL MKT,ELLEN,,2026-04-14T01:22:41.013948+00:00
NIFTY TOTAL MKT,JAIBALAJI,,2026-04-14T01:22:41.013948+00:00
NIFTY TOTAL MKT,BALAMINES,,2026-04-14T01:22:41.013948+00:00
NIFTY TOTAL MKT,CANHLIFE,,2026-04-14T01:22:41.013948+00:00
NIFTY TOTAL MKT,EMBDL,,2026-04-14T01:22:41.013948+00:00
NIFTY TOTAL MKT,CGCL,,2026-04-14T01:22:41.013948+00:00
NIFTY TOTAL MKT,SHILPAMED,,2026-04-14T01:22:41.013948+00:00
NIFTY TOTAL MKT,GOKULAGRO,,2026-04-14T01:22:41.013948+00:00
NIFTY TOTAL MKT,CONCORDBIO,,2026-04-14T01:22:41.013948+00:00
NIFTY TOTAL MKT,THYROCARE,,2026-04-14T01:22:41.013948+00:00
NIFTY TOTAL MKT,FEDFINA,,2026-04-14T01:22:41.013948+00:00
NIFTY TOTAL MKT,WELSPUNLIV,,2026-04-14T01:22:41.013948+00:00
NIFTY TOTAL MKT,GLAND,,2026-04-14T01:22:41.013948+00:00
NIFTY TOTAL MKT,ARVIND,,2026-04-14T01:22:41.013948+00:00
NIFTY TOTAL MKT,POLYMED,,2026-04-14T01:22:41.013948+00:00
NIFTY TOTAL MKT,HEMIPROP,,2026-04-14T01:22:41.013948+00:00
NIFTY TOTAL MKT,AWFIS,,2026-04-14T01:22:41.013948+00:00
NIFTY TOTAL MKT,SONATSOFTW,,2026-04-14T01:22:41.013948+00:00
NIFTY TOTAL MKT,BLUEDART,,2026-04-14T01:22:41.013948+00:00
NIFTY TOTAL MKT,SKIPPER,,2026-04-14T01:22:41.013948+00:00
NIFTY TOTAL MKT,HERITGFOOD,,2026-04-14T01:22:41.013948+00:00
NIFTY TOTAL MKT,HEXT,,2026-04-14T01:22:41.013948+00:00
NIFTY TOTAL MKT,MARKSANS,,2026-04-14T01:22:41.013948+00:00
NIFTY TOTAL MKT,IGIL,,2026-04-14T01:22:41.013948+00:00
NIFTY TOTAL MKT,GHCL,,2026-04-14T01:22:41.013948+00:00
NIFTY TOTAL MKT,SHYAMMETL,,2026-04-14T01:22:41.013948+00:00
NIFTY TOTAL MKT,ENTERO,,2026-04-14T01:22:41.013948+00:00
NIFTY TOTAL MKT,INDIGOPNTS,,2026-04-14T01:22:41.013948+00:00
NIFTY TOTAL MKT,ANUP,,2026-04-14T01:22:41.013948+00:00
NIFTY TOTAL MKT,SHAREINDIA,,2026-04-14T01:22:41.013948+00:00
NIFTY TOTAL MKT,NUVOCO,,2026-04-14T01:22:41.013948+00:00
NIFTY TOTAL MKT,SAMHI,,2026-04-14T01:22:41.013948+00:00
NIFTY TOTAL MKT,TBOTEK,,2026-04-14T01:22:41.013948+00:00
NIFTY TOTAL MKT,CARBORUNIV,,2026-04-14T01:22:41.013948+00:00
NIFTY TOTAL MKT,JUBLINGREA,,2026-04-14T01:22:41.013948+00:00
NIFTY TOTAL MKT,TRIVENI,,2026-04-14T01:22:41.013948+00:00
NIFTY TOTAL MKT,ALKYLAMINE,,2026-04-14T01:22:41.013948+00:00
NIFTY TOTAL MKT,ABLBL,,2026-04-14T01:22:41.013948+00:00
NIFTY TOTAL MKT,PRUDENT,,2026-04-14T01:22:41.013948+00:00
NIFTY TOTAL MKT,MSTCLTD,,2026-04-14T01:22:41.013948+00:00
NIFTY TOTAL MKT,KANSAINER,,2026-04-14T01:22:41.013948+00:00
NIFTY TOTAL MKT,ICIL,,2026-04-14T01:22:41.013948+00:00
NIFTY TOTAL MKT,INDGN,,2026-04-14T01:22:41.013948+00:00
NIFTY TOTAL MKT,JYOTHYLAB,,2026-04-14T01:22:41.013948+00:00
NIFTY TOTAL MKT,ARVINDFASN,,2026-04-14T01:22:41.013948+00:00
NIFTY TOTAL MKT,TARC,,2026-04-14T01:22:41.013948+00:00
NIFTY TOTAL MKT,ETHOSLTD,,2026-04-14T01:22:41.013948+00:00
NIFTY TOTAL MKT,SUNTECK,,2026-04-14T01:22:41.013948+00:00
NIFTY TOTAL MKT,MAPMYINDIA,,2026-04-14T01:22:41.013948+00:00
NIFTY TOTAL MKT,NEOGEN,,2026-04-14T01:22:41.013948+00:00
NIFTY TOTAL MKT,TEGA,,2026-04-14T01:22:41.013948+00:00
NIFTY TOTAL MKT,AHLUCONT,,2026-04-14T01:22:41.013948+00:00
NIFTY TOTAL MKT,METROPOLIS,,2026-04-14T01:22:41.013948+00:00
NIFTY TOTAL MKT,EMIL,,2026-04-14T01:22:41.013948+00:00
NIFTY TOTAL MKT,AGARWALEYE,,2026-04-14T01:22:41.013948+00:00
NIFTY TOTAL MKT,VARROC,,2026-04-14T01:22:41.013948+00:00
NIFTY TOTAL MKT,SUMICHEM,,2026-04-14T01:22:41.013948+00:00
NIFTY TOTAL MKT,VAIBHAVGBL,,2026-04-14T01:22:41.013948+00:00
NIFTY TOTAL MKT,MASTEK,,2026-04-14T01:22:41.013948+00:00
NIFTY TOTAL MKT,SUDARSCHEM,,2026-04-14T01:22:41.013948+00:00
NIFTY TOTAL MKT,OPTIEMUS,,2026-04-14T01:22:41.013948+00:00
NIFTY TOTAL MKT,ROUTE,,2026-04-14T01:22:41.013948+00:00
NIFTY TOTAL MKT,RBA,,2026-04-14T01:22:41.013948+00:00
NIFTY TOTAL MKT,BECTORFOOD,,2026-04-14T01:22:41.013948+00:00
NIFTY TOTAL MKT,PICCADIL,,2026-04-14T01:22:41.013948+00:00
NIFTY TOTAL MKT,VIJAYA,,2026-04-14T01:22:41.013948+00:00
NIFTY TOTAL MKT,ATUL,,2026-04-14T01:22:41.013948+00:00
NIFTY TOTAL MKT,ORKLAINDIA,,2026-04-14T01:22:41.013948+00:00
NIFTY TOTAL MKT,THELEELA,,2026-04-14T01:22:41.013948+00:00
NIFTY TOTAL MKT,JSFB,,2026-04-14T01:22:41.013948+00:00
NIFTY TOTAL MKT,EUREKAFORB,,2026-04-14T01:22:41.013948+00:00
NIFTY TOTAL MKT,SUPRIYA,,2026-04-14T01:22:41.013948+00:00
NIFTY TOTAL MKT,DBL,,2026-04-14T01:22:41.013948+00:00
NIFTY TOTAL MKT,REDTAPE,,2026-04-14T01:22:41.013948+00:00
NIFTY TOTAL MKT,RELAXO,,2026-04-14T01:22:41.013948+00:00
NIFTY TOTAL MKT,GODREJIND,,2026-04-14T01:22:41.013948+00:00
NIFTY TOTAL MKT,PGIL,,2026-04-14T01:22:41.013948+00:00
NIFTY TOTAL MKT,ADVENZYMES,,2026-04-14T01:22:41.013948+00:00
NIFTY TOTAL MKT,BIRLACORPN,,2026-04-14T01:22:41.013948+00:00
NIFTY TOTAL MKT,PNCINFRA,,2026-04-14T01:22:41.013948+00:00
NIFTY TOTAL MKT,TIPSMUSIC,,2026-04-14T01:22:41.013948+00:00
NIFTY TOTAL MKT,DOMS,,2026-04-14T01:22:41.013948+00:00
NIFTY TOTAL MKT,JUBLPHARMA,,2026-04-14T01:22:41.013948+00:00
NIFTY TOTAL MKT,VIPIND,,2026-04-14T01:22:41.013948+00:00
NIFTY TOTAL MKT,AARTIDRUGS,,2026-04-14T01:22:41.013948+00:00
NIFTY TOTAL MKT,NESCO,,2026-04-14T01:22:41.013948+00:00
NIFTY TOTAL MKT,WELENT,,2026-04-14T01:22:41.013948+00:00
NIFTY TOTAL MKT,CIGNITITEC,,2026-04-14T01:22:41.013948+00:00
NIFTY TOTAL MKT,PFIZER,,2026-04-14T01:22:41.013948+00:00
NIFTY TOTAL MKT,SFL,,2026-04-14T01:22:41.013948+00:00
NIFTY TOTAL MKT,RALLIS,,2026-04-14T01:22:41.013948+00:00
NIFTY TOTAL MKT,ACI,,2026-04-14T01:22:41.013948+00:00
NIFTY TOTAL MKT,CHALET,,2026-04-14T01:22:41.013948+00:00
NIFTY TOTAL MKT,DATAMATICS,,2026-04-14T01:22:41.013948+00:00
NIFTY TOTAL MKT,TSFINV,,2026-04-14T01:22:41.013948+00:00
NIFTY TOTAL MKT,DCMSHRIRAM,,2026-04-14T01:22:41.013948+00:00
NIFTY TOTAL MKT,ASKAUTOLTD,,2026-04-14T01:22:41.013948+00:00
NIFTY TOTAL MKT,TRAVELFOOD,,2026-04-14T01:22:41.013948+00:00
NIFTY TOTAL MKT,JKLAKSHMI,,2026-04-14T01:22:41.013948+00:00
NIFTY TOTAL MKT,GODREJAGRO,,2026-04-14T01:22:41.013948+00:00
NIFTY TOTAL MKT,SUDEEPPHRM,,2026-04-14T01:22:41.013948+00:00
NIFTY TOTAL MKT,SAFARI,,2026-04-14T01:22:41.013948+00:00
NIFTY TOTAL MKT,NIVABUPA,,2026-04-14T01:22:41.013948+00:00
NIFTY TOTAL MKT,SPLPETRO,,2026-04-14T01:22:41.013948+00:00
NIFTY TOTAL MKT,BIKAJI,,2026-04-14T01:22:41.013948+00:00
NIFTY TOTAL MKT,INDIACEM,,2026-04-14T01:22:41.013948+00:00
NIFTY TOTAL MKT,WEWORK,,2026-04-14T01:22:41.013948+00:00
NIFTY TOTAL MKT,RHIM,,2026-04-14T01:22:41.013948+00:00
NIFTY TOTAL MKT,HCG,,2026-04-14T01:22:41.013948+00:00
NIFTY TOTAL MKT,CORONA,,2026-04-14T01:22:41.013948+00:00
NIFTY TOTAL MKT,IFBIND,,2026-04-14T01:22:41.013948+00:00
NIFTY TOTAL MKT,GODIGIT,,2026-04-14T01:22:41.013948+00:00
NIFTY TOTAL MKT,SUBROS,,2026-04-14T01:22:41.013948+00:00
NIFTY TOTAL MKT,APLLTD,,2026-04-14T01:22:41.013948+00:00
NIFTY TOTAL MKT,MAHSCOOTER,,2026-04-14T01:22:41.013948+00:00
NIFTY TOTAL MKT,CAMPUS,,2026-04-14T01:22:41.013948+00:00
NIFTY TOTAL MKT,CRIZAC,,2026-04-14T01:22:41.013948+00:00
NIFTY TOTAL MKT,SMARTWORKS,,2026-04-14T01:22:41.013948+00:00
NIFTY TOTAL MKT,STARCEMENT,,2026-04-14T01:22:41.013948+00:00
NIFTY TOTAL MKT,TVSSCS,,2026-04-14T01:22:41.013948+00:00
NIFTY TOTAL MKT,QUESS,,2026-04-14T01:22:41.013948+00:00
NIFTY TOTAL MKT,SKFINDIA,,2026-04-14T01:22:41.013948+00:00
NIFTY TOTAL MKT,ORIENTCEM,,2026-04-14T01:22:41.013948+00:00
NIFTY TOTAL MKT,CAPILLARY,,2026-04-14T01:22:41.013948+00:00
NIFTY TOTAL MKT,GMMPFAUDLR,,2026-04-14T01:22:41.013948+00:00
NIFTY TOTAL MKT,CENTURYPLY,,2026-04-14T01:22:41.013948+00:00
NIFTY TOTAL MKT,PRSMJOHNSN,,2026-04-14T01:22:41.013948+00:00
NIFTY TOTAL MKT,STYL,,2026-04-14T01:22:41.013948+00:00
NIFTY TOTAL MKT,SKFINDUS,,2026-04-14T01:22:41.013948+00:00
NIFTY TOTAL MKT,WESTLIFE,,2026-04-14T01:22:41.013948+00:00
NIFTY TOTAL MKT,JLHL,,2026-04-14T01:22:41.013948+00:00
NIFTY TOTAL MKT,WAKEFIT,,2026-04-14T01:22:41.013948+00:00
NIFTY MICROCAP250,EIEL,,2026-04-14T01:22:41.013948+00:00
NIFTY MICROCAP250,KRN,,2026-04-14T01:22:41.013948+00:00
NIFTY MICROCAP250,PURVA,,2026-04-14T01:22:41.013948+00:00
NIFTY MICROCAP250,MTARTECH,,2026-04-14T01:22:41.013948+00:00
NIFTY MICROCAP250,STLTECH,,2026-04-14T01:22:41.013948+00:00
NIFTY MICROCAP250,AVANTIFEED,,2026-04-14T01:22:41.013948+00:00
NIFTY MICROCAP250,INOXINDIA,,2026-04-14T01:22:41.013948+00:00
NIFTY MICROCAP250,APOLLO,,2026-04-14T01:22:41.013948+00:00
NIFTY MICROCAP250,WAAREERTL,,2026-04-14T01:22:41.013948+00:00
NIFTY MICROCAP250,TDPOWERSYS,,2026-04-14T01:22:41.013948+00:00
NIFTY MICROCAP250,JAYNECOIND,,2026-04-14T01:22:41.013948+00:00
NIFTY MICROCAP250,QPOWER,,2026-04-14T01:22:41.013948+00:00
NIFTY MICROCAP250,VIKRAMSOLR,,2026-04-14T01:22:41.013948+00:00
NIFTY MICROCAP250,PARAS,,2026-04-14T01:22:41.013948+00:00
NIFTY MICROCAP250,PRIVISCL,,2026-04-14T01:22:41.013948+00:00
NIFTY MICROCAP250,CUPID,,2026-04-14T01:22:41.013948+00:00
NIFTY MICROCAP250,LUMAXTECH,,2026-04-14T01:22:41.013948+00:00
NIFTY MICROCAP250,VOLTAMP,,2026-04-14T01:22:41.013948+00:00
NIFTY MICROCAP250,AEQUS,,2026-04-14T01:22:41.013948+00:00
NIFTY MICROCAP250,KIRLOSBROS,,2026-04-14T01:22:41.013948+00:00
NIFTY MICROCAP250,PRAJIND,,2026-04-14T01:22:41.013948+00:00
NIFTY MICROCAP250,INOXGREEN,,2026-04-14T01:22:41.013948+00:00
NIFTY MICROCAP250,HCC,,2026-04-14T01:22:41.013948+00:00
NIFTY MICROCAP250,AZAD,,2026-04-14T01:22:41.013948+00:00
NIFTY MICROCAP250,THANGAMAYL,,2026-04-14T01:22:41.013948+00:00
NIFTY MICROCAP250,SHRIPISTON,,2026-04-14T01:22:41.013948+00:00
NIFTY MICROCAP250,KPIGREEN,,2026-04-14T01:22:41.013948+00:00
NIFTY MICROCAP250,PCJEWELLER,,2026-04-14T01:22:41.013948+00:00
NIFTY MICROCAP250,UJJIVANSFB,,2026-04-14T01:22:41.013948+00:00
NIFTY MICROCAP250,SHAKTIPUMP,,2026-04-14T01:22:41.013948+00:00
NIFTY MICROCAP250,KSB,,2026-04-14T01:22:41.013948+00:00
NIFTY MICROCAP250,PNGJL,,2026-04-14T01:22:41.013948+00:00
NIFTY MICROCAP250,SANSERA,,2026-04-14T01:22:41.013948+00:00
NIFTY MICROCAP250,RELIGARE,,2026-04-14T01:22:41.013948+00:00
NIFTY MICROCAP250,SANDUMA,,2026-04-14T01:22:41.013948+00:00
NIFTY MICROCAP250,SOUTHBANK,,2026-04-14T01:22:41.013948+00:00
NIFTY MICROCAP250,TIMETECHNO,,2026-04-14T01:22:41.013948+00:00
NIFTY MICROCAP250,WEBELSOLAR,,2026-04-14T01:22:41.013948+00:00
NIFTY MICROCAP250,YATHARTH,,2026-04-14T01:22:41.013948+00:00
NIFTY MICROCAP250,PFOCUS,,2026-04-14T01:22:41.013948+00:00
NIFTY MICROCAP250,SHAILY,,2026-04-14T01:22:41.013948+00:00
NIFTY MICROCAP250,RAIN,,2026-04-14T01:22:41.013948+00:00
NIFTY MICROCAP250,KTKBANK,,2026-04-14T01:22:41.013948+00:00
NIFTY MICROCAP250,WABAG,,2026-04-14T01:22:41.013948+00:00
NIFTY MICROCAP250,EDELWEISS,,2026-04-14T01:22:41.013948+00:00
NIFTY MICROCAP250,AETHER,,2026-04-14T01:22:41.013948+00:00
NIFTY MICROCAP250,OSWALPUMPS,,2026-04-14T01:22:41.013948+00:00
NIFTY MICROCAP250,PTC,,2026-04-14T01:22:41.013948+00:00
NIFTY MICROCAP250,SMLMAH,,2026-04-14T01:22:41.013948+00:00
NIFTY MICROCAP250,MANYAVAR,,2026-04-14T01:22:41.013948+00:00
NIFTY MICROCAP250,SWSOLAR,,2026-04-14T01:22:41.013948+00:00
NIFTY MICROCAP250,BORORENEW,,2026-04-14T01:22:41.013948+00:00
NIFTY MICROCAP250,GSFC,,2026-04-14T01:22:41.013948+00:00
NIFTY MICROCAP250,JAMNAAUTO,,2026-04-14T01:22:41.013948+00:00
NIFTY MICROCAP250,RTNPOWER,,2026-04-14T01:22:41.013948+00:00
NIFTY MICROCAP250,POWERMECH,,2026-04-14T01:22:41.013948+00:00
NIFTY MICROCAP250,ZAGGLE,,2026-04-14T01:22:41.013948+00:00
NIFTY MICROCAP250,GOKEX,,2026-04-14T01:22:41.013948+00:00
NIFTY MICROCAP250,VMART,,2026-04-14T01:22:41.013948+00:00
NIFTY MICROCAP250,KNRCON,,2026-04-14T01:22:41.013948+00:00
NIFTY MICROCAP250,DCBBANK,,2026-04-14T01:22:41.013948+00:00
NIFTY MICROCAP250,GRWRHITECH,,2026-04-14T01:22:41.013948+00:00
NIFTY MICROCAP250,NAZARA,,2026-04-14T01:22:41.013948+00:00
NIFTY MICROCAP250,TANLA,,2026-04-14T01:22:41.013948+00:00
NIFTY MICROCAP250,HAPPSTMNDS,,2026-04-14T01:22:41.013948+00:00
NIFTY MICROCAP250,STAR,,2026-04-14T01:22:41.013948+00:00
NIFTY MICROCAP250,SAATVIKGL,,2026-04-14T01:22:41.013948+00:00
NIFTY MICROCAP250,TEXRAIL,,2026-04-14T01:22:41.013948+00:00
NIFTY MICROCAP250,SKYGOLD,,2026-04-14T01:22:41.013948+00:00
NIFTY MICROCAP250,LLOYDSENGG,,2026-04-14T01:22:41.013948+00:00
NIFTY MICROCAP250,MOIL,,2026-04-14T01:22:41.013948+00:00
NIFTY MICROCAP250,HGINFRA,,2026-04-14T01:22:41.013948+00:00
NIFTY MICROCAP250,DIACABS,,2026-04-14T01:22:41.013948+00:00
NIFTY MICROCAP250,AXISCADES,,2026-04-14T01:22:41.013948+00:00
NIFTY MICROCAP250,DBREALTY,,2026-04-14T01:22:41.013948+00:00
NIFTY MICROCAP250,KSCL,,2026-04-14T01:22:41.013948+00:00
NIFTY MICROCAP250,NETWORK18,,2026-04-14T01:22:41.013948+00:00
NIFTY MICROCAP250,TRANSRAILL,,2026-04-14T01:22:41.013948+00:00
NIFTY MICROCAP250,ATLANTAELE,,2026-04-14T01:22:41.013948+00:00
NIFTY MICROCAP250,BALUFORGE,,2026-04-14T01:22:41.013948+00:00
NIFTY MICROCAP250,JKPAPER,,2026-04-14T01:22:41.013948+00:00
NIFTY MICROCAP250,ELECTCAST,,2026-04-14T01:22:41.013948+00:00
NIFTY MICROCAP250,MIDHANI,,2026-04-14T01:22:41.013948+00:00
NIFTY MICROCAP250,KIRLPNU,,2026-04-14T01:22:41.013948+00:00
NIFTY MICROCAP250,ASTRAMICRO,,2026-04-14T01:22:41.013948+00:00
NIFTY MICROCAP250,EPL,,2026-04-14T01:22:41.013948+00:00
NIFTY MICROCAP250,RCF,,2026-04-14T01:22:41.013948+00:00
NIFTY MICROCAP250,SENCO,,2026-04-14T01:22:41.013948+00:00
NIFTY MICROCAP250,RENUKA,,2026-04-14T01:22:41.013948+00:00
NIFTY MICROCAP250,ASHAPURMIN,,2026-04-14T01:22:41.013948+00:00
NIFTY MICROCAP250,AKUMS,,2026-04-14T01:22:41.013948+00:00
NIFTY MICROCAP250,CSBBANK,,2026-04-14T01:22:41.013948+00:00
NIFTY MICROCAP250,ALIVUS,,2026-04-14T01:22:41.013948+00:00
NIFTY MICROCAP250,CCAVENUE,,2026-04-14T01:22:41.013948+00:00
NIFTY MICROCAP250,DYNAMATECH,,2026-04-14T01:22:41.013948+00:00
NIFTY MICROCAP250,JUSTDIAL,,2026-04-14T01:22:41.013948+00:00
NIFTY MICROCAP250,SHARDACROP,,2026-04-14T01:22:41.013948+00:00
NIFTY MICROCAP250,CRAMC,,2026-04-14T01:22:41.013948+00:00
NIFTY MICROCAP250,LLOYDSENT,,2026-04-14T01:22:41.013948+00:00
NIFTY MICROCAP250,LOTUSDEV,,2026-04-14T01:22:41.013948+00:00
NIFTY MICROCAP250,GAEL,,2026-04-14T01:22:41.013948+00:00
NIFTY MICROCAP250,GNFC,,2026-04-14T01:22:41.013948+00:00
NIFTY MICROCAP250,GREAVESCOT,,2026-04-14T01:22:41.013948+00:00
NIFTY MICROCAP250,STYRENIX,,2026-04-14T01:22:41.013948+00:00
NIFTY MICROCAP250,REFEX,,2026-04-14T01:22:41.013948+00:00
NIFTY MICROCAP250,RUBICON,,2026-04-14T01:22:41.013948+00:00
NIFTY MICROCAP250,IMFA,,2026-04-14T01:22:41.013948+00:00
NIFTY MICROCAP250,PRICOLLTD,,2026-04-14T01:22:41.013948+00:00
NIFTY MICROCAP250,PARKHOSPS,,2026-04-14T01:22:41.013948+00:00
NIFTY MICROCAP250,CERA,,2026-04-14T01:22:41.013948+00:00
NIFTY MICROCAP250,UTLSOLAR,,2026-04-14T01:22:41.013948+00:00
NIFTY MICROCAP250,AURIONPRO,,2026-04-14T01:22:41.013948+00:00
NIFTY MICROCAP250,EQUITASBNK,,2026-04-14T01:22:41.013948+00:00
NIFTY MICROCAP250,RATEGAIN,,2026-04-14T01:22:41.013948+00:00
NIFTY MICROCAP250,BBOX,,2026-04-14T01:22:41.013948+00:00
NIFTY MICROCAP250,THOMASCOOK,,2026-04-14T01:22:41.013948+00:00
NIFTY MICROCAP250,LXCHEM,,2026-04-14T01:22:41.013948+00:00
NIFTY MICROCAP250,TMB,,2026-04-14T01:22:41.013948+00:00
NIFTY MICROCAP250,AVALON,,2026-04-14T01:22:41.013948+00:00
NIFTY MICROCAP250,GPPL,,2026-04-14T01:22:41.013948+00:00
NIFTY MICROCAP250,MAHSEAMLES,,2026-04-14T01:22:41.013948+00:00
NIFTY MICROCAP250,AARTIPHARM,,2026-04-14T01:22:41.013948+00:00
NIFTY MICROCAP250,ALOKINDS,,2026-04-14T01:22:41.013948+00:00
NIFTY MICROCAP250,TI,,2026-04-14T01:22:41.013948+00:00
NIFTY MICROCAP250,MEDPLUS,,2026-04-14T01:22:41.013948+00:00
NIFTY MICROCAP250,BAJAJELEC,,2026-04-14T01:22:41.013948+00:00
NIFTY MICROCAP250,ASHOKA,,2026-04-14T01:22:41.013948+00:00
NIFTY MICROCAP250,GMRP&UI,,2026-04-14T01:22:41.013948+00:00
NIFTY MICROCAP250,IIFLCAPS,,2026-04-14T01:22:41.013948+00:00
NIFTY MICROCAP250,V2RETAIL,,2026-04-14T01:22:41.013948+00:00
NIFTY MICROCAP250,SPARC,,2026-04-14T01:22:41.013948+00:00
NIFTY MICROCAP250,AVL,,2026-04-14T01:22:41.013948+00:00
NIFTY MICROCAP250,IXIGO,,2026-04-14T01:22:41.013948+00:00
NIFTY MICROCAP250,MANORAMA,,2026-04-14T01:22:41.013948+00:00
NIFTY MICROCAP250,RAYMONDLSL,,2026-04-14T01:22:41.013948+00:00
NIFTY MICROCAP250,BANCOINDIA,,2026-04-14T01:22:41.013948+00:00
NIFTY MICROCAP250,CIEINDIA,,2026-04-14T01:22:41.013948+00:00
NIFTY MICROCAP250,KRBL,,2026-04-14T01:22:41.013948+00:00
NIFTY MICROCAP250,INDIAGLYCO,,2026-04-14T01:22:41.013948+00:00
NIFTY MICROCAP250,CMSINFO,,2026-04-14T01:22:41.013948+00:00
NIFTY MICROCAP250,VIYASH,,2026-04-14T01:22:41.013948+00:00
NIFTY MICROCAP250,BLUESTONE,,2026-04-14T01:22:41.013948+00:00
NIFTY MICROCAP250,KITEX,,2026-04-14T01:22:41.013948+00:00
NIFTY MICROCAP250,CELLO,,2026-04-14T01:22:41.013948+00:00
NIFTY MICROCAP250,IONEXCHANG,,2026-04-14T01:22:41.013948+00:00
NIFTY MICROCAP250,INDIASHLTR,,2026-04-14T01:22:41.013948+00:00
NIFTY MICROCAP250,NFL,,2026-04-14T01:22:41.013948+00:00
NIFTY MICROCAP250,VGUARD,,2026-04-14T01:22:41.013948+00:00
NIFTY MICROCAP250,JSLL,,2026-04-14T01:22:41.013948+00:00
NIFTY MICROCAP250,RTNINDIA,,2026-04-14T01:22:41.013948+00:00
NIFTY MICROCAP250,BLACKBUCK,,2026-04-14T01:22:41.013948+00:00
NIFTY MICROCAP250,FINPIPE,,2026-04-14T01:22:41.013948+00:00
NIFTY MICROCAP250,FIEMIND,,2026-04-14T01:22:41.013948+00:00
NIFTY MICROCAP250,SURYAROSNI,,2026-04-14T01:22:41.013948+00:00
NIFTY MICROCAP250,ELLEN,,2026-04-14T01:22:41.013948+00:00
NIFTY MICROCAP250,JAIBALAJI,,2026-04-14T01:22:41.013948+00:00
NIFTY MICROCAP250,BALAMINES,,2026-04-14T01:22:41.013948+00:00
NIFTY MICROCAP250,EMBDL,,2026-04-14T01:22:41.013948+00:00
NIFTY MICROCAP250,SHILPAMED,,2026-04-14T01:22:41.013948+00:00
NIFTY MICROCAP250,GOKULAGRO,,2026-04-14T01:22:41.013948+00:00
NIFTY MICROCAP250,THYROCARE,,2026-04-14T01:22:41.013948+00:00
NIFTY MICROCAP250,FEDFINA,,2026-04-14T01:22:41.013948+00:00
NIFTY MICROCAP250,ARVIND,,2026-04-14T01:22:41.013948+00:00
NIFTY MICROCAP250,HEMIPROP,,2026-04-14T01:22:41.013948+00:00
NIFTY MICROCAP250,AWFIS,,2026-04-14T01:22:41.013948+00:00
NIFTY MICROCAP250,SKIPPER,,2026-04-14T01:22:41.013948+00:00
NIFTY MICROCAP250,HERITGFOOD,,2026-04-14T01:22:41.013948+00:00
NIFTY MICROCAP250,MARKSANS,,2026-04-14T01:22:41.013948+00:00
NIFTY MICROCAP250,GHCL,,2026-04-14T01:22:41.013948+00:00
NIFTY MICROCAP250,ENTERO,,2026-04-14T01:22:41.013948+00:00
NIFTY MICROCAP250,INDIGOPNTS,,2026-04-14T01:22:41.013948+00:00
NIFTY MICROCAP250,ANUP,,2026-04-14T01:22:41.013948+00:00
NIFTY MICROCAP250,SHAREINDIA,,2026-04-14T01:22:41.013948+00:00
NIFTY MICROCAP250,SAMHI,,2026-04-14T01:22:41.013948+00:00
NIFTY MICROCAP250,TRIVENI,,2026-04-14T01:22:41.013948+00:00
NIFTY MICROCAP250,ALKYLAMINE,,2026-04-14T01:22:41.013948+00:00
NIFTY MICROCAP250,PRUDENT,,2026-04-14T01:22:41.013948+00:00
NIFTY MICROCAP250,MSTCLTD,,2026-04-14T01:22:41.013948+00:00
NIFTY MICROCAP250,KANSAINER,,2026-04-14T01:22:41.013948+00:00
NIFTY MICROCAP250,ICIL,,2026-04-14T01:22:41.013948+00:00
NIFTY MICROCAP250,JYOTHYLAB,,2026-04-14T01:22:41.013948+00:00
NIFTY MICROCAP250,ARVINDFASN,,2026-04-14T01:22:41.013948+00:00
NIFTY MICROCAP250,TARC,,2026-04-14T01:22:41.013948+00:00
NIFTY MICROCAP250,ETHOSLTD,,2026-04-14T01:22:41.013948+00:00
NIFTY MICROCAP250,SUNTECK,,2026-04-14T01:22:41.013948+00:00
NIFTY MICROCAP250,NEOGEN,,2026-04-14T01:22:41.013948+00:00
NIFTY MICROCAP250,AHLUCONT,,2026-04-14T01:22:41.013948+00:00
NIFTY MICROCAP250,METROPOLIS,,2026-04-14T01:22:41.013948+00:00
NIFTY MICROCAP250,EMIL,,2026-04-14T01:22:41.013948+00:00
NIFTY MICROCAP250,AGARWALEYE,,2026-04-14T01:22:41.013948+00:00
NIFTY MICROCAP250,VARROC,,2026-04-14T01:22:41.013948+00:00
NIFTY MICROCAP250,VAIBHAVGBL,,2026-04-14T01:22:41.013948+00:00
NIFTY MICROCAP250,MASTEK,,2026-04-14T01:22:41.013948+00:00
NIFTY MICROCAP250,SUDARSCHEM,,2026-04-14T01:22:41.013948+00:00
NIFTY MICROCAP250,OPTIEMUS,,2026-04-14T01:22:41.013948+00:00
NIFTY MICROCAP250,ROUTE,,2026-04-14T01:22:41.013948+00:00
NIFTY MICROCAP250,RBA,,2026-04-14T01:22:41.013948+00:00
NIFTY MICROCAP250,BECTORFOOD,,2026-04-14T01:22:41.013948+00:00
NIFTY MICROCAP250,PICCADIL,,2026-04-14T01:22:41.013948+00:00
NIFTY MICROCAP250,ORKLAINDIA,,2026-04-14T01:22:41.013948+00:00
NIFTY MICROCAP250,JSFB,,2026-04-14T01:22:41.013948+00:00
NIFTY MICROCAP250,EUREKAFORB,,2026-04-14T01:22:41.013948+00:00
NIFTY MICROCAP250,SUPRIYA,,2026-04-14T01:22:41.013948+00:00
NIFTY MICROCAP250,DBL,,2026-04-14T01:22:41.013948+00:00
NIFTY MICROCAP250,REDTAPE,,2026-04-14T01:22:41.013948+00:00
NIFTY MICROCAP250,RELAXO,,2026-04-14T01:22:41.013948+00:00
NIFTY MICROCAP250,PGIL,,2026-04-14T01:22:41.013948+00:00
NIFTY MICROCAP250,ADVENZYMES,,2026-04-14T01:22:41.013948+00:00
NIFTY MICROCAP250,BIRLACORPN,,2026-04-14T01:22:41.013948+00:00
NIFTY MICROCAP250,PNCINFRA,,2026-04-14T01:22:41.013948+00:00
NIFTY MICROCAP250,TIPSMUSIC,,2026-04-14T01:22:41.013948+00:00
NIFTY MICROCAP250,VIPIND,,2026-04-14T01:22:41.013948+00:00
NIFTY MICROCAP250,AARTIDRUGS,,2026-04-14T01:22:41.013948+00:00
NIFTY MICROCAP250,NESCO,,2026-04-14T01:22:41.013948+00:00
NIFTY MICROCAP250,WELENT,,2026-04-14T01:22:41.013948+00:00
NIFTY MICROCAP250,CIGNITITEC,,2026-04-14T01:22:41.013948+00:00
NIFTY MICROCAP250,SFL,,2026-04-14T01:22:41.013948+00:00
NIFTY MICROCAP250,RALLIS,,2026-04-14T01:22:41.013948+00:00
NIFTY MICROCAP250,ACI,,2026-04-14T01:22:41.013948+00:00
NIFTY MICROCAP250,DATAMATICS,,2026-04-14T01:22:41.013948+00:00
NIFTY MICROCAP250,TSFINV,,2026-04-14T01:22:41.013948+00:00
NIFTY MICROCAP250,ASKAUTOLTD,,2026-04-14T01:22:41.013948+00:00
NIFTY MICROCAP250,JKLAKSHMI,,2026-04-14T01:22:41.013948+00:00
NIFTY MICROCAP250,GODREJAGRO,,2026-04-14T01:22:41.013948+00:00
NIFTY MICROCAP250,SUDEEPPHRM,,2026-04-14T01:22:41.013948+00:00
NIFTY MICROCAP250,SAFARI,,2026-04-14T01:22:41.013948+00:00
NIFTY MICROCAP250,WEWORK,,2026-04-14T01:22:41.013948+00:00
NIFTY MICROCAP250,HCG,,2026-04-14T01:22:41.013948+00:00
NIFTY MICROCAP250,CORONA,,2026-04-14T01:22:41.013948+00:00
NIFTY MICROCAP250,IFBIND,,2026-04-14T01:22:41.013948+00:00
NIFTY MICROCAP250,SUBROS,,2026-04-14T01:22:41.013948+00:00
NIFTY MICROCAP250,APLLTD,,2026-04-14T01:22:41.013948+00:00
NIFTY MICROCAP250,MAHSCOOTER,,2026-04-14T01:22:41.013948+00:00
NIFTY MICROCAP250,CAMPUS,,2026-04-14T01:22:41.013948+00:00
NIFTY MICROCAP250,CRIZAC,,2026-04-14T01:22:41.013948+00:00
NIFTY MICROCAP250,SMARTWORKS,,2026-04-14T01:22:41.013948+00:00
NIFTY MICROCAP250,STARCEMENT,,2026-04-14T01:22:41.013948+00:00
NIFTY MICROCAP250,TVSSCS,,2026-04-14T01:22:41.013948+00:00
NIFTY MICROCAP250,QUESS,,2026-04-14T01:22:41.013948+00:00
NIFTY MICROCAP250,SKFINDIA,,2026-04-14T01:22:41.013948+00:00
NIFTY MICROCAP250,ORIENTCEM,,2026-04-14T01:22:41.013948+00:00
NIFTY MICROCAP250,CAPILLARY,,2026-04-14T01:22:41.013948+00:00
NIFTY MICROCAP250,GMMPFAUDLR,,2026-04-14T01:22:41.013948+00:00
NIFTY MICROCAP250,CENTURYPLY,,2026-04-14T01:22:41.013948+00:00
NIFTY MICROCAP250,PRSMJOHNSN,,2026-04-14T01:22:41.013948+00:00
NIFTY MICROCAP250,STYL,,2026-04-14T01:22:41.013948+00:00
NIFTY MICROCAP250,SKFINDUS,,2026-04-14T01:22:41.013948+00:00
NIFTY MICROCAP250,WESTLIFE,,2026-04-14T01:22:41.013948+00:00
NIFTY MICROCAP250,JLHL,,2026-04-14T01:22:41.013948+00:00
NIFTY MICROCAP250,WAKEFIT,,2026-04-14T01:22:41.013948+00:00
NIFTY500 LMS EQL,ICICIBANK,,2026-04-14T01:22:41.013948+00:00
NIFTY500 LMS EQL,RELIANCE,,2026-04-14T01:22:41.013948+00:00
NIFTY500 LMS EQL,HDFCBANK,,2026-04-14T01:22:41.013948+00:00
NIFTY500 LMS EQL,ATHERENERG,,2026-04-14T01:22:41.013948+00:00
NIFTY500 LMS EQL,BHARTIARTL,,2026-04-14T01:22:41.013948+00:00
NIFTY500 LMS EQL,BSE,,2026-04-14T01:22:41.013948+00:00
NIFTY500 LMS EQL,LT,,2026-04-14T01:22:41.013948+00:00
NIFTY500 LMS EQL,SBIN,,2026-04-14T01:22:41.013948+00:00
NIFTY500 LMS EQL,MARUTI,,2026-04-14T01:22:41.013948+00:00
NIFTY500 LMS EQL,ADANIPOWER,,2026-04-14T01:22:41.013948+00:00
NIFTY500 LMS EQL,ZYDUSWELL,,2026-04-14T01:22:41.013948+00:00
NIFTY500 LMS EQL,OLAELEC,,2026-04-14T01:22:41.013948+00:00
NIFTY500 LMS EQL,INFY,,2026-04-14T01:22:41.013948+00:00
NIFTY500 LMS EQL,MCX,,2026-04-14T01:22:41.013948+00:00
NIFTY500 LMS EQL,BHEL,,2026-04-14T01:22:41.013948+00:00
NIFTY500 LMS EQL,AXISBANK,,2026-04-14T01:22:41.013948+00:00
NIFTY500 LMS EQL,KOTAKBANK,,2026-04-14T01:22:41.013948+00:00
NIFTY500 LMS EQL,WAAREEENER,,2026-04-14T01:22:41.013948+00:00
NIFTY500 LMS EQL,ETERNAL,,2026-04-14T01:22:41.013948+00:00
NIFTY500 LMS EQL,TATACHEM,,2026-04-14T01:22:41.013948+00:00
NIFTY500 LMS EQL,M&M,,2026-04-14T01:22:41.013948+00:00
NIFTY500 LMS EQL,BAJFINANCE,,2026-04-14T01:22:41.013948+00:00
NIFTY500 LMS EQL,TATAINVEST,,2026-04-14T01:22:41.013948+00:00
NIFTY500 LMS EQL,NTPCGREEN,,2026-04-14T01:22:41.013948+00:00
NIFTY500 LMS EQL,VEDL,,2026-04-14T01:22:41.013948+00:00
NIFTY500 LMS EQL,TCS,,2026-04-14T01:22:41.013948+00:00
NIFTY500 LMS EQL,EICHERMOT,,2026-04-14T01:22:41.013948+00:00
NIFTY500 LMS EQL,GROWW,,2026-04-14T01:22:41.013948+00:00
NIFTY500 LMS EQL,TATAPOWER,,2026-04-14T01:22:41.013948+00:00
NIFTY500 LMS EQL,SHRIRAMFIN,,2026-04-14T01:22:41.013948+00:00
NIFTY500 LMS EQL,COALINDIA,,2026-04-14T01:22:41.013948+00:00
NIFTY500 LMS EQL,ADANIENT,,2026-04-14T01:22:41.013948+00:00
NIFTY500 LMS EQL,INDIGO,,2026-04-14T01:22:41.013948+00:00
NIFTY500 LMS EQL,ONGC,,2026-04-14T01:22:41.013948+00:00
NIFTY500 LMS EQL,BEL,,2026-04-14T01:22:41.013948+00:00
NIFTY500 LMS EQL,ADANIGREEN,,2026-04-14T01:22:41.013948+00:00
NIFTY500 LMS EQL,MAZDOCK,,2026-04-14T01:22:41.013948+00:00
NIFTY500 LMS EQL,HFCL,,2026-04-14T01:22:41.013948+00:00
NIFTY500 LMS EQL,SUNPHARMA,,2026-04-14T01:22:41.013948+00:00
NIFTY500 LMS EQL,POWERINDIA,,2026-04-14T01:22:41.013948+00:00
NIFTY500 LMS EQL,TMCV,,2026-04-14T01:22:41.013948+00:00
NIFTY500 LMS EQL,SUZLON,,2026-04-14T01:22:41.013948+00:00
NIFTY500 LMS EQL,DIXON,,2026-04-14T01:22:41.013948+00:00
NIFTY500 LMS EQL,NTPC,,2026-04-14T01:22:41.013948+00:00
NIFTY500 LMS EQL,JYOTICNC,,2026-04-14T01:22:41.013948+00:00
NIFTY500 LMS EQL,NATIONALUM,,2026-04-14T01:22:41.013948+00:00
NIFTY500 LMS EQL,ADANIPORTS,,2026-04-14T01:22:41.013948+00:00
NIFTY500 LMS EQL,TATASTEEL,,2026-04-14T01:22:41.013948+00:00
NIFTY500 LMS EQL,CHOLAFIN,,2026-04-14T01:22:41.013948+00:00
NIFTY500 LMS EQL,MOTHERSON,,2026-04-14T01:22:41.013948+00:00
NIFTY500 LMS EQL,ITC,,2026-04-14T01:22:41.013948+00:00
NIFTY500 LMS EQL,SAIL,,2026-04-14T01:22:41.013948+00:00
NIFTY500 LMS EQL,NIACL,,2026-04-14T01:22:41.013948+00:00
NIFTY500 LMS EQL,ADANIENSOL,,2026-04-14T01:22:41.013948+00:00
NIFTY500 LMS EQL,POWERGRID,,2026-04-14T01:22:41.013948+00:00
NIFTY500 LMS EQL,HINDALCO,,2026-04-14T01:22:41.013948+00:00
NIFTY500 LMS EQL,TMPV,,2026-04-14T01:22:41.013948+00:00
NIFTY500 LMS EQL,HAL,,2026-04-14T01:22:41.013948+00:00
NIFTY500 LMS EQL,WIPRO,,2026-04-14T01:22:41.013948+00:00
NIFTY500 LMS EQL,CUMMINSIND,,2026-04-14T01:22:41.013948+00:00
NIFTY500 LMS EQL,HINDUNILVR,,2026-04-14T01:22:41.013948+00:00
NIFTY500 LMS EQL,IDEA,,2026-04-14T01:22:41.013948+00:00
NIFTY500 LMS EQL,JSWENERGY,,2026-04-14T01:22:41.013948+00:00
NIFTY500 LMS EQL,ASIANPAINT,,2026-04-14T01:22:41.013948+00:00
NIFTY500 LMS EQL,HEROMOTOCO,,2026-04-14T01:22:41.013948+00:00
NIFTY500 LMS EQL,BPCL,,2026-04-14T01:22:41.013948+00:00
NIFTY500 LMS EQL,DMART,,2026-04-14T01:22:41.013948+00:00
NIFTY500 LMS EQL,KAYNES,,2026-04-14T01:22:41.013948+00:00
NIFTY500 LMS EQL,PFC,,2026-04-14T01:22:41.013948+00:00
NIFTY500 LMS EQL,TITAN,,2026-04-14T01:22:41.013948+00:00
NIFTY500 LMS EQL,VOLTAS,,2026-04-14T01:22:41.013948+00:00
NIFTY500 LMS EQL,ASHOKLEY,,2026-04-14T01:22:41.013948+00:00
NIFTY500 LMS EQL,OLECTRA,,2026-04-14T01:22:41.013948+00:00
NIFTY500 LMS EQL,POLYCAB,,2026-04-14T01:22:41.013948+00:00
NIFTY500 LMS EQL,JBMA,,2026-04-14T01:22:41.013948+00:00
NIFTY500 LMS EQL,AMBER,,2026-04-14T01:22:41.013948+00:00
NIFTY500 LMS EQL,JIOFIN,,2026-04-14T01:22:41.013948+00:00
NIFTY500 LMS EQL,APLAPOLLO,,2026-04-14T01:22:41.013948+00:00
NIFTY500 LMS EQL,BAJAJ-AUTO,,2026-04-14T01:22:41.013948+00:00
NIFTY500 LMS EQL,FORCEMOT,,2026-04-14T01:22:41.013948+00:00
NIFTY500 LMS EQL,SOLARINDS,,2026-04-14T01:22:41.013948+00:00
NIFTY500 LMS EQL,OIL,,2026-04-14T01:22:41.013948+00:00
NIFTY500 LMS EQL,GRSE,,2026-04-14T01:22:41.013948+00:00
NIFTY500 LMS EQL,HDFCLIFE,,2026-04-14T01:22:41.013948+00:00
NIFTY500 LMS EQL,UNIONBANK,,2026-04-14T01:22:41.013948+00:00
NIFTY500 LMS EQL,GRASIM,,2026-04-14T01:22:41.013948+00:00
NIFTY500 LMS EQL,GVT&D,,2026-04-14T01:22:41.013948+00:00
NIFTY500 LMS EQL,BANKBARODA,,2026-04-14T01:22:41.013948+00:00
NIFTY500 LMS EQL,HINDCOPPER,,2026-04-14T01:22:41.013948+00:00
NIFTY500 LMS EQL,RPOWER,,2026-04-14T01:22:41.013948+00:00
NIFTY500 LMS EQL,HINDPETRO,,2026-04-14T01:22:41.013948+00:00
NIFTY500 LMS EQL,HCLTECH,,2026-04-14T01:22:41.013948+00:00
NIFTY500 LMS EQL,IOC,,2026-04-14T01:22:41.013948+00:00
NIFTY500 LMS EQL,TORNTPHARM,,2026-04-14T01:22:41.013948+00:00
NIFTY500 LMS EQL,CDSL,,2026-04-14T01:22:41.013948+00:00
NIFTY500 LMS EQL,CANBK,,2026-04-14T01:22:41.013948+00:00
NIFTY500 LMS EQL,SONACOMS,,2026-04-14T01:22:41.013948+00:00
NIFTY500 LMS EQL,ONESOURCE,,2026-04-14T01:22:41.013948+00:00
NIFTY500 LMS EQL,ATGL,,2026-04-14T01:22:41.013948+00:00
NIFTY500 LMS EQL,SARDAEN,,2026-04-14T01:22:41.013948+00:00
NIFTY500 LMS EQL,GMDCLTD,,2026-04-14T01:22:41.013948+00:00
NIFTY500 LMS EQL,ACMESOLAR,,2026-04-14T01:22:41.013948+00:00
NIFTY500 LMS EQL,HDFCAMC,,2026-04-14T01:22:41.013948+00:00
NIFTY500 LMS EQL,COHANCE,,2026-04-14T01:22:41.013948+00:00
NIFTY500 LMS EQL,ULTRACEMCO,,2026-04-14T01:22:41.013948+00:00
NIFTY500 LMS EQL,SWIGGY,,2026-04-14T01:22:41.013948+00:00
NIFTY500 LMS EQL,DATAPATTNS,,2026-04-14T01:22:41.013948+00:00
NIFTY500 LMS EQL,PREMIERENE,,2026-04-14T01:22:41.013948+00:00
NIFTY500 LMS EQL,NMDC,,2026-04-14T01:22:41.013948+00:00
NIFTY500 LMS EQL,PERSISTENT,,2026-04-14T01:22:41.013948+00:00
NIFTY500 LMS EQL,COFORGE,,2026-04-14T01:22:41.013948+00:00
NIFTY500 LMS EQL,GAIL,,2026-04-14T01:22:41.013948+00:00
NIFTY500 LMS EQL,DLF,,2026-04-14T01:22:41.013948+00:00
NIFTY500 LMS EQL,TVSMOTOR,,2026-04-14T01:22:41.013948+00:00
NIFTY500 LMS EQL,COCHINSHIP,,2026-04-14T01:22:41.013948+00:00
NIFTY500 LMS EQL,APOLLOHOSP,,2026-04-14T01:22:41.013948+00:00
NIFTY500 LMS EQL,VBL,,2026-04-14T01:22:41.013948+00:00
NIFTY500 LMS EQL,MAXHEALTH,,2026-04-14T01:22:41.013948+00:00
NIFTY500 LMS EQL,JPPOWER,,2026-04-14T01:22:41.013948+00:00
NIFTY500 LMS EQL,ANANDRATHI,,2026-04-14T01:22:41.013948+00:00
NIFTY500 LMS EQL,TARIL,,2026-04-14T01:22:41.013948+00:00
NIFTY500 LMS EQL,BAJAJFINSV,,2026-04-14T01:22:41.013948+00:00
NIFTY500 LMS EQL,ABB,,2026-04-14T01:22:41.013948+00:00
NIFTY500 LMS EQL,POLICYBZR,,2026-04-14T01:22:41.013948+00:00
NIFTY500 LMS EQL,PAYTM,,2026-04-14T01:22:41.013948+00:00
NIFTY500 LMS EQL,BOSCHLTD,,2026-04-14T01:22:41.013948+00:00
NIFTY500 LMS EQL,LODHA,,2026-04-14T01:22:41.013948+00:00
NIFTY500 LMS EQL,FEDERALBNK,,2026-04-14T01:22:41.013948+00:00
NIFTY500 LMS EQL,BHARATFORG,,2026-04-14T01:22:41.013948+00:00
NIFTY500 LMS EQL,THERMAX,,2026-04-14T01:22:41.013948+00:00
NIFTY500 LMS EQL,PNB,,2026-04-14T01:22:41.013948+00:00
NIFTY500 LMS EQL,CIPLA,,2026-04-14T01:22:41.013948+00:00
NIFTY500 LMS EQL,BRITANNIA,,2026-04-14T01:22:41.013948+00:00
NIFTY500 LMS EQL,INOXWIND,,2026-04-14T01:22:41.013948+00:00
NIFTY500 LMS EQL,ANGELONE,,2026-04-14T01:22:41.013948+00:00
NIFTY500 LMS EQL,RECLTD,,2026-04-14T01:22:41.013948+00:00
NIFTY500 LMS EQL,LICI,,2026-04-14T01:22:41.013948+00:00
NIFTY500 LMS EQL,MUTHOOTFIN,,2026-04-14T01:22:41.013948+00:00
NIFTY500 LMS EQL,AUROPHARMA,,2026-04-14T01:22:41.013948+00:00
NIFTY500 LMS EQL,TECHM,,2026-04-14T01:22:41.013948+00:00
NIFTY500 LMS EQL,TATACONSUM,,2026-04-14T01:22:41.013948+00:00
NIFTY500 LMS EQL,ICICIAMC,,2026-04-14T01:22:41.013948+00:00
NIFTY500 LMS EQL,DRREDDY,,2026-04-14T01:22:41.013948+00:00
NIFTY500 LMS EQL,PRESTIGE,,2026-04-14T01:22:41.013948+00:00
NIFTY500 LMS EQL,LUPIN,,2026-04-14T01:22:41.013948+00:00
NIFTY500 LMS EQL,HBLENGINE,,2026-04-14T01:22:41.013948+00:00
NIFTY500 LMS EQL,UNITDSPR,,2026-04-14T01:22:41.013948+00:00
NIFTY500 LMS EQL,BANKINDIA,,2026-04-14T01:22:41.013948+00:00
NIFTY500 LMS EQL,SRF,,2026-04-14T01:22:41.013948+00:00
NIFTY500 LMS EQL,POONAWALLA,,2026-04-14T01:22:41.013948+00:00
NIFTY500 LMS EQL,BDL,,2026-04-14T01:22:41.013948+00:00
NIFTY500 LMS EQL,NESTLEIND,,2026-04-14T01:22:41.013948+00:00
NIFTY500 LMS EQL,TRENT,,2026-04-14T01:22:41.013948+00:00
NIFTY500 LMS EQL,HYUNDAI,,2026-04-14T01:22:41.013948+00:00
NIFTY500 LMS EQL,MARICO,,2026-04-14T01:22:41.013948+00:00
NIFTY500 LMS EQL,WELCORP,,2026-04-14T01:22:41.013948+00:00
NIFTY500 LMS EQL,LGEINDIA,,2026-04-14T01:22:41.013948+00:00
NIFTY500 LMS EQL,IRFC,,2026-04-14T01:22:41.013948+00:00
NIFTY500 LMS EQL,GLENMARK,,2026-04-14T01:22:41.013948+00:00
NIFTY500 LMS EQL,NETWEB,,2026-04-14T01:22:41.013948+00:00
NIFTY500 LMS EQL,GODREJPROP,,2026-04-14T01:22:41.013948+00:00
NIFTY500 LMS EQL,HINDZINC,,2026-04-14T01:22:41.013948+00:00
NIFTY500 LMS EQL,PGEL,,2026-04-14T01:22:41.013948+00:00
NIFTY500 LMS EQL,GALLANTT,,2026-04-14T01:22:41.013948+00:00
NIFTY500 LMS EQL,CGPOWER,,2026-04-14T01:22:41.013948+00:00
NIFTY500 LMS EQL,KEI,,2026-04-14T01:22:41.013948+00:00
NIFTY500 LMS EQL,INDIANB,,2026-04-14T01:22:41.013948+00:00
NIFTY500 LMS EQL,LAURUSLABS,,2026-04-14T01:22:41.013948+00:00
NIFTY500 LMS EQL,TEJASNET,,2026-04-14T01:22:41.013948+00:00
NIFTY500 LMS EQL,GMRAIRPORT,,2026-04-14T01:22:41.013948+00:00
NIFTY500 LMS EQL,HSCL,,2026-04-14T01:22:41.013948+00:00
NIFTY500 LMS EQL,CHENNPETRO,,2026-04-14T01:22:41.013948+00:00
NIFTY500 LMS EQL,BLUESTARCO,,2026-04-14T01:22:41.013948+00:00
NIFTY500 LMS EQL,APARINDS,,2026-04-14T01:22:41.013948+00:00
NIFTY500 LMS EQL,MANKIND,,2026-04-14T01:22:41.013948+00:00
NIFTY500 LMS EQL,AUBANK,,2026-04-14T01:22:41.013948+00:00
NIFTY500 LMS EQL,LENSKART,,2026-04-14T01:22:41.013948+00:00
NIFTY500 LMS EQL,INDHOTEL,,2026-04-14T01:22:41.013948+00:00
NIFTY500 LMS EQL,LTF,,2026-04-14T01:22:41.013948+00:00
NIFTY500 LMS EQL,JINDALSTEL,,2026-04-14T01:22:41.013948+00:00
NIFTY500 LMS EQL,RVNL,,2026-04-14T01:22:41.013948+00:00
NIFTY500 LMS EQL,SCI,,2026-04-14T01:22:41.013948+00:00
NIFTY500 LMS EQL,KALYANKJIL,,2026-04-14T01:22:41.013948+00:00
NIFTY500 LMS EQL,YESBANK,,2026-04-14T01:22:41.013948+00:00
NIFTY500 LMS EQL,MAHABANK,,2026-04-14T01:22:41.013948+00:00
NIFTY500 LMS EQL,DIVISLAB,,2026-04-14T01:22:41.013948+00:00
NIFTY500 LMS EQL,INDUSINDBK,,2026-04-14T01:22:41.013948+00:00
NIFTY500 LMS EQL,IDFCFIRSTB,,2026-04-14T01:22:41.013948+00:00
NIFTY500 LMS EQL,SUPREMEIND,,2026-04-14T01:22:41.013948+00:00
NIFTY500 LMS EQL,JSWSTEEL,,2026-04-14T01:22:41.013948+00:00
NIFTY500 LMS EQL,EMMVEE,,2026-04-14T01:22:41.013948+00:00
NIFTY500 LMS EQL,BIOCON,,2026-04-14T01:22:41.013948+00:00
NIFTY500 LMS EQL,SBILIFE,,2026-04-14T01:22:41.013948+00:00
NIFTY500 LMS EQL,VMM,,2026-04-14T01:22:41.013948+00:00
NIFTY500 LMS EQL,HAVELLS,,2026-04-14T01:22:41.013948+00:00
NIFTY500 LMS EQL,INDUSTOWER,,2026-04-14T01:22:41.013948+00:00
NIFTY500 LMS EQL,NAM-INDIA,,2026-04-14T01:22:41.013948+00:00
NIFTY500 LMS EQL,JBCHEPHARM,,2026-04-14T01:22:41.013948+00:00
NIFTY500 LMS EQL,GODREJCP,,2026-04-14T01:22:41.013948+00:00
NIFTY500 LMS EQL,SAMMAANCAP,,2026-04-14T01:22:41.013948+00:00
NIFTY500 LMS EQL,GODFRYPHLP,,2026-04-14T01:22:41.013948+00:00
NIFTY500 LMS EQL,ZEEL,,2026-04-14T01:22:41.013948+00:00
NIFTY500 LMS EQL,NHPC,,2026-04-14T01:22:41.013948+00:00
NIFTY500 LMS EQL,IREDA,,2026-04-14T01:22:41.013948+00:00
NIFTY500 LMS EQL,SIEMENS,,2026-04-14T01:22:41.013948+00:00
NIFTY500 LMS EQL,UPL,,2026-04-14T01:22:41.013948+00:00
NIFTY500 LMS EQL,BELRISE,,2026-04-14T01:22:41.013948+00:00
NIFTY500 LMS EQL,NAUKRI,,2026-04-14T01:22:41.013948+00:00
NIFTY500 LMS EQL,ASTRAL,,2026-04-14T01:22:41.013948+00:00
NIFTY500 LMS EQL,PETRONET,,2026-04-14T01:22:41.013948+00:00
NIFTY500 LMS EQL,OBEROIRLTY,,2026-04-14T01:22:41.013948+00:00
NIFTY500 LMS EQL,GPIL,,2026-04-14T01:22:41.013948+00:00
NIFTY500 LMS EQL,HUDCO,,2026-04-14T01:22:41.013948+00:00
NIFTY500 LMS EQL,TORNTPOWER,,2026-04-14T01:22:41.013948+00:00
NIFTY500 LMS EQL,MANAPPURAM,,2026-04-14T01:22:41.013948+00:00
NIFTY500 LMS EQL,ENGINERSIN,,2026-04-14T01:22:41.013948+00:00
NIFTY500 LMS EQL,AMBUJACEM,,2026-04-14T01:22:41.013948+00:00
NIFTY500 LMS EQL,AARTIIND,,2026-04-14T01:22:41.013948+00:00
NIFTY500 LMS EQL,EXIDEIND,,2026-04-14T01:22:41.013948+00:00
NIFTY500 LMS EQL,URBANCO,,2026-04-14T01:22:41.013948+00:00
NIFTY500 LMS EQL,IDBI,,2026-04-14T01:22:41.013948+00:00
NIFTY500 LMS EQL,PIDILITIND,,2026-04-14T01:22:41.013948+00:00
NIFTY500 LMS EQL,WOCKPHARMA,,2026-04-14T01:22:41.013948+00:00
NIFTY500 LMS EQL,ABCAPITAL,,2026-04-14T01:22:41.013948+00:00
NIFTY500 LMS EQL,BANDHANBNK,,2026-04-14T01:22:41.013948+00:00
NIFTY500 LMS EQL,MFSL,,2026-04-14T01:22:41.013948+00:00
NIFTY500 LMS EQL,ENRIN,,2026-04-14T01:22:41.013948+00:00
NIFTY500 LMS EQL,ANANTRAJ,,2026-04-14T01:22:41.013948+00:00
NIFTY500 LMS EQL,IGL,,2026-04-14T01:22:41.013948+00:00
NIFTY500 LMS EQL,MRPL,,2026-04-14T01:22:41.013948+00:00
NIFTY500 LMS EQL,ALKEM,,2026-04-14T01:22:41.013948+00:00
NIFTY500 LMS EQL,JUBLFOOD,,2026-04-14T01:22:41.013948+00:00
NIFTY500 LMS EQL,KPITTECH,,2026-04-14T01:22:41.013948+00:00
NIFTY500 LMS EQL,MRF,,2026-04-14T01:22:41.013948+00:00
NIFTY500 LMS EQL,ACUTAAS,,2026-04-14T01:22:41.013948+00:00
NIFTY500 LMS EQL,UNOMINDA,,2026-04-14T01:22:41.013948+00:00
NIFTY500 LMS EQL,PAGEIND,,2026-04-14T01:22:41.013948+00:00
NIFTY500 LMS EQL,DELHIVERY,,2026-04-14T01:22:41.013948+00:00
NIFTY500 LMS EQL,ZENTEC,,2026-04-14T01:22:41.013948+00:00
NIFTY500 LMS EQL,SYRMA,,2026-04-14T01:22:41.013948+00:00
NIFTY500 LMS EQL,MEESHO,,2026-04-14T01:22:41.013948+00:00
NIFTY500 LMS EQL,NLCINDIA,,2026-04-14T01:22:41.013948+00:00
NIFTY500 LMS EQL,KFINTECH,,2026-04-14T01:22:41.013948+00:00
NIFTY500 LMS EQL,CPPLUS,,2026-04-14T01:22:41.013948+00:00
NIFTY500 LMS EQL,RADICO,,2026-04-14T01:22:41.013948+00:00
NIFTY500 LMS EQL,SBICARD,,2026-04-14T01:22:41.013948+00:00
NIFTY500 LMS EQL,FORTIS,,2026-04-14T01:22:41.013948+00:00
NIFTY500 LMS EQL,COLPAL,,2026-04-14T01:22:41.013948+00:00
NIFTY500 LMS EQL,HEG,,2026-04-14T01:22:41.013948+00:00
NIFTY500 LMS EQL,NBCC,,2026-04-14T01:22:41.013948+00:00
NIFTY500 LMS EQL,IEX,,2026-04-14T01:22:41.013948+00:00
NIFTY500 LMS EQL,LLOYDSME,,2026-04-14T01:22:41.013948+00:00
NIFTY500 LMS EQL,LTM,,2026-04-14T01:22:41.013948+00:00
NIFTY500 LMS EQL,JSL,,2026-04-14T01:22:41.013948+00:00
NIFTY500 LMS EQL,KARURVYSYA,,2026-04-14T01:22:41.013948+00:00
NIFTY500 LMS EQL,NEULANDLAB,,2026-04-14T01:22:41.013948+00:00
NIFTY500 LMS EQL,IFCI,,2026-04-14T01:22:41.013948+00:00
NIFTY500 LMS EQL,NYKAA,,2026-04-14T01:22:41.013948+00:00
NIFTY500 LMS EQL,RBLBANK,,2026-04-14T01:22:41.013948+00:00
NIFTY500 LMS EQL,HONASA,,2026-04-14T01:22:41.013948+00:00
NIFTY500 LMS EQL,PINELABS,,2026-04-14T01:22:41.013948+00:00
NIFTY500 LMS EQL,NAVINFLUOR,,2026-04-14T01:22:41.013948+00:00
NIFTY500 LMS EQL,PNBHOUSING,,2026-04-14T01:22:41.013948+00:00
NIFTY500 LMS EQL,JKCEMENT,,2026-04-14T01:22:41.013948+00:00
NIFTY500 LMS EQL,GRAPHITE,,2026-04-14T01:22:41.013948+00:00
NIFTY500 LMS EQL,PATANJALI,,2026-04-14T01:22:41.013948+00:00
NIFTY500 LMS EQL,ITCHOTELS,,2026-04-14T01:22:41.013948+00:00
NIFTY500 LMS EQL,ABFRL,,2026-04-14T01:22:41.013948+00:00
NIFTY500 LMS EQL,LICHSGFIN,,2026-04-14T01:22:41.013948+00:00
NIFTY500 LMS EQL,GESHIP,,2026-04-14T01:22:41.013948+00:00
NIFTY500 LMS EQL,CAMS,,2026-04-14T01:22:41.013948+00:00
NIFTY500 LMS EQL,CHOICEIN,,2026-04-14T01:22:41.013948+00:00
NIFTY500 LMS EQL,BAJAJHFL,,2026-04-14T01:22:41.013948+00:00
NIFTY500 LMS EQL,360ONE,,2026-04-14T01:22:41.013948+00:00
NIFTY500 LMS EQL,REDINGTON,,2026-04-14T01:22:41.013948+00:00
NIFTY500 LMS EQL,MOTILALOFS,,2026-04-14T01:22:41.013948+00:00
NIFTY500 LMS EQL,PHOENIXLTD,,2026-04-14T01:22:41.013948+00:00
NIFTY500 LMS EQL,KIRLOSENG,,2026-04-14T01:22:41.013948+00:00
NIFTY500 LMS EQL,SHREECEM,,2026-04-14T01:22:41.013948+00:00
NIFTY500 LMS EQL,ICICIGI,,2026-04-14T01:22:41.013948+00:00
NIFTY500 LMS EQL,IRCTC,,2026-04-14T01:22:41.013948+00:00
NIFTY500 LMS EQL,NATCOPHARM,,2026-04-14T01:22:41.013948+00:00
NIFTY500 LMS EQL,CESC,,2026-04-14T01:22:41.013948+00:00
NIFTY500 LMS EQL,TATAELXSI,,2026-04-14T01:22:41.013948+00:00
NIFTY500 LMS EQL,SJVN,,2026-04-14T01:22:41.013948+00:00
NIFTY500 LMS EQL,JWL,,2026-04-14T01:22:41.013948+00:00
NIFTY500 LMS EQL,BEML,,2026-04-14T01:22:41.013948+00:00
NIFTY500 LMS EQL,AFFLE,,2026-04-14T01:22:41.013948+00:00
NIFTY500 LMS EQL,TRITURBINE,,2026-04-14T01:22:41.013948+00:00
NIFTY500 LMS EQL,DALBHARAT,,2026-04-14T01:22:41.013948+00:00
NIFTY500 LMS EQL,JINDALSAW,,2026-04-14T01:22:41.013948+00:00
NIFTY500 LMS EQL,ITI,,2026-04-14T01:22:41.013948+00:00
NIFTY500 LMS EQL,ZYDUSLIFE,,2026-04-14T01:22:41.013948+00:00
NIFTY500 LMS EQL,TITAGARH,,2026-04-14T01:22:41.013948+00:00
NIFTY500 LMS EQL,MPHASIS,,2026-04-14T01:22:41.013948+00:00
NIFTY500 LMS EQL,ICICIPRULI,,2026-04-14T01:22:41.013948+00:00
NIFTY500 LMS EQL,PARADEEP,,2026-04-14T01:22:41.013948+00:00
NIFTY500 LMS EQL,BLS,,2026-04-14T01:22:41.013948+00:00
NIFTY500 LMS EQL,J&KBANK,,2026-04-14T01:22:41.013948+00:00
NIFTY500 LMS EQL,M&MFIN,,2026-04-14T01:22:41.013948+00:00
NIFTY500 LMS EQL,DABUR,,2026-04-14T01:22:41.013948+00:00
NIFTY500 LMS EQL,IRCON,,2026-04-14T01:22:41.013948+00:00
NIFTY500 LMS EQL,OFSS,,2026-04-14T01:22:41.013948+00:00
NIFTY500 LMS EQL,INTELLECT,,2026-04-14T01:22:41.013948+00:00
NIFTY500 LMS EQL,FIRSTCRY,,2026-04-14T01:22:41.013948+00:00
NIFTY500 LMS EQL,ARE&M,,2026-04-14T01:22:41.013948+00:00
NIFTY500 LMS EQL,DEEPAKFERT,,2026-04-14T01:22:41.013948+00:00
NIFTY500 LMS EQL,JSWINFRA,,2026-04-14T01:22:41.013948+00:00
NIFTY500 LMS EQL,CROMPTON,,2026-04-14T01:22:41.013948+00:00
NIFTY500 LMS EQL,ACC,,2026-04-14T01:22:41.013948+00:00
NIFTY500 LMS EQL,AJANTPHARM,,2026-04-14T01:22:41.013948+00:00
NIFTY500 LMS EQL,GRAVITA,,2026-04-14T01:22:41.013948+00:00
NIFTY500 LMS EQL,SAGILITY,,2026-04-14T01:22:41.013948+00:00
NIFTY500 LMS EQL,COROMANDEL,,2026-04-14T01:22:41.013948+00:00
NIFTY500 LMS EQL,TATACOMM,,2026-04-14T01:22:41.013948+00:00
NIFTY500 LMS EQL,SCHAEFFLER,,2026-04-14T01:22:41.013948+00:00
NIFTY500 LMS EQL,JKTYRE,,2026-04-14T01:22:41.013948+00:00
NIFTY500 LMS EQL,MGL,,2026-04-14T01:22:41.013948+00:00
NIFTY500 LMS EQL,CUB,,2026-04-14T01:22:41.013948+00:00
NIFTY500 LMS EQL,NAVA,,2026-04-14T01:22:41.013948+00:00
NIFTY500 LMS EQL,BLUEJET,,2026-04-14T01:22:41.013948+00:00
NIFTY500 LMS EQL,ABSLAMC,,2026-04-14T01:22:41.013948+00:00
NIFTY500 LMS EQL,KEC,,2026-04-14T01:22:41.013948+00:00
NIFTY500 LMS EQL,PPLPHARMA,,2026-04-14T01:22:41.013948+00:00
NIFTY500 LMS EQL,SAILIFE,,2026-04-14T01:22:41.013948+00:00
NIFTY500 LMS EQL,BAJAJHLDNG,,2026-04-14T01:22:41.013948+00:00
NIFTY500 LMS EQL,NEWGEN,,2026-04-14T01:22:41.013948+00:00
NIFTY500 LMS EQL,TATACAP,,2026-04-14T01:22:41.013948+00:00
NIFTY500 LMS EQL,LINDEINDIA,,2026-04-14T01:22:41.013948+00:00
NIFTY500 LMS EQL,TIMKEN,,2026-04-14T01:22:41.013948+00:00
NIFTY500 LMS EQL,BRIGADE,,2026-04-14T01:22:41.013948+00:00
NIFTY500 LMS EQL,PIIND,,2026-04-14T01:22:41.013948+00:00
NIFTY500 LMS EQL,APTUS,,2026-04-14T01:22:41.013948+00:00
NIFTY500 LMS EQL,CONCOR,,2026-04-14T01:22:41.013948+00:00
NIFTY500 LMS EQL,PCBL,,2026-04-14T01:22:41.013948+00:00
NIFTY500 LMS EQL,AWL,,2026-04-14T01:22:41.013948+00:00
NIFTY500 LMS EQL,LTTS,,2026-04-14T01:22:41.013948+00:00
NIFTY500 LMS EQL,EMCURE,,2026-04-14T01:22:41.013948+00:00
NIFTY500 LMS EQL,NH,,2026-04-14T01:22:41.013948+00:00
NIFTY500 LMS EQL,GRANULES,,2026-04-14T01:22:41.013948+00:00
NIFTY500 LMS EQL,IIFL,,2026-04-14T01:22:41.013948+00:00
NIFTY500 LMS EQL,GICRE,,2026-04-14T01:22:41.013948+00:00
NIFTY500 LMS EQL,ECLERX,,2026-04-14T01:22:41.013948+00:00
NIFTY500 LMS EQL,JMFINANCIL,,2026-04-14T01:22:41.013948+00:00
NIFTY500 LMS EQL,CARTRADE,,2026-04-14T01:22:41.013948+00:00
NIFTY500 LMS EQL,FIVESTAR,,2026-04-14T01:22:41.013948+00:00
NIFTY500 LMS EQL,ACE,,2026-04-14T01:22:41.013948+00:00
NIFTY500 LMS EQL,LEMONTREE,,2026-04-14T01:22:41.013948+00:00
NIFTY500 LMS EQL,CHAMBLFERT,,2026-04-14T01:22:41.013948+00:00
NIFTY500 LMS EQL,TATATECH,,2026-04-14T01:22:41.013948+00:00
NIFTY500 LMS EQL,PWL,,2026-04-14T01:22:41.013948+00:00
NIFTY500 LMS EQL,AAVAS,,2026-04-14T01:22:41.013948+00:00
NIFTY500 LMS EQL,SUNTV,,2026-04-14T01:22:41.013948+00:00
NIFTY500 LMS EQL,NCC,,2026-04-14T01:22:41.013948+00:00
NIFTY500 LMS EQL,DEEPAKNTR,,2026-04-14T01:22:41.013948+00:00
NIFTY500 LMS EQL,IRB,,2026-04-14T01:22:41.013948+00:00
NIFTY500 LMS EQL,RAILTEL,,2026-04-14T01:22:41.013948+00:00
NIFTY500 LMS EQL,ABREL,,2026-04-14T01:22:41.013948+00:00
NIFTY500 LMS EQL,SIGNATURE,,2026-04-14T01:22:41.013948+00:00
NIFTY500 LMS EQL,FINCABLES,,2026-04-14T01:22:41.013948+00:00
NIFTY500 LMS EQL,HONAUT,,2026-04-14T01:22:41.013948+00:00
NIFTY500 LMS EQL,JAINREC,,2026-04-14T01:22:41.013948+00:00
NIFTY500 LMS EQL,LALPATHLAB,,2026-04-14T01:22:41.013948+00:00
NIFTY500 LMS EQL,BALKRISIND,,2026-04-14T01:22:41.013948+00:00
NIFTY500 LMS EQL,AFCONS,,2026-04-14T01:22:41.013948+00:00
NIFTY500 LMS EQL,DEVYANI,,2026-04-14T01:22:41.013948+00:00
NIFTY500 LMS EQL,ABDL,,2026-04-14T01:22:41.013948+00:00
NIFTY500 LMS EQL,ZFCVINDIA,,2026-04-14T01:22:41.013948+00:00
NIFTY500 LMS EQL,ELGIEQUIP,,2026-04-14T01:22:41.013948+00:00
NIFTY500 LMS EQL,HDBFS,,2026-04-14T01:22:41.013948+00:00
NIFTY500 LMS EQL,APOLLOTYRE,,2026-04-14T01:22:41.013948+00:00
NIFTY500 LMS EQL,PTCIL,,2026-04-14T01:22:41.013948+00:00
NIFTY500 LMS EQL,BALRAMCHIN,,2026-04-14T01:22:41.013948+00:00
NIFTY500 LMS EQL,ASAHIINDIA,,2026-04-14T01:22:41.013948+00:00
NIFTY500 LMS EQL,SUNDARMFIN,,2026-04-14T01:22:41.013948+00:00
NIFTY500 LMS EQL,CEATLTD,,2026-04-14T01:22:41.013948+00:00
NIFTY500 LMS EQL,KPRMILL,,2026-04-14T01:22:41.013948+00:00
NIFTY500 LMS EQL,UBL,,2026-04-14T01:22:41.013948+00:00
NIFTY500 LMS EQL,KAJARIACER,,2026-04-14T01:22:41.013948+00:00
NIFTY500 LMS EQL,MSUMI,,2026-04-14T01:22:41.013948+00:00
NIFTY500 LMS EQL,TIINDIA,,2026-04-14T01:22:41.013948+00:00
NIFTY500 LMS EQL,NUVAMA,,2026-04-14T01:22:41.013948+00:00
NIFTY500 LMS EQL,RRKABEL,,2026-04-14T01:22:41.013948+00:00
NIFTY500 LMS EQL,TTML,,2026-04-14T01:22:41.013948+00:00
NIFTY500 LMS EQL,AEGISLOG,,2026-04-14T01:22:41.013948+00:00
NIFTY500 LMS EQL,ASTERDM,,2026-04-14T01:22:41.013948+00:00
NIFTY500 LMS EQL,SBFC,,2026-04-14T01:22:41.013948+00:00
NIFTY500 LMS EQL,NSLNISP,,2026-04-14T01:22:41.013948+00:00
NIFTY500 LMS EQL,SCHNEIDER,,2026-04-14T01:22:41.013948+00:00
NIFTY500 LMS EQL,CHOLAHLDNG,,2026-04-14T01:22:41.013948+00:00
NIFTY500 LMS EQL,CCL,,2026-04-14T01:22:41.013948+00:00
NIFTY500 LMS EQL,HOMEFIRST,,2026-04-14T01:22:41.013948+00:00
NIFTY500 LMS EQL,EMAMILTD,,2026-04-14T01:22:41.013948+00:00
NIFTY500 LMS EQL,CYIENT,,2026-04-14T01:22:41.013948+00:00
NIFTY500 LMS EQL,FACT,,2026-04-14T01:22:41.013948+00:00
NIFTY500 LMS EQL,ELECON,,2026-04-14T01:22:41.013948+00:00
NIFTY500 LMS EQL,INDIAMART,,2026-04-14T01:22:41.013948+00:00
NIFTY500 LMS EQL,MINDACORP,,2026-04-14T01:22:41.013948+00:00
NIFTY500 LMS EQL,WHIRLPOOL,,2026-04-14T01:22:41.013948+00:00
NIFTY500 LMS EQL,CRISIL,,2026-04-14T01:22:41.013948+00:00
NIFTY500 LMS EQL,BAYERCROP,,2026-04-14T01:22:41.013948+00:00
NIFTY500 LMS EQL,CASTROLIND,,2026-04-14T01:22:41.013948+00:00
NIFTY500 LMS EQL,SYNGENE,,2026-04-14T01:22:41.013948+00:00
NIFTY500 LMS EQL,CREDITACC,,2026-04-14T01:22:41.013948+00:00
NIFTY500 LMS EQL,BHARTIHEXA,,2026-04-14T01:22:41.013948+00:00
NIFTY500 LMS EQL,VTL,,2026-04-14T01:22:41.013948+00:00
NIFTY500 LMS EQL,PIRAMALFIN,,2026-04-14T01:22:41.013948+00:00
NIFTY500 LMS EQL,LTFOODS,,2026-04-14T01:22:41.013948+00:00
NIFTY500 LMS EQL,KIMS,,2026-04-14T01:22:41.013948+00:00
NIFTY500 LMS EQL,UCOBANK,,2026-04-14T01:22:41.013948+00:00
NIFTY500 LMS EQL,ZENSARTECH,,2026-04-14T01:22:41.013948+00:00
NIFTY500 LMS EQL,LATENTVIEW,,2026-04-14T01:22:41.013948+00:00
NIFTY500 LMS EQL,GILLETTE,,2026-04-14T01:22:41.013948+00:00
NIFTY500 LMS EQL,ANTHEM,,2026-04-14T01:22:41.013948+00:00
NIFTY500 LMS EQL,TECHNOE,,2026-04-14T01:22:41.013948+00:00
NIFTY500 LMS EQL,TRIDENT,,2026-04-14T01:22:41.013948+00:00
NIFTY500 LMS EQL,PVRINOX,,2026-04-14T01:22:41.013948+00:00
NIFTY500 LMS EQL,ABBOTINDIA,,2026-04-14T01:22:41.013948+00:00
NIFTY500 LMS EQL,TENNIND,,2026-04-14T01:22:41.013948+00:00
NIFTY500 LMS EQL,CEMPRO,,2026-04-14T01:22:41.013948+00:00
NIFTY500 LMS EQL,CENTRALBK,,2026-04-14T01:22:41.013948+00:00
NIFTY500 LMS EQL,GABRIEL,,2026-04-14T01:22:41.013948+00:00
NIFTY500 LMS EQL,BSOFT,,2026-04-14T01:22:41.013948+00:00
NIFTY500 LMS EQL,EIDPARRY,,2026-04-14T01:22:41.013948+00:00
NIFTY500 LMS EQL,UTIAMC,,2026-04-14T01:22:41.013948+00:00
NIFTY500 LMS EQL,RAINBOW,,2026-04-14T01:22:41.013948+00:00
NIFTY500 LMS EQL,JSWCEMENT,,2026-04-14T01:22:41.013948+00:00
NIFTY500 LMS EQL,ESCORTS,,2026-04-14T01:22:41.013948+00:00
NIFTY500 LMS EQL,AIAENG,,2026-04-14T01:22:41.013948+00:00
NIFTY500 LMS EQL,SAPPHIRE,,2026-04-14T01:22:41.013948+00:00
NIFTY500 LMS EQL,IOB,,2026-04-14T01:22:41.013948+00:00
NIFTY500 LMS EQL,GLAXO,,2026-04-14T01:22:41.013948+00:00
NIFTY500 LMS EQL,FSL,,2026-04-14T01:22:41.013948+00:00
NIFTY500 LMS EQL,BERGEPAINT,,2026-04-14T01:22:41.013948+00:00
NIFTY500 LMS EQL,BATAINDIA,,2026-04-14T01:22:41.013948+00:00
NIFTY500 LMS EQL,CANFINHOME,,2026-04-14T01:22:41.013948+00:00
NIFTY500 LMS EQL,GSPL,,2026-04-14T01:22:41.013948+00:00
NIFTY500 LMS EQL,AKZOINDIA,,2026-04-14T01:22:41.013948+00:00
NIFTY500 LMS EQL,IPCALAB,,2026-04-14T01:22:41.013948+00:00
NIFTY500 LMS EQL,ANURAS,,2026-04-14T01:22:41.013948+00:00
NIFTY500 LMS EQL,ENDURANCE,,2026-04-14T01:22:41.013948+00:00
NIFTY500 LMS EQL,SWANCORP,,2026-04-14T01:22:41.013948+00:00
NIFTY500 LMS EQL,BBTC,,2026-04-14T01:22:41.013948+00:00
NIFTY500 LMS EQL,MEDANTA,,2026-04-14T01:22:41.013948+00:00
NIFTY500 LMS EQL,FLUOROCHEM,,2026-04-14T01:22:41.013948+00:00
NIFTY500 LMS EQL,ERIS,,2026-04-14T01:22:41.013948+00:00
NIFTY500 LMS EQL,AIIL,,2026-04-14T01:22:41.013948+00:00
NIFTY500 LMS EQL,CAPLIPOINT,,2026-04-14T01:22:41.013948+00:00
NIFTY500 LMS EQL,CLEAN,,2026-04-14T01:22:41.013948+00:00
NIFTY500 LMS EQL,SAREGAMA,,2026-04-14T01:22:41.013948+00:00
NIFTY500 LMS EQL,IKS,,2026-04-14T01:22:41.013948+00:00
NIFTY500 LMS EQL,STARHEALTH,,2026-04-14T01:22:41.013948+00:00
NIFTY500 LMS EQL,RITES,,2026-04-14T01:22:41.013948+00:00
NIFTY500 LMS EQL,RKFORGE,,2026-04-14T01:22:41.013948+00:00
NIFTY500 LMS EQL,MMTC,,2026-04-14T01:22:41.013948+00:00
NIFTY500 LMS EQL,SOBHA,,2026-04-14T01:22:41.013948+00:00
NIFTY500 LMS EQL,AADHARHFC,,2026-04-14T01:22:41.013948+00:00
NIFTY500 LMS EQL,EIHOTEL,,2026-04-14T01:22:41.013948+00:00
NIFTY500 LMS EQL,KPIL,,2026-04-14T01:22:41.013948+00:00
NIFTY500 LMS EQL,CRAFTSMAN,,2026-04-14T01:22:41.013948+00:00
NIFTY500 LMS EQL,USHAMART,,2026-04-14T01:22:41.013948+00:00
NIFTY500 LMS EQL,RAMCOCEM,,2026-04-14T01:22:41.013948+00:00
NIFTY500 LMS EQL,AEGISVOPAK,,2026-04-14T01:22:41.013948+00:00
NIFTY500 LMS EQL,3MINDIA,,2026-04-14T01:22:41.013948+00:00
NIFTY500 LMS EQL,CANHLIFE,,2026-04-14T01:22:41.013948+00:00
NIFTY500 LMS EQL,CGCL,,2026-04-14T01:22:41.013948+00:00
NIFTY500 LMS EQL,CONCORDBIO,,2026-04-14T01:22:41.013948+00:00
NIFTY500 LMS EQL,WELSPUNLIV,,2026-04-14T01:22:41.013948+00:00
NIFTY500 LMS EQL,GLAND,,2026-04-14T01:22:41.013948+00:00
NIFTY500 LMS EQL,POLYMED,,2026-04-14T01:22:41.013948+00:00
NIFTY500 LMS EQL,SONATSOFTW,,2026-04-14T01:22:41.013948+00:00
NIFTY500 LMS EQL,BLUEDART,,2026-04-14T01:22:41.013948+00:00
NIFTY500 LMS EQL,HEXT,,2026-04-14T01:22:41.013948+00:00
NIFTY500 LMS EQL,IGIL,,2026-04-14T01:22:41.013948+00:00
NIFTY500 LMS EQL,SHYAMMETL,,2026-04-14T01:22:41.013948+00:00
NIFTY500 LMS EQL,NUVOCO,,2026-04-14T01:22:41.013948+00:00
NIFTY500 LMS EQL,TBOTEK,,2026-04-14T01:22:41.013948+00:00
NIFTY500 LMS EQL,CARBORUNIV,,2026-04-14T01:22:41.013948+00:00
NIFTY500 LMS EQL,JUBLINGREA,,2026-04-14T01:22:41.013948+00:00
NIFTY500 LMS EQL,ABLBL,,2026-04-14T01:22:41.013948+00:00
NIFTY500 LMS EQL,INDGN,,2026-04-14T01:22:41.013948+00:00
NIFTY500 LMS EQL,MAPMYINDIA,,2026-04-14T01:22:41.013948+00:00
NIFTY500 LMS EQL,TEGA,,2026-04-14T01:22:41.013948+00:00
NIFTY500 LMS EQL,SUMICHEM,,2026-04-14T01:22:41.013948+00:00
NIFTY500 LMS EQL,VIJAYA,,2026-04-14T01:22:41.013948+00:00
NIFTY500 LMS EQL,ATUL,,2026-04-14T01:22:41.013948+00:00
NIFTY500 LMS EQL,THELEELA,,2026-04-14T01:22:41.013948+00:00
NIFTY500 LMS EQL,GODREJIND,,2026-04-14T01:22:41.013948+00:00
NIFTY500 LMS EQL,DOMS,,2026-04-14T01:22:41.013948+00:00
NIFTY500 LMS EQL,JUBLPHARMA,,2026-04-14T01:22:41.013948+00:00
NIFTY500 LMS EQL,PFIZER,,2026-04-14T01:22:41.013948+00:00
NIFTY500 LMS EQL,CHALET,,2026-04-14T01:22:41.013948+00:00
NIFTY500 LMS EQL,DCMSHRIRAM,,2026-04-14T01:22:41.013948+00:00
NIFTY500 LMS EQL,TRAVELFOOD,,2026-04-14T01:22:41.013948+00:00
NIFTY500 LMS EQL,NIVABUPA,,2026-04-14T01:22:41.013948+00:00
NIFTY500 LMS EQL,SPLPETRO,,2026-04-14T01:22:41.013948+00:00
NIFTY500 LMS EQL,BIKAJI,,2026-04-14T01:22:41.013948+00:00
NIFTY500 LMS EQL,INDIACEM,,2026-04-14T01:22:41.013948+00:00
NIFTY500 LMS EQL,RHIM,,2026-04-14T01:22:41.013948+00:00
NIFTY500 LMS EQL,GODIGIT,,2026-04-14T01:22:41.013948+00:00
NIFTY FPI 150,ICICIBANK,,2026-04-14T01:22:41.013948+00:00
NIFTY FPI 150,RELIANCE,,2026-04-14T01:22:41.013948+00:00
NIFTY FPI 150,HDFCBANK,,2026-04-14T01:22:41.013948+00:00
NIFTY FPI 150,BHARTIARTL,,2026-04-14T01:22:41.013948+00:00
NIFTY FPI 150,BSE,,2026-04-14T01:22:41.013948+00:00
NIFTY FPI 150,LT,,2026-04-14T01:22:41.013948+00:00
NIFTY FPI 150,SBIN,,2026-04-14T01:22:41.013948+00:00
NIFTY FPI 150,MARUTI,,2026-04-14T01:22:41.013948+00:00
NIFTY FPI 150,ADANIPOWER,,2026-04-14T01:22:41.013948+00:00
NIFTY FPI 150,INFY,,2026-04-14T01:22:41.013948+00:00
NIFTY FPI 150,BHEL,,2026-04-14T01:22:41.013948+00:00
NIFTY FPI 150,AXISBANK,,2026-04-14T01:22:41.013948+00:00
NIFTY FPI 150,KOTAKBANK,,2026-04-14T01:22:41.013948+00:00
NIFTY FPI 150,WAAREEENER,,2026-04-14T01:22:41.013948+00:00
NIFTY FPI 150,ETERNAL,,2026-04-14T01:22:41.013948+00:00
NIFTY FPI 150,M&M,,2026-04-14T01:22:41.013948+00:00
NIFTY FPI 150,BAJFINANCE,,2026-04-14T01:22:41.013948+00:00
NIFTY FPI 150,VEDL,,2026-04-14T01:22:41.013948+00:00
NIFTY FPI 150,TCS,,2026-04-14T01:22:41.013948+00:00
NIFTY FPI 150,EICHERMOT,,2026-04-14T01:22:41.013948+00:00
NIFTY FPI 150,TATAPOWER,,2026-04-14T01:22:41.013948+00:00
NIFTY FPI 150,SHRIRAMFIN,,2026-04-14T01:22:41.013948+00:00
NIFTY FPI 150,COALINDIA,,2026-04-14T01:22:41.013948+00:00
NIFTY FPI 150,ADANIENT,,2026-04-14T01:22:41.013948+00:00
NIFTY FPI 150,INDIGO,,2026-04-14T01:22:41.013948+00:00
NIFTY FPI 150,ONGC,,2026-04-14T01:22:41.013948+00:00
NIFTY FPI 150,BEL,,2026-04-14T01:22:41.013948+00:00
NIFTY FPI 150,ADANIGREEN,,2026-04-14T01:22:41.013948+00:00
NIFTY FPI 150,SUNPHARMA,,2026-04-14T01:22:41.013948+00:00
NIFTY FPI 150,SUZLON,,2026-04-14T01:22:41.013948+00:00
NIFTY FPI 150,DIXON,,2026-04-14T01:22:41.013948+00:00
NIFTY FPI 150,NTPC,,2026-04-14T01:22:41.013948+00:00
NIFTY FPI 150,ADANIPORTS,,2026-04-14T01:22:41.013948+00:00
NIFTY FPI 150,TATASTEEL,,2026-04-14T01:22:41.013948+00:00
NIFTY FPI 150,CHOLAFIN,,2026-04-14T01:22:41.013948+00:00
NIFTY FPI 150,MOTHERSON,,2026-04-14T01:22:41.013948+00:00
NIFTY FPI 150,ITC,,2026-04-14T01:22:41.013948+00:00
NIFTY FPI 150,ADANIENSOL,,2026-04-14T01:22:41.013948+00:00
NIFTY FPI 150,POWERGRID,,2026-04-14T01:22:41.013948+00:00
NIFTY FPI 150,HINDALCO,,2026-04-14T01:22:41.013948+00:00
NIFTY FPI 150,TMPV,,2026-04-14T01:22:41.013948+00:00
NIFTY FPI 150,HAL,,2026-04-14T01:22:41.013948+00:00
NIFTY FPI 150,WIPRO,,2026-04-14T01:22:41.013948+00:00
NIFTY FPI 150,CUMMINSIND,,2026-04-14T01:22:41.013948+00:00
NIFTY FPI 150,HINDUNILVR,,2026-04-14T01:22:41.013948+00:00
NIFTY FPI 150,IDEA,,2026-04-14T01:22:41.013948+00:00
NIFTY FPI 150,JSWENERGY,,2026-04-14T01:22:41.013948+00:00
NIFTY FPI 150,ASIANPAINT,,2026-04-14T01:22:41.013948+00:00
NIFTY FPI 150,HEROMOTOCO,,2026-04-14T01:22:41.013948+00:00
NIFTY FPI 150,BPCL,,2026-04-14T01:22:41.013948+00:00
NIFTY FPI 150,DMART,,2026-04-14T01:22:41.013948+00:00
NIFTY FPI 150,PFC,,2026-04-14T01:22:41.013948+00:00
NIFTY FPI 150,TITAN,,2026-04-14T01:22:41.013948+00:00
NIFTY FPI 150,VOLTAS,,2026-04-14T01:22:41.013948+00:00
NIFTY FPI 150,POLYCAB,,2026-04-14T01:22:41.013948+00:00
NIFTY FPI 150,JIOFIN,,2026-04-14T01:22:41.013948+00:00
NIFTY FPI 150,APLAPOLLO,,2026-04-14T01:22:41.013948+00:00
NIFTY FPI 150,BAJAJ-AUTO,,2026-04-14T01:22:41.013948+00:00
NIFTY FPI 150,SOLARINDS,,2026-04-14T01:22:41.013948+00:00
NIFTY FPI 150,OIL,,2026-04-14T01:22:41.013948+00:00
NIFTY FPI 150,HDFCLIFE,,2026-04-14T01:22:41.013948+00:00
NIFTY FPI 150,GRASIM,,2026-04-14T01:22:41.013948+00:00
NIFTY FPI 150,GVT&D,,2026-04-14T01:22:41.013948+00:00
NIFTY FPI 150,BANKBARODA,,2026-04-14T01:22:41.013948+00:00
NIFTY FPI 150,HINDPETRO,,2026-04-14T01:22:41.013948+00:00
NIFTY FPI 150,HCLTECH,,2026-04-14T01:22:41.013948+00:00
NIFTY FPI 150,IOC,,2026-04-14T01:22:41.013948+00:00
NIFTY FPI 150,TORNTPHARM,,2026-04-14T01:22:41.013948+00:00
NIFTY FPI 150,SONACOMS,,2026-04-14T01:22:41.013948+00:00
NIFTY FPI 150,HDFCAMC,,2026-04-14T01:22:41.013948+00:00
NIFTY FPI 150,ULTRACEMCO,,2026-04-14T01:22:41.013948+00:00
NIFTY FPI 150,SWIGGY,,2026-04-14T01:22:41.013948+00:00
NIFTY FPI 150,NMDC,,2026-04-14T01:22:41.013948+00:00
NIFTY FPI 150,PERSISTENT,,2026-04-14T01:22:41.013948+00:00
NIFTY FPI 150,COFORGE,,2026-04-14T01:22:41.013948+00:00
NIFTY FPI 150,GAIL,,2026-04-14T01:22:41.013948+00:00
NIFTY FPI 150,DLF,,2026-04-14T01:22:41.013948+00:00
NIFTY FPI 150,TVSMOTOR,,2026-04-14T01:22:41.013948+00:00
NIFTY FPI 150,APOLLOHOSP,,2026-04-14T01:22:41.013948+00:00
NIFTY FPI 150,VBL,,2026-04-14T01:22:41.013948+00:00
NIFTY FPI 150,MAXHEALTH,,2026-04-14T01:22:41.013948+00:00
NIFTY FPI 150,BAJAJFINSV,,2026-04-14T01:22:41.013948+00:00
NIFTY FPI 150,POLICYBZR,,2026-04-14T01:22:41.013948+00:00
NIFTY FPI 150,PAYTM,,2026-04-14T01:22:41.013948+00:00
NIFTY FPI 150,LODHA,,2026-04-14T01:22:41.013948+00:00
NIFTY FPI 150,FEDERALBNK,,2026-04-14T01:22:41.013948+00:00
NIFTY FPI 150,BHARATFORG,,2026-04-14T01:22:41.013948+00:00
NIFTY FPI 150,PNB,,2026-04-14T01:22:41.013948+00:00
NIFTY FPI 150,CIPLA,,2026-04-14T01:22:41.013948+00:00
NIFTY FPI 150,BRITANNIA,,2026-04-14T01:22:41.013948+00:00
NIFTY FPI 150,RECLTD,,2026-04-14T01:22:41.013948+00:00
NIFTY FPI 150,MUTHOOTFIN,,2026-04-14T01:22:41.013948+00:00
NIFTY FPI 150,AUROPHARMA,,2026-04-14T01:22:41.013948+00:00
NIFTY FPI 150,TECHM,,2026-04-14T01:22:41.013948+00:00
NIFTY FPI 150,TATACONSUM,,2026-04-14T01:22:41.013948+00:00
NIFTY FPI 150,DRREDDY,,2026-04-14T01:22:41.013948+00:00
NIFTY FPI 150,PRESTIGE,,2026-04-14T01:22:41.013948+00:00
NIFTY FPI 150,LUPIN,,2026-04-14T01:22:41.013948+00:00
NIFTY FPI 150,UNITDSPR,,2026-04-14T01:22:41.013948+00:00
NIFTY FPI 150,SRF,,2026-04-14T01:22:41.013948+00:00
NIFTY FPI 150,NESTLEIND,,2026-04-14T01:22:41.013948+00:00
NIFTY FPI 150,TRENT,,2026-04-14T01:22:41.013948+00:00
NIFTY FPI 150,MARICO,,2026-04-14T01:22:41.013948+00:00
NIFTY FPI 150,IRFC,,2026-04-14T01:22:41.013948+00:00
NIFTY FPI 150,GLENMARK,,2026-04-14T01:22:41.013948+00:00
NIFTY FPI 150,GODREJPROP,,2026-04-14T01:22:41.013948+00:00
NIFTY FPI 150,CGPOWER,,2026-04-14T01:22:41.013948+00:00
NIFTY FPI 150,LAURUSLABS,,2026-04-14T01:22:41.013948+00:00
NIFTY FPI 150,GMRAIRPORT,,2026-04-14T01:22:41.013948+00:00
NIFTY FPI 150,BLUESTARCO,,2026-04-14T01:22:41.013948+00:00
NIFTY FPI 150,MANKIND,,2026-04-14T01:22:41.013948+00:00
NIFTY FPI 150,AUBANK,,2026-04-14T01:22:41.013948+00:00
NIFTY FPI 150,INDHOTEL,,2026-04-14T01:22:41.013948+00:00
NIFTY FPI 150,JINDALSTEL,,2026-04-14T01:22:41.013948+00:00
NIFTY FPI 150,YESBANK,,2026-04-14T01:22:41.013948+00:00
NIFTY FPI 150,DIVISLAB,,2026-04-14T01:22:41.013948+00:00
NIFTY FPI 150,INDUSINDBK,,2026-04-14T01:22:41.013948+00:00
NIFTY FPI 150,SUPREMEIND,,2026-04-14T01:22:41.013948+00:00
NIFTY FPI 150,JSWSTEEL,,2026-04-14T01:22:41.013948+00:00
NIFTY FPI 150,SBILIFE,,2026-04-14T01:22:41.013948+00:00
NIFTY FPI 150,VMM,,2026-04-14T01:22:41.013948+00:00
NIFTY FPI 150,HAVELLS,,2026-04-14T01:22:41.013948+00:00
NIFTY FPI 150,INDUSTOWER,,2026-04-14T01:22:41.013948+00:00
NIFTY FPI 150,GODREJCP,,2026-04-14T01:22:41.013948+00:00
NIFTY FPI 150,NHPC,,2026-04-14T01:22:41.013948+00:00
NIFTY FPI 150,UPL,,2026-04-14T01:22:41.013948+00:00
NIFTY FPI 150,NAUKRI,,2026-04-14T01:22:41.013948+00:00
NIFTY FPI 150,TORNTPOWER,,2026-04-14T01:22:41.013948+00:00
NIFTY FPI 150,AMBUJACEM,,2026-04-14T01:22:41.013948+00:00
NIFTY FPI 150,PIDILITIND,,2026-04-14T01:22:41.013948+00:00
NIFTY FPI 150,ABCAPITAL,,2026-04-14T01:22:41.013948+00:00
NIFTY FPI 150,MFSL,,2026-04-14T01:22:41.013948+00:00
NIFTY FPI 150,ALKEM,,2026-04-14T01:22:41.013948+00:00
NIFTY FPI 150,JUBLFOOD,,2026-04-14T01:22:41.013948+00:00
NIFTY FPI 150,DELHIVERY,,2026-04-14T01:22:41.013948+00:00
NIFTY FPI 150,SBICARD,,2026-04-14T01:22:41.013948+00:00
NIFTY FPI 150,FORTIS,,2026-04-14T01:22:41.013948+00:00
NIFTY FPI 150,COLPAL,,2026-04-14T01:22:41.013948+00:00
NIFTY FPI 150,LTM,,2026-04-14T01:22:41.013948+00:00
NIFTY FPI 150,NYKAA,,2026-04-14T01:22:41.013948+00:00
NIFTY FPI 150,PHOENIXLTD,,2026-04-14T01:22:41.013948+00:00
NIFTY FPI 150,SHREECEM,,2026-04-14T01:22:41.013948+00:00
NIFTY FPI 150,ICICIGI,,2026-04-14T01:22:41.013948+00:00
NIFTY FPI 150,ZYDUSLIFE,,2026-04-14T01:22:41.013948+00:00
NIFTY FPI 150,MPHASIS,,2026-04-14T01:22:41.013948+00:00
NIFTY FPI 150,ICICIPRULI,,2026-04-14T01:22:41.013948+00:00
NIFTY FPI 150,DABUR,,2026-04-14T01:22:41.013948+00:00
NIFTY FPI 150,BAJAJHLDNG,,2026-04-14T01:22:41.013948+00:00
NIFTY FPI 150,PIIND,,2026-04-14T01:22:41.013948+00:00
NIFTY FPI 150,TIINDIA,,2026-04-14T01:22:41.013948+00:00
NIFTY AUTO,MARUTI,,2026-04-14T01:22:41.013948+00:00
NIFTY AUTO,M&M,,2026-04-14T01:22:41.013948+00:00
NIFTY AUTO,EICHERMOT,,2026-04-14T01:22:41.013948+00:00
NIFTY AUTO,MOTHERSON,,2026-04-14T01:22:41.013948+00:00
NIFTY AUTO,TMPV,,2026-04-14T01:22:41.013948+00:00
NIFTY AUTO,HEROMOTOCO,,2026-04-14T01:22:41.013948+00:00
NIFTY AUTO,ASHOKLEY,,2026-04-14T01:22:41.013948+00:00
NIFTY AUTO,BAJAJ-AUTO,,2026-04-14T01:22:41.013948+00:00
NIFTY AUTO,SONACOMS,,2026-04-14T01:22:41.013948+00:00
NIFTY AUTO,TVSMOTOR,,2026-04-14T01:22:41.013948+00:00
NIFTY AUTO,BOSCHLTD,,2026-04-14T01:22:41.013948+00:00
NIFTY AUTO,BHARATFORG,,2026-04-14T01:22:41.013948+00:00
NIFTY AUTO,EXIDEIND,,2026-04-14T01:22:41.013948+00:00
NIFTY AUTO,UNOMINDA,,2026-04-14T01:22:41.013948+00:00
NIFTY AUTO,TIINDIA,,2026-04-14T01:22:41.013948+00:00
NIFTY FINSRV25 50,ICICIBANK,,2026-04-14T01:22:41.013948+00:00
NIFTY FINSRV25 50,HDFCBANK,,2026-04-14T01:22:41.013948+00:00
NIFTY FINSRV25 50,BSE,,2026-04-14T01:22:41.013948+00:00
NIFTY FINSRV25 50,SBIN,,2026-04-14T01:22:41.013948+00:00
NIFTY FINSRV25 50,AXISBANK,,2026-04-14T01:22:41.013948+00:00
NIFTY FINSRV25 50,KOTAKBANK,,2026-04-14T01:22:41.013948+00:00
NIFTY FINSRV25 50,BAJFINANCE,,2026-04-14T01:22:41.013948+00:00
NIFTY FINSRV25 50,SHRIRAMFIN,,2026-04-14T01:22:41.013948+00:00
NIFTY FINSRV25 50,CHOLAFIN,,2026-04-14T01:22:41.013948+00:00
NIFTY FINSRV25 50,PFC,,2026-04-14T01:22:41.013948+00:00
NIFTY FINSRV25 50,JIOFIN,,2026-04-14T01:22:41.013948+00:00
NIFTY FINSRV25 50,HDFCLIFE,,2026-04-14T01:22:41.013948+00:00
NIFTY FINSRV25 50,BAJAJFINSV,,2026-04-14T01:22:41.013948+00:00
NIFTY FINSRV25 50,RECLTD,,2026-04-14T01:22:41.013948+00:00
NIFTY FINSRV25 50,MUTHOOTFIN,,2026-04-14T01:22:41.013948+00:00
NIFTY FINSRV25 50,SBILIFE,,2026-04-14T01:22:41.013948+00:00
NIFTY FINSRV25 50,MFSL,,2026-04-14T01:22:41.013948+00:00
NIFTY FINSRV25 50,SBICARD,,2026-04-14T01:22:41.013948+00:00
NIFTY FINSRV25 50,LICHSGFIN,,2026-04-14T01:22:41.013948+00:00
NIFTY FINSRV25 50,ICICIGI,,2026-04-14T01:22:41.013948+00:00
NIFTY FMCG,ITC,,2026-04-14T01:22:41.013948+00:00
NIFTY FMCG,HINDUNILVR,,2026-04-14T01:22:41.013948+00:00
NIFTY FMCG,VBL,,2026-04-14T01:22:41.013948+00:00
NIFTY FMCG,BRITANNIA,,2026-04-14T01:22:41.013948+00:00
NIFTY FMCG,TATACONSUM,,2026-04-14T01:22:41.013948+00:00
NIFTY FMCG,UNITDSPR,,2026-04-14T01:22:41.013948+00:00
NIFTY FMCG,NESTLEIND,,2026-04-14T01:22:41.013948+00:00
NIFTY FMCG,MARICO,,2026-04-14T01:22:41.013948+00:00
NIFTY FMCG,GODREJCP,,2026-04-14T01:22:41.013948+00:00
NIFTY FMCG,RADICO,,2026-04-14T01:22:41.013948+00:00
NIFTY FMCG,COLPAL,,2026-04-14T01:22:41.013948+00:00
NIFTY FMCG,PATANJALI,,2026-04-14T01:22:41.013948+00:00
NIFTY FMCG,DABUR,,2026-04-14T01:22:41.013948+00:00
NIFTY FMCG,UBL,,2026-04-14T01:22:41.013948+00:00
NIFTY FMCG,EMAMILTD,,2026-04-14T01:22:41.013948+00:00
NIFTY IT,INFY,,2026-04-14T01:22:41.013948+00:00
NIFTY IT,TCS,,2026-04-14T01:22:41.013948+00:00
NIFTY IT,WIPRO,,2026-04-14T01:22:41.013948+00:00
NIFTY IT,HCLTECH,,2026-04-14T01:22:41.013948+00:00
NIFTY IT,PERSISTENT,,2026-04-14T01:22:41.013948+00:00
NIFTY IT,COFORGE,,2026-04-14T01:22:41.013948+00:00
NIFTY IT,TECHM,,2026-04-14T01:22:41.013948+00:00
NIFTY IT,LTM,,2026-04-14T01:22:41.013948+00:00
NIFTY IT,MPHASIS,,2026-04-14T01:22:41.013948+00:00
NIFTY IT,OFSS,,2026-04-14T01:22:41.013948+00:00
NIFTY MEDIA,ZEEL,,2026-04-14T01:22:41.013948+00:00
NIFTY MEDIA,PFOCUS,,2026-04-14T01:22:41.013948+00:00
NIFTY MEDIA,SUNTV,,2026-04-14T01:22:41.013948+00:00
NIFTY MEDIA,NAZARA,,2026-04-14T01:22:41.013948+00:00
NIFTY MEDIA,NETWORK18,,2026-04-14T01:22:41.013948+00:00
NIFTY MEDIA,PVRINOX,,2026-04-14T01:22:41.013948+00:00
NIFTY MEDIA,SAREGAMA,,2026-04-14T01:22:41.013948+00:00
NIFTY MEDIA,HATHWAY,,2026-04-14T01:22:41.013948+00:00
NIFTY MEDIA,TIPSMUSIC,,2026-04-14T01:22:41.013948+00:00
NIFTY MEDIA,DBCORP,,2026-04-14T01:22:41.013948+00:00
NIFTY METAL,VEDL,,2026-04-14T01:22:41.013948+00:00
NIFTY METAL,ADANIENT,,2026-04-14T01:22:41.013948+00:00
NIFTY METAL,NATIONALUM,,2026-04-14T01:22:41.013948+00:00
NIFTY METAL,TATASTEEL,,2026-04-14T01:22:41.013948+00:00
NIFTY METAL,SAIL,,2026-04-14T01:22:41.013948+00:00
NIFTY METAL,HINDALCO,,2026-04-14T01:22:41.013948+00:00
NIFTY METAL,APLAPOLLO,,2026-04-14T01:22:41.013948+00:00
NIFTY METAL,HINDCOPPER,,2026-04-14T01:22:41.013948+00:00
NIFTY METAL,NMDC,,2026-04-14T01:22:41.013948+00:00
NIFTY METAL,WELCORP,,2026-04-14T01:22:41.013948+00:00
NIFTY METAL,HINDZINC,,2026-04-14T01:22:41.013948+00:00
NIFTY METAL,JINDALSTEL,,2026-04-14T01:22:41.013948+00:00
NIFTY METAL,JSWSTEEL,,2026-04-14T01:22:41.013948+00:00
NIFTY METAL,LLOYDSME,,2026-04-14T01:22:41.013948+00:00
NIFTY METAL,JSL,,2026-04-14T01:22:41.013948+00:00
NIFTY PHARMA,SUNPHARMA,,2026-04-14T01:22:41.013948+00:00
NIFTY PHARMA,TORNTPHARM,,2026-04-14T01:22:41.013948+00:00
NIFTY PHARMA,CIPLA,,2026-04-14T01:22:41.013948+00:00
NIFTY PHARMA,AUROPHARMA,,2026-04-14T01:22:41.013948+00:00
NIFTY PHARMA,DRREDDY,,2026-04-14T01:22:41.013948+00:00
NIFTY PHARMA,LUPIN,,2026-04-14T01:22:41.013948+00:00
NIFTY PHARMA,GLENMARK,,2026-04-14T01:22:41.013948+00:00
NIFTY PHARMA,LAURUSLABS,,2026-04-14T01:22:41.013948+00:00
NIFTY PHARMA,MANKIND,,2026-04-14T01:22:41.013948+00:00
NIFTY PHARMA,DIVISLAB,,2026-04-14T01:22:41.013948+00:00
NIFTY PHARMA,BIOCON,,2026-04-14T01:22:41.013948+00:00
NIFTY PHARMA,JBCHEPHARM,,2026-04-14T01:22:41.013948+00:00
NIFTY PHARMA,WOCKPHARMA,,2026-04-14T01:22:41.013948+00:00
NIFTY PHARMA,ALKEM,,2026-04-14T01:22:41.013948+00:00
NIFTY PHARMA,ZYDUSLIFE,,2026-04-14T01:22:41.013948+00:00
NIFTY PHARMA,AJANTPHARM,,2026-04-14T01:22:41.013948+00:00
NIFTY PHARMA,PPLPHARMA,,2026-04-14T01:22:41.013948+00:00
NIFTY PHARMA,ABBOTINDIA,,2026-04-14T01:22:41.013948+00:00
NIFTY PHARMA,IPCALAB,,2026-04-14T01:22:41.013948+00:00
NIFTY PHARMA,GLAND,,2026-04-14T01:22:41.013948+00:00
NIFTY PSU BANK,SBIN,,2026-04-14T01:22:41.013948+00:00
NIFTY PSU BANK,UNIONBANK,,2026-04-14T01:22:41.013948+00:00
NIFTY PSU BANK,BANKBARODA,,2026-04-14T01:22:41.013948+00:00
NIFTY PSU BANK,CANBK,,2026-04-14T01:22:41.013948+00:00
NIFTY PSU BANK,PNB,,2026-04-14T01:22:41.013948+00:00
NIFTY PSU BANK,BANKINDIA,,2026-04-14T01:22:41.013948+00:00
NIFTY PSU BANK,INDIANB,,2026-04-14T01:22:41.013948+00:00
NIFTY PSU BANK,MAHABANK,,2026-04-14T01:22:41.013948+00:00
NIFTY PSU BANK,UCOBANK,,2026-04-14T01:22:41.013948+00:00
NIFTY PSU BANK,CENTRALBK,,2026-04-14T01:22:41.013948+00:00
NIFTY PSU BANK,IOB,,2026-04-14T01:22:41.013948+00:00
NIFTY PSU BANK,PSB,,2026-04-14T01:22:41.013948+00:00
NIFTY PVT BANK,ICICIBANK,,2026-04-14T01:22:41.013948+00:00
NIFTY PVT BANK,HDFCBANK,,2026-04-14T01:22:41.013948+00:00
NIFTY PVT BANK,AXISBANK,,2026-04-14T01:22:41.013948+00:00
NIFTY PVT BANK,KOTAKBANK,,2026-04-14T01:22:41.013948+00:00
NIFTY PVT BANK,FEDERALBNK,,2026-04-14T01:22:41.013948+00:00
NIFTY PVT BANK,YESBANK,,2026-04-14T01:22:41.013948+00:00
NIFTY PVT BANK,INDUSINDBK,,2026-04-14T01:22:41.013948+00:00
NIFTY PVT BANK,IDFCFIRSTB,,2026-04-14T01:22:41.013948+00:00
NIFTY PVT BANK,BANDHANBNK,,2026-04-14T01:22:41.013948+00:00
NIFTY PVT BANK,RBLBANK,,2026-04-14T01:22:41.013948+00:00
NIFTY REALTY,DLF,,2026-04-14T01:22:41.013948+00:00
NIFTY REALTY,LODHA,,2026-04-14T01:22:41.013948+00:00
NIFTY REALTY,PRESTIGE,,2026-04-14T01:22:41.013948+00:00
NIFTY REALTY,GODREJPROP,,2026-04-14T01:22:41.013948+00:00
NIFTY REALTY,OBEROIRLTY,,2026-04-14T01:22:41.013948+00:00
NIFTY REALTY,ANANTRAJ,,2026-04-14T01:22:41.013948+00:00
NIFTY REALTY,PHOENIXLTD,,2026-04-14T01:22:41.013948+00:00
NIFTY REALTY,BRIGADE,,2026-04-14T01:22:41.013948+00:00
NIFTY REALTY,ABREL,,2026-04-14T01:22:41.013948+00:00
NIFTY REALTY,SOBHA,,2026-04-14T01:22:41.013948+00:00
NIFTY HEALTHCARE,SUNPHARMA,,2026-04-14T01:22:41.013948+00:00
NIFTY HEALTHCARE,TORNTPHARM,,2026-04-14T01:22:41.013948+00:00
NIFTY HEALTHCARE,APOLLOHOSP,,2026-04-14T01:22:41.013948+00:00
NIFTY HEALTHCARE,MAXHEALTH,,2026-04-14T01:22:41.013948+00:00
NIFTY HEALTHCARE,CIPLA,,2026-04-14T01:22:41.013948+00:00
NIFTY HEALTHCARE,AUROPHARMA,,2026-04-14T01:22:41.013948+00:00
NIFTY HEALTHCARE,DRREDDY,,2026-04-14T01:22:41.013948+00:00
NIFTY HEALTHCARE,LUPIN,,2026-04-14T01:22:41.013948+00:00
NIFTY HEALTHCARE,GLENMARK,,2026-04-14T01:22:41.013948+00:00
NIFTY HEALTHCARE,LAURUSLABS,,2026-04-14T01:22:41.013948+00:00
NIFTY HEALTHCARE,MANKIND,,2026-04-14T01:22:41.013948+00:00
NIFTY HEALTHCARE,DIVISLAB,,2026-04-14T01:22:41.013948+00:00
NIFTY HEALTHCARE,BIOCON,,2026-04-14T01:22:41.013948+00:00
NIFTY HEALTHCARE,ALKEM,,2026-04-14T01:22:41.013948+00:00
NIFTY HEALTHCARE,FORTIS,,2026-04-14T01:22:41.013948+00:00
NIFTY HEALTHCARE,ZYDUSLIFE,,2026-04-14T01:22:41.013948+00:00
NIFTY HEALTHCARE,PPLPHARMA,,2026-04-14T01:22:41.013948+00:00
NIFTY HEALTHCARE,SYNGENE,,2026-04-14T01:22:41.013948+00:00
NIFTY HEALTHCARE,ABBOTINDIA,,2026-04-14T01:22:41.013948+00:00
NIFTY HEALTHCARE,IPCALAB,,2026-04-14T01:22:41.013948+00:00
NIFTY CONSR DURBL,DIXON,,2026-04-14T01:22:41.013948+00:00
NIFTY CONSR DURBL,TITAN,,2026-04-14T01:22:41.013948+00:00
NIFTY CONSR DURBL,VOLTAS,,2026-04-14T01:22:41.013948+00:00
NIFTY CONSR DURBL,AMBER,,2026-04-14T01:22:41.013948+00:00
NIFTY CONSR DURBL,LGEINDIA,,2026-04-14T01:22:41.013948+00:00
NIFTY CONSR DURBL,PGEL,,2026-04-14T01:22:41.013948+00:00
NIFTY CONSR DURBL,BLUESTARCO,,2026-04-14T01:22:41.013948+00:00
NIFTY CONSR DURBL,KALYANKJIL,,2026-04-14T01:22:41.013948+00:00
NIFTY CONSR DURBL,HAVELLS,,2026-04-14T01:22:41.013948+00:00
NIFTY CONSR DURBL,CROMPTON,,2026-04-14T01:22:41.013948+00:00
NIFTY CONSR DURBL,KAJARIACER,,2026-04-14T01:22:41.013948+00:00
NIFTY CONSR DURBL,WHIRLPOOL,,2026-04-14T01:22:41.013948+00:00
NIFTY CONSR DURBL,BATAINDIA,,2026-04-14T01:22:41.013948+00:00
NIFTY OIL AND GAS,RELIANCE,,2026-04-14T01:22:41.013948+00:00
NIFTY OIL AND GAS,ONGC,,2026-04-14T01:22:41.013948+00:00
NIFTY OIL AND GAS,BPCL,,2026-04-14T01:22:41.013948+00:00
NIFTY OIL AND GAS,OIL,,2026-04-14T01:22:41.013948+00:00
NIFTY OIL AND GAS,HINDPETRO,,2026-04-14T01:22:41.013948+00:00
NIFTY OIL AND GAS,IOC,,2026-04-14T01:22:41.013948+00:00
NIFTY OIL AND GAS,ATGL,,2026-04-14T01:22:41.013948+00:00
NIFTY OIL AND GAS,GAIL,,2026-04-14T01:22:41.013948+00:00
NIFTY OIL AND GAS,CHENNPETRO,,2026-04-14T01:22:41.013948+00:00
NIFTY OIL AND GAS,PETRONET,,2026-04-14T01:22:41.013948+00:00
NIFTY OIL AND GAS,IGL,,2026-04-14T01:22:41.013948+00:00
NIFTY OIL AND GAS,MGL,,2026-04-14T01:22:41.013948+00:00
NIFTY OIL AND GAS,AEGISLOG,,2026-04-14T01:22:41.013948+00:00
NIFTY OIL AND GAS,CASTROLIND,,2026-04-14T01:22:41.013948+00:00
NIFTY OIL AND GAS,GSPL,,2026-04-14T01:22:41.013948+00:00
NIFTY MIDSML HLTH,ONESOURCE,,2026-04-14T01:22:41.013948+00:00
NIFTY MIDSML HLTH,COHANCE,,2026-04-14T01:22:41.013948+00:00
NIFTY MIDSML HLTH,AUROPHARMA,,2026-04-14T01:22:41.013948+00:00
NIFTY MIDSML HLTH,LUPIN,,2026-04-14T01:22:41.013948+00:00
NIFTY MIDSML HLTH,GLENMARK,,2026-04-14T01:22:41.013948+00:00
NIFTY MIDSML HLTH,LAURUSLABS,,2026-04-14T01:22:41.013948+00:00
NIFTY MIDSML HLTH,MANKIND,,2026-04-14T01:22:41.013948+00:00
NIFTY MIDSML HLTH,BIOCON,,2026-04-14T01:22:41.013948+00:00
NIFTY MIDSML HLTH,JBCHEPHARM,,2026-04-14T01:22:41.013948+00:00
NIFTY MIDSML HLTH,WOCKPHARMA,,2026-04-14T01:22:41.013948+00:00
NIFTY MIDSML HLTH,ALKEM,,2026-04-14T01:22:41.013948+00:00
NIFTY MIDSML HLTH,FORTIS,,2026-04-14T01:22:41.013948+00:00
NIFTY MIDSML HLTH,NEULANDLAB,,2026-04-14T01:22:41.013948+00:00
NIFTY MIDSML HLTH,NATCOPHARM,,2026-04-14T01:22:41.013948+00:00
NIFTY MIDSML HLTH,AJANTPHARM,,2026-04-14T01:22:41.013948+00:00
NIFTY MIDSML HLTH,PPLPHARMA,,2026-04-14T01:22:41.013948+00:00
NIFTY MIDSML HLTH,SAILIFE,,2026-04-14T01:22:41.013948+00:00
NIFTY MIDSML HLTH,NH,,2026-04-14T01:22:41.013948+00:00
NIFTY MIDSML HLTH,GRANULES,,2026-04-14T01:22:41.013948+00:00
NIFTY MIDSML HLTH,LALPATHLAB,,2026-04-14T01:22:41.013948+00:00
NIFTY MIDSML HLTH,ASTERDM,,2026-04-14T01:22:41.013948+00:00
NIFTY MIDSML HLTH,SYNGENE,,2026-04-14T01:22:41.013948+00:00
NIFTY MIDSML HLTH,KIMS,,2026-04-14T01:22:41.013948+00:00
NIFTY MIDSML HLTH,ABBOTINDIA,,2026-04-14T01:22:41.013948+00:00
NIFTY MIDSML HLTH,GLAXO,,2026-04-14T01:22:41.013948+00:00
NIFTY MIDSML HLTH,IPCALAB,,2026-04-14T01:22:41.013948+00:00
NIFTY MIDSML HLTH,MEDANTA,,2026-04-14T01:22:41.013948+00:00
NIFTY MIDSML HLTH,GLAND,,2026-04-14T01:22:41.013948+00:00
NIFTY MIDSML HLTH,POLYMED,,2026-04-14T01:22:41.013948+00:00
NIFTY MIDSML HLTH,PFIZER,,2026-04-14T01:22:41.013948+00:00
NIFTY FINSEREXBNK,BSE,,2026-04-14T01:22:41.013948+00:00
NIFTY FINSEREXBNK,MCX,,2026-04-14T01:22:41.013948+00:00
NIFTY FINSEREXBNK,BAJFINANCE,,2026-04-14T01:22:41.013948+00:00
NIFTY FINSEREXBNK,SHRIRAMFIN,,2026-04-14T01:22:41.013948+00:00
NIFTY FINSEREXBNK,CHOLAFIN,,2026-04-14T01:22:41.013948+00:00
NIFTY FINSEREXBNK,PFC,,2026-04-14T01:22:41.013948+00:00
NIFTY FINSEREXBNK,JIOFIN,,2026-04-14T01:22:41.013948+00:00
NIFTY FINSEREXBNK,HDFCLIFE,,2026-04-14T01:22:41.013948+00:00
NIFTY FINSEREXBNK,CDSL,,2026-04-14T01:22:41.013948+00:00
NIFTY FINSEREXBNK,HDFCAMC,,2026-04-14T01:22:41.013948+00:00
NIFTY FINSEREXBNK,BAJAJFINSV,,2026-04-14T01:22:41.013948+00:00
NIFTY FINSEREXBNK,POLICYBZR,,2026-04-14T01:22:41.013948+00:00
NIFTY FINSEREXBNK,PAYTM,,2026-04-14T01:22:41.013948+00:00
NIFTY FINSEREXBNK,ANGELONE,,2026-04-14T01:22:41.013948+00:00
NIFTY FINSEREXBNK,RECLTD,,2026-04-14T01:22:41.013948+00:00
NIFTY FINSEREXBNK,LICI,,2026-04-14T01:22:41.013948+00:00
NIFTY FINSEREXBNK,MUTHOOTFIN,,2026-04-14T01:22:41.013948+00:00
NIFTY FINSEREXBNK,IRFC,,2026-04-14T01:22:41.013948+00:00
NIFTY FINSEREXBNK,LTF,,2026-04-14T01:22:41.013948+00:00
NIFTY FINSEREXBNK,SBILIFE,,2026-04-14T01:22:41.013948+00:00
NIFTY FINSEREXBNK,ABCAPITAL,,2026-04-14T01:22:41.013948+00:00
NIFTY FINSEREXBNK,MFSL,,2026-04-14T01:22:41.013948+00:00
NIFTY FINSEREXBNK,SBICARD,,2026-04-14T01:22:41.013948+00:00
NIFTY FINSEREXBNK,PNBHOUSING,,2026-04-14T01:22:41.013948+00:00
NIFTY FINSEREXBNK,LICHSGFIN,,2026-04-14T01:22:41.013948+00:00
NIFTY FINSEREXBNK,CAMS,,2026-04-14T01:22:41.013948+00:00
NIFTY FINSEREXBNK,360ONE,,2026-04-14T01:22:41.013948+00:00
NIFTY FINSEREXBNK,ICICIGI,,2026-04-14T01:22:41.013948+00:00
NIFTY FINSEREXBNK,ICICIPRULI,,2026-04-14T01:22:41.013948+00:00
NIFTY FINSEREXBNK,BAJAJHLDNG,,2026-04-14T01:22:41.013948+00:00
NIFTY MS FIN SERV,BSE,,2026-04-14T01:22:41.013948+00:00
NIFTY MS FIN SERV,MCX,,2026-04-14T01:22:41.013948+00:00
NIFTY MS FIN SERV,CDSL,,2026-04-14T01:22:41.013948+00:00
NIFTY MS FIN SERV,POLICYBZR,,2026-04-14T01:22:41.013948+00:00
NIFTY MS FIN SERV,PAYTM,,2026-04-14T01:22:41.013948+00:00
NIFTY MS FIN SERV,FEDERALBNK,,2026-04-14T01:22:41.013948+00:00
NIFTY MS FIN SERV,ANGELONE,,2026-04-14T01:22:41.013948+00:00
NIFTY MS FIN SERV,LICI,,2026-04-14T01:22:41.013948+00:00
NIFTY MS FIN SERV,BANKINDIA,,2026-04-14T01:22:41.013948+00:00
NIFTY MS FIN SERV,INDIANB,,2026-04-14T01:22:41.013948+00:00
NIFTY MS FIN SERV,AUBANK,,2026-04-14T01:22:41.013948+00:00
NIFTY MS FIN SERV,LTF,,2026-04-14T01:22:41.013948+00:00
NIFTY MS FIN SERV,YESBANK,,2026-04-14T01:22:41.013948+00:00
NIFTY MS FIN SERV,INDUSINDBK,,2026-04-14T01:22:41.013948+00:00
NIFTY MS FIN SERV,IDFCFIRSTB,,2026-04-14T01:22:41.013948+00:00
NIFTY MS FIN SERV,HUDCO,,2026-04-14T01:22:41.013948+00:00
NIFTY MS FIN SERV,MANAPPURAM,,2026-04-14T01:22:41.013948+00:00
NIFTY MS FIN SERV,ABCAPITAL,,2026-04-14T01:22:41.013948+00:00
NIFTY MS FIN SERV,BANDHANBNK,,2026-04-14T01:22:41.013948+00:00
NIFTY MS FIN SERV,MFSL,,2026-04-14T01:22:41.013948+00:00
NIFTY MS FIN SERV,KFINTECH,,2026-04-14T01:22:41.013948+00:00
NIFTY MS FIN SERV,SBICARD,,2026-04-14T01:22:41.013948+00:00
NIFTY MS FIN SERV,IEX,,2026-04-14T01:22:41.013948+00:00
NIFTY MS FIN SERV,RBLBANK,,2026-04-14T01:22:41.013948+00:00
NIFTY MS FIN SERV,PNBHOUSING,,2026-04-14T01:22:41.013948+00:00
NIFTY MS FIN SERV,LICHSGFIN,,2026-04-14T01:22:41.013948+00:00
NIFTY MS FIN SERV,CAMS,,2026-04-14T01:22:41.013948+00:00
NIFTY MS FIN SERV,360ONE,,2026-04-14T01:22:41.013948+00:00
NIFTY MS FIN SERV,ICICIGI,,2026-04-14T01:22:41.013948+00:00
NIFTY MS FIN SERV,ICICIPRULI,,2026-04-14T01:22:41.013948+00:00
NIFTY MS IT TELCM,HFCL,,2026-04-14T01:22:41.013948+00:00
NIFTY MS IT TELCM,IDEA,,2026-04-14T01:22:41.013948+00:00
NIFTY MS IT TELCM,PERSISTENT,,2026-04-14T01:22:41.013948+00:00
NIFTY MS IT TELCM,COFORGE,,2026-04-14T01:22:41.013948+00:00
NIFTY MS IT TELCM,INDUSTOWER,,2026-04-14T01:22:41.013948+00:00
NIFTY MS IT TELCM,KPITTECH,,2026-04-14T01:22:41.013948+00:00
NIFTY MS IT TELCM,TATAELXSI,,2026-04-14T01:22:41.013948+00:00
NIFTY MS IT TELCM,AFFLE,,2026-04-14T01:22:41.013948+00:00
NIFTY MS IT TELCM,MPHASIS,,2026-04-14T01:22:41.013948+00:00
NIFTY MS IT TELCM,OFSS,,2026-04-14T01:22:41.013948+00:00
NIFTY MS IT TELCM,INTELLECT,,2026-04-14T01:22:41.013948+00:00
NIFTY MS IT TELCM,SAGILITY,,2026-04-14T01:22:41.013948+00:00
NIFTY MS IT TELCM,TATACOMM,,2026-04-14T01:22:41.013948+00:00
NIFTY MS IT TELCM,LTTS,,2026-04-14T01:22:41.013948+00:00
NIFTY MS IT TELCM,TATATECH,,2026-04-14T01:22:41.013948+00:00
NIFTY MS IT TELCM,CYIENT,,2026-04-14T01:22:41.013948+00:00
NIFTY MS IT TELCM,BHARTIHEXA,,2026-04-14T01:22:41.013948+00:00
NIFTY MS IT TELCM,ZENSARTECH,,2026-04-14T01:22:41.013948+00:00
NIFTY MS IT TELCM,SONATSOFTW,,2026-04-14T01:22:41.013948+00:00
NIFTY MS IT TELCM,HEXT,,2026-04-14T01:22:41.013948+00:00
NIFTY CHEMICALS,TATACHEM,,2026-04-14T01:22:41.013948+00:00
NIFTY CHEMICALS,SOLARINDS,,2026-04-14T01:22:41.013948+00:00
NIFTY CHEMICALS,SRF,,2026-04-14T01:22:41.013948+00:00
NIFTY CHEMICALS,HSCL,,2026-04-14T01:22:41.013948+00:00
NIFTY CHEMICALS,UPL,,2026-04-14T01:22:41.013948+00:00
NIFTY CHEMICALS,AARTIIND,,2026-04-14T01:22:41.013948+00:00
NIFTY CHEMICALS,PIDILITIND,,2026-04-14T01:22:41.013948+00:00
NIFTY CHEMICALS,NAVINFLUOR,,2026-04-14T01:22:41.013948+00:00
NIFTY CHEMICALS,DEEPAKFERT,,2026-04-14T01:22:41.013948+00:00
NIFTY CHEMICALS,COROMANDEL,,2026-04-14T01:22:41.013948+00:00
NIFTY CHEMICALS,LINDEINDIA,,2026-04-14T01:22:41.013948+00:00
NIFTY CHEMICALS,PIIND,,2026-04-14T01:22:41.013948+00:00
NIFTY CHEMICALS,PCBL,,2026-04-14T01:22:41.013948+00:00
NIFTY CHEMICALS,CHAMBLFERT,,2026-04-14T01:22:41.013948+00:00
NIFTY CHEMICALS,DEEPAKNTR,,2026-04-14T01:22:41.013948+00:00
NIFTY CHEMICALS,BAYERCROP,,2026-04-14T01:22:41.013948+00:00
NIFTY CHEMICALS,SWANCORP,,2026-04-14T01:22:41.013948+00:00
NIFTY CHEMICALS,FLUOROCHEM,,2026-04-14T01:22:41.013948+00:00
NIFTY CHEMICALS,SUMICHEM,,2026-04-14T01:22:41.013948+00:00
NIFTY CHEMICALS,ATUL,,2026-04-14T01:22:41.013948+00:00
NIFTY500 HEALTH,SUNPHARMA,,2026-04-14T01:22:41.013948+00:00
NIFTY500 HEALTH,TORNTPHARM,,2026-04-14T01:22:41.013948+00:00
NIFTY500 HEALTH,ONESOURCE,,2026-04-14T01:22:41.013948+00:00
NIFTY500 HEALTH,COHANCE,,2026-04-14T01:22:41.013948+00:00
NIFTY500 HEALTH,APOLLOHOSP,,2026-04-14T01:22:41.013948+00:00
NIFTY500 HEALTH,MAXHEALTH,,2026-04-14T01:22:41.013948+00:00
NIFTY500 HEALTH,CIPLA,,2026-04-14T01:22:41.013948+00:00
NIFTY500 HEALTH,AUROPHARMA,,2026-04-14T01:22:41.013948+00:00
NIFTY500 HEALTH,DRREDDY,,2026-04-14T01:22:41.013948+00:00
NIFTY500 HEALTH,LUPIN,,2026-04-14T01:22:41.013948+00:00
NIFTY500 HEALTH,GLENMARK,,2026-04-14T01:22:41.013948+00:00
NIFTY500 HEALTH,LAURUSLABS,,2026-04-14T01:22:41.013948+00:00
NIFTY500 HEALTH,MANKIND,,2026-04-14T01:22:41.013948+00:00
NIFTY500 HEALTH,DIVISLAB,,2026-04-14T01:22:41.013948+00:00
NIFTY500 HEALTH,BIOCON,,2026-04-14T01:22:41.013948+00:00
NIFTY500 HEALTH,JBCHEPHARM,,2026-04-14T01:22:41.013948+00:00
NIFTY500 HEALTH,WOCKPHARMA,,2026-04-14T01:22:41.013948+00:00
NIFTY500 HEALTH,ALKEM,,2026-04-14T01:22:41.013948+00:00
NIFTY500 HEALTH,ACUTAAS,,2026-04-14T01:22:41.013948+00:00
NIFTY500 HEALTH,FORTIS,,2026-04-14T01:22:41.013948+00:00
NIFTY500 HEALTH,NEULANDLAB,,2026-04-14T01:22:41.013948+00:00
NIFTY500 HEALTH,NATCOPHARM,,2026-04-14T01:22:41.013948+00:00
NIFTY500 HEALTH,ZYDUSLIFE,,2026-04-14T01:22:41.013948+00:00
NIFTY500 HEALTH,AJANTPHARM,,2026-04-14T01:22:41.013948+00:00
NIFTY500 HEALTH,BLUEJET,,2026-04-14T01:22:41.013948+00:00
NIFTY500 HEALTH,PPLPHARMA,,2026-04-14T01:22:41.013948+00:00
NIFTY500 HEALTH,SAILIFE,,2026-04-14T01:22:41.013948+00:00
NIFTY500 HEALTH,EMCURE,,2026-04-14T01:22:41.013948+00:00
NIFTY500 HEALTH,NH,,2026-04-14T01:22:41.013948+00:00
NIFTY500 HEALTH,GRANULES,,2026-04-14T01:22:41.013948+00:00
NIFTY500 HEALTH,LALPATHLAB,,2026-04-14T01:22:41.013948+00:00
NIFTY500 HEALTH,ASTERDM,,2026-04-14T01:22:41.013948+00:00
NIFTY500 HEALTH,SYNGENE,,2026-04-14T01:22:41.013948+00:00
NIFTY500 HEALTH,KIMS,,2026-04-14T01:22:41.013948+00:00
NIFTY500 HEALTH,ANTHEM,,2026-04-14T01:22:41.013948+00:00
NIFTY500 HEALTH,ABBOTINDIA,,2026-04-14T01:22:41.013948+00:00
NIFTY500 HEALTH,RAINBOW,,2026-04-14T01:22:41.013948+00:00
NIFTY500 HEALTH,GLAXO,,2026-04-14T01:22:41.013948+00:00
NIFTY500 HEALTH,IPCALAB,,2026-04-14T01:22:41.013948+00:00
NIFTY500 HEALTH,MEDANTA,,2026-04-14T01:22:41.013948+00:00
NIFTY500 HEALTH,ERIS,,2026-04-14T01:22:41.013948+00:00
NIFTY500 HEALTH,CAPLIPOINT,,2026-04-14T01:22:41.013948+00:00
NIFTY500 HEALTH,CONCORDBIO,,2026-04-14T01:22:41.013948+00:00
NIFTY500 HEALTH,GLAND,,2026-04-14T01:22:41.013948+00:00
NIFTY500 HEALTH,POLYMED,,2026-04-14T01:22:41.013948+00:00
NIFTY500 HEALTH,INDGN,,2026-04-14T01:22:41.013948+00:00
NIFTY500 HEALTH,VIJAYA,,2026-04-14T01:22:41.013948+00:00
NIFTY500 HEALTH,JUBLPHARMA,,2026-04-14T01:22:41.013948+00:00
NIFTY500 HEALTH,PFIZER,,2026-04-14T01:22:41.013948+00:00
NIFTY DIV OPPS 50,SBIN,,2026-04-14T01:22:41.013948+00:00
NIFTY DIV OPPS 50,INFY,,2026-04-14T01:22:41.013948+00:00
NIFTY DIV OPPS 50,VEDL,,2026-04-14T01:22:41.013948+00:00
NIFTY DIV OPPS 50,TCS,,2026-04-14T01:22:41.013948+00:00
NIFTY DIV OPPS 50,SHRIRAMFIN,,2026-04-14T01:22:41.013948+00:00
NIFTY DIV OPPS 50,COALINDIA,,2026-04-14T01:22:41.013948+00:00
NIFTY DIV OPPS 50,ONGC,,2026-04-14T01:22:41.013948+00:00
NIFTY DIV OPPS 50,NTPC,,2026-04-14T01:22:41.013948+00:00
NIFTY DIV OPPS 50,NATIONALUM,,2026-04-14T01:22:41.013948+00:00
NIFTY DIV OPPS 50,TATASTEEL,,2026-04-14T01:22:41.013948+00:00
NIFTY DIV OPPS 50,ITC,,2026-04-14T01:22:41.013948+00:00
NIFTY DIV OPPS 50,SAIL,,2026-04-14T01:22:41.013948+00:00
NIFTY DIV OPPS 50,POWERGRID,,2026-04-14T01:22:41.013948+00:00
NIFTY DIV OPPS 50,WIPRO,,2026-04-14T01:22:41.013948+00:00
NIFTY DIV OPPS 50,CUMMINSIND,,2026-04-14T01:22:41.013948+00:00
NIFTY DIV OPPS 50,HINDUNILVR,,2026-04-14T01:22:41.013948+00:00
NIFTY DIV OPPS 50,HEROMOTOCO,,2026-04-14T01:22:41.013948+00:00
NIFTY DIV OPPS 50,BPCL,,2026-04-14T01:22:41.013948+00:00
NIFTY DIV OPPS 50,PFC,,2026-04-14T01:22:41.013948+00:00
NIFTY DIV OPPS 50,ASHOKLEY,,2026-04-14T01:22:41.013948+00:00
NIFTY DIV OPPS 50,BAJAJ-AUTO,,2026-04-14T01:22:41.013948+00:00
NIFTY DIV OPPS 50,OIL,,2026-04-14T01:22:41.013948+00:00
NIFTY DIV OPPS 50,UNIONBANK,,2026-04-14T01:22:41.013948+00:00
NIFTY DIV OPPS 50,BANKBARODA,,2026-04-14T01:22:41.013948+00:00
NIFTY DIV OPPS 50,HINDPETRO,,2026-04-14T01:22:41.013948+00:00
NIFTY DIV OPPS 50,HCLTECH,,2026-04-14T01:22:41.013948+00:00
NIFTY DIV OPPS 50,IOC,,2026-04-14T01:22:41.013948+00:00
NIFTY DIV OPPS 50,CANBK,,2026-04-14T01:22:41.013948+00:00
NIFTY DIV OPPS 50,HDFCAMC,,2026-04-14T01:22:41.013948+00:00
NIFTY DIV OPPS 50,NMDC,,2026-04-14T01:22:41.013948+00:00
NIFTY DIV OPPS 50,GAIL,,2026-04-14T01:22:41.013948+00:00
NIFTY DIV OPPS 50,PNB,,2026-04-14T01:22:41.013948+00:00
NIFTY DIV OPPS 50,BRITANNIA,,2026-04-14T01:22:41.013948+00:00
NIFTY DIV OPPS 50,ANGELONE,,2026-04-14T01:22:41.013948+00:00
NIFTY DIV OPPS 50,RECLTD,,2026-04-14T01:22:41.013948+00:00
NIFTY DIV OPPS 50,TECHM,,2026-04-14T01:22:41.013948+00:00
NIFTY DIV OPPS 50,BANKINDIA,,2026-04-14T01:22:41.013948+00:00
NIFTY DIV OPPS 50,IRFC,,2026-04-14T01:22:41.013948+00:00
NIFTY DIV OPPS 50,HINDZINC,,2026-04-14T01:22:41.013948+00:00
NIFTY DIV OPPS 50,INDIANB,,2026-04-14T01:22:41.013948+00:00
NIFTY DIV OPPS 50,MAHABANK,,2026-04-14T01:22:41.013948+00:00
NIFTY DIV OPPS 50,GODREJCP,,2026-04-14T01:22:41.013948+00:00
NIFTY DIV OPPS 50,NHPC,,2026-04-14T01:22:41.013948+00:00
NIFTY DIV OPPS 50,HUDCO,,2026-04-14T01:22:41.013948+00:00
NIFTY DIV OPPS 50,PAGEIND,,2026-04-14T01:22:41.013948+00:00
NIFTY DIV OPPS 50,COLPAL,,2026-04-14T01:22:41.013948+00:00
NIFTY DIV OPPS 50,REDINGTON,,2026-04-14T01:22:41.013948+00:00
NIFTY DIV OPPS 50,MPHASIS,,2026-04-14T01:22:41.013948+00:00
NIFTY DIV OPPS 50,M&MFIN,,2026-04-14T01:22:41.013948+00:00
NIFTY DIV OPPS 50,OFSS,,2026-04-14T01:22:41.013948+00:00
NIFTY GROWSECT 15,MARUTI,,2026-04-14T01:22:41.013948+00:00
NIFTY GROWSECT 15,INFY,,2026-04-14T01:22:41.013948+00:00
NIFTY GROWSECT 15,M&M,,2026-04-14T01:22:41.013948+00:00
NIFTY GROWSECT 15,TCS,,2026-04-14T01:22:41.013948+00:00
NIFTY GROWSECT 15,EICHERMOT,,2026-04-14T01:22:41.013948+00:00
NIFTY GROWSECT 15,SUNPHARMA,,2026-04-14T01:22:41.013948+00:00
NIFTY GROWSECT 15,HINDUNILVR,,2026-04-14T01:22:41.013948+00:00
NIFTY GROWSECT 15,TITAN,,2026-04-14T01:22:41.013948+00:00
NIFTY GROWSECT 15,PERSISTENT,,2026-04-14T01:22:41.013948+00:00
NIFTY GROWSECT 15,TVSMOTOR,,2026-04-14T01:22:41.013948+00:00
NIFTY GROWSECT 15,APOLLOHOSP,,2026-04-14T01:22:41.013948+00:00
NIFTY GROWSECT 15,CIPLA,,2026-04-14T01:22:41.013948+00:00
NIFTY GROWSECT 15,TECHM,,2026-04-14T01:22:41.013948+00:00
NIFTY GROWSECT 15,NESTLEIND,,2026-04-14T01:22:41.013948+00:00
NIFTY GROWSECT 15,DIVISLAB,,2026-04-14T01:22:41.013948+00:00
NIFTY100 QUALTY30,MARUTI,,2026-04-14T01:22:41.013948+00:00
NIFTY100 QUALTY30,INFY,,2026-04-14T01:22:41.013948+00:00
NIFTY100 QUALTY30,TCS,,2026-04-14T01:22:41.013948+00:00
NIFTY100 QUALTY30,EICHERMOT,,2026-04-14T01:22:41.013948+00:00
NIFTY100 QUALTY30,COALINDIA,,2026-04-14T01:22:41.013948+00:00
NIFTY100 QUALTY30,BEL,,2026-04-14T01:22:41.013948+00:00
NIFTY100 QUALTY30,MAZDOCK,,2026-04-14T01:22:41.013948+00:00
NIFTY100 QUALTY30,ITC,,2026-04-14T01:22:41.013948+00:00
NIFTY100 QUALTY30,HAL,,2026-04-14T01:22:41.013948+00:00
NIFTY100 QUALTY30,WIPRO,,2026-04-14T01:22:41.013948+00:00
NIFTY100 QUALTY30,HINDUNILVR,,2026-04-14T01:22:41.013948+00:00
NIFTY100 QUALTY30,ASIANPAINT,,2026-04-14T01:22:41.013948+00:00
NIFTY100 QUALTY30,BAJAJ-AUTO,,2026-04-14T01:22:41.013948+00:00
NIFTY100 QUALTY30,SOLARINDS,,2026-04-14T01:22:41.013948+00:00
NIFTY100 QUALTY30,HCLTECH,,2026-04-14T01:22:41.013948+00:00
NIFTY100 QUALTY30,VBL,,2026-04-14T01:22:41.013948+00:00
NIFTY100 QUALTY30,ABB,,2026-04-14T01:22:41.013948+00:00
NIFTY100 QUALTY30,BOSCHLTD,,2026-04-14T01:22:41.013948+00:00
NIFTY100 QUALTY30,BRITANNIA,,2026-04-14T01:22:41.013948+00:00
NIFTY100 QUALTY30,TECHM,,2026-04-14T01:22:41.013948+00:00
NIFTY100 QUALTY30,DRREDDY,,2026-04-14T01:22:41.013948+00:00
NIFTY100 QUALTY30,UNITDSPR,,2026-04-14T01:22:41.013948+00:00
NIFTY100 QUALTY30,NESTLEIND,,2026-04-14T01:22:41.013948+00:00
NIFTY100 QUALTY30,HINDZINC,,2026-04-14T01:22:41.013948+00:00
NIFTY100 QUALTY30,DIVISLAB,,2026-04-14T01:22:41.013948+00:00
NIFTY100 QUALTY30,HAVELLS,,2026-04-14T01:22:41.013948+00:00
NIFTY100 QUALTY30,GODREJCP,,2026-04-14T01:22:41.013948+00:00
NIFTY100 QUALTY30,PIDILITIND,,2026-04-14T01:22:41.013948+00:00
NIFTY100 QUALTY30,LTM,,2026-04-14T01:22:41.013948+00:00
NIFTY100 QUALTY30,ZYDUSLIFE,,2026-04-14T01:22:41.013948+00:00
NIFTY50 VALUE 20,ICICIBANK,,2026-04-14T01:22:41.013948+00:00
NIFTY50 VALUE 20,SBIN,,2026-04-14T01:22:41.013948+00:00
NIFTY50 VALUE 20,MARUTI,,2026-04-14T01:22:41.013948+00:00
NIFTY50 VALUE 20,INFY,,2026-04-14T01:22:41.013948+00:00
NIFTY50 VALUE 20,AXISBANK,,2026-04-14T01:22:41.013948+00:00
NIFTY50 VALUE 20,KOTAKBANK,,2026-04-14T01:22:41.013948+00:00
NIFTY50 VALUE 20,TCS,,2026-04-14T01:22:41.013948+00:00
NIFTY50 VALUE 20,COALINDIA,,2026-04-14T01:22:41.013948+00:00
NIFTY50 VALUE 20,ONGC,,2026-04-14T01:22:41.013948+00:00
NIFTY50 VALUE 20,NTPC,,2026-04-14T01:22:41.013948+00:00
NIFTY50 VALUE 20,ITC,,2026-04-14T01:22:41.013948+00:00
NIFTY50 VALUE 20,POWERGRID,,2026-04-14T01:22:41.013948+00:00
NIFTY50 VALUE 20,HINDALCO,,2026-04-14T01:22:41.013948+00:00
NIFTY50 VALUE 20,TMPV,,2026-04-14T01:22:41.013948+00:00
NIFTY50 VALUE 20,WIPRO,,2026-04-14T01:22:41.013948+00:00
NIFTY50 VALUE 20,BAJAJ-AUTO,,2026-04-14T01:22:41.013948+00:00
NIFTY50 VALUE 20,HCLTECH,,2026-04-14T01:22:41.013948+00:00
NIFTY50 VALUE 20,CIPLA,,2026-04-14T01:22:41.013948+00:00
NIFTY50 VALUE 20,TECHM,,2026-04-14T01:22:41.013948+00:00
NIFTY50 VALUE 20,DRREDDY,,2026-04-14T01:22:41.013948+00:00
NIFTY ALPHA 50,BSE,,2026-04-14T01:22:41.013948+00:00
NIFTY ALPHA 50,SBIN,,2026-04-14T01:22:41.013948+00:00
NIFTY ALPHA 50,MARUTI,,2026-04-14T01:22:41.013948+00:00
NIFTY ALPHA 50,ADANIPOWER,,2026-04-14T01:22:41.013948+00:00
NIFTY ALPHA 50,MCX,,2026-04-14T01:22:41.013948+00:00
NIFTY ALPHA 50,M&M,,2026-04-14T01:22:41.013948+00:00
NIFTY ALPHA 50,VEDL,,2026-04-14T01:22:41.013948+00:00
NIFTY ALPHA 50,EICHERMOT,,2026-04-14T01:22:41.013948+00:00
NIFTY ALPHA 50,SHRIRAMFIN,,2026-04-14T01:22:41.013948+00:00
NIFTY ALPHA 50,BEL,,2026-04-14T01:22:41.013948+00:00
NIFTY ALPHA 50,POWERINDIA,,2026-04-14T01:22:41.013948+00:00
NIFTY ALPHA 50,NATIONALUM,,2026-04-14T01:22:41.013948+00:00
NIFTY ALPHA 50,CUMMINSIND,,2026-04-14T01:22:41.013948+00:00
NIFTY ALPHA 50,ASHOKLEY,,2026-04-14T01:22:41.013948+00:00
NIFTY ALPHA 50,POLYCAB,,2026-04-14T01:22:41.013948+00:00
NIFTY ALPHA 50,AMBER,,2026-04-14T01:22:41.013948+00:00
NIFTY ALPHA 50,SOLARINDS,,2026-04-14T01:22:41.013948+00:00
NIFTY ALPHA 50,UNIONBANK,,2026-04-14T01:22:41.013948+00:00
NIFTY ALPHA 50,GVT&D,,2026-04-14T01:22:41.013948+00:00
NIFTY ALPHA 50,HINDCOPPER,,2026-04-14T01:22:41.013948+00:00
NIFTY ALPHA 50,CANBK,,2026-04-14T01:22:41.013948+00:00
NIFTY ALPHA 50,HDFCAMC,,2026-04-14T01:22:41.013948+00:00
NIFTY ALPHA 50,TVSMOTOR,,2026-04-14T01:22:41.013948+00:00
NIFTY ALPHA 50,PAYTM,,2026-04-14T01:22:41.013948+00:00
NIFTY ALPHA 50,FEDERALBNK,,2026-04-14T01:22:41.013948+00:00
NIFTY ALPHA 50,BHARATFORG,,2026-04-14T01:22:41.013948+00:00
NIFTY ALPHA 50,MUTHOOTFIN,,2026-04-14T01:22:41.013948+00:00
NIFTY ALPHA 50,BANKINDIA,,2026-04-14T01:22:41.013948+00:00
NIFTY ALPHA 50,POONAWALLA,,2026-04-14T01:22:41.013948+00:00
NIFTY ALPHA 50,BDL,,2026-04-14T01:22:41.013948+00:00
NIFTY ALPHA 50,GLENMARK,,2026-04-14T01:22:41.013948+00:00
NIFTY ALPHA 50,INDIANB,,2026-04-14T01:22:41.013948+00:00
NIFTY ALPHA 50,LAURUSLABS,,2026-04-14T01:22:41.013948+00:00
NIFTY ALPHA 50,APARINDS,,2026-04-14T01:22:41.013948+00:00
NIFTY ALPHA 50,AUBANK,,2026-04-14T01:22:41.013948+00:00
NIFTY ALPHA 50,LTF,,2026-04-14T01:22:41.013948+00:00
NIFTY ALPHA 50,SBILIFE,,2026-04-14T01:22:41.013948+00:00
NIFTY ALPHA 50,MANAPPURAM,,2026-04-14T01:22:41.013948+00:00
NIFTY ALPHA 50,ABCAPITAL,,2026-04-14T01:22:41.013948+00:00
NIFTY ALPHA 50,MFSL,,2026-04-14T01:22:41.013948+00:00
NIFTY ALPHA 50,DELHIVERY,,2026-04-14T01:22:41.013948+00:00
NIFTY ALPHA 50,RADICO,,2026-04-14T01:22:41.013948+00:00
NIFTY ALPHA 50,FORTIS,,2026-04-14T01:22:41.013948+00:00
NIFTY ALPHA 50,KARURVYSYA,,2026-04-14T01:22:41.013948+00:00
NIFTY ALPHA 50,NYKAA,,2026-04-14T01:22:41.013948+00:00
NIFTY ALPHA 50,RBLBANK,,2026-04-14T01:22:41.013948+00:00
NIFTY ALPHA 50,NAVINFLUOR,,2026-04-14T01:22:41.013948+00:00
NIFTY ALPHA 50,REDINGTON,,2026-04-14T01:22:41.013948+00:00
NIFTY ALPHA 50,NH,,2026-04-14T01:22:41.013948+00:00
NIFTY ALPHA 50,IIFL,,2026-04-14T01:22:41.013948+00:00
NIFTY50 EQL WGT,ICICIBANK,,2026-04-14T01:22:41.013948+00:00
NIFTY50 EQL WGT,RELIANCE,,2026-04-14T01:22:41.013948+00:00
NIFTY50 EQL WGT,HDFCBANK,,2026-04-14T01:22:41.013948+00:00
NIFTY50 EQL WGT,BHARTIARTL,,2026-04-14T01:22:41.013948+00:00
NIFTY50 EQL WGT,LT,,2026-04-14T01:22:41.013948+00:00
NIFTY50 EQL WGT,SBIN,,2026-04-14T01:22:41.013948+00:00
NIFTY50 EQL WGT,MARUTI,,2026-04-14T01:22:41.013948+00:00
NIFTY50 EQL WGT,INFY,,2026-04-14T01:22:41.013948+00:00
NIFTY50 EQL WGT,AXISBANK,,2026-04-14T01:22:41.013948+00:00
NIFTY50 EQL WGT,KOTAKBANK,,2026-04-14T01:22:41.013948+00:00
NIFTY50 EQL WGT,ETERNAL,,2026-04-14T01:22:41.013948+00:00
NIFTY50 EQL WGT,M&M,,2026-04-14T01:22:41.013948+00:00
NIFTY50 EQL WGT,BAJFINANCE,,2026-04-14T01:22:41.013948+00:00
NIFTY50 EQL WGT,TCS,,2026-04-14T01:22:41.013948+00:00
NIFTY50 EQL WGT,EICHERMOT,,2026-04-14T01:22:41.013948+00:00
NIFTY50 EQL WGT,SHRIRAMFIN,,2026-04-14T01:22:41.013948+00:00
NIFTY50 EQL WGT,COALINDIA,,2026-04-14T01:22:41.013948+00:00
NIFTY50 EQL WGT,ADANIENT,,2026-04-14T01:22:41.013948+00:00
NIFTY50 EQL WGT,INDIGO,,2026-04-14T01:22:41.013948+00:00
NIFTY50 EQL WGT,ONGC,,2026-04-14T01:22:41.013948+00:00
NIFTY50 EQL WGT,BEL,,2026-04-14T01:22:41.013948+00:00
NIFTY50 EQL WGT,SUNPHARMA,,2026-04-14T01:22:41.013948+00:00
NIFTY50 EQL WGT,NTPC,,2026-04-14T01:22:41.013948+00:00
NIFTY50 EQL WGT,ADANIPORTS,,2026-04-14T01:22:41.013948+00:00
NIFTY50 EQL WGT,TATASTEEL,,2026-04-14T01:22:41.013948+00:00
NIFTY50 EQL WGT,ITC,,2026-04-14T01:22:41.013948+00:00
NIFTY50 EQL WGT,POWERGRID,,2026-04-14T01:22:41.013948+00:00
NIFTY50 EQL WGT,HINDALCO,,2026-04-14T01:22:41.013948+00:00
NIFTY50 EQL WGT,TMPV,,2026-04-14T01:22:41.013948+00:00
NIFTY50 EQL WGT,WIPRO,,2026-04-14T01:22:41.013948+00:00
NIFTY50 EQL WGT,HINDUNILVR,,2026-04-14T01:22:41.013948+00:00
NIFTY50 EQL WGT,ASIANPAINT,,2026-04-14T01:22:41.013948+00:00
NIFTY50 EQL WGT,TITAN,,2026-04-14T01:22:41.013948+00:00
NIFTY50 EQL WGT,JIOFIN,,2026-04-14T01:22:41.013948+00:00
NIFTY50 EQL WGT,BAJAJ-AUTO,,2026-04-14T01:22:41.013948+00:00
NIFTY50 EQL WGT,HDFCLIFE,,2026-04-14T01:22:41.013948+00:00
NIFTY50 EQL WGT,GRASIM,,2026-04-14T01:22:41.013948+00:00
NIFTY50 EQL WGT,HCLTECH,,2026-04-14T01:22:41.013948+00:00
NIFTY50 EQL WGT,ULTRACEMCO,,2026-04-14T01:22:41.013948+00:00
NIFTY50 EQL WGT,APOLLOHOSP,,2026-04-14T01:22:41.013948+00:00
NIFTY50 EQL WGT,MAXHEALTH,,2026-04-14T01:22:41.013948+00:00
NIFTY50 EQL WGT,BAJAJFINSV,,2026-04-14T01:22:41.013948+00:00
NIFTY50 EQL WGT,CIPLA,,2026-04-14T01:22:41.013948+00:00
NIFTY50 EQL WGT,TECHM,,2026-04-14T01:22:41.013948+00:00
NIFTY50 EQL WGT,TATACONSUM,,2026-04-14T01:22:41.013948+00:00
NIFTY50 EQL WGT,DRREDDY,,2026-04-14T01:22:41.013948+00:00
NIFTY50 EQL WGT,NESTLEIND,,2026-04-14T01:22:41.013948+00:00
NIFTY50 EQL WGT,TRENT,,2026-04-14T01:22:41.013948+00:00
NIFTY50 EQL WGT,JSWSTEEL,,2026-04-14T01:22:41.013948+00:00
NIFTY50 EQL WGT,SBILIFE,,2026-04-14T01:22:41.013948+00:00
NIFTY100 EQL WGT,ICICIBANK,,2026-04-14T01:22:41.013948+00:00
NIFTY100 EQL WGT,RELIANCE,,2026-04-14T01:22:41.013948+00:00
NIFTY100 EQL WGT,HDFCBANK,,2026-04-14T01:22:41.013948+00:00
NIFTY100 EQL WGT,BHARTIARTL,,2026-04-14T01:22:41.013948+00:00
NIFTY100 EQL WGT,LT,,2026-04-14T01:22:41.013948+00:00
NIFTY100 EQL WGT,SBIN,,2026-04-14T01:22:41.013948+00:00
NIFTY100 EQL WGT,MARUTI,,2026-04-14T01:22:41.013948+00:00
NIFTY100 EQL WGT,ADANIPOWER,,2026-04-14T01:22:41.013948+00:00
NIFTY100 EQL WGT,INFY,,2026-04-14T01:22:41.013948+00:00
NIFTY100 EQL WGT,AXISBANK,,2026-04-14T01:22:41.013948+00:00
NIFTY100 EQL WGT,KOTAKBANK,,2026-04-14T01:22:41.013948+00:00
NIFTY100 EQL WGT,ETERNAL,,2026-04-14T01:22:41.013948+00:00
NIFTY100 EQL WGT,M&M,,2026-04-14T01:22:41.013948+00:00
NIFTY100 EQL WGT,BAJFINANCE,,2026-04-14T01:22:41.013948+00:00
NIFTY100 EQL WGT,VEDL,,2026-04-14T01:22:41.013948+00:00
NIFTY100 EQL WGT,TCS,,2026-04-14T01:22:41.013948+00:00
NIFTY100 EQL WGT,EICHERMOT,,2026-04-14T01:22:41.013948+00:00
NIFTY100 EQL WGT,TATAPOWER,,2026-04-14T01:22:41.013948+00:00
NIFTY100 EQL WGT,SHRIRAMFIN,,2026-04-14T01:22:41.013948+00:00
NIFTY100 EQL WGT,COALINDIA,,2026-04-14T01:22:41.013948+00:00
NIFTY100 EQL WGT,ADANIENT,,2026-04-14T01:22:41.013948+00:00
NIFTY100 EQL WGT,INDIGO,,2026-04-14T01:22:41.013948+00:00
NIFTY100 EQL WGT,ONGC,,2026-04-14T01:22:41.013948+00:00
NIFTY100 EQL WGT,BEL,,2026-04-14T01:22:41.013948+00:00
NIFTY100 EQL WGT,ADANIGREEN,,2026-04-14T01:22:41.013948+00:00
NIFTY100 EQL WGT,MAZDOCK,,2026-04-14T01:22:41.013948+00:00
NIFTY100 EQL WGT,SUNPHARMA,,2026-04-14T01:22:41.013948+00:00
NIFTY100 EQL WGT,TMCV,,2026-04-14T01:22:41.013948+00:00
NIFTY100 EQL WGT,NTPC,,2026-04-14T01:22:41.013948+00:00
NIFTY100 EQL WGT,ADANIPORTS,,2026-04-14T01:22:41.013948+00:00
NIFTY100 EQL WGT,TATASTEEL,,2026-04-14T01:22:41.013948+00:00
NIFTY100 EQL WGT,CHOLAFIN,,2026-04-14T01:22:41.013948+00:00
NIFTY100 EQL WGT,MOTHERSON,,2026-04-14T01:22:41.013948+00:00
NIFTY100 EQL WGT,ITC,,2026-04-14T01:22:41.013948+00:00
NIFTY100 EQL WGT,ADANIENSOL,,2026-04-14T01:22:41.013948+00:00
NIFTY100 EQL WGT,POWERGRID,,2026-04-14T01:22:41.013948+00:00
NIFTY100 EQL WGT,HINDALCO,,2026-04-14T01:22:41.013948+00:00
NIFTY100 EQL WGT,TMPV,,2026-04-14T01:22:41.013948+00:00
NIFTY100 EQL WGT,HAL,,2026-04-14T01:22:41.013948+00:00
NIFTY100 EQL WGT,WIPRO,,2026-04-14T01:22:41.013948+00:00
NIFTY100 EQL WGT,CUMMINSIND,,2026-04-14T01:22:41.013948+00:00
NIFTY100 EQL WGT,HINDUNILVR,,2026-04-14T01:22:41.013948+00:00
NIFTY100 EQL WGT,ASIANPAINT,,2026-04-14T01:22:41.013948+00:00
NIFTY100 EQL WGT,BPCL,,2026-04-14T01:22:41.013948+00:00
NIFTY100 EQL WGT,DMART,,2026-04-14T01:22:41.013948+00:00
NIFTY100 EQL WGT,PFC,,2026-04-14T01:22:41.013948+00:00
NIFTY100 EQL WGT,TITAN,,2026-04-14T01:22:41.013948+00:00
NIFTY100 EQL WGT,JIOFIN,,2026-04-14T01:22:41.013948+00:00
NIFTY100 EQL WGT,BAJAJ-AUTO,,2026-04-14T01:22:41.013948+00:00
NIFTY100 EQL WGT,SOLARINDS,,2026-04-14T01:22:41.013948+00:00
NIFTY100 EQL WGT,HDFCLIFE,,2026-04-14T01:22:41.013948+00:00
NIFTY100 EQL WGT,UNIONBANK,,2026-04-14T01:22:41.013948+00:00
NIFTY100 EQL WGT,GRASIM,,2026-04-14T01:22:41.013948+00:00
NIFTY100 EQL WGT,BANKBARODA,,2026-04-14T01:22:41.013948+00:00
NIFTY100 EQL WGT,HCLTECH,,2026-04-14T01:22:41.013948+00:00
NIFTY100 EQL WGT,IOC,,2026-04-14T01:22:41.013948+00:00
NIFTY100 EQL WGT,TORNTPHARM,,2026-04-14T01:22:41.013948+00:00
NIFTY100 EQL WGT,CANBK,,2026-04-14T01:22:41.013948+00:00
NIFTY100 EQL WGT,HDFCAMC,,2026-04-14T01:22:41.013948+00:00
NIFTY100 EQL WGT,ULTRACEMCO,,2026-04-14T01:22:41.013948+00:00
NIFTY100 EQL WGT,GAIL,,2026-04-14T01:22:41.013948+00:00
NIFTY100 EQL WGT,DLF,,2026-04-14T01:22:41.013948+00:00
NIFTY100 EQL WGT,TVSMOTOR,,2026-04-14T01:22:41.013948+00:00
NIFTY100 EQL WGT,APOLLOHOSP,,2026-04-14T01:22:41.013948+00:00
NIFTY100 EQL WGT,VBL,,2026-04-14T01:22:41.013948+00:00
NIFTY100 EQL WGT,MAXHEALTH,,2026-04-14T01:22:41.013948+00:00
NIFTY100 EQL WGT,BAJAJFINSV,,2026-04-14T01:22:41.013948+00:00
NIFTY100 EQL WGT,ABB,,2026-04-14T01:22:41.013948+00:00
NIFTY100 EQL WGT,BOSCHLTD,,2026-04-14T01:22:41.013948+00:00
NIFTY100 EQL WGT,LODHA,,2026-04-14T01:22:41.013948+00:00
NIFTY100 EQL WGT,PNB,,2026-04-14T01:22:41.013948+00:00
NIFTY100 EQL WGT,CIPLA,,2026-04-14T01:22:41.013948+00:00
NIFTY100 EQL WGT,BRITANNIA,,2026-04-14T01:22:41.013948+00:00
NIFTY100 EQL WGT,RECLTD,,2026-04-14T01:22:41.013948+00:00
NIFTY100 EQL WGT,MUTHOOTFIN,,2026-04-14T01:22:41.013948+00:00
NIFTY100 EQL WGT,TECHM,,2026-04-14T01:22:41.013948+00:00
NIFTY100 EQL WGT,TATACONSUM,,2026-04-14T01:22:41.013948+00:00
NIFTY100 EQL WGT,DRREDDY,,2026-04-14T01:22:41.013948+00:00
NIFTY100 EQL WGT,UNITDSPR,,2026-04-14T01:22:41.013948+00:00
NIFTY100 EQL WGT,NESTLEIND,,2026-04-14T01:22:41.013948+00:00
NIFTY100 EQL WGT,TRENT,,2026-04-14T01:22:41.013948+00:00
NIFTY100 EQL WGT,HYUNDAI,,2026-04-14T01:22:41.013948+00:00
NIFTY100 EQL WGT,IRFC,,2026-04-14T01:22:41.013948+00:00
NIFTY100 EQL WGT,HINDZINC,,2026-04-14T01:22:41.013948+00:00
NIFTY100 EQL WGT,CGPOWER,,2026-04-14T01:22:41.013948+00:00
NIFTY100 EQL WGT,INDHOTEL,,2026-04-14T01:22:41.013948+00:00
NIFTY100 EQL WGT,JINDALSTEL,,2026-04-14T01:22:41.013948+00:00
NIFTY100 EQL WGT,DIVISLAB,,2026-04-14T01:22:41.013948+00:00
NIFTY100 EQL WGT,JSWSTEEL,,2026-04-14T01:22:41.013948+00:00
NIFTY100 EQL WGT,SBILIFE,,2026-04-14T01:22:41.013948+00:00
NIFTY100 EQL WGT,GODREJCP,,2026-04-14T01:22:41.013948+00:00
NIFTY100 EQL WGT,SIEMENS,,2026-04-14T01:22:41.013948+00:00
NIFTY100 EQL WGT,AMBUJACEM,,2026-04-14T01:22:41.013948+00:00
NIFTY100 EQL WGT,PIDILITIND,,2026-04-14T01:22:41.013948+00:00
NIFTY100 EQL WGT,ENRIN,,2026-04-14T01:22:41.013948+00:00
NIFTY100 EQL WGT,LTM,,2026-04-14T01:22:41.013948+00:00
NIFTY100 EQL WGT,SHREECEM,,2026-04-14T01:22:41.013948+00:00
NIFTY100 EQL WGT,ZYDUSLIFE,,2026-04-14T01:22:41.013948+00:00
NIFTY100 EQL WGT,BAJAJHLDNG,,2026-04-14T01:22:41.013948+00:00
NIFTY100 EQL WGT,TATACAP,,2026-04-14T01:22:41.013948+00:00
NIFTY100 LOWVOL30,ICICIBANK,,2026-04-14T01:22:41.013948+00:00
NIFTY100 LOWVOL30,RELIANCE,,2026-04-14T01:22:41.013948+00:00
NIFTY100 LOWVOL30,HDFCBANK,,2026-04-14T01:22:41.013948+00:00
NIFTY100 LOWVOL30,BHARTIARTL,,2026-04-14T01:22:41.013948+00:00
NIFTY100 LOWVOL30,LT,,2026-04-14T01:22:41.013948+00:00
NIFTY100 LOWVOL30,SBIN,,2026-04-14T01:22:41.013948+00:00
NIFTY100 LOWVOL30,MARUTI,,2026-04-14T01:22:41.013948+00:00
NIFTY100 LOWVOL30,INFY,,2026-04-14T01:22:41.013948+00:00
NIFTY100 LOWVOL30,KOTAKBANK,,2026-04-14T01:22:41.013948+00:00
NIFTY100 LOWVOL30,TCS,,2026-04-14T01:22:41.013948+00:00
NIFTY100 LOWVOL30,SUNPHARMA,,2026-04-14T01:22:41.013948+00:00
NIFTY100 LOWVOL30,ITC,,2026-04-14T01:22:41.013948+00:00
NIFTY100 LOWVOL30,WIPRO,,2026-04-14T01:22:41.013948+00:00
NIFTY100 LOWVOL30,HINDUNILVR,,2026-04-14T01:22:41.013948+00:00
NIFTY100 LOWVOL30,ASIANPAINT,,2026-04-14T01:22:41.013948+00:00
NIFTY100 LOWVOL30,TITAN,,2026-04-14T01:22:41.013948+00:00
NIFTY100 LOWVOL30,BAJAJ-AUTO,,2026-04-14T01:22:41.013948+00:00
NIFTY100 LOWVOL30,HCLTECH,,2026-04-14T01:22:41.013948+00:00
NIFTY100 LOWVOL30,TORNTPHARM,,2026-04-14T01:22:41.013948+00:00
NIFTY100 LOWVOL30,ULTRACEMCO,,2026-04-14T01:22:41.013948+00:00
NIFTY100 LOWVOL30,APOLLOHOSP,,2026-04-14T01:22:41.013948+00:00
NIFTY100 LOWVOL30,BAJAJFINSV,,2026-04-14T01:22:41.013948+00:00
NIFTY100 LOWVOL30,BOSCHLTD,,2026-04-14T01:22:41.013948+00:00
NIFTY100 LOWVOL30,CIPLA,,2026-04-14T01:22:41.013948+00:00
NIFTY100 LOWVOL30,BRITANNIA,,2026-04-14T01:22:41.013948+00:00
NIFTY100 LOWVOL30,DRREDDY,,2026-04-14T01:22:41.013948+00:00
NIFTY100 LOWVOL30,NESTLEIND,,2026-04-14T01:22:41.013948+00:00
NIFTY100 LOWVOL30,SBILIFE,,2026-04-14T01:22:41.013948+00:00
NIFTY100 LOWVOL30,PIDILITIND,,2026-04-14T01:22:41.013948+00:00
NIFTY100 LOWVOL30,SHREECEM,,2026-04-14T01:22:41.013948+00:00
NIFTY200 QUALTY30,INFY,,2026-04-14T01:22:41.013948+00:00
NIFTY200 QUALTY30,TCS,,2026-04-14T01:22:41.013948+00:00
NIFTY200 QUALTY30,COALINDIA,,2026-04-14T01:22:41.013948+00:00
NIFTY200 QUALTY30,BEL,,2026-04-14T01:22:41.013948+00:00
NIFTY200 QUALTY30,MAZDOCK,,2026-04-14T01:22:41.013948+00:00
NIFTY200 QUALTY30,DIXON,,2026-04-14T01:22:41.013948+00:00
NIFTY200 QUALTY30,ITC,,2026-04-14T01:22:41.013948+00:00
NIFTY200 QUALTY30,HAL,,2026-04-14T01:22:41.013948+00:00
NIFTY200 QUALTY30,CUMMINSIND,,2026-04-14T01:22:41.013948+00:00
NIFTY200 QUALTY30,HINDUNILVR,,2026-04-14T01:22:41.013948+00:00
NIFTY200 QUALTY30,ASIANPAINT,,2026-04-14T01:22:41.013948+00:00
NIFTY200 QUALTY30,HEROMOTOCO,,2026-04-14T01:22:41.013948+00:00
NIFTY200 QUALTY30,POLYCAB,,2026-04-14T01:22:41.013948+00:00
NIFTY200 QUALTY30,BAJAJ-AUTO,,2026-04-14T01:22:41.013948+00:00
NIFTY200 QUALTY30,HCLTECH,,2026-04-14T01:22:41.013948+00:00
NIFTY200 QUALTY30,HDFCAMC,,2026-04-14T01:22:41.013948+00:00
NIFTY200 QUALTY30,PERSISTENT,,2026-04-14T01:22:41.013948+00:00
NIFTY200 QUALTY30,BRITANNIA,,2026-04-14T01:22:41.013948+00:00
NIFTY200 QUALTY30,NESTLEIND,,2026-04-14T01:22:41.013948+00:00
NIFTY200 QUALTY30,MARICO,,2026-04-14T01:22:41.013948+00:00
NIFTY200 QUALTY30,HINDZINC,,2026-04-14T01:22:41.013948+00:00
NIFTY200 QUALTY30,HAVELLS,,2026-04-14T01:22:41.013948+00:00
NIFTY200 QUALTY30,PIDILITIND,,2026-04-14T01:22:41.013948+00:00
NIFTY200 QUALTY30,KPITTECH,,2026-04-14T01:22:41.013948+00:00
NIFTY200 QUALTY30,PAGEIND,,2026-04-14T01:22:41.013948+00:00
NIFTY200 QUALTY30,COLPAL,,2026-04-14T01:22:41.013948+00:00
NIFTY200 QUALTY30,LTM,,2026-04-14T01:22:41.013948+00:00
NIFTY200 QUALTY30,IRCTC,,2026-04-14T01:22:41.013948+00:00
NIFTY200 QUALTY30,TATAELXSI,,2026-04-14T01:22:41.013948+00:00
NIFTY200 QUALTY30,OFSS,,2026-04-14T01:22:41.013948+00:00
NIFTY ALPHALOWVOL,ICICIBANK,,2026-04-14T01:22:41.013948+00:00
NIFTY ALPHALOWVOL,RELIANCE,,2026-04-14T01:22:41.013948+00:00
NIFTY ALPHALOWVOL,HDFCBANK,,2026-04-14T01:22:41.013948+00:00
NIFTY ALPHALOWVOL,BHARTIARTL,,2026-04-14T01:22:41.013948+00:00
NIFTY ALPHALOWVOL,SBIN,,2026-04-14T01:22:41.013948+00:00
NIFTY ALPHALOWVOL,MARUTI,,2026-04-14T01:22:41.013948+00:00
NIFTY ALPHALOWVOL,KOTAKBANK,,2026-04-14T01:22:41.013948+00:00
NIFTY ALPHALOWVOL,BAJFINANCE,,2026-04-14T01:22:41.013948+00:00
NIFTY ALPHALOWVOL,EICHERMOT,,2026-04-14T01:22:41.013948+00:00
NIFTY ALPHALOWVOL,SUNPHARMA,,2026-04-14T01:22:41.013948+00:00
NIFTY ALPHALOWVOL,ASIANPAINT,,2026-04-14T01:22:41.013948+00:00
NIFTY ALPHALOWVOL,TITAN,,2026-04-14T01:22:41.013948+00:00
NIFTY ALPHALOWVOL,HDFCLIFE,,2026-04-14T01:22:41.013948+00:00
NIFTY ALPHALOWVOL,GRASIM,,2026-04-14T01:22:41.013948+00:00
NIFTY ALPHALOWVOL,TORNTPHARM,,2026-04-14T01:22:41.013948+00:00
NIFTY ALPHALOWVOL,ULTRACEMCO,,2026-04-14T01:22:41.013948+00:00
NIFTY ALPHALOWVOL,TVSMOTOR,,2026-04-14T01:22:41.013948+00:00
NIFTY ALPHALOWVOL,APOLLOHOSP,,2026-04-14T01:22:41.013948+00:00
NIFTY ALPHALOWVOL,BAJAJFINSV,,2026-04-14T01:22:41.013948+00:00
NIFTY ALPHALOWVOL,FEDERALBNK,,2026-04-14T01:22:41.013948+00:00
NIFTY ALPHALOWVOL,BRITANNIA,,2026-04-14T01:22:41.013948+00:00
NIFTY ALPHALOWVOL,TATACONSUM,,2026-04-14T01:22:41.013948+00:00
NIFTY ALPHALOWVOL,DRREDDY,,2026-04-14T01:22:41.013948+00:00
NIFTY ALPHALOWVOL,NESTLEIND,,2026-04-14T01:22:41.013948+00:00
NIFTY ALPHALOWVOL,MARICO,,2026-04-14T01:22:41.013948+00:00
NIFTY ALPHALOWVOL,SBILIFE,,2026-04-14T01:22:41.013948+00:00
NIFTY ALPHALOWVOL,PIDILITIND,,2026-04-14T01:22:41.013948+00:00
NIFTY ALPHALOWVOL,MFSL,,2026-04-14T01:22:41.013948+00:00
NIFTY ALPHALOWVOL,SBICARD,,2026-04-14T01:22:41.013948+00:00
NIFTY ALPHALOWVOL,SHREECEM,,2026-04-14T01:22:41.013948+00:00
NIFTY200MOMENTM30,BHARTIARTL,,2026-04-14T01:22:41.013948+00:00
NIFTY200MOMENTM30,BSE,,2026-04-14T01:22:41.013948+00:00
NIFTY200MOMENTM30,SBIN,,2026-04-14T01:22:41.013948+00:00
NIFTY200MOMENTM30,MARUTI,,2026-04-14T01:22:41.013948+00:00
NIFTY200MOMENTM30,BAJFINANCE,,2026-04-14T01:22:41.013948+00:00
NIFTY200MOMENTM30,EICHERMOT,,2026-04-14T01:22:41.013948+00:00
NIFTY200MOMENTM30,SHRIRAMFIN,,2026-04-14T01:22:41.013948+00:00
NIFTY200MOMENTM30,INDIGO,,2026-04-14T01:22:41.013948+00:00
NIFTY200MOMENTM30,CHOLAFIN,,2026-04-14T01:22:41.013948+00:00
NIFTY200MOMENTM30,HINDALCO,,2026-04-14T01:22:41.013948+00:00
NIFTY200MOMENTM30,CUMMINSIND,,2026-04-14T01:22:41.013948+00:00
NIFTY200MOMENTM30,ASIANPAINT,,2026-04-14T01:22:41.013948+00:00
NIFTY200MOMENTM30,HEROMOTOCO,,2026-04-14T01:22:41.013948+00:00
NIFTY200MOMENTM30,ASHOKLEY,,2026-04-14T01:22:41.013948+00:00
NIFTY200MOMENTM30,CANBK,,2026-04-14T01:22:41.013948+00:00
NIFTY200MOMENTM30,TVSMOTOR,,2026-04-14T01:22:41.013948+00:00
NIFTY200MOMENTM30,PAYTM,,2026-04-14T01:22:41.013948+00:00
NIFTY200MOMENTM30,FEDERALBNK,,2026-04-14T01:22:41.013948+00:00
NIFTY200MOMENTM30,MUTHOOTFIN,,2026-04-14T01:22:41.013948+00:00
NIFTY200MOMENTM30,GLENMARK,,2026-04-14T01:22:41.013948+00:00
NIFTY200MOMENTM30,INDIANB,,2026-04-14T01:22:41.013948+00:00
NIFTY200MOMENTM30,GMRAIRPORT,,2026-04-14T01:22:41.013948+00:00
NIFTY200MOMENTM30,AUBANK,,2026-04-14T01:22:41.013948+00:00
NIFTY200MOMENTM30,LTF,,2026-04-14T01:22:41.013948+00:00
NIFTY200MOMENTM30,SBILIFE,,2026-04-14T01:22:41.013948+00:00
NIFTY200MOMENTM30,UPL,,2026-04-14T01:22:41.013948+00:00
NIFTY200MOMENTM30,ABCAPITAL,,2026-04-14T01:22:41.013948+00:00
NIFTY200MOMENTM30,MFSL,,2026-04-14T01:22:41.013948+00:00
NIFTY200MOMENTM30,FORTIS,,2026-04-14T01:22:41.013948+00:00
NIFTY200MOMENTM30,NYKAA,,2026-04-14T01:22:41.013948+00:00
NIFTY M150 QLTY50,DIXON,,2026-04-14T01:22:41.013948+00:00
NIFTY M150 QLTY50,CUMMINSIND,,2026-04-14T01:22:41.013948+00:00
NIFTY M150 QLTY50,HEROMOTOCO,,2026-04-14T01:22:41.013948+00:00
NIFTY M150 QLTY50,POLYCAB,,2026-04-14T01:22:41.013948+00:00
NIFTY M150 QLTY50,APLAPOLLO,,2026-04-14T01:22:41.013948+00:00
NIFTY M150 QLTY50,SONACOMS,,2026-04-14T01:22:41.013948+00:00
NIFTY M150 QLTY50,HDFCAMC,,2026-04-14T01:22:41.013948+00:00
NIFTY M150 QLTY50,NMDC,,2026-04-14T01:22:41.013948+00:00
NIFTY M150 QLTY50,PERSISTENT,,2026-04-14T01:22:41.013948+00:00
NIFTY M150 QLTY50,COFORGE,,2026-04-14T01:22:41.013948+00:00
NIFTY M150 QLTY50,MUTHOOTFIN,,2026-04-14T01:22:41.013948+00:00
NIFTY M150 QLTY50,BDL,,2026-04-14T01:22:41.013948+00:00
NIFTY M150 QLTY50,MARICO,,2026-04-14T01:22:41.013948+00:00
NIFTY M150 QLTY50,KEI,,2026-04-14T01:22:41.013948+00:00
NIFTY M150 QLTY50,APARINDS,,2026-04-14T01:22:41.013948+00:00
NIFTY M150 QLTY50,MAHABANK,,2026-04-14T01:22:41.013948+00:00
NIFTY M150 QLTY50,SUPREMEIND,,2026-04-14T01:22:41.013948+00:00
NIFTY M150 QLTY50,NAM-INDIA,,2026-04-14T01:22:41.013948+00:00
NIFTY M150 QLTY50,GODFRYPHLP,,2026-04-14T01:22:41.013948+00:00
NIFTY M150 QLTY50,ASTRAL,,2026-04-14T01:22:41.013948+00:00
NIFTY M150 QLTY50,PETRONET,,2026-04-14T01:22:41.013948+00:00
NIFTY M150 QLTY50,IGL,,2026-04-14T01:22:41.013948+00:00
NIFTY M150 QLTY50,ALKEM,,2026-04-14T01:22:41.013948+00:00
NIFTY M150 QLTY50,KPITTECH,,2026-04-14T01:22:41.013948+00:00
NIFTY M150 QLTY50,PAGEIND,,2026-04-14T01:22:41.013948+00:00
NIFTY M150 QLTY50,COLPAL,,2026-04-14T01:22:41.013948+00:00
NIFTY M150 QLTY50,360ONE,,2026-04-14T01:22:41.013948+00:00
NIFTY M150 QLTY50,MOTILALOFS,,2026-04-14T01:22:41.013948+00:00
NIFTY M150 QLTY50,IRCTC,,2026-04-14T01:22:41.013948+00:00
NIFTY M150 QLTY50,TATAELXSI,,2026-04-14T01:22:41.013948+00:00
NIFTY M150 QLTY50,MPHASIS,,2026-04-14T01:22:41.013948+00:00
NIFTY M150 QLTY50,OFSS,,2026-04-14T01:22:41.013948+00:00
NIFTY M150 QLTY50,AJANTPHARM,,2026-04-14T01:22:41.013948+00:00
NIFTY M150 QLTY50,COROMANDEL,,2026-04-14T01:22:41.013948+00:00
NIFTY M150 QLTY50,SCHAEFFLER,,2026-04-14T01:22:41.013948+00:00
NIFTY M150 QLTY50,GUJGASLTD,,2026-04-14T01:22:41.013948+00:00
NIFTY M150 QLTY50,PIIND,,2026-04-14T01:22:41.013948+00:00
NIFTY M150 QLTY50,LTTS,,2026-04-14T01:22:41.013948+00:00
NIFTY M150 QLTY50,HONAUT,,2026-04-14T01:22:41.013948+00:00
NIFTY M150 QLTY50,BALKRISIND,,2026-04-14T01:22:41.013948+00:00
NIFTY M150 QLTY50,KPRMILL,,2026-04-14T01:22:41.013948+00:00
NIFTY M150 QLTY50,TIINDIA,,2026-04-14T01:22:41.013948+00:00
NIFTY M150 QLTY50,CRISIL,,2026-04-14T01:22:41.013948+00:00
NIFTY M150 QLTY50,SYNGENE,,2026-04-14T01:22:41.013948+00:00
NIFTY M150 QLTY50,ABBOTINDIA,,2026-04-14T01:22:41.013948+00:00
NIFTY M150 QLTY50,AIAENG,,2026-04-14T01:22:41.013948+00:00
NIFTY M150 QLTY50,GLAXO,,2026-04-14T01:22:41.013948+00:00
NIFTY M150 QLTY50,BERGEPAINT,,2026-04-14T01:22:41.013948+00:00
NIFTY M150 QLTY50,PGHH,,2026-04-14T01:22:41.013948+00:00
NIFTY M150 QLTY50,3MINDIA,,2026-04-14T01:22:41.013948+00:00
NIFTY200 ALPHA 30,BSE,,2026-04-14T01:22:41.013948+00:00
NIFTY200 ALPHA 30,SBIN,,2026-04-14T01:22:41.013948+00:00
NIFTY200 ALPHA 30,MCX,,2026-04-14T01:22:41.013948+00:00
NIFTY200 ALPHA 30,VEDL,,2026-04-14T01:22:41.013948+00:00
NIFTY200 ALPHA 30,EICHERMOT,,2026-04-14T01:22:41.013948+00:00
NIFTY200 ALPHA 30,SHRIRAMFIN,,2026-04-14T01:22:41.013948+00:00
NIFTY200 ALPHA 30,BEL,,2026-04-14T01:22:41.013948+00:00
NIFTY200 ALPHA 30,POWERINDIA,,2026-04-14T01:22:41.013948+00:00
NIFTY200 ALPHA 30,NATIONALUM,,2026-04-14T01:22:41.013948+00:00
NIFTY200 ALPHA 30,CUMMINSIND,,2026-04-14T01:22:41.013948+00:00
NIFTY200 ALPHA 30,ASHOKLEY,,2026-04-14T01:22:41.013948+00:00
NIFTY200 ALPHA 30,POLYCAB,,2026-04-14T01:22:41.013948+00:00
NIFTY200 ALPHA 30,SOLARINDS,,2026-04-14T01:22:41.013948+00:00
NIFTY200 ALPHA 30,UNIONBANK,,2026-04-14T01:22:41.013948+00:00
NIFTY200 ALPHA 30,CANBK,,2026-04-14T01:22:41.013948+00:00
NIFTY200 ALPHA 30,TVSMOTOR,,2026-04-14T01:22:41.013948+00:00
NIFTY200 ALPHA 30,PAYTM,,2026-04-14T01:22:41.013948+00:00
NIFTY200 ALPHA 30,FEDERALBNK,,2026-04-14T01:22:41.013948+00:00
NIFTY200 ALPHA 30,BHARATFORG,,2026-04-14T01:22:41.013948+00:00
NIFTY200 ALPHA 30,MUTHOOTFIN,,2026-04-14T01:22:41.013948+00:00
NIFTY200 ALPHA 30,BANKINDIA,,2026-04-14T01:22:41.013948+00:00
NIFTY200 ALPHA 30,GLENMARK,,2026-04-14T01:22:41.013948+00:00
NIFTY200 ALPHA 30,INDIANB,,2026-04-14T01:22:41.013948+00:00
NIFTY200 ALPHA 30,LAURUSLABS,,2026-04-14T01:22:41.013948+00:00
NIFTY200 ALPHA 30,AUBANK,,2026-04-14T01:22:41.013948+00:00
NIFTY200 ALPHA 30,LTF,,2026-04-14T01:22:41.013948+00:00
NIFTY200 ALPHA 30,ABCAPITAL,,2026-04-14T01:22:41.013948+00:00
NIFTY200 ALPHA 30,MFSL,,2026-04-14T01:22:41.013948+00:00
NIFTY200 ALPHA 30,FORTIS,,2026-04-14T01:22:41.013948+00:00
NIFTY200 ALPHA 30,NYKAA,,2026-04-14T01:22:41.013948+00:00
NIFTYM150MOMNTM50,BSE,,2026-04-14T01:22:41.013948+00:00
NIFTYM150MOMNTM50,POWERINDIA,,2026-04-14T01:22:41.013948+00:00
NIFTYM150MOMNTM50,NATIONALUM,,2026-04-14T01:22:41.013948+00:00
NIFTYM150MOMNTM50,CUMMINSIND,,2026-04-14T01:22:41.013948+00:00
NIFTYM150MOMNTM50,IDEA,,2026-04-14T01:22:41.013948+00:00
NIFTYM150MOMNTM50,HEROMOTOCO,,2026-04-14T01:22:41.013948+00:00
NIFTYM150MOMNTM50,ASHOKLEY,,2026-04-14T01:22:41.013948+00:00
NIFTYM150MOMNTM50,POLYCAB,,2026-04-14T01:22:41.013948+00:00
NIFTYM150MOMNTM50,APLAPOLLO,,2026-04-14T01:22:41.013948+00:00
NIFTYM150MOMNTM50,GVT&D,,2026-04-14T01:22:41.013948+00:00
NIFTYM150MOMNTM50,HINDPETRO,,2026-04-14T01:22:41.013948+00:00
NIFTYM150MOMNTM50,HDFCAMC,,2026-04-14T01:22:41.013948+00:00
NIFTYM150MOMNTM50,PERSISTENT,,2026-04-14T01:22:41.013948+00:00
NIFTYM150MOMNTM50,COFORGE,,2026-04-14T01:22:41.013948+00:00
NIFTYM150MOMNTM50,PAYTM,,2026-04-14T01:22:41.013948+00:00
NIFTYM150MOMNTM50,FEDERALBNK,,2026-04-14T01:22:41.013948+00:00
NIFTYM150MOMNTM50,MUTHOOTFIN,,2026-04-14T01:22:41.013948+00:00
NIFTYM150MOMNTM50,LUPIN,,2026-04-14T01:22:41.013948+00:00
NIFTYM150MOMNTM50,BANKINDIA,,2026-04-14T01:22:41.013948+00:00
NIFTYM150MOMNTM50,SRF,,2026-04-14T01:22:41.013948+00:00
NIFTYM150MOMNTM50,MARICO,,2026-04-14T01:22:41.013948+00:00
NIFTYM150MOMNTM50,GLENMARK,,2026-04-14T01:22:41.013948+00:00
NIFTYM150MOMNTM50,INDIANB,,2026-04-14T01:22:41.013948+00:00
NIFTYM150MOMNTM50,GMRAIRPORT,,2026-04-14T01:22:41.013948+00:00
NIFTYM150MOMNTM50,AUBANK,,2026-04-14T01:22:41.013948+00:00
NIFTYM150MOMNTM50,LTF,,2026-04-14T01:22:41.013948+00:00
NIFTYM150MOMNTM50,IDFCFIRSTB,,2026-04-14T01:22:41.013948+00:00
NIFTYM150MOMNTM50,BIOCON,,2026-04-14T01:22:41.013948+00:00
NIFTYM150MOMNTM50,INDUSTOWER,,2026-04-14T01:22:41.013948+00:00
NIFTYM150MOMNTM50,NAM-INDIA,,2026-04-14T01:22:41.013948+00:00
NIFTYM150MOMNTM50,UPL,,2026-04-14T01:22:41.013948+00:00
NIFTYM150MOMNTM50,ABCAPITAL,,2026-04-14T01:22:41.013948+00:00
NIFTYM150MOMNTM50,MFSL,,2026-04-14T01:22:41.013948+00:00
NIFTYM150MOMNTM50,IGL,,2026-04-14T01:22:41.013948+00:00
NIFTYM150MOMNTM50,MRF,,2026-04-14T01:22:41.013948+00:00
NIFTYM150MOMNTM50,UNOMINDA,,2026-04-14T01:22:41.013948+00:00
NIFTYM150MOMNTM50,SBICARD,,2026-04-14T01:22:41.013948+00:00
NIFTYM150MOMNTM50,FORTIS,,2026-04-14T01:22:41.013948+00:00
NIFTYM150MOMNTM50,JSL,,2026-04-14T01:22:41.013948+00:00
NIFTYM150MOMNTM50,NYKAA,,2026-04-14T01:22:41.013948+00:00
NIFTYM150MOMNTM50,JKCEMENT,,2026-04-14T01:22:41.013948+00:00
NIFTYM150MOMNTM50,DALBHARAT,,2026-04-14T01:22:41.013948+00:00
NIFTYM150MOMNTM50,M&MFIN,,2026-04-14T01:22:41.013948+00:00
NIFTYM150MOMNTM50,COROMANDEL,,2026-04-14T01:22:41.013948+00:00
NIFTYM150MOMNTM50,SUNDARMFIN,,2026-04-14T01:22:41.013948+00:00
NIFTYM150MOMNTM50,BHARTIHEXA,,2026-04-14T01:22:41.013948+00:00
NIFTYM150MOMNTM50,ABBOTINDIA,,2026-04-14T01:22:41.013948+00:00
NIFTYM150MOMNTM50,AIAENG,,2026-04-14T01:22:41.013948+00:00
NIFTYM150MOMNTM50,BERGEPAINT,,2026-04-14T01:22:41.013948+00:00
NIFTYM150MOMNTM50,3MINDIA,,2026-04-14T01:22:41.013948+00:00
NIFTY500MOMENTM50,BHARTIARTL,,2026-04-14T01:22:41.013948+00:00
NIFTY500MOMENTM50,BSE,,2026-04-14T01:22:41.013948+00:00
NIFTY500MOMENTM50,MARUTI,,2026-04-14T01:22:41.013948+00:00
NIFTY500MOMENTM50,MCX,,2026-04-14T01:22:41.013948+00:00
NIFTY500MOMENTM50,M&M,,2026-04-14T01:22:41.013948+00:00
NIFTY500MOMENTM50,BAJFINANCE,,2026-04-14T01:22:41.013948+00:00
NIFTY500MOMENTM50,EICHERMOT,,2026-04-14T01:22:41.013948+00:00
NIFTY500MOMENTM50,SHRIRAMFIN,,2026-04-14T01:22:41.013948+00:00
NIFTY500MOMENTM50,INDIGO,,2026-04-14T01:22:41.013948+00:00
NIFTY500MOMENTM50,POWERINDIA,,2026-04-14T01:22:41.013948+00:00
NIFTY500MOMENTM50,CHOLAFIN,,2026-04-14T01:22:41.013948+00:00
NIFTY500MOMENTM50,HINDALCO,,2026-04-14T01:22:41.013948+00:00
NIFTY500MOMENTM50,CUMMINSIND,,2026-04-14T01:22:41.013948+00:00
NIFTY500MOMENTM50,ASIANPAINT,,2026-04-14T01:22:41.013948+00:00
NIFTY500MOMENTM50,HEROMOTOCO,,2026-04-14T01:22:41.013948+00:00
NIFTY500MOMENTM50,FORCEMOT,,2026-04-14T01:22:41.013948+00:00
NIFTY500MOMENTM50,GVT&D,,2026-04-14T01:22:41.013948+00:00
NIFTY500MOMENTM50,CANBK,,2026-04-14T01:22:41.013948+00:00
NIFTY500MOMENTM50,GMDCLTD,,2026-04-14T01:22:41.013948+00:00
NIFTY500MOMENTM50,TVSMOTOR,,2026-04-14T01:22:41.013948+00:00
NIFTY500MOMENTM50,ANANDRATHI,,2026-04-14T01:22:41.013948+00:00
NIFTY500MOMENTM50,PAYTM,,2026-04-14T01:22:41.013948+00:00
NIFTY500MOMENTM50,FEDERALBNK,,2026-04-14T01:22:41.013948+00:00
NIFTY500MOMENTM50,MUTHOOTFIN,,2026-04-14T01:22:41.013948+00:00
NIFTY500MOMENTM50,HBLENGINE,,2026-04-14T01:22:41.013948+00:00
NIFTY500MOMENTM50,GLENMARK,,2026-04-14T01:22:41.013948+00:00
NIFTY500MOMENTM50,INDIANB,,2026-04-14T01:22:41.013948+00:00
NIFTY500MOMENTM50,LAURUSLABS,,2026-04-14T01:22:41.013948+00:00
NIFTY500MOMENTM50,GMRAIRPORT,,2026-04-14T01:22:41.013948+00:00
NIFTY500MOMENTM50,AUBANK,,2026-04-14T01:22:41.013948+00:00
NIFTY500MOMENTM50,LTF,,2026-04-14T01:22:41.013948+00:00
NIFTY500MOMENTM50,UPL,,2026-04-14T01:22:41.013948+00:00
NIFTY500MOMENTM50,MANAPPURAM,,2026-04-14T01:22:41.013948+00:00
NIFTY500MOMENTM50,ABCAPITAL,,2026-04-14T01:22:41.013948+00:00
NIFTY500MOMENTM50,MFSL,,2026-04-14T01:22:41.013948+00:00
NIFTY500MOMENTM50,SYRMA,,2026-04-14T01:22:41.013948+00:00
NIFTY500MOMENTM50,RADICO,,2026-04-14T01:22:41.013948+00:00
NIFTY500MOMENTM50,FORTIS,,2026-04-14T01:22:41.013948+00:00
NIFTY500MOMENTM50,KARURVYSYA,,2026-04-14T01:22:41.013948+00:00
NIFTY500MOMENTM50,NYKAA,,2026-04-14T01:22:41.013948+00:00
NIFTY500MOMENTM50,RBLBANK,,2026-04-14T01:22:41.013948+00:00
NIFTY500MOMENTM50,NAVINFLUOR,,2026-04-14T01:22:41.013948+00:00
NIFTY500MOMENTM50,CHOICEIN,,2026-04-14T01:22:41.013948+00:00
NIFTY500MOMENTM50,M&MFIN,,2026-04-14T01:22:41.013948+00:00
NIFTY500MOMENTM50,CUB,,2026-04-14T01:22:41.013948+00:00
NIFTY500MOMENTM50,NH,,2026-04-14T01:22:41.013948+00:00
NIFTY500MOMENTM50,IIFL,,2026-04-14T01:22:41.013948+00:00
NIFTY500MOMENTM50,PTCIL,,2026-04-14T01:22:41.013948+00:00
NIFTY500MOMENTM50,ASAHIINDIA,,2026-04-14T01:22:41.013948+00:00
NIFTY500MOMENTM50,ASTERDM,,2026-04-14T01:22:41.013948+00:00
NIFTYMS400 MQ 100,BSE,,2026-04-14T01:22:41.013948+00:00
NIFTYMS400 MQ 100,MCX,,2026-04-14T01:22:41.013948+00:00
NIFTYMS400 MQ 100,POWERINDIA,,2026-04-14T01:22:41.013948+00:00
NIFTYMS400 MQ 100,SUZLON,,2026-04-14T01:22:41.013948+00:00
NIFTYMS400 MQ 100,DIXON,,2026-04-14T01:22:41.013948+00:00
NIFTYMS400 MQ 100,NATIONALUM,,2026-04-14T01:22:41.013948+00:00
NIFTYMS400 MQ 100,CUMMINSIND,,2026-04-14T01:22:41.013948+00:00
NIFTYMS400 MQ 100,HEROMOTOCO,,2026-04-14T01:22:41.013948+00:00
NIFTYMS400 MQ 100,POLYCAB,,2026-04-14T01:22:41.013948+00:00
NIFTYMS400 MQ 100,APLAPOLLO,,2026-04-14T01:22:41.013948+00:00
NIFTYMS400 MQ 100,FORCEMOT,,2026-04-14T01:22:41.013948+00:00
NIFTYMS400 MQ 100,GRSE,,2026-04-14T01:22:41.013948+00:00
NIFTYMS400 MQ 100,GVT&D,,2026-04-14T01:22:41.013948+00:00
NIFTYMS400 MQ 100,HINDCOPPER,,2026-04-14T01:22:41.013948+00:00
NIFTYMS400 MQ 100,CDSL,,2026-04-14T01:22:41.013948+00:00
NIFTYMS400 MQ 100,GMDCLTD,,2026-04-14T01:22:41.013948+00:00
NIFTYMS400 MQ 100,HDFCAMC,,2026-04-14T01:22:41.013948+00:00
NIFTYMS400 MQ 100,DATAPATTNS,,2026-04-14T01:22:41.013948+00:00
NIFTYMS400 MQ 100,NMDC,,2026-04-14T01:22:41.013948+00:00
NIFTYMS400 MQ 100,PERSISTENT,,2026-04-14T01:22:41.013948+00:00
NIFTYMS400 MQ 100,COFORGE,,2026-04-14T01:22:41.013948+00:00
NIFTYMS400 MQ 100,COCHINSHIP,,2026-04-14T01:22:41.013948+00:00
NIFTYMS400 MQ 100,ANANDRATHI,,2026-04-14T01:22:41.013948+00:00
NIFTYMS400 MQ 100,FEDERALBNK,,2026-04-14T01:22:41.013948+00:00
NIFTYMS400 MQ 100,ANGELONE,,2026-04-14T01:22:41.013948+00:00
NIFTYMS400 MQ 100,MUTHOOTFIN,,2026-04-14T01:22:41.013948+00:00
NIFTYMS400 MQ 100,AUROPHARMA,,2026-04-14T01:22:41.013948+00:00
NIFTYMS400 MQ 100,LUPIN,,2026-04-14T01:22:41.013948+00:00
NIFTYMS400 MQ 100,HBLENGINE,,2026-04-14T01:22:41.013948+00:00
NIFTYMS400 MQ 100,BDL,,2026-04-14T01:22:41.013948+00:00
NIFTYMS400 MQ 100,MARICO,,2026-04-14T01:22:41.013948+00:00
NIFTYMS400 MQ 100,WELCORP,,2026-04-14T01:22:41.013948+00:00
NIFTYMS400 MQ 100,GLENMARK,,2026-04-14T01:22:41.013948+00:00
NIFTYMS400 MQ 100,KEI,,2026-04-14T01:22:41.013948+00:00
NIFTYMS400 MQ 100,INDIANB,,2026-04-14T01:22:41.013948+00:00
NIFTYMS400 MQ 100,HSCL,,2026-04-14T01:22:41.013948+00:00
NIFTYMS400 MQ 100,BLUESTARCO,,2026-04-14T01:22:41.013948+00:00
NIFTYMS400 MQ 100,APARINDS,,2026-04-14T01:22:41.013948+00:00
NIFTYMS400 MQ 100,AUBANK,,2026-04-14T01:22:41.013948+00:00
NIFTYMS400 MQ 100,LTF,,2026-04-14T01:22:41.013948+00:00
NIFTYMS400 MQ 100,MAHABANK,,2026-04-14T01:22:41.013948+00:00
NIFTYMS400 MQ 100,INDUSTOWER,,2026-04-14T01:22:41.013948+00:00
NIFTYMS400 MQ 100,NAM-INDIA,,2026-04-14T01:22:41.013948+00:00
NIFTYMS400 MQ 100,GODFRYPHLP,,2026-04-14T01:22:41.013948+00:00
NIFTYMS400 MQ 100,GPIL,,2026-04-14T01:22:41.013948+00:00
NIFTYMS400 MQ 100,MANAPPURAM,,2026-04-14T01:22:41.013948+00:00
NIFTYMS400 MQ 100,IGL,,2026-04-14T01:22:41.013948+00:00
NIFTYMS400 MQ 100,ALKEM,,2026-04-14T01:22:41.013948+00:00
NIFTYMS400 MQ 100,KPITTECH,,2026-04-14T01:22:41.013948+00:00
NIFTYMS400 MQ 100,MRF,,2026-04-14T01:22:41.013948+00:00
NIFTYMS400 MQ 100,UNOMINDA,,2026-04-14T01:22:41.013948+00:00
NIFTYMS400 MQ 100,PAGEIND,,2026-04-14T01:22:41.013948+00:00
NIFTYMS400 MQ 100,RADICO,,2026-04-14T01:22:41.013948+00:00
NIFTYMS400 MQ 100,SBICARD,,2026-04-14T01:22:41.013948+00:00
NIFTYMS400 MQ 100,COLPAL,,2026-04-14T01:22:41.013948+00:00
NIFTYMS400 MQ 100,KIRLOSBROS,,2026-04-14T01:22:41.013948+00:00
NIFTYMS400 MQ 100,IEX,,2026-04-14T01:22:41.013948+00:00
NIFTYMS400 MQ 100,NEULANDLAB,,2026-04-14T01:22:41.013948+00:00
NIFTYMS400 MQ 100,GESHIP,,2026-04-14T01:22:41.013948+00:00
NIFTYMS400 MQ 100,CAMS,,2026-04-14T01:22:41.013948+00:00
NIFTYMS400 MQ 100,CHOICEIN,,2026-04-14T01:22:41.013948+00:00
NIFTYMS400 MQ 100,360ONE,,2026-04-14T01:22:41.013948+00:00
NIFTYMS400 MQ 100,REDINGTON,,2026-04-14T01:22:41.013948+00:00
NIFTYMS400 MQ 100,MOTILALOFS,,2026-04-14T01:22:41.013948+00:00
NIFTYMS400 MQ 100,TATAELXSI,,2026-04-14T01:22:41.013948+00:00
NIFTYMS400 MQ 100,AFFLE,,2026-04-14T01:22:41.013948+00:00
NIFTYMS400 MQ 100,TRITURBINE,,2026-04-14T01:22:41.013948+00:00
NIFTYMS400 MQ 100,MPHASIS,,2026-04-14T01:22:41.013948+00:00
NIFTYMS400 MQ 100,BLS,,2026-04-14T01:22:41.013948+00:00
NIFTYMS400 MQ 100,OFSS,,2026-04-14T01:22:41.013948+00:00
NIFTYMS400 MQ 100,INTELLECT,,2026-04-14T01:22:41.013948+00:00
NIFTYMS400 MQ 100,ASTRAZEN,,2026-04-14T01:22:41.013948+00:00
NIFTYMS400 MQ 100,COROMANDEL,,2026-04-14T01:22:41.013948+00:00
NIFTYMS400 MQ 100,MGL,,2026-04-14T01:22:41.013948+00:00
NIFTYMS400 MQ 100,CUB,,2026-04-14T01:22:41.013948+00:00
NIFTYMS400 MQ 100,NAVA,,2026-04-14T01:22:41.013948+00:00
NIFTYMS400 MQ 100,ABSLAMC,,2026-04-14T01:22:41.013948+00:00
NIFTYMS400 MQ 100,NEWGEN,,2026-04-14T01:22:41.013948+00:00
NIFTYMS400 MQ 100,PIIND,,2026-04-14T01:22:41.013948+00:00
NIFTYMS400 MQ 100,LTTS,,2026-04-14T01:22:41.013948+00:00
NIFTYMS400 MQ 100,NH,,2026-04-14T01:22:41.013948+00:00
NIFTYMS400 MQ 100,ECLERX,,2026-04-14T01:22:41.013948+00:00
NIFTYMS400 MQ 100,LALPATHLAB,,2026-04-14T01:22:41.013948+00:00
NIFTYMS400 MQ 100,CEATLTD,,2026-04-14T01:22:41.013948+00:00
NIFTYMS400 MQ 100,KPRMILL,,2026-04-14T01:22:41.013948+00:00
NIFTYMS400 MQ 100,MSUMI,,2026-04-14T01:22:41.013948+00:00
NIFTYMS400 MQ 100,HOMEFIRST,,2026-04-14T01:22:41.013948+00:00
NIFTYMS400 MQ 100,INDIAMART,,2026-04-14T01:22:41.013948+00:00
NIFTYMS400 MQ 100,CASTROLIND,,2026-04-14T01:22:41.013948+00:00
NIFTYMS400 MQ 100,CREDITACC,,2026-04-14T01:22:41.013948+00:00
NIFTYMS400 MQ 100,LTFOODS,,2026-04-14T01:22:41.013948+00:00
NIFTYMS400 MQ 100,ZENSARTECH,,2026-04-14T01:22:41.013948+00:00
NIFTYMS400 MQ 100,LATENTVIEW,,2026-04-14T01:22:41.013948+00:00
NIFTYMS400 MQ 100,GILLETTE,,2026-04-14T01:22:41.013948+00:00
NIFTYMS400 MQ 100,UTIAMC,,2026-04-14T01:22:41.013948+00:00
NIFTYMS400 MQ 100,ESCORTS,,2026-04-14T01:22:41.013948+00:00
NIFTYMS400 MQ 100,CANFINHOME,,2026-04-14T01:22:41.013948+00:00
NIFTYMS400 MQ 100,AKZOINDIA,,2026-04-14T01:22:41.013948+00:00
NIFTYMS400 MQ 100,USHAMART,,2026-04-14T01:22:41.013948+00:00
NIFTYMS400 MQ 100,SUMICHEM,,2026-04-14T01:22:41.013948+00:00
NIFTYSML250MQ 100,MCX,,2026-04-14T01:22:41.013948+00:00
NIFTYSML250MQ 100,OLECTRA,,2026-04-14T01:22:41.013948+00:00
NIFTYSML250MQ 100,AMBER,,2026-04-14T01:22:41.013948+00:00
NIFTYSML250MQ 100,FORCEMOT,,2026-04-14T01:22:41.013948+00:00
NIFTYSML250MQ 100,GRSE,,2026-04-14T01:22:41.013948+00:00
NIFTYSML250MQ 100,HINDCOPPER,,2026-04-14T01:22:41.013948+00:00
NIFTYSML250MQ 100,CDSL,,2026-04-14T01:22:41.013948+00:00
NIFTYSML250MQ 100,SARDAEN,,2026-04-14T01:22:41.013948+00:00
NIFTYSML250MQ 100,GMDCLTD,,2026-04-14T01:22:41.013948+00:00
NIFTYSML250MQ 100,DATAPATTNS,,2026-04-14T01:22:41.013948+00:00
NIFTYSML250MQ 100,ANANDRATHI,,2026-04-14T01:22:41.013948+00:00
NIFTYSML250MQ 100,ANGELONE,,2026-04-14T01:22:41.013948+00:00
NIFTYSML250MQ 100,HBLENGINE,,2026-04-14T01:22:41.013948+00:00
NIFTYSML250MQ 100,WELCORP,,2026-04-14T01:22:41.013948+00:00
NIFTYSML250MQ 100,PGEL,,2026-04-14T01:22:41.013948+00:00
NIFTYSML250MQ 100,LAURUSLABS,,2026-04-14T01:22:41.013948+00:00
NIFTYSML250MQ 100,HSCL,,2026-04-14T01:22:41.013948+00:00
NIFTYSML250MQ 100,CHENNPETRO,,2026-04-14T01:22:41.013948+00:00
NIFTYSML250MQ 100,GPIL,,2026-04-14T01:22:41.013948+00:00
NIFTYSML250MQ 100,MANAPPURAM,,2026-04-14T01:22:41.013948+00:00
NIFTYSML250MQ 100,ENGINERSIN,,2026-04-14T01:22:41.013948+00:00
NIFTYSML250MQ 100,ANANTRAJ,,2026-04-14T01:22:41.013948+00:00
NIFTYSML250MQ 100,ZENTEC,,2026-04-14T01:22:41.013948+00:00
NIFTYSML250MQ 100,RADICO,,2026-04-14T01:22:41.013948+00:00
NIFTYSML250MQ 100,NBCC,,2026-04-14T01:22:41.013948+00:00
NIFTYSML250MQ 100,KIRLOSBROS,,2026-04-14T01:22:41.013948+00:00
NIFTYSML250MQ 100,IEX,,2026-04-14T01:22:41.013948+00:00
NIFTYSML250MQ 100,PRAJIND,,2026-04-14T01:22:41.013948+00:00
NIFTYSML250MQ 100,NEULANDLAB,,2026-04-14T01:22:41.013948+00:00
NIFTYSML250MQ 100,NAVINFLUOR,,2026-04-14T01:22:41.013948+00:00
NIFTYSML250MQ 100,PNBHOUSING,,2026-04-14T01:22:41.013948+00:00
NIFTYSML250MQ 100,GESHIP,,2026-04-14T01:22:41.013948+00:00
NIFTYSML250MQ 100,CAMS,,2026-04-14T01:22:41.013948+00:00
NIFTYSML250MQ 100,CHOICEIN,,2026-04-14T01:22:41.013948+00:00
NIFTYSML250MQ 100,REDINGTON,,2026-04-14T01:22:41.013948+00:00
NIFTYSML250MQ 100,NATCOPHARM,,2026-04-14T01:22:41.013948+00:00
NIFTYSML250MQ 100,JWL,,2026-04-14T01:22:41.013948+00:00
NIFTYSML250MQ 100,BEML,,2026-04-14T01:22:41.013948+00:00
NIFTYSML250MQ 100,AFFLE,,2026-04-14T01:22:41.013948+00:00
NIFTYSML250MQ 100,TRITURBINE,,2026-04-14T01:22:41.013948+00:00
NIFTYSML250MQ 100,JINDALSAW,,2026-04-14T01:22:41.013948+00:00
NIFTYSML250MQ 100,TITAGARH,,2026-04-14T01:22:41.013948+00:00
NIFTYSML250MQ 100,BLS,,2026-04-14T01:22:41.013948+00:00
NIFTYSML250MQ 100,J&KBANK,,2026-04-14T01:22:41.013948+00:00
NIFTYSML250MQ 100,IRCON,,2026-04-14T01:22:41.013948+00:00
NIFTYSML250MQ 100,INTELLECT,,2026-04-14T01:22:41.013948+00:00
NIFTYSML250MQ 100,ARE&M,,2026-04-14T01:22:41.013948+00:00
NIFTYSML250MQ 100,ASTRAZEN,,2026-04-14T01:22:41.013948+00:00
NIFTYSML250MQ 100,CROMPTON,,2026-04-14T01:22:41.013948+00:00
NIFTYSML250MQ 100,GRAVITA,,2026-04-14T01:22:41.013948+00:00
NIFTYSML250MQ 100,MGL,,2026-04-14T01:22:41.013948+00:00
NIFTYSML250MQ 100,CUB,,2026-04-14T01:22:41.013948+00:00
NIFTYSML250MQ 100,NAVA,,2026-04-14T01:22:41.013948+00:00
NIFTYSML250MQ 100,ABSLAMC,,2026-04-14T01:22:41.013948+00:00
NIFTYSML250MQ 100,NEWGEN,,2026-04-14T01:22:41.013948+00:00
NIFTYSML250MQ 100,NH,,2026-04-14T01:22:41.013948+00:00
NIFTYSML250MQ 100,IIFL,,2026-04-14T01:22:41.013948+00:00
NIFTYSML250MQ 100,ECLERX,,2026-04-14T01:22:41.013948+00:00
NIFTYSML250MQ 100,ACE,,2026-04-14T01:22:41.013948+00:00
NIFTYSML250MQ 100,CHAMBLFERT,,2026-04-14T01:22:41.013948+00:00
NIFTYSML250MQ 100,NCC,,2026-04-14T01:22:41.013948+00:00
NIFTYSML250MQ 100,RAILTEL,,2026-04-14T01:22:41.013948+00:00
NIFTYSML250MQ 100,LALPATHLAB,,2026-04-14T01:22:41.013948+00:00
NIFTYSML250MQ 100,ASAHIINDIA,,2026-04-14T01:22:41.013948+00:00
NIFTYSML250MQ 100,CEATLTD,,2026-04-14T01:22:41.013948+00:00
NIFTYSML250MQ 100,KAJARIACER,,2026-04-14T01:22:41.013948+00:00
NIFTYSML250MQ 100,MSUMI,,2026-04-14T01:22:41.013948+00:00
NIFTYSML250MQ 100,AEGISLOG,,2026-04-14T01:22:41.013948+00:00
NIFTYSML250MQ 100,CCL,,2026-04-14T01:22:41.013948+00:00
NIFTYSML250MQ 100,HOMEFIRST,,2026-04-14T01:22:41.013948+00:00
NIFTYSML250MQ 100,EMAMILTD,,2026-04-14T01:22:41.013948+00:00
NIFTYSML250MQ 100,CYIENT,,2026-04-14T01:22:41.013948+00:00
NIFTYSML250MQ 100,ELECON,,2026-04-14T01:22:41.013948+00:00
NIFTYSML250MQ 100,INDIAMART,,2026-04-14T01:22:41.013948+00:00
NIFTYSML250MQ 100,CASTROLIND,,2026-04-14T01:22:41.013948+00:00
NIFTYSML250MQ 100,CREDITACC,,2026-04-14T01:22:41.013948+00:00
NIFTYSML250MQ 100,LTFOODS,,2026-04-14T01:22:41.013948+00:00
NIFTYSML250MQ 100,ZENSARTECH,,2026-04-14T01:22:41.013948+00:00
NIFTYSML250MQ 100,LATENTVIEW,,2026-04-14T01:22:41.013948+00:00
NIFTYSML250MQ 100,GILLETTE,,2026-04-14T01:22:41.013948+00:00
NIFTYSML250MQ 100,TECHNOE,,2026-04-14T01:22:41.013948+00:00
NIFTYSML250MQ 100,BSOFT,,2026-04-14T01:22:41.013948+00:00
NIFTYSML250MQ 100,UTIAMC,,2026-04-14T01:22:41.013948+00:00
NIFTYSML250MQ 100,FSL,,2026-04-14T01:22:41.013948+00:00
NIFTYSML250MQ 100,CANFINHOME,,2026-04-14T01:22:41.013948+00:00
NIFTYSML250MQ 100,AKZOINDIA,,2026-04-14T01:22:41.013948+00:00
NIFTYSML250MQ 100,ERIS,,2026-04-14T01:22:41.013948+00:00
NIFTYSML250MQ 100,SAREGAMA,,2026-04-14T01:22:41.013948+00:00
NIFTYSML250MQ 100,RITES,,2026-04-14T01:22:41.013948+00:00
NIFTYSML250MQ 100,USHAMART,,2026-04-14T01:22:41.013948+00:00
NIFTYSML250MQ 100,CGCL,,2026-04-14T01:22:41.013948+00:00
NIFTYSML250MQ 100,WELSPUNLIV,,2026-04-14T01:22:41.013948+00:00
NIFTYSML250MQ 100,GLAND,,2026-04-14T01:22:41.013948+00:00
NIFTYSML250MQ 100,POLYMED,,2026-04-14T01:22:41.013948+00:00
NIFTYSML250MQ 100,SONATSOFTW,,2026-04-14T01:22:41.013948+00:00
NIFTYSML250MQ 100,MAPMYINDIA,,2026-04-14T01:22:41.013948+00:00
NIFTYSML250MQ 100,METROPOLIS,,2026-04-14T01:22:41.013948+00:00
NIFTYSML250MQ 100,SUMICHEM,,2026-04-14T01:22:41.013948+00:00
NIFTYSML250MQ 100,VIJAYA,,2026-04-14T01:22:41.013948+00:00
NIFTYSML250MQ 100,GODREJAGRO,,2026-04-14T01:22:41.013948+00:00
NIFTY TOP 10 EW,ICICIBANK,,2026-04-14T01:22:41.013948+00:00
NIFTY TOP 10 EW,RELIANCE,,2026-04-14T01:22:41.013948+00:00
NIFTY TOP 10 EW,HDFCBANK,,2026-04-14T01:22:41.013948+00:00
NIFTY TOP 10 EW,BHARTIARTL,,2026-04-14T01:22:41.013948+00:00
NIFTY TOP 10 EW,LT,,2026-04-14T01:22:41.013948+00:00
NIFTY TOP 10 EW,INFY,,2026-04-14T01:22:41.013948+00:00
NIFTY TOP 10 EW,AXISBANK,,2026-04-14T01:22:41.013948+00:00
NIFTY TOP 10 EW,KOTAKBANK,,2026-04-14T01:22:41.013948+00:00
NIFTY TOP 10 EW,TCS,,2026-04-14T01:22:41.013948+00:00
NIFTY TOP 10 EW,ITC,,2026-04-14T01:22:41.013948+00:00
NIFTY AQL 30,ICICIBANK,,2026-04-14T01:22:41.013948+00:00
NIFTY AQL 30,MARUTI,,2026-04-14T01:22:41.013948+00:00
NIFTY AQL 30,BAJFINANCE,,2026-04-14T01:22:41.013948+00:00
NIFTY AQL 30,TCS,,2026-04-14T01:22:41.013948+00:00
NIFTY AQL 30,EICHERMOT,,2026-04-14T01:22:41.013948+00:00
NIFTY AQL 30,COALINDIA,,2026-04-14T01:22:41.013948+00:00
NIFTY AQL 30,BEL,,2026-04-14T01:22:41.013948+00:00
NIFTY AQL 30,SUNPHARMA,,2026-04-14T01:22:41.013948+00:00
NIFTY AQL 30,ITC,,2026-04-14T01:22:41.013948+00:00
NIFTY AQL 30,CUMMINSIND,,2026-04-14T01:22:41.013948+00:00
NIFTY AQL 30,HINDUNILVR,,2026-04-14T01:22:41.013948+00:00
NIFTY AQL 30,ASIANPAINT,,2026-04-14T01:22:41.013948+00:00
NIFTY AQL 30,HEROMOTOCO,,2026-04-14T01:22:41.013948+00:00
NIFTY AQL 30,BAJAJ-AUTO,,2026-04-14T01:22:41.013948+00:00
NIFTY AQL 30,TORNTPHARM,,2026-04-14T01:22:41.013948+00:00
NIFTY AQL 30,HDFCAMC,,2026-04-14T01:22:41.013948+00:00
NIFTY AQL 30,BOSCHLTD,,2026-04-14T01:22:41.013948+00:00
NIFTY AQL 30,BRITANNIA,,2026-04-14T01:22:41.013948+00:00
NIFTY AQL 30,DRREDDY,,2026-04-14T01:22:41.013948+00:00
NIFTY AQL 30,UNITDSPR,,2026-04-14T01:22:41.013948+00:00
NIFTY AQL 30,NESTLEIND,,2026-04-14T01:22:41.013948+00:00
NIFTY AQL 30,MARICO,,2026-04-14T01:22:41.013948+00:00
NIFTY AQL 30,DIVISLAB,,2026-04-14T01:22:41.013948+00:00
NIFTY AQL 30,PIDILITIND,,2026-04-14T01:22:41.013948+00:00
NIFTY AQL 30,PAGEIND,,2026-04-14T01:22:41.013948+00:00
NIFTY AQL 30,SBICARD,,2026-04-14T01:22:41.013948+00:00
NIFTY AQL 30,COLPAL,,2026-04-14T01:22:41.013948+00:00
NIFTY AQL 30,SHREECEM,,2026-04-14T01:22:41.013948+00:00
NIFTY AQL 30,ZYDUSLIFE,,2026-04-14T01:22:41.013948+00:00
NIFTY AQL 30,DABUR,,2026-04-14T01:22:41.013948+00:00
NIFTY AQLV 30,ICICIBANK,,2026-04-14T01:22:41.013948+00:00
NIFTY AQLV 30,RELIANCE,,2026-04-14T01:22:41.013948+00:00
NIFTY AQLV 30,HDFCBANK,,2026-04-14T01:22:41.013948+00:00
NIFTY AQLV 30,MARUTI,,2026-04-14T01:22:41.013948+00:00
NIFTY AQLV 30,INFY,,2026-04-14T01:22:41.013948+00:00
NIFTY AQLV 30,KOTAKBANK,,2026-04-14T01:22:41.013948+00:00
NIFTY AQLV 30,TCS,,2026-04-14T01:22:41.013948+00:00
NIFTY AQLV 30,EICHERMOT,,2026-04-14T01:22:41.013948+00:00
NIFTY AQLV 30,COALINDIA,,2026-04-14T01:22:41.013948+00:00
NIFTY AQLV 30,BEL,,2026-04-14T01:22:41.013948+00:00
NIFTY AQLV 30,SUNPHARMA,,2026-04-14T01:22:41.013948+00:00
NIFTY AQLV 30,ITC,,2026-04-14T01:22:41.013948+00:00
NIFTY AQLV 30,WIPRO,,2026-04-14T01:22:41.013948+00:00
NIFTY AQLV 30,HINDUNILVR,,2026-04-14T01:22:41.013948+00:00
NIFTY AQLV 30,ASIANPAINT,,2026-04-14T01:22:41.013948+00:00
NIFTY AQLV 30,HEROMOTOCO,,2026-04-14T01:22:41.013948+00:00
NIFTY AQLV 30,BPCL,,2026-04-14T01:22:41.013948+00:00
NIFTY AQLV 30,BAJAJ-AUTO,,2026-04-14T01:22:41.013948+00:00
NIFTY AQLV 30,HCLTECH,,2026-04-14T01:22:41.013948+00:00
NIFTY AQLV 30,HDFCAMC,,2026-04-14T01:22:41.013948+00:00
NIFTY AQLV 30,BOSCHLTD,,2026-04-14T01:22:41.013948+00:00
NIFTY AQLV 30,FEDERALBNK,,2026-04-14T01:22:41.013948+00:00
NIFTY AQLV 30,CIPLA,,2026-04-14T01:22:41.013948+00:00
NIFTY AQLV 30,BRITANNIA,,2026-04-14T01:22:41.013948+00:00
NIFTY AQLV 30,TECHM,,2026-04-14T01:22:41.013948+00:00
NIFTY AQLV 30,DRREDDY,,2026-04-14T01:22:41.013948+00:00
NIFTY AQLV 30,NESTLEIND,,2026-04-14T01:22:41.013948+00:00
NIFTY AQLV 30,MARICO,,2026-04-14T01:22:41.013948+00:00
NIFTY AQLV 30,COLPAL,,2026-04-14T01:22:41.013948+00:00
NIFTY AQLV 30,ZYDUSLIFE,,2026-04-14T01:22:41.013948+00:00
NIFTY HIGHBETA 50,BSE,,2026-04-14T01:22:41.013948+00:00
NIFTY HIGHBETA 50,ADANIPOWER,,2026-04-14T01:22:41.013948+00:00
NIFTY HIGHBETA 50,MCX,,2026-04-14T01:22:41.013948+00:00
NIFTY HIGHBETA 50,BHEL,,2026-04-14T01:22:41.013948+00:00
NIFTY HIGHBETA 50,VEDL,,2026-04-14T01:22:41.013948+00:00
NIFTY HIGHBETA 50,TATAPOWER,,2026-04-14T01:22:41.013948+00:00
NIFTY HIGHBETA 50,SHRIRAMFIN,,2026-04-14T01:22:41.013948+00:00
NIFTY HIGHBETA 50,ADANIENT,,2026-04-14T01:22:41.013948+00:00
NIFTY HIGHBETA 50,ADANIGREEN,,2026-04-14T01:22:41.013948+00:00
NIFTY HIGHBETA 50,MAZDOCK,,2026-04-14T01:22:41.013948+00:00
NIFTY HIGHBETA 50,NATIONALUM,,2026-04-14T01:22:41.013948+00:00
NIFTY HIGHBETA 50,ADANIPORTS,,2026-04-14T01:22:41.013948+00:00
NIFTY HIGHBETA 50,TATASTEEL,,2026-04-14T01:22:41.013948+00:00
NIFTY HIGHBETA 50,MOTHERSON,,2026-04-14T01:22:41.013948+00:00
NIFTY HIGHBETA 50,SAIL,,2026-04-14T01:22:41.013948+00:00
NIFTY HIGHBETA 50,ADANIENSOL,,2026-04-14T01:22:41.013948+00:00
NIFTY HIGHBETA 50,IDEA,,2026-04-14T01:22:41.013948+00:00
NIFTY HIGHBETA 50,JSWENERGY,,2026-04-14T01:22:41.013948+00:00
NIFTY HIGHBETA 50,KAYNES,,2026-04-14T01:22:41.013948+00:00
NIFTY HIGHBETA 50,PFC,,2026-04-14T01:22:41.013948+00:00
NIFTY HIGHBETA 50,AMBER,,2026-04-14T01:22:41.013948+00:00
NIFTY HIGHBETA 50,JIOFIN,,2026-04-14T01:22:41.013948+00:00
NIFTY HIGHBETA 50,HINDCOPPER,,2026-04-14T01:22:41.013948+00:00
NIFTY HIGHBETA 50,RPOWER,,2026-04-14T01:22:41.013948+00:00
NIFTY HIGHBETA 50,CDSL,,2026-04-14T01:22:41.013948+00:00
NIFTY HIGHBETA 50,COFORGE,,2026-04-14T01:22:41.013948+00:00
NIFTY HIGHBETA 50,DLF,,2026-04-14T01:22:41.013948+00:00
NIFTY HIGHBETA 50,POLICYBZR,,2026-04-14T01:22:41.013948+00:00
NIFTY HIGHBETA 50,LODHA,,2026-04-14T01:22:41.013948+00:00
NIFTY HIGHBETA 50,INOXWIND,,2026-04-14T01:22:41.013948+00:00
NIFTY HIGHBETA 50,ANGELONE,,2026-04-14T01:22:41.013948+00:00
NIFTY HIGHBETA 50,RECLTD,,2026-04-14T01:22:41.013948+00:00
NIFTY HIGHBETA 50,PRESTIGE,,2026-04-14T01:22:41.013948+00:00
NIFTY HIGHBETA 50,IRFC,,2026-04-14T01:22:41.013948+00:00
NIFTY HIGHBETA 50,GODREJPROP,,2026-04-14T01:22:41.013948+00:00
NIFTY HIGHBETA 50,APARINDS,,2026-04-14T01:22:41.013948+00:00
NIFTY HIGHBETA 50,LTF,,2026-04-14T01:22:41.013948+00:00
NIFTY HIGHBETA 50,RVNL,,2026-04-14T01:22:41.013948+00:00
NIFTY HIGHBETA 50,KALYANKJIL,,2026-04-14T01:22:41.013948+00:00
NIFTY HIGHBETA 50,IREDA,,2026-04-14T01:22:41.013948+00:00
NIFTY HIGHBETA 50,NAUKRI,,2026-04-14T01:22:41.013948+00:00
NIFTY HIGHBETA 50,HUDCO,,2026-04-14T01:22:41.013948+00:00
NIFTY HIGHBETA 50,WOCKPHARMA,,2026-04-14T01:22:41.013948+00:00
NIFTY HIGHBETA 50,ABCAPITAL,,2026-04-14T01:22:41.013948+00:00
NIFTY HIGHBETA 50,BANDHANBNK,,2026-04-14T01:22:41.013948+00:00
NIFTY HIGHBETA 50,KPITTECH,,2026-04-14T01:22:41.013948+00:00
NIFTY HIGHBETA 50,NBCC,,2026-04-14T01:22:41.013948+00:00
NIFTY HIGHBETA 50,MOTILALOFS,,2026-04-14T01:22:41.013948+00:00
NIFTY HIGHBETA 50,IIFL,,2026-04-14T01:22:41.013948+00:00
NIFTY HIGHBETA 50,CARTRADE,,2026-04-14T01:22:41.013948+00:00
NIFTY LOW VOL 50,ICICIBANK,,2026-04-14T01:22:41.013948+00:00
NIFTY LOW VOL 50,RELIANCE,,2026-04-14T01:22:41.013948+00:00
NIFTY LOW VOL 50,HDFCBANK,,2026-04-14T01:22:41.013948+00:00
NIFTY LOW VOL 50,BHARTIARTL,,2026-04-14T01:22:41.013948+00:00
NIFTY LOW VOL 50,LT,,2026-04-14T01:22:41.013948+00:00
NIFTY LOW VOL 50,SBIN,,2026-04-14T01:22:41.013948+00:00
NIFTY LOW VOL 50,MARUTI,,2026-04-14T01:22:41.013948+00:00
NIFTY LOW VOL 50,INFY,,2026-04-14T01:22:41.013948+00:00
NIFTY LOW VOL 50,AXISBANK,,2026-04-14T01:22:41.013948+00:00
NIFTY LOW VOL 50,KOTAKBANK,,2026-04-14T01:22:41.013948+00:00
NIFTY LOW VOL 50,TCS,,2026-04-14T01:22:41.013948+00:00
NIFTY LOW VOL 50,SUNPHARMA,,2026-04-14T01:22:41.013948+00:00
NIFTY LOW VOL 50,ITC,,2026-04-14T01:22:41.013948+00:00
NIFTY LOW VOL 50,POWERGRID,,2026-04-14T01:22:41.013948+00:00
NIFTY LOW VOL 50,WIPRO,,2026-04-14T01:22:41.013948+00:00
NIFTY LOW VOL 50,HINDUNILVR,,2026-04-14T01:22:41.013948+00:00
NIFTY LOW VOL 50,ASIANPAINT,,2026-04-14T01:22:41.013948+00:00
NIFTY LOW VOL 50,HEROMOTOCO,,2026-04-14T01:22:41.013948+00:00
NIFTY LOW VOL 50,DMART,,2026-04-14T01:22:41.013948+00:00
NIFTY LOW VOL 50,TITAN,,2026-04-14T01:22:41.013948+00:00
NIFTY LOW VOL 50,BAJAJ-AUTO,,2026-04-14T01:22:41.013948+00:00
NIFTY LOW VOL 50,HDFCLIFE,,2026-04-14T01:22:41.013948+00:00
NIFTY LOW VOL 50,GRASIM,,2026-04-14T01:22:41.013948+00:00
NIFTY LOW VOL 50,HCLTECH,,2026-04-14T01:22:41.013948+00:00
NIFTY LOW VOL 50,TORNTPHARM,,2026-04-14T01:22:41.013948+00:00
NIFTY LOW VOL 50,ULTRACEMCO,,2026-04-14T01:22:41.013948+00:00
NIFTY LOW VOL 50,APOLLOHOSP,,2026-04-14T01:22:41.013948+00:00
NIFTY LOW VOL 50,BAJAJFINSV,,2026-04-14T01:22:41.013948+00:00
NIFTY LOW VOL 50,CIPLA,,2026-04-14T01:22:41.013948+00:00
NIFTY LOW VOL 50,BRITANNIA,,2026-04-14T01:22:41.013948+00:00
NIFTY LOW VOL 50,TECHM,,2026-04-14T01:22:41.013948+00:00
NIFTY LOW VOL 50,TATACONSUM,,2026-04-14T01:22:41.013948+00:00
NIFTY LOW VOL 50,DRREDDY,,2026-04-14T01:22:41.013948+00:00
NIFTY LOW VOL 50,LUPIN,,2026-04-14T01:22:41.013948+00:00
NIFTY LOW VOL 50,UNITDSPR,,2026-04-14T01:22:41.013948+00:00
NIFTY LOW VOL 50,SRF,,2026-04-14T01:22:41.013948+00:00
NIFTY LOW VOL 50,NESTLEIND,,2026-04-14T01:22:41.013948+00:00
NIFTY LOW VOL 50,MARICO,,2026-04-14T01:22:41.013948+00:00
NIFTY LOW VOL 50,DIVISLAB,,2026-04-14T01:22:41.013948+00:00
NIFTY LOW VOL 50,JSWSTEEL,,2026-04-14T01:22:41.013948+00:00
NIFTY LOW VOL 50,SBILIFE,,2026-04-14T01:22:41.013948+00:00
NIFTY LOW VOL 50,GODREJCP,,2026-04-14T01:22:41.013948+00:00
NIFTY LOW VOL 50,PIDILITIND,,2026-04-14T01:22:41.013948+00:00
NIFTY LOW VOL 50,MRF,,2026-04-14T01:22:41.013948+00:00
NIFTY LOW VOL 50,PAGEIND,,2026-04-14T01:22:41.013948+00:00
NIFTY LOW VOL 50,SBICARD,,2026-04-14T01:22:41.013948+00:00
NIFTY LOW VOL 50,COLPAL,,2026-04-14T01:22:41.013948+00:00
NIFTY LOW VOL 50,SHREECEM,,2026-04-14T01:22:41.013948+00:00
NIFTY LOW VOL 50,ICICIGI,,2026-04-14T01:22:41.013948+00:00
NIFTY LOW VOL 50,DABUR,,2026-04-14T01:22:41.013948+00:00
NIFTY QLTY LV 30,ICICIBANK,,2026-04-14T01:22:41.013948+00:00
NIFTY QLTY LV 30,HDFCBANK,,2026-04-14T01:22:41.013948+00:00
NIFTY QLTY LV 30,MARUTI,,2026-04-14T01:22:41.013948+00:00
NIFTY QLTY LV 30,INFY,,2026-04-14T01:22:41.013948+00:00
NIFTY QLTY LV 30,KOTAKBANK,,2026-04-14T01:22:41.013948+00:00
NIFTY QLTY LV 30,TCS,,2026-04-14T01:22:41.013948+00:00
NIFTY QLTY LV 30,EICHERMOT,,2026-04-14T01:22:41.013948+00:00
NIFTY QLTY LV 30,COALINDIA,,2026-04-14T01:22:41.013948+00:00
NIFTY QLTY LV 30,SUNPHARMA,,2026-04-14T01:22:41.013948+00:00
NIFTY QLTY LV 30,ITC,,2026-04-14T01:22:41.013948+00:00
NIFTY QLTY LV 30,HINDUNILVR,,2026-04-14T01:22:41.013948+00:00
NIFTY QLTY LV 30,ASIANPAINT,,2026-04-14T01:22:41.013948+00:00
NIFTY QLTY LV 30,HEROMOTOCO,,2026-04-14T01:22:41.013948+00:00
NIFTY QLTY LV 30,BAJAJ-AUTO,,2026-04-14T01:22:41.013948+00:00
NIFTY QLTY LV 30,HCLTECH,,2026-04-14T01:22:41.013948+00:00
NIFTY QLTY LV 30,BOSCHLTD,,2026-04-14T01:22:41.013948+00:00
NIFTY QLTY LV 30,CIPLA,,2026-04-14T01:22:41.013948+00:00
NIFTY QLTY LV 30,BRITANNIA,,2026-04-14T01:22:41.013948+00:00
NIFTY QLTY LV 30,DRREDDY,,2026-04-14T01:22:41.013948+00:00
NIFTY QLTY LV 30,UNITDSPR,,2026-04-14T01:22:41.013948+00:00
NIFTY QLTY LV 30,NESTLEIND,,2026-04-14T01:22:41.013948+00:00
NIFTY QLTY LV 30,MARICO,,2026-04-14T01:22:41.013948+00:00
NIFTY QLTY LV 30,HAVELLS,,2026-04-14T01:22:41.013948+00:00
NIFTY QLTY LV 30,PIDILITIND,,2026-04-14T01:22:41.013948+00:00
NIFTY QLTY LV 30,PAGEIND,,2026-04-14T01:22:41.013948+00:00
NIFTY QLTY LV 30,COLPAL,,2026-04-14T01:22:41.013948+00:00
NIFTY QLTY LV 30,LTM,,2026-04-14T01:22:41.013948+00:00
NIFTY QLTY LV 30,IRCTC,,2026-04-14T01:22:41.013948+00:00
NIFTY QLTY LV 30,DABUR,,2026-04-14T01:22:41.013948+00:00
NIFTY QLTY LV 30,PIIND,,2026-04-14T01:22:41.013948+00:00
NIFTY SML250 Q50,CDSL,,2026-04-14T01:22:41.013948+00:00
NIFTY SML250 Q50,ANGELONE,,2026-04-14T01:22:41.013948+00:00
NIFTY SML250 Q50,JBCHEPHARM,,2026-04-14T01:22:41.013948+00:00
NIFTY SML250 Q50,GPIL,,2026-04-14T01:22:41.013948+00:00
NIFTY SML250 Q50,ENGINERSIN,,2026-04-14T01:22:41.013948+00:00
NIFTY SML250 Q50,KIRLOSBROS,,2026-04-14T01:22:41.013948+00:00
NIFTY SML250 Q50,IEX,,2026-04-14T01:22:41.013948+00:00
NIFTY SML250 Q50,PRAJIND,,2026-04-14T01:22:41.013948+00:00
NIFTY SML250 Q50,KARURVYSYA,,2026-04-14T01:22:41.013948+00:00
NIFTY SML250 Q50,CAMS,,2026-04-14T01:22:41.013948+00:00
NIFTY SML250 Q50,AFFLE,,2026-04-14T01:22:41.013948+00:00
NIFTY SML250 Q50,TRITURBINE,,2026-04-14T01:22:41.013948+00:00
NIFTY SML250 Q50,BLS,,2026-04-14T01:22:41.013948+00:00
NIFTY SML250 Q50,ARE&M,,2026-04-14T01:22:41.013948+00:00
NIFTY SML250 Q50,GRAVITA,,2026-04-14T01:22:41.013948+00:00
NIFTY SML250 Q50,MGL,,2026-04-14T01:22:41.013948+00:00
NIFTY SML250 Q50,ABSLAMC,,2026-04-14T01:22:41.013948+00:00
NIFTY SML250 Q50,TIMKEN,,2026-04-14T01:22:41.013948+00:00
NIFTY SML250 Q50,APTUS,,2026-04-14T01:22:41.013948+00:00
NIFTY SML250 Q50,ECLERX,,2026-04-14T01:22:41.013948+00:00
NIFTY SML250 Q50,ACE,,2026-04-14T01:22:41.013948+00:00
NIFTY SML250 Q50,CHAMBLFERT,,2026-04-14T01:22:41.013948+00:00
NIFTY SML250 Q50,SUNTV,,2026-04-14T01:22:41.013948+00:00
NIFTY SML250 Q50,RAILTEL,,2026-04-14T01:22:41.013948+00:00
NIFTY SML250 Q50,FINCABLES,,2026-04-14T01:22:41.013948+00:00
NIFTY SML250 Q50,LALPATHLAB,,2026-04-14T01:22:41.013948+00:00
NIFTY SML250 Q50,ELGIEQUIP,,2026-04-14T01:22:41.013948+00:00
NIFTY SML250 Q50,KAJARIACER,,2026-04-14T01:22:41.013948+00:00
NIFTY SML250 Q50,MSUMI,,2026-04-14T01:22:41.013948+00:00
NIFTY SML250 Q50,EMAMILTD,,2026-04-14T01:22:41.013948+00:00
NIFTY SML250 Q50,CYIENT,,2026-04-14T01:22:41.013948+00:00
NIFTY SML250 Q50,INDIAMART,,2026-04-14T01:22:41.013948+00:00
NIFTY SML250 Q50,BAYERCROP,,2026-04-14T01:22:41.013948+00:00
NIFTY SML250 Q50,CASTROLIND,,2026-04-14T01:22:41.013948+00:00
NIFTY SML250 Q50,LTFOODS,,2026-04-14T01:22:41.013948+00:00
NIFTY SML250 Q50,ZENSARTECH,,2026-04-14T01:22:41.013948+00:00
NIFTY SML250 Q50,GILLETTE,,2026-04-14T01:22:41.013948+00:00
NIFTY SML250 Q50,BSOFT,,2026-04-14T01:22:41.013948+00:00
NIFTY SML250 Q50,UTIAMC,,2026-04-14T01:22:41.013948+00:00
NIFTY SML250 Q50,CANFINHOME,,2026-04-14T01:22:41.013948+00:00
NIFTY SML250 Q50,GSPL,,2026-04-14T01:22:41.013948+00:00
NIFTY SML250 Q50,AKZOINDIA,,2026-04-14T01:22:41.013948+00:00
NIFTY SML250 Q50,CLEAN,,2026-04-14T01:22:41.013948+00:00
NIFTY SML250 Q50,RITES,,2026-04-14T01:22:41.013948+00:00
NIFTY SML250 Q50,POLYMED,,2026-04-14T01:22:41.013948+00:00
NIFTY SML250 Q50,SONATSOFTW,,2026-04-14T01:22:41.013948+00:00
NIFTY SML250 Q50,MAPMYINDIA,,2026-04-14T01:22:41.013948+00:00
NIFTY SML250 Q50,METROPOLIS,,2026-04-14T01:22:41.013948+00:00
NIFTY SML250 Q50,SUMICHEM,,2026-04-14T01:22:41.013948+00:00
NIFTY SML250 Q50,PFIZER,,2026-04-14T01:22:41.013948+00:00
NIFTY TOP 15 EW,ICICIBANK,,2026-04-14T01:22:41.013948+00:00
NIFTY TOP 15 EW,RELIANCE,,2026-04-14T01:22:41.013948+00:00
NIFTY TOP 15 EW,HDFCBANK,,2026-04-14T01:22:41.013948+00:00
NIFTY TOP 15 EW,BHARTIARTL,,2026-04-14T01:22:41.013948+00:00
NIFTY TOP 15 EW,LT,,2026-04-14T01:22:41.013948+00:00
NIFTY TOP 15 EW,SBIN,,2026-04-14T01:22:41.013948+00:00
NIFTY TOP 15 EW,MARUTI,,2026-04-14T01:22:41.013948+00:00
NIFTY TOP 15 EW,INFY,,2026-04-14T01:22:41.013948+00:00
NIFTY TOP 15 EW,AXISBANK,,2026-04-14T01:22:41.013948+00:00
NIFTY TOP 15 EW,KOTAKBANK,,2026-04-14T01:22:41.013948+00:00
NIFTY TOP 15 EW,M&M,,2026-04-14T01:22:41.013948+00:00
NIFTY TOP 15 EW,BAJFINANCE,,2026-04-14T01:22:41.013948+00:00
NIFTY TOP 15 EW,TCS,,2026-04-14T01:22:41.013948+00:00
NIFTY TOP 15 EW,ITC,,2026-04-14T01:22:41.013948+00:00
NIFTY TOP 15 EW,HINDUNILVR,,2026-04-14T01:22:41.013948+00:00
NIFTY100 ALPHA 30,SBIN,,2026-04-14T01:22:41.013948+00:00
NIFTY100 ALPHA 30,MARUTI,,2026-04-14T01:22:41.013948+00:00
NIFTY100 ALPHA 30,ADANIPOWER,,2026-04-14T01:22:41.013948+00:00
NIFTY100 ALPHA 30,M&M,,2026-04-14T01:22:41.013948+00:00
NIFTY100 ALPHA 30,VEDL,,2026-04-14T01:22:41.013948+00:00
NIFTY100 ALPHA 30,EICHERMOT,,2026-04-14T01:22:41.013948+00:00
NIFTY100 ALPHA 30,SHRIRAMFIN,,2026-04-14T01:22:41.013948+00:00
NIFTY100 ALPHA 30,BEL,,2026-04-14T01:22:41.013948+00:00
NIFTY100 ALPHA 30,ADANIPORTS,,2026-04-14T01:22:41.013948+00:00
NIFTY100 ALPHA 30,TATASTEEL,,2026-04-14T01:22:41.013948+00:00
NIFTY100 ALPHA 30,MOTHERSON,,2026-04-14T01:22:41.013948+00:00
NIFTY100 ALPHA 30,ADANIENSOL,,2026-04-14T01:22:41.013948+00:00
NIFTY100 ALPHA 30,HINDALCO,,2026-04-14T01:22:41.013948+00:00
NIFTY100 ALPHA 30,CUMMINSIND,,2026-04-14T01:22:41.013948+00:00
NIFTY100 ALPHA 30,BPCL,,2026-04-14T01:22:41.013948+00:00
NIFTY100 ALPHA 30,TITAN,,2026-04-14T01:22:41.013948+00:00
NIFTY100 ALPHA 30,SOLARINDS,,2026-04-14T01:22:41.013948+00:00
NIFTY100 ALPHA 30,UNIONBANK,,2026-04-14T01:22:41.013948+00:00
NIFTY100 ALPHA 30,BANKBARODA,,2026-04-14T01:22:41.013948+00:00
NIFTY100 ALPHA 30,IOC,,2026-04-14T01:22:41.013948+00:00
NIFTY100 ALPHA 30,TORNTPHARM,,2026-04-14T01:22:41.013948+00:00
NIFTY100 ALPHA 30,CANBK,,2026-04-14T01:22:41.013948+00:00
NIFTY100 ALPHA 30,TVSMOTOR,,2026-04-14T01:22:41.013948+00:00
NIFTY100 ALPHA 30,PNB,,2026-04-14T01:22:41.013948+00:00
NIFTY100 ALPHA 30,MUTHOOTFIN,,2026-04-14T01:22:41.013948+00:00
NIFTY100 ALPHA 30,HYUNDAI,,2026-04-14T01:22:41.013948+00:00
NIFTY100 ALPHA 30,HINDZINC,,2026-04-14T01:22:41.013948+00:00
NIFTY100 ALPHA 30,JSWSTEEL,,2026-04-14T01:22:41.013948+00:00
NIFTY100 ALPHA 30,SBILIFE,,2026-04-14T01:22:41.013948+00:00
NIFTY100 ALPHA 30,SIEMENS,,2026-04-14T01:22:41.013948+00:00
NIFTY200 VALUE 30,SBIN,,2026-04-14T01:22:41.013948+00:00
NIFTY200 VALUE 30,VEDL,,2026-04-14T01:22:41.013948+00:00
NIFTY200 VALUE 30,SHRIRAMFIN,,2026-04-14T01:22:41.013948+00:00
NIFTY200 VALUE 30,COALINDIA,,2026-04-14T01:22:41.013948+00:00
NIFTY200 VALUE 30,ONGC,,2026-04-14T01:22:41.013948+00:00
NIFTY200 VALUE 30,NTPC,,2026-04-14T01:22:41.013948+00:00
NIFTY200 VALUE 30,TATASTEEL,,2026-04-14T01:22:41.013948+00:00
NIFTY200 VALUE 30,SAIL,,2026-04-14T01:22:41.013948+00:00
NIFTY200 VALUE 30,POWERGRID,,2026-04-14T01:22:41.013948+00:00
NIFTY200 VALUE 30,HINDALCO,,2026-04-14T01:22:41.013948+00:00
NIFTY200 VALUE 30,TMPV,,2026-04-14T01:22:41.013948+00:00
NIFTY200 VALUE 30,BPCL,,2026-04-14T01:22:41.013948+00:00
NIFTY200 VALUE 30,PFC,,2026-04-14T01:22:41.013948+00:00
NIFTY200 VALUE 30,OIL,,2026-04-14T01:22:41.013948+00:00
NIFTY200 VALUE 30,UNIONBANK,,2026-04-14T01:22:41.013948+00:00
NIFTY200 VALUE 30,GRASIM,,2026-04-14T01:22:41.013948+00:00
NIFTY200 VALUE 30,BANKBARODA,,2026-04-14T01:22:41.013948+00:00
NIFTY200 VALUE 30,HINDPETRO,,2026-04-14T01:22:41.013948+00:00
NIFTY200 VALUE 30,IOC,,2026-04-14T01:22:41.013948+00:00
NIFTY200 VALUE 30,CANBK,,2026-04-14T01:22:41.013948+00:00
NIFTY200 VALUE 30,NMDC,,2026-04-14T01:22:41.013948+00:00
NIFTY200 VALUE 30,GAIL,,2026-04-14T01:22:41.013948+00:00
NIFTY200 VALUE 30,FEDERALBNK,,2026-04-14T01:22:41.013948+00:00
NIFTY200 VALUE 30,PNB,,2026-04-14T01:22:41.013948+00:00
NIFTY200 VALUE 30,RECLTD,,2026-04-14T01:22:41.013948+00:00
NIFTY200 VALUE 30,BANKINDIA,,2026-04-14T01:22:41.013948+00:00
NIFTY200 VALUE 30,INDIANB,,2026-04-14T01:22:41.013948+00:00
NIFTY200 VALUE 30,INDUSINDBK,,2026-04-14T01:22:41.013948+00:00
NIFTY200 VALUE 30,UPL,,2026-04-14T01:22:41.013948+00:00
NIFTY200 VALUE 30,LICHSGFIN,,2026-04-14T01:22:41.013948+00:00
NIFTY500 EW,ICICIBANK,,2026-04-14T01:22:41.013948+00:00
NIFTY500 EW,RELIANCE,,2026-04-14T01:22:41.013948+00:00
NIFTY500 EW,HDFCBANK,,2026-04-14T01:22:41.013948+00:00
NIFTY500 EW,ATHERENERG,,2026-04-14T01:22:41.013948+00:00
NIFTY500 EW,BHARTIARTL,,2026-04-14T01:22:41.013948+00:00
NIFTY500 EW,BSE,,2026-04-14T01:22:41.013948+00:00
NIFTY500 EW,LT,,2026-04-14T01:22:41.013948+00:00
NIFTY500 EW,SBIN,,2026-04-14T01:22:41.013948+00:00
NIFTY500 EW,MARUTI,,2026-04-14T01:22:41.013948+00:00
NIFTY500 EW,ADANIPOWER,,2026-04-14T01:22:41.013948+00:00
NIFTY500 EW,ZYDUSWELL,,2026-04-14T01:22:41.013948+00:00
NIFTY500 EW,OLAELEC,,2026-04-14T01:22:41.013948+00:00
NIFTY500 EW,INFY,,2026-04-14T01:22:41.013948+00:00
NIFTY500 EW,MCX,,2026-04-14T01:22:41.013948+00:00
NIFTY500 EW,BHEL,,2026-04-14T01:22:41.013948+00:00
NIFTY500 EW,AXISBANK,,2026-04-14T01:22:41.013948+00:00
NIFTY500 EW,KOTAKBANK,,2026-04-14T01:22:41.013948+00:00
NIFTY500 EW,WAAREEENER,,2026-04-14T01:22:41.013948+00:00
NIFTY500 EW,ETERNAL,,2026-04-14T01:22:41.013948+00:00
NIFTY500 EW,TATACHEM,,2026-04-14T01:22:41.013948+00:00
NIFTY500 EW,M&M,,2026-04-14T01:22:41.013948+00:00
NIFTY500 EW,BAJFINANCE,,2026-04-14T01:22:41.013948+00:00
NIFTY500 EW,TATAINVEST,,2026-04-14T01:22:41.013948+00:00
NIFTY500 EW,NTPCGREEN,,2026-04-14T01:22:41.013948+00:00
NIFTY500 EW,VEDL,,2026-04-14T01:22:41.013948+00:00
NIFTY500 EW,TCS,,2026-04-14T01:22:41.013948+00:00
NIFTY500 EW,EICHERMOT,,2026-04-14T01:22:41.013948+00:00
NIFTY500 EW,GROWW,,2026-04-14T01:22:41.013948+00:00
NIFTY500 EW,TATAPOWER,,2026-04-14T01:22:41.013948+00:00
NIFTY500 EW,SHRIRAMFIN,,2026-04-14T01:22:41.013948+00:00
NIFTY500 EW,COALINDIA,,2026-04-14T01:22:41.013948+00:00
NIFTY500 EW,ADANIENT,,2026-04-14T01:22:41.013948+00:00
NIFTY500 EW,INDIGO,,2026-04-14T01:22:41.013948+00:00
NIFTY500 EW,ONGC,,2026-04-14T01:22:41.013948+00:00
NIFTY500 EW,BEL,,2026-04-14T01:22:41.013948+00:00
NIFTY500 EW,ADANIGREEN,,2026-04-14T01:22:41.013948+00:00
NIFTY500 EW,MAZDOCK,,2026-04-14T01:22:41.013948+00:00
NIFTY500 EW,HFCL,,2026-04-14T01:22:41.013948+00:00
NIFTY500 EW,SUNPHARMA,,2026-04-14T01:22:41.013948+00:00
NIFTY500 EW,POWERINDIA,,2026-04-14T01:22:41.013948+00:00
NIFTY500 EW,TMCV,,2026-04-14T01:22:41.013948+00:00
NIFTY500 EW,SUZLON,,2026-04-14T01:22:41.013948+00:00
NIFTY500 EW,DIXON,,2026-04-14T01:22:41.013948+00:00
NIFTY500 EW,NTPC,,2026-04-14T01:22:41.013948+00:00
NIFTY500 EW,JYOTICNC,,2026-04-14T01:22:41.013948+00:00
NIFTY500 EW,NATIONALUM,,2026-04-14T01:22:41.013948+00:00
NIFTY500 EW,ADANIPORTS,,2026-04-14T01:22:41.013948+00:00
NIFTY500 EW,TATASTEEL,,2026-04-14T01:22:41.013948+00:00
NIFTY500 EW,CHOLAFIN,,2026-04-14T01:22:41.013948+00:00
NIFTY500 EW,MOTHERSON,,2026-04-14T01:22:41.013948+00:00
NIFTY500 EW,ITC,,2026-04-14T01:22:41.013948+00:00
NIFTY500 EW,SAIL,,2026-04-14T01:22:41.013948+00:00
NIFTY500 EW,NIACL,,2026-04-14T01:22:41.013948+00:00
NIFTY500 EW,ADANIENSOL,,2026-04-14T01:22:41.013948+00:00
NIFTY500 EW,POWERGRID,,2026-04-14T01:22:41.013948+00:00
NIFTY500 EW,HINDALCO,,2026-04-14T01:22:41.013948+00:00
NIFTY500 EW,TMPV,,2026-04-14T01:22:41.013948+00:00
NIFTY500 EW,HAL,,2026-04-14T01:22:41.013948+00:00
NIFTY500 EW,WIPRO,,2026-04-14T01:22:41.013948+00:00
NIFTY500 EW,CUMMINSIND,,2026-04-14T01:22:41.013948+00:00
NIFTY500 EW,HINDUNILVR,,2026-04-14T01:22:41.013948+00:00
NIFTY500 EW,IDEA,,2026-04-14T01:22:41.013948+00:00
NIFTY500 EW,JSWENERGY,,2026-04-14T01:22:41.013948+00:00
NIFTY500 EW,ASIANPAINT,,2026-04-14T01:22:41.013948+00:00
NIFTY500 EW,HEROMOTOCO,,2026-04-14T01:22:41.013948+00:00
NIFTY500 EW,BPCL,,2026-04-14T01:22:41.013948+00:00
NIFTY500 EW,DMART,,2026-04-14T01:22:41.013948+00:00
NIFTY500 EW,KAYNES,,2026-04-14T01:22:41.013948+00:00
NIFTY500 EW,PFC,,2026-04-14T01:22:41.013948+00:00
NIFTY500 EW,TITAN,,2026-04-14T01:22:41.013948+00:00
NIFTY500 EW,VOLTAS,,2026-04-14T01:22:41.013948+00:00
NIFTY500 EW,ASHOKLEY,,2026-04-14T01:22:41.013948+00:00
NIFTY500 EW,OLECTRA,,2026-04-14T01:22:41.013948+00:00
NIFTY500 EW,POLYCAB,,2026-04-14T01:22:41.013948+00:00
NIFTY500 EW,JBMA,,2026-04-14T01:22:41.013948+00:00
NIFTY500 EW,AMBER,,2026-04-14T01:22:41.013948+00:00
NIFTY500 EW,JIOFIN,,2026-04-14T01:22:41.013948+00:00
NIFTY500 EW,APLAPOLLO,,2026-04-14T01:22:41.013948+00:00
NIFTY500 EW,BAJAJ-AUTO,,2026-04-14T01:22:41.013948+00:00
NIFTY500 EW,FORCEMOT,,2026-04-14T01:22:41.013948+00:00
NIFTY500 EW,SOLARINDS,,2026-04-14T01:22:41.013948+00:00
NIFTY500 EW,OIL,,2026-04-14T01:22:41.013948+00:00
NIFTY500 EW,GRSE,,2026-04-14T01:22:41.013948+00:00
NIFTY500 EW,HDFCLIFE,,2026-04-14T01:22:41.013948+00:00
NIFTY500 EW,UNIONBANK,,2026-04-14T01:22:41.013948+00:00
NIFTY500 EW,GRASIM,,2026-04-14T01:22:41.013948+00:00
NIFTY500 EW,GVT&D,,2026-04-14T01:22:41.013948+00:00
NIFTY500 EW,BANKBARODA,,2026-04-14T01:22:41.013948+00:00
NIFTY500 EW,HINDCOPPER,,2026-04-14T01:22:41.013948+00:00
NIFTY500 EW,RPOWER,,2026-04-14T01:22:41.013948+00:00
NIFTY500 EW,HINDPETRO,,2026-04-14T01:22:41.013948+00:00
NIFTY500 EW,HCLTECH,,2026-04-14T01:22:41.013948+00:00
NIFTY500 EW,IOC,,2026-04-14T01:22:41.013948+00:00
NIFTY500 EW,TORNTPHARM,,2026-04-14T01:22:41.013948+00:00
NIFTY500 EW,CDSL,,2026-04-14T01:22:41.013948+00:00
NIFTY500 EW,CANBK,,2026-04-14T01:22:41.013948+00:00
NIFTY500 EW,SONACOMS,,2026-04-14T01:22:41.013948+00:00
NIFTY500 EW,ONESOURCE,,2026-04-14T01:22:41.013948+00:00
NIFTY500 EW,ATGL,,2026-04-14T01:22:41.013948+00:00
NIFTY500 EW,SARDAEN,,2026-04-14T01:22:41.013948+00:00
NIFTY500 EW,GMDCLTD,,2026-04-14T01:22:41.013948+00:00
NIFTY500 EW,ACMESOLAR,,2026-04-14T01:22:41.013948+00:00
NIFTY500 EW,HDFCAMC,,2026-04-14T01:22:41.013948+00:00
NIFTY500 EW,COHANCE,,2026-04-14T01:22:41.013948+00:00
NIFTY500 EW,ULTRACEMCO,,2026-04-14T01:22:41.013948+00:00
NIFTY500 EW,SWIGGY,,2026-04-14T01:22:41.013948+00:00
NIFTY500 EW,DATAPATTNS,,2026-04-14T01:22:41.013948+00:00
NIFTY500 EW,PREMIERENE,,2026-04-14T01:22:41.013948+00:00
NIFTY500 EW,NMDC,,2026-04-14T01:22:41.013948+00:00
NIFTY500 EW,PERSISTENT,,2026-04-14T01:22:41.013948+00:00
NIFTY500 EW,COFORGE,,2026-04-14T01:22:41.013948+00:00
NIFTY500 EW,GAIL,,2026-04-14T01:22:41.013948+00:00
NIFTY500 EW,DLF,,2026-04-14T01:22:41.013948+00:00
NIFTY500 EW,TVSMOTOR,,2026-04-14T01:22:41.013948+00:00
NIFTY500 EW,COCHINSHIP,,2026-04-14T01:22:41.013948+00:00
NIFTY500 EW,APOLLOHOSP,,2026-04-14T01:22:41.013948+00:00
NIFTY500 EW,VBL,,2026-04-14T01:22:41.013948+00:00
NIFTY500 EW,MAXHEALTH,,2026-04-14T01:22:41.013948+00:00
NIFTY500 EW,JPPOWER,,2026-04-14T01:22:41.013948+00:00
NIFTY500 EW,ANANDRATHI,,2026-04-14T01:22:41.013948+00:00
NIFTY500 EW,TARIL,,2026-04-14T01:22:41.013948+00:00
NIFTY500 EW,BAJAJFINSV,,2026-04-14T01:22:41.013948+00:00
NIFTY500 EW,ABB,,2026-04-14T01:22:41.013948+00:00
NIFTY500 EW,POLICYBZR,,2026-04-14T01:22:41.013948+00:00
NIFTY500 EW,PAYTM,,2026-04-14T01:22:41.013948+00:00
NIFTY500 EW,BOSCHLTD,,2026-04-14T01:22:41.013948+00:00
NIFTY500 EW,LODHA,,2026-04-14T01:22:41.013948+00:00
NIFTY500 EW,FEDERALBNK,,2026-04-14T01:22:41.013948+00:00
NIFTY500 EW,BHARATFORG,,2026-04-14T01:22:41.013948+00:00
NIFTY500 EW,THERMAX,,2026-04-14T01:22:41.013948+00:00
NIFTY500 EW,PNB,,2026-04-14T01:22:41.013948+00:00
NIFTY500 EW,CIPLA,,2026-04-14T01:22:41.013948+00:00
NIFTY500 EW,BRITANNIA,,2026-04-14T01:22:41.013948+00:00
NIFTY500 EW,INOXWIND,,2026-04-14T01:22:41.013948+00:00
NIFTY500 EW,ANGELONE,,2026-04-14T01:22:41.013948+00:00
NIFTY500 EW,RECLTD,,2026-04-14T01:22:41.013948+00:00
NIFTY500 EW,LICI,,2026-04-14T01:22:41.013948+00:00
NIFTY500 EW,MUTHOOTFIN,,2026-04-14T01:22:41.013948+00:00
NIFTY500 EW,AUROPHARMA,,2026-04-14T01:22:41.013948+00:00
NIFTY500 EW,TECHM,,2026-04-14T01:22:41.013948+00:00
NIFTY500 EW,TATACONSUM,,2026-04-14T01:22:41.013948+00:00
NIFTY500 EW,ICICIAMC,,2026-04-14T01:22:41.013948+00:00
NIFTY500 EW,DRREDDY,,2026-04-14T01:22:41.013948+00:00
NIFTY500 EW,PRESTIGE,,2026-04-14T01:22:41.013948+00:00
NIFTY500 EW,LUPIN,,2026-04-14T01:22:41.013948+00:00
NIFTY500 EW,HBLENGINE,,2026-04-14T01:22:41.013948+00:00
NIFTY500 EW,UNITDSPR,,2026-04-14T01:22:41.013948+00:00
NIFTY500 EW,BANKINDIA,,2026-04-14T01:22:41.013948+00:00
NIFTY500 EW,SRF,,2026-04-14T01:22:41.013948+00:00
NIFTY500 EW,POONAWALLA,,2026-04-14T01:22:41.013948+00:00
NIFTY500 EW,BDL,,2026-04-14T01:22:41.013948+00:00
NIFTY500 EW,NESTLEIND,,2026-04-14T01:22:41.013948+00:00
NIFTY500 EW,TRENT,,2026-04-14T01:22:41.013948+00:00
NIFTY500 EW,HYUNDAI,,2026-04-14T01:22:41.013948+00:00
NIFTY500 EW,MARICO,,2026-04-14T01:22:41.013948+00:00
NIFTY500 EW,WELCORP,,2026-04-14T01:22:41.013948+00:00
NIFTY500 EW,LGEINDIA,,2026-04-14T01:22:41.013948+00:00
NIFTY500 EW,IRFC,,2026-04-14T01:22:41.013948+00:00
NIFTY500 EW,GLENMARK,,2026-04-14T01:22:41.013948+00:00
NIFTY500 EW,NETWEB,,2026-04-14T01:22:41.013948+00:00
NIFTY500 EW,GODREJPROP,,2026-04-14T01:22:41.013948+00:00
NIFTY500 EW,HINDZINC,,2026-04-14T01:22:41.013948+00:00
NIFTY500 EW,PGEL,,2026-04-14T01:22:41.013948+00:00
NIFTY500 EW,GALLANTT,,2026-04-14T01:22:41.013948+00:00
NIFTY500 EW,CGPOWER,,2026-04-14T01:22:41.013948+00:00
NIFTY500 EW,KEI,,2026-04-14T01:22:41.013948+00:00
NIFTY500 EW,INDIANB,,2026-04-14T01:22:41.013948+00:00
NIFTY500 EW,LAURUSLABS,,2026-04-14T01:22:41.013948+00:00
NIFTY500 EW,TEJASNET,,2026-04-14T01:22:41.013948+00:00
NIFTY500 EW,GMRAIRPORT,,2026-04-14T01:22:41.013948+00:00
NIFTY500 EW,HSCL,,2026-04-14T01:22:41.013948+00:00
NIFTY500 EW,CHENNPETRO,,2026-04-14T01:22:41.013948+00:00
NIFTY500 EW,BLUESTARCO,,2026-04-14T01:22:41.013948+00:00
NIFTY500 EW,APARINDS,,2026-04-14T01:22:41.013948+00:00
NIFTY500 EW,MANKIND,,2026-04-14T01:22:41.013948+00:00
NIFTY500 EW,AUBANK,,2026-04-14T01:22:41.013948+00:00
NIFTY500 EW,LENSKART,,2026-04-14T01:22:41.013948+00:00
NIFTY500 EW,INDHOTEL,,2026-04-14T01:22:41.013948+00:00
NIFTY500 EW,LTF,,2026-04-14T01:22:41.013948+00:00
NIFTY500 EW,JINDALSTEL,,2026-04-14T01:22:41.013948+00:00
NIFTY500 EW,RVNL,,2026-04-14T01:22:41.013948+00:00
NIFTY500 EW,SCI,,2026-04-14T01:22:41.013948+00:00
NIFTY500 EW,KALYANKJIL,,2026-04-14T01:22:41.013948+00:00
NIFTY500 EW,YESBANK,,2026-04-14T01:22:41.013948+00:00
NIFTY500 EW,MAHABANK,,2026-04-14T01:22:41.013948+00:00
NIFTY500 EW,DIVISLAB,,2026-04-14T01:22:41.013948+00:00
NIFTY500 EW,INDUSINDBK,,2026-04-14T01:22:41.013948+00:00
NIFTY500 EW,IDFCFIRSTB,,2026-04-14T01:22:41.013948+00:00
NIFTY500 EW,SUPREMEIND,,2026-04-14T01:22:41.013948+00:00
NIFTY500 EW,JSWSTEEL,,2026-04-14T01:22:41.013948+00:00
NIFTY500 EW,EMMVEE,,2026-04-14T01:22:41.013948+00:00
NIFTY500 EW,BIOCON,,2026-04-14T01:22:41.013948+00:00
NIFTY500 EW,SBILIFE,,2026-04-14T01:22:41.013948+00:00
NIFTY500 EW,VMM,,2026-04-14T01:22:41.013948+00:00
NIFTY500 EW,HAVELLS,,2026-04-14T01:22:41.013948+00:00
NIFTY500 EW,INDUSTOWER,,2026-04-14T01:22:41.013948+00:00
NIFTY500 EW,NAM-INDIA,,2026-04-14T01:22:41.013948+00:00
NIFTY500 EW,JBCHEPHARM,,2026-04-14T01:22:41.013948+00:00
NIFTY500 EW,GODREJCP,,2026-04-14T01:22:41.013948+00:00
NIFTY500 EW,SAMMAANCAP,,2026-04-14T01:22:41.013948+00:00
NIFTY500 EW,GODFRYPHLP,,2026-04-14T01:22:41.013948+00:00
NIFTY500 EW,ZEEL,,2026-04-14T01:22:41.013948+00:00
NIFTY500 EW,NHPC,,2026-04-14T01:22:41.013948+00:00
NIFTY500 EW,IREDA,,2026-04-14T01:22:41.013948+00:00
NIFTY500 EW,SIEMENS,,2026-04-14T01:22:41.013948+00:00
NIFTY500 EW,UPL,,2026-04-14T01:22:41.013948+00:00
NIFTY500 EW,BELRISE,,2026-04-14T01:22:41.013948+00:00
NIFTY500 EW,NAUKRI,,2026-04-14T01:22:41.013948+00:00
NIFTY500 EW,ASTRAL,,2026-04-14T01:22:41.013948+00:00
NIFTY500 EW,PETRONET,,2026-04-14T01:22:41.013948+00:00
NIFTY500 EW,OBEROIRLTY,,2026-04-14T01:22:41.013948+00:00
NIFTY500 EW,GPIL,,2026-04-14T01:22:41.013948+00:00
NIFTY500 EW,HUDCO,,2026-04-14T01:22:41.013948+00:00
NIFTY500 EW,TORNTPOWER,,2026-04-14T01:22:41.013948+00:00
NIFTY500 EW,MANAPPURAM,,2026-04-14T01:22:41.013948+00:00
NIFTY500 EW,ENGINERSIN,,2026-04-14T01:22:41.013948+00:00
NIFTY500 EW,AMBUJACEM,,2026-04-14T01:22:41.013948+00:00
NIFTY500 EW,AARTIIND,,2026-04-14T01:22:41.013948+00:00
NIFTY500 EW,EXIDEIND,,2026-04-14T01:22:41.013948+00:00
NIFTY500 EW,URBANCO,,2026-04-14T01:22:41.013948+00:00
NIFTY500 EW,IDBI,,2026-04-14T01:22:41.013948+00:00
NIFTY500 EW,PIDILITIND,,2026-04-14T01:22:41.013948+00:00
NIFTY500 EW,WOCKPHARMA,,2026-04-14T01:22:41.013948+00:00
NIFTY500 EW,ABCAPITAL,,2026-04-14T01:22:41.013948+00:00
NIFTY500 EW,BANDHANBNK,,2026-04-14T01:22:41.013948+00:00
NIFTY500 EW,MFSL,,2026-04-14T01:22:41.013948+00:00
NIFTY500 EW,ENRIN,,2026-04-14T01:22:41.013948+00:00
NIFTY500 EW,ANANTRAJ,,2026-04-14T01:22:41.013948+00:00
NIFTY500 EW,IGL,,2026-04-14T01:22:41.013948+00:00
NIFTY500 EW,MRPL,,2026-04-14T01:22:41.013948+00:00
NIFTY500 EW,ALKEM,,2026-04-14T01:22:41.013948+00:00
NIFTY500 EW,JUBLFOOD,,2026-04-14T01:22:41.013948+00:00
NIFTY500 EW,KPITTECH,,2026-04-14T01:22:41.013948+00:00
NIFTY500 EW,MRF,,2026-04-14T01:22:41.013948+00:00
NIFTY500 EW,ACUTAAS,,2026-04-14T01:22:41.013948+00:00
NIFTY500 EW,UNOMINDA,,2026-04-14T01:22:41.013948+00:00
NIFTY500 EW,PAGEIND,,2026-04-14T01:22:41.013948+00:00
NIFTY500 EW,DELHIVERY,,2026-04-14T01:22:41.013948+00:00
NIFTY500 EW,ZENTEC,,2026-04-14T01:22:41.013948+00:00
NIFTY500 EW,SYRMA,,2026-04-14T01:22:41.013948+00:00
NIFTY500 EW,MEESHO,,2026-04-14T01:22:41.013948+00:00
NIFTY500 EW,NLCINDIA,,2026-04-14T01:22:41.013948+00:00
NIFTY500 EW,KFINTECH,,2026-04-14T01:22:41.013948+00:00
NIFTY500 EW,CPPLUS,,2026-04-14T01:22:41.013948+00:00
NIFTY500 EW,RADICO,,2026-04-14T01:22:41.013948+00:00
NIFTY500 EW,SBICARD,,2026-04-14T01:22:41.013948+00:00
NIFTY500 EW,FORTIS,,2026-04-14T01:22:41.013948+00:00
NIFTY500 EW,COLPAL,,2026-04-14T01:22:41.013948+00:00
NIFTY500 EW,HEG,,2026-04-14T01:22:41.013948+00:00
NIFTY500 EW,NBCC,,2026-04-14T01:22:41.013948+00:00
NIFTY500 EW,IEX,,2026-04-14T01:22:41.013948+00:00
NIFTY500 EW,LLOYDSME,,2026-04-14T01:22:41.013948+00:00
NIFTY500 EW,LTM,,2026-04-14T01:22:41.013948+00:00
NIFTY500 EW,JSL,,2026-04-14T01:22:41.013948+00:00
NIFTY500 EW,KARURVYSYA,,2026-04-14T01:22:41.013948+00:00
NIFTY500 EW,NEULANDLAB,,2026-04-14T01:22:41.013948+00:00
NIFTY500 EW,IFCI,,2026-04-14T01:22:41.013948+00:00
NIFTY500 EW,NYKAA,,2026-04-14T01:22:41.013948+00:00
NIFTY500 EW,RBLBANK,,2026-04-14T01:22:41.013948+00:00
NIFTY500 EW,HONASA,,2026-04-14T01:22:41.013948+00:00
NIFTY500 EW,PINELABS,,2026-04-14T01:22:41.013948+00:00
NIFTY500 EW,NAVINFLUOR,,2026-04-14T01:22:41.013948+00:00
NIFTY500 EW,PNBHOUSING,,2026-04-14T01:22:41.013948+00:00
NIFTY500 EW,JKCEMENT,,2026-04-14T01:22:41.013948+00:00
NIFTY500 EW,GRAPHITE,,2026-04-14T01:22:41.013948+00:00
NIFTY500 EW,PATANJALI,,2026-04-14T01:22:41.013948+00:00
NIFTY500 EW,ITCHOTELS,,2026-04-14T01:22:41.013948+00:00
NIFTY500 EW,ABFRL,,2026-04-14T01:22:41.013948+00:00
NIFTY500 EW,LICHSGFIN,,2026-04-14T01:22:41.013948+00:00
NIFTY500 EW,GESHIP,,2026-04-14T01:22:41.013948+00:00
NIFTY500 EW,CAMS,,2026-04-14T01:22:41.013948+00:00
NIFTY500 EW,CHOICEIN,,2026-04-14T01:22:41.013948+00:00
NIFTY500 EW,BAJAJHFL,,2026-04-14T01:22:41.013948+00:00
NIFTY500 EW,360ONE,,2026-04-14T01:22:41.013948+00:00
NIFTY500 EW,REDINGTON,,2026-04-14T01:22:41.013948+00:00
NIFTY500 EW,MOTILALOFS,,2026-04-14T01:22:41.013948+00:00
NIFTY500 EW,PHOENIXLTD,,2026-04-14T01:22:41.013948+00:00
NIFTY500 EW,KIRLOSENG,,2026-04-14T01:22:41.013948+00:00
NIFTY500 EW,SHREECEM,,2026-04-14T01:22:41.013948+00:00
NIFTY500 EW,ICICIGI,,2026-04-14T01:22:41.013948+00:00
NIFTY500 EW,IRCTC,,2026-04-14T01:22:41.013948+00:00
NIFTY500 EW,NATCOPHARM,,2026-04-14T01:22:41.013948+00:00
NIFTY500 EW,CESC,,2026-04-14T01:22:41.013948+00:00
NIFTY500 EW,TATAELXSI,,2026-04-14T01:22:41.013948+00:00
NIFTY500 EW,SJVN,,2026-04-14T01:22:41.013948+00:00
NIFTY500 EW,JWL,,2026-04-14T01:22:41.013948+00:00
NIFTY500 EW,BEML,,2026-04-14T01:22:41.013948+00:00
NIFTY500 EW,AFFLE,,2026-04-14T01:22:41.013948+00:00
NIFTY500 EW,TRITURBINE,,2026-04-14T01:22:41.013948+00:00
NIFTY500 EW,DALBHARAT,,2026-04-14T01:22:41.013948+00:00
NIFTY500 EW,JINDALSAW,,2026-04-14T01:22:41.013948+00:00
NIFTY500 EW,ITI,,2026-04-14T01:22:41.013948+00:00
NIFTY500 EW,ZYDUSLIFE,,2026-04-14T01:22:41.013948+00:00
NIFTY500 EW,TITAGARH,,2026-04-14T01:22:41.013948+00:00
NIFTY500 EW,MPHASIS,,2026-04-14T01:22:41.013948+00:00
NIFTY500 EW,ICICIPRULI,,2026-04-14T01:22:41.013948+00:00
NIFTY500 EW,PARADEEP,,2026-04-14T01:22:41.013948+00:00
NIFTY500 EW,BLS,,2026-04-14T01:22:41.013948+00:00
NIFTY500 EW,J&KBANK,,2026-04-14T01:22:41.013948+00:00
NIFTY500 EW,M&MFIN,,2026-04-14T01:22:41.013948+00:00
NIFTY500 EW,DABUR,,2026-04-14T01:22:41.013948+00:00
NIFTY500 EW,IRCON,,2026-04-14T01:22:41.013948+00:00
NIFTY500 EW,OFSS,,2026-04-14T01:22:41.013948+00:00
NIFTY500 EW,INTELLECT,,2026-04-14T01:22:41.013948+00:00
NIFTY500 EW,FIRSTCRY,,2026-04-14T01:22:41.013948+00:00
NIFTY500 EW,ARE&M,,2026-04-14T01:22:41.013948+00:00
NIFTY500 EW,DEEPAKFERT,,2026-04-14T01:22:41.013948+00:00
NIFTY500 EW,JSWINFRA,,2026-04-14T01:22:41.013948+00:00
NIFTY500 EW,CROMPTON,,2026-04-14T01:22:41.013948+00:00
NIFTY500 EW,ACC,,2026-04-14T01:22:41.013948+00:00
NIFTY500 EW,AJANTPHARM,,2026-04-14T01:22:41.013948+00:00
NIFTY500 EW,GRAVITA,,2026-04-14T01:22:41.013948+00:00
NIFTY500 EW,SAGILITY,,2026-04-14T01:22:41.013948+00:00
NIFTY500 EW,COROMANDEL,,2026-04-14T01:22:41.013948+00:00
NIFTY500 EW,TATACOMM,,2026-04-14T01:22:41.013948+00:00
NIFTY500 EW,SCHAEFFLER,,2026-04-14T01:22:41.013948+00:00
NIFTY500 EW,JKTYRE,,2026-04-14T01:22:41.013948+00:00
NIFTY500 EW,MGL,,2026-04-14T01:22:41.013948+00:00
NIFTY500 EW,CUB,,2026-04-14T01:22:41.013948+00:00
NIFTY500 EW,NAVA,,2026-04-14T01:22:41.013948+00:00
NIFTY500 EW,BLUEJET,,2026-04-14T01:22:41.013948+00:00
NIFTY500 EW,ABSLAMC,,2026-04-14T01:22:41.013948+00:00
NIFTY500 EW,KEC,,2026-04-14T01:22:41.013948+00:00
NIFTY500 EW,PPLPHARMA,,2026-04-14T01:22:41.013948+00:00
NIFTY500 EW,SAILIFE,,2026-04-14T01:22:41.013948+00:00
NIFTY500 EW,BAJAJHLDNG,,2026-04-14T01:22:41.013948+00:00
NIFTY500 EW,NEWGEN,,2026-04-14T01:22:41.013948+00:00
NIFTY500 EW,TATACAP,,2026-04-14T01:22:41.013948+00:00
NIFTY500 EW,LINDEINDIA,,2026-04-14T01:22:41.013948+00:00
NIFTY500 EW,TIMKEN,,2026-04-14T01:22:41.013948+00:00
NIFTY500 EW,BRIGADE,,2026-04-14T01:22:41.013948+00:00
NIFTY500 EW,PIIND,,2026-04-14T01:22:41.013948+00:00
NIFTY500 EW,APTUS,,2026-04-14T01:22:41.013948+00:00
NIFTY500 EW,CONCOR,,2026-04-14T01:22:41.013948+00:00
NIFTY500 EW,PCBL,,2026-04-14T01:22:41.013948+00:00
NIFTY500 EW,AWL,,2026-04-14T01:22:41.013948+00:00
NIFTY500 EW,LTTS,,2026-04-14T01:22:41.013948+00:00
NIFTY500 EW,EMCURE,,2026-04-14T01:22:41.013948+00:00
NIFTY500 EW,NH,,2026-04-14T01:22:41.013948+00:00
NIFTY500 EW,GRANULES,,2026-04-14T01:22:41.013948+00:00
NIFTY500 EW,IIFL,,2026-04-14T01:22:41.013948+00:00
NIFTY500 EW,GICRE,,2026-04-14T01:22:41.013948+00:00
NIFTY500 EW,ECLERX,,2026-04-14T01:22:41.013948+00:00
NIFTY500 EW,JMFINANCIL,,2026-04-14T01:22:41.013948+00:00
NIFTY500 EW,CARTRADE,,2026-04-14T01:22:41.013948+00:00
NIFTY500 EW,FIVESTAR,,2026-04-14T01:22:41.013948+00:00
NIFTY500 EW,ACE,,2026-04-14T01:22:41.013948+00:00
NIFTY500 EW,LEMONTREE,,2026-04-14T01:22:41.013948+00:00
NIFTY500 EW,CHAMBLFERT,,2026-04-14T01:22:41.013948+00:00
NIFTY500 EW,TATATECH,,2026-04-14T01:22:41.013948+00:00
NIFTY500 EW,PWL,,2026-04-14T01:22:41.013948+00:00
NIFTY500 EW,AAVAS,,2026-04-14T01:22:41.013948+00:00
NIFTY500 EW,SUNTV,,2026-04-14T01:22:41.013948+00:00
NIFTY500 EW,NCC,,2026-04-14T01:22:41.013948+00:00
NIFTY500 EW,DEEPAKNTR,,2026-04-14T01:22:41.013948+00:00
NIFTY500 EW,IRB,,2026-04-14T01:22:41.013948+00:00
NIFTY500 EW,RAILTEL,,2026-04-14T01:22:41.013948+00:00
NIFTY500 EW,ABREL,,2026-04-14T01:22:41.013948+00:00
NIFTY500 EW,SIGNATURE,,2026-04-14T01:22:41.013948+00:00
NIFTY500 EW,FINCABLES,,2026-04-14T01:22:41.013948+00:00
NIFTY500 EW,HONAUT,,2026-04-14T01:22:41.013948+00:00
NIFTY500 EW,JAINREC,,2026-04-14T01:22:41.013948+00:00
NIFTY500 EW,LALPATHLAB,,2026-04-14T01:22:41.013948+00:00
NIFTY500 EW,BALKRISIND,,2026-04-14T01:22:41.013948+00:00
NIFTY500 EW,AFCONS,,2026-04-14T01:22:41.013948+00:00
NIFTY500 EW,DEVYANI,,2026-04-14T01:22:41.013948+00:00
NIFTY500 EW,ABDL,,2026-04-14T01:22:41.013948+00:00
NIFTY500 EW,ZFCVINDIA,,2026-04-14T01:22:41.013948+00:00
NIFTY500 EW,ELGIEQUIP,,2026-04-14T01:22:41.013948+00:00
NIFTY500 EW,HDBFS,,2026-04-14T01:22:41.013948+00:00
NIFTY500 EW,APOLLOTYRE,,2026-04-14T01:22:41.013948+00:00
NIFTY500 EW,PTCIL,,2026-04-14T01:22:41.013948+00:00
NIFTY500 EW,BALRAMCHIN,,2026-04-14T01:22:41.013948+00:00
NIFTY500 EW,ASAHIINDIA,,2026-04-14T01:22:41.013948+00:00
NIFTY500 EW,SUNDARMFIN,,2026-04-14T01:22:41.013948+00:00
NIFTY500 EW,CEATLTD,,2026-04-14T01:22:41.013948+00:00
NIFTY500 EW,KPRMILL,,2026-04-14T01:22:41.013948+00:00
NIFTY500 EW,UBL,,2026-04-14T01:22:41.013948+00:00
NIFTY500 EW,KAJARIACER,,2026-04-14T01:22:41.013948+00:00
NIFTY500 EW,MSUMI,,2026-04-14T01:22:41.013948+00:00
NIFTY500 EW,TIINDIA,,2026-04-14T01:22:41.013948+00:00
NIFTY500 EW,NUVAMA,,2026-04-14T01:22:41.013948+00:00
NIFTY500 EW,RRKABEL,,2026-04-14T01:22:41.013948+00:00
NIFTY500 EW,TTML,,2026-04-14T01:22:41.013948+00:00
NIFTY500 EW,AEGISLOG,,2026-04-14T01:22:41.013948+00:00
NIFTY500 EW,ASTERDM,,2026-04-14T01:22:41.013948+00:00
NIFTY500 EW,SBFC,,2026-04-14T01:22:41.013948+00:00
NIFTY500 EW,NSLNISP,,2026-04-14T01:22:41.013948+00:00
NIFTY500 EW,SCHNEIDER,,2026-04-14T01:22:41.013948+00:00
NIFTY500 EW,CHOLAHLDNG,,2026-04-14T01:22:41.013948+00:00
NIFTY500 EW,CCL,,2026-04-14T01:22:41.013948+00:00
NIFTY500 EW,HOMEFIRST,,2026-04-14T01:22:41.013948+00:00
NIFTY500 EW,EMAMILTD,,2026-04-14T01:22:41.013948+00:00
NIFTY500 EW,CYIENT,,2026-04-14T01:22:41.013948+00:00
NIFTY500 EW,FACT,,2026-04-14T01:22:41.013948+00:00
NIFTY500 EW,ELECON,,2026-04-14T01:22:41.013948+00:00
NIFTY500 EW,INDIAMART,,2026-04-14T01:22:41.013948+00:00
NIFTY500 EW,MINDACORP,,2026-04-14T01:22:41.013948+00:00
NIFTY500 EW,WHIRLPOOL,,2026-04-14T01:22:41.013948+00:00
NIFTY500 EW,CRISIL,,2026-04-14T01:22:41.013948+00:00
NIFTY500 EW,BAYERCROP,,2026-04-14T01:22:41.013948+00:00
NIFTY500 EW,CASTROLIND,,2026-04-14T01:22:41.013948+00:00
NIFTY500 EW,SYNGENE,,2026-04-14T01:22:41.013948+00:00
NIFTY500 EW,CREDITACC,,2026-04-14T01:22:41.013948+00:00
NIFTY500 EW,BHARTIHEXA,,2026-04-14T01:22:41.013948+00:00
NIFTY500 EW,VTL,,2026-04-14T01:22:41.013948+00:00
NIFTY500 EW,PIRAMALFIN,,2026-04-14T01:22:41.013948+00:00
NIFTY500 EW,LTFOODS,,2026-04-14T01:22:41.013948+00:00
NIFTY500 EW,KIMS,,2026-04-14T01:22:41.013948+00:00
NIFTY500 EW,UCOBANK,,2026-04-14T01:22:41.013948+00:00
NIFTY500 EW,ZENSARTECH,,2026-04-14T01:22:41.013948+00:00
NIFTY500 EW,LATENTVIEW,,2026-04-14T01:22:41.013948+00:00
NIFTY500 EW,GILLETTE,,2026-04-14T01:22:41.013948+00:00
NIFTY500 EW,ANTHEM,,2026-04-14T01:22:41.013948+00:00
NIFTY500 EW,TECHNOE,,2026-04-14T01:22:41.013948+00:00
NIFTY500 EW,TRIDENT,,2026-04-14T01:22:41.013948+00:00
NIFTY500 EW,PVRINOX,,2026-04-14T01:22:41.013948+00:00
NIFTY500 EW,ABBOTINDIA,,2026-04-14T01:22:41.013948+00:00
NIFTY500 EW,TENNIND,,2026-04-14T01:22:41.013948+00:00
NIFTY500 EW,CEMPRO,,2026-04-14T01:22:41.013948+00:00
NIFTY500 EW,CENTRALBK,,2026-04-14T01:22:41.013948+00:00
NIFTY500 EW,GABRIEL,,2026-04-14T01:22:41.013948+00:00
NIFTY500 EW,BSOFT,,2026-04-14T01:22:41.013948+00:00
NIFTY500 EW,EIDPARRY,,2026-04-14T01:22:41.013948+00:00
NIFTY500 EW,UTIAMC,,2026-04-14T01:22:41.013948+00:00
NIFTY500 EW,RAINBOW,,2026-04-14T01:22:41.013948+00:00
NIFTY500 EW,JSWCEMENT,,2026-04-14T01:22:41.013948+00:00
NIFTY500 EW,ESCORTS,,2026-04-14T01:22:41.013948+00:00
NIFTY500 EW,AIAENG,,2026-04-14T01:22:41.013948+00:00
NIFTY500 EW,SAPPHIRE,,2026-04-14T01:22:41.013948+00:00
NIFTY500 EW,IOB,,2026-04-14T01:22:41.013948+00:00
NIFTY500 EW,GLAXO,,2026-04-14T01:22:41.013948+00:00
NIFTY500 EW,FSL,,2026-04-14T01:22:41.013948+00:00
NIFTY500 EW,BERGEPAINT,,2026-04-14T01:22:41.013948+00:00
NIFTY500 EW,BATAINDIA,,2026-04-14T01:22:41.013948+00:00
NIFTY500 EW,CANFINHOME,,2026-04-14T01:22:41.013948+00:00
NIFTY500 EW,GSPL,,2026-04-14T01:22:41.013948+00:00
NIFTY500 EW,AKZOINDIA,,2026-04-14T01:22:41.013948+00:00
NIFTY500 EW,IPCALAB,,2026-04-14T01:22:41.013948+00:00
NIFTY500 EW,ANURAS,,2026-04-14T01:22:41.013948+00:00
NIFTY500 EW,ENDURANCE,,2026-04-14T01:22:41.013948+00:00
NIFTY500 EW,SWANCORP,,2026-04-14T01:22:41.013948+00:00
NIFTY500 EW,BBTC,,2026-04-14T01:22:41.013948+00:00
NIFTY500 EW,MEDANTA,,2026-04-14T01:22:41.013948+00:00
NIFTY500 EW,FLUOROCHEM,,2026-04-14T01:22:41.013948+00:00
NIFTY500 EW,ERIS,,2026-04-14T01:22:41.013948+00:00
NIFTY500 EW,AIIL,,2026-04-14T01:22:41.013948+00:00
NIFTY500 EW,CAPLIPOINT,,2026-04-14T01:22:41.013948+00:00
NIFTY500 EW,CLEAN,,2026-04-14T01:22:41.013948+00:00
NIFTY500 EW,SAREGAMA,,2026-04-14T01:22:41.013948+00:00
NIFTY500 EW,IKS,,2026-04-14T01:22:41.013948+00:00
NIFTY500 EW,STARHEALTH,,2026-04-14T01:22:41.013948+00:00
NIFTY500 EW,RITES,,2026-04-14T01:22:41.013948+00:00
NIFTY500 EW,RKFORGE,,2026-04-14T01:22:41.013948+00:00
NIFTY500 EW,MMTC,,2026-04-14T01:22:41.013948+00:00
NIFTY500 EW,SOBHA,,2026-04-14T01:22:41.013948+00:00
NIFTY500 EW,AADHARHFC,,2026-04-14T01:22:41.013948+00:00
NIFTY500 EW,EIHOTEL,,2026-04-14T01:22:41.013948+00:00
NIFTY500 EW,KPIL,,2026-04-14T01:22:41.013948+00:00
NIFTY500 EW,CRAFTSMAN,,2026-04-14T01:22:41.013948+00:00
NIFTY500 EW,USHAMART,,2026-04-14T01:22:41.013948+00:00
NIFTY500 EW,RAMCOCEM,,2026-04-14T01:22:41.013948+00:00
NIFTY500 EW,AEGISVOPAK,,2026-04-14T01:22:41.013948+00:00
NIFTY500 EW,3MINDIA,,2026-04-14T01:22:41.013948+00:00
NIFTY500 EW,CANHLIFE,,2026-04-14T01:22:41.013948+00:00
NIFTY500 EW,CGCL,,2026-04-14T01:22:41.013948+00:00
NIFTY500 EW,CONCORDBIO,,2026-04-14T01:22:41.013948+00:00
NIFTY500 EW,WELSPUNLIV,,2026-04-14T01:22:41.013948+00:00
NIFTY500 EW,GLAND,,2026-04-14T01:22:41.013948+00:00
NIFTY500 EW,POLYMED,,2026-04-14T01:22:41.013948+00:00
NIFTY500 EW,SONATSOFTW,,2026-04-14T01:22:41.013948+00:00
NIFTY500 EW,BLUEDART,,2026-04-14T01:22:41.013948+00:00
NIFTY500 EW,HEXT,,2026-04-14T01:22:41.013948+00:00
NIFTY500 EW,IGIL,,2026-04-14T01:22:41.013948+00:00
NIFTY500 EW,SHYAMMETL,,2026-04-14T01:22:41.013948+00:00
NIFTY500 EW,NUVOCO,,2026-04-14T01:22:41.013948+00:00
NIFTY500 EW,TBOTEK,,2026-04-14T01:22:41.013948+00:00
NIFTY500 EW,CARBORUNIV,,2026-04-14T01:22:41.013948+00:00
NIFTY500 EW,JUBLINGREA,,2026-04-14T01:22:41.013948+00:00
NIFTY500 EW,ABLBL,,2026-04-14T01:22:41.013948+00:00
NIFTY500 EW,INDGN,,2026-04-14T01:22:41.013948+00:00
NIFTY500 EW,MAPMYINDIA,,2026-04-14T01:22:41.013948+00:00
NIFTY500 EW,TEGA,,2026-04-14T01:22:41.013948+00:00
NIFTY500 EW,SUMICHEM,,2026-04-14T01:22:41.013948+00:00
NIFTY500 EW,VIJAYA,,2026-04-14T01:22:41.013948+00:00
NIFTY500 EW,ATUL,,2026-04-14T01:22:41.013948+00:00
NIFTY500 EW,THELEELA,,2026-04-14T01:22:41.013948+00:00
NIFTY500 EW,GODREJIND,,2026-04-14T01:22:41.013948+00:00
NIFTY500 EW,DOMS,,2026-04-14T01:22:41.013948+00:00
NIFTY500 EW,JUBLPHARMA,,2026-04-14T01:22:41.013948+00:00
NIFTY500 EW,PFIZER,,2026-04-14T01:22:41.013948+00:00
NIFTY500 EW,CHALET,,2026-04-14T01:22:41.013948+00:00
NIFTY500 EW,DCMSHRIRAM,,2026-04-14T01:22:41.013948+00:00
NIFTY500 EW,TRAVELFOOD,,2026-04-14T01:22:41.013948+00:00
NIFTY500 EW,NIVABUPA,,2026-04-14T01:22:41.013948+00:00
NIFTY500 EW,SPLPETRO,,2026-04-14T01:22:41.013948+00:00
NIFTY500 EW,BIKAJI,,2026-04-14T01:22:41.013948+00:00
NIFTY500 EW,INDIACEM,,2026-04-14T01:22:41.013948+00:00
NIFTY500 EW,RHIM,,2026-04-14T01:22:41.013948+00:00
NIFTY500 EW,GODIGIT,,2026-04-14T01:22:41.013948+00:00
NIFTY MULTI MQ 50,BSE,,2026-04-14T01:22:41.013948+00:00
NIFTY MULTI MQ 50,MARUTI,,2026-04-14T01:22:41.013948+00:00
NIFTY MULTI MQ 50,MCX,,2026-04-14T01:22:41.013948+00:00
NIFTY MULTI MQ 50,BAJFINANCE,,2026-04-14T01:22:41.013948+00:00
NIFTY MULTI MQ 50,EICHERMOT,,2026-04-14T01:22:41.013948+00:00
NIFTY MULTI MQ 50,BEL,,2026-04-14T01:22:41.013948+00:00
NIFTY MULTI MQ 50,DIXON,,2026-04-14T01:22:41.013948+00:00
NIFTY MULTI MQ 50,NATIONALUM,,2026-04-14T01:22:41.013948+00:00
NIFTY MULTI MQ 50,CUMMINSIND,,2026-04-14T01:22:41.013948+00:00
NIFTY MULTI MQ 50,ASIANPAINT,,2026-04-14T01:22:41.013948+00:00
NIFTY MULTI MQ 50,HEROMOTOCO,,2026-04-14T01:22:41.013948+00:00
NIFTY MULTI MQ 50,FORCEMOT,,2026-04-14T01:22:41.013948+00:00
NIFTY MULTI MQ 50,SOLARINDS,,2026-04-14T01:22:41.013948+00:00
NIFTY MULTI MQ 50,GRSE,,2026-04-14T01:22:41.013948+00:00
NIFTY MULTI MQ 50,GVT&D,,2026-04-14T01:22:41.013948+00:00
NIFTY MULTI MQ 50,HINDCOPPER,,2026-04-14T01:22:41.013948+00:00
NIFTY MULTI MQ 50,CDSL,,2026-04-14T01:22:41.013948+00:00
NIFTY MULTI MQ 50,CANBK,,2026-04-14T01:22:41.013948+00:00
NIFTY MULTI MQ 50,GMDCLTD,,2026-04-14T01:22:41.013948+00:00
NIFTY MULTI MQ 50,HDFCAMC,,2026-04-14T01:22:41.013948+00:00
NIFTY MULTI MQ 50,PERSISTENT,,2026-04-14T01:22:41.013948+00:00
NIFTY MULTI MQ 50,ANANDRATHI,,2026-04-14T01:22:41.013948+00:00
NIFTY MULTI MQ 50,BRITANNIA,,2026-04-14T01:22:41.013948+00:00
NIFTY MULTI MQ 50,ANGELONE,,2026-04-14T01:22:41.013948+00:00
NIFTY MULTI MQ 50,MUTHOOTFIN,,2026-04-14T01:22:41.013948+00:00
NIFTY MULTI MQ 50,HBLENGINE,,2026-04-14T01:22:41.013948+00:00
NIFTY MULTI MQ 50,NESTLEIND,,2026-04-14T01:22:41.013948+00:00
NIFTY MULTI MQ 50,MARICO,,2026-04-14T01:22:41.013948+00:00
NIFTY MULTI MQ 50,NAM-INDIA,,2026-04-14T01:22:41.013948+00:00
NIFTY MULTI MQ 50,GODFRYPHLP,,2026-04-14T01:22:41.013948+00:00
NIFTY MULTI MQ 50,GPIL,,2026-04-14T01:22:41.013948+00:00
NIFTY MULTI MQ 50,MANAPPURAM,,2026-04-14T01:22:41.013948+00:00
NIFTY MULTI MQ 50,LTM,,2026-04-14T01:22:41.013948+00:00
NIFTY MULTI MQ 50,CAMS,,2026-04-14T01:22:41.013948+00:00
NIFTY MULTI MQ 50,360ONE,,2026-04-14T01:22:41.013948+00:00
NIFTY MULTI MQ 50,MOTILALOFS,,2026-04-14T01:22:41.013948+00:00
NIFTY MULTI MQ 50,AFFLE,,2026-04-14T01:22:41.013948+00:00
NIFTY MULTI MQ 50,INTELLECT,,2026-04-14T01:22:41.013948+00:00
NIFTY MULTI MQ 50,ASTRAZEN,,2026-04-14T01:22:41.013948+00:00
NIFTY MULTI MQ 50,COROMANDEL,,2026-04-14T01:22:41.013948+00:00
NIFTY MULTI MQ 50,MGL,,2026-04-14T01:22:41.013948+00:00
NIFTY MULTI MQ 50,NH,,2026-04-14T01:22:41.013948+00:00
NIFTY MULTI MQ 50,ECLERX,,2026-04-14T01:22:41.013948+00:00
NIFTY MULTI MQ 50,LALPATHLAB,,2026-04-14T01:22:41.013948+00:00
NIFTY MULTI MQ 50,MSUMI,,2026-04-14T01:22:41.013948+00:00
NIFTY MULTI MQ 50,INDIAMART,,2026-04-14T01:22:41.013948+00:00
NIFTY MULTI MQ 50,CASTROLIND,,2026-04-14T01:22:41.013948+00:00
NIFTY MULTI MQ 50,GILLETTE,,2026-04-14T01:22:41.013948+00:00
NIFTY MULTI MQ 50,CANFINHOME,,2026-04-14T01:22:41.013948+00:00
NIFTY MULTI MQ 50,USHAMART,,2026-04-14T01:22:41.013948+00:00
NIFTY500 VALUE 50,SBIN,,2026-04-14T01:22:41.013948+00:00
NIFTY500 VALUE 50,TATACHEM,,2026-04-14T01:22:41.013948+00:00
NIFTY500 VALUE 50,VEDL,,2026-04-14T01:22:41.013948+00:00
NIFTY500 VALUE 50,COALINDIA,,2026-04-14T01:22:41.013948+00:00
NIFTY500 VALUE 50,ONGC,,2026-04-14T01:22:41.013948+00:00
NIFTY500 VALUE 50,NTPC,,2026-04-14T01:22:41.013948+00:00
NIFTY500 VALUE 50,NATIONALUM,,2026-04-14T01:22:41.013948+00:00
NIFTY500 VALUE 50,TATASTEEL,,2026-04-14T01:22:41.013948+00:00
NIFTY500 VALUE 50,SAIL,,2026-04-14T01:22:41.013948+00:00
NIFTY500 VALUE 50,POWERGRID,,2026-04-14T01:22:41.013948+00:00
NIFTY500 VALUE 50,HINDALCO,,2026-04-14T01:22:41.013948+00:00
NIFTY500 VALUE 50,TMPV,,2026-04-14T01:22:41.013948+00:00
NIFTY500 VALUE 50,BPCL,,2026-04-14T01:22:41.013948+00:00
NIFTY500 VALUE 50,PFC,,2026-04-14T01:22:41.013948+00:00
NIFTY500 VALUE 50,OIL,,2026-04-14T01:22:41.013948+00:00
NIFTY500 VALUE 50,UNIONBANK,,2026-04-14T01:22:41.013948+00:00
NIFTY500 VALUE 50,GRASIM,,2026-04-14T01:22:41.013948+00:00
NIFTY500 VALUE 50,BANKBARODA,,2026-04-14T01:22:41.013948+00:00
NIFTY500 VALUE 50,RPOWER,,2026-04-14T01:22:41.013948+00:00
NIFTY500 VALUE 50,HINDPETRO,,2026-04-14T01:22:41.013948+00:00
NIFTY500 VALUE 50,IOC,,2026-04-14T01:22:41.013948+00:00
NIFTY500 VALUE 50,CANBK,,2026-04-14T01:22:41.013948+00:00
NIFTY500 VALUE 50,NMDC,,2026-04-14T01:22:41.013948+00:00
NIFTY500 VALUE 50,GAIL,,2026-04-14T01:22:41.013948+00:00
NIFTY500 VALUE 50,FEDERALBNK,,2026-04-14T01:22:41.013948+00:00
NIFTY500 VALUE 50,PNB,,2026-04-14T01:22:41.013948+00:00
NIFTY500 VALUE 50,RECLTD,,2026-04-14T01:22:41.013948+00:00
NIFTY500 VALUE 50,BANKINDIA,,2026-04-14T01:22:41.013948+00:00
NIFTY500 VALUE 50,INDIANB,,2026-04-14T01:22:41.013948+00:00
NIFTY500 VALUE 50,MAHABANK,,2026-04-14T01:22:41.013948+00:00
NIFTY500 VALUE 50,INDUSINDBK,,2026-04-14T01:22:41.013948+00:00
NIFTY500 VALUE 50,SAMMAANCAP,,2026-04-14T01:22:41.013948+00:00
NIFTY500 VALUE 50,ZEEL,,2026-04-14T01:22:41.013948+00:00
NIFTY500 VALUE 50,UPL,,2026-04-14T01:22:41.013948+00:00
NIFTY500 VALUE 50,PETRONET,,2026-04-14T01:22:41.013948+00:00
NIFTY500 VALUE 50,MANAPPURAM,,2026-04-14T01:22:41.013948+00:00
NIFTY500 VALUE 50,BANDHANBNK,,2026-04-14T01:22:41.013948+00:00
NIFTY500 VALUE 50,KARURVYSYA,,2026-04-14T01:22:41.013948+00:00
NIFTY500 VALUE 50,RBLBANK,,2026-04-14T01:22:41.013948+00:00
NIFTY500 VALUE 50,LICHSGFIN,,2026-04-14T01:22:41.013948+00:00
NIFTY500 VALUE 50,GESHIP,,2026-04-14T01:22:41.013948+00:00
NIFTY500 VALUE 50,REDINGTON,,2026-04-14T01:22:41.013948+00:00
NIFTY500 VALUE 50,CESC,,2026-04-14T01:22:41.013948+00:00
NIFTY500 VALUE 50,MGL,,2026-04-14T01:22:41.013948+00:00
NIFTY500 VALUE 50,CHAMBLFERT,,2026-04-14T01:22:41.013948+00:00
NIFTY500 VALUE 50,NCC,,2026-04-14T01:22:41.013948+00:00
NIFTY500 VALUE 50,IRB,,2026-04-14T01:22:41.013948+00:00
NIFTY500 VALUE 50,ASTERDM,,2026-04-14T01:22:41.013948+00:00
NIFTY500 VALUE 50,RELINFRA,,2026-04-14T01:22:41.013948+00:00
NIFTY500 VALUE 50,CHOLAHLDNG,,2026-04-14T01:22:41.013948+00:00
NIFTY TOP 20 EW,ICICIBANK,,2026-04-14T01:22:41.013948+00:00
NIFTY TOP 20 EW,RELIANCE,,2026-04-14T01:22:41.013948+00:00
NIFTY TOP 20 EW,HDFCBANK,,2026-04-14T01:22:41.013948+00:00
NIFTY TOP 20 EW,BHARTIARTL,,2026-04-14T01:22:41.013948+00:00
NIFTY TOP 20 EW,LT,,2026-04-14T01:22:41.013948+00:00
NIFTY TOP 20 EW,SBIN,,2026-04-14T01:22:41.013948+00:00
NIFTY TOP 20 EW,MARUTI,,2026-04-14T01:22:41.013948+00:00
NIFTY TOP 20 EW,INFY,,2026-04-14T01:22:41.013948+00:00
NIFTY TOP 20 EW,AXISBANK,,2026-04-14T01:22:41.013948+00:00
NIFTY TOP 20 EW,KOTAKBANK,,2026-04-14T01:22:41.013948+00:00
NIFTY TOP 20 EW,ETERNAL,,2026-04-14T01:22:41.013948+00:00
NIFTY TOP 20 EW,M&M,,2026-04-14T01:22:41.013948+00:00
NIFTY TOP 20 EW,BAJFINANCE,,2026-04-14T01:22:41.013948+00:00
NIFTY TOP 20 EW,TCS,,2026-04-14T01:22:41.013948+00:00
NIFTY TOP 20 EW,SUNPHARMA,,2026-04-14T01:22:41.013948+00:00
NIFTY TOP 20 EW,NTPC,,2026-04-14T01:22:41.013948+00:00
NIFTY TOP 20 EW,ITC,,2026-04-14T01:22:41.013948+00:00
NIFTY TOP 20 EW,HINDUNILVR,,2026-04-14T01:22:41.013948+00:00
NIFTY TOP 20 EW,TITAN,,2026-04-14T01:22:41.013948+00:00
NIFTY TOP 20 EW,HCLTECH,,2026-04-14T01:22:41.013948+00:00
NIFTY500 QLTY50,BSE,,2026-04-14T01:22:41.013948+00:00
NIFTY500 QLTY50,TCS,,2026-04-14T01:22:41.013948+00:00
NIFTY500 QLTY50,COALINDIA,,2026-04-14T01:22:41.013948+00:00
NIFTY500 QLTY50,BEL,,2026-04-14T01:22:41.013948+00:00
NIFTY500 QLTY50,MAZDOCK,,2026-04-14T01:22:41.013948+00:00
NIFTY500 QLTY50,SUZLON,,2026-04-14T01:22:41.013948+00:00
NIFTY500 QLTY50,DIXON,,2026-04-14T01:22:41.013948+00:00
NIFTY500 QLTY50,NATIONALUM,,2026-04-14T01:22:41.013948+00:00
NIFTY500 QLTY50,BAJAJ-AUTO,,2026-04-14T01:22:41.013948+00:00
NIFTY500 QLTY50,FORCEMOT,,2026-04-14T01:22:41.013948+00:00
NIFTY500 QLTY50,SOLARINDS,,2026-04-14T01:22:41.013948+00:00
NIFTY500 QLTY50,GRSE,,2026-04-14T01:22:41.013948+00:00
NIFTY500 QLTY50,GVT&D,,2026-04-14T01:22:41.013948+00:00
NIFTY500 QLTY50,CDSL,,2026-04-14T01:22:41.013948+00:00
NIFTY500 QLTY50,HDFCAMC,,2026-04-14T01:22:41.013948+00:00
NIFTY500 QLTY50,NMDC,,2026-04-14T01:22:41.013948+00:00
NIFTY500 QLTY50,PERSISTENT,,2026-04-14T01:22:41.013948+00:00
NIFTY500 QLTY50,ANANDRATHI,,2026-04-14T01:22:41.013948+00:00
NIFTY500 QLTY50,ABB,,2026-04-14T01:22:41.013948+00:00
NIFTY500 QLTY50,BRITANNIA,,2026-04-14T01:22:41.013948+00:00
NIFTY500 QLTY50,ANGELONE,,2026-04-14T01:22:41.013948+00:00
NIFTY500 QLTY50,MARICO,,2026-04-14T01:22:41.013948+00:00
NIFTY500 QLTY50,CGPOWER,,2026-04-14T01:22:41.013948+00:00
NIFTY500 QLTY50,NAM-INDIA,,2026-04-14T01:22:41.013948+00:00
NIFTY500 QLTY50,KPITTECH,,2026-04-14T01:22:41.013948+00:00
NIFTY500 QLTY50,PAGEIND,,2026-04-14T01:22:41.013948+00:00
NIFTY500 QLTY50,ZENTEC,,2026-04-14T01:22:41.013948+00:00
NIFTY500 QLTY50,COLPAL,,2026-04-14T01:22:41.013948+00:00
NIFTY500 QLTY50,IEX,,2026-04-14T01:22:41.013948+00:00
NIFTY500 QLTY50,LTM,,2026-04-14T01:22:41.013948+00:00
NIFTY500 QLTY50,CAMS,,2026-04-14T01:22:41.013948+00:00
NIFTY500 QLTY50,MOTILALOFS,,2026-04-14T01:22:41.013948+00:00
NIFTY500 QLTY50,IRCTC,,2026-04-14T01:22:41.013948+00:00
NIFTY500 QLTY50,NATCOPHARM,,2026-04-14T01:22:41.013948+00:00
NIFTY500 QLTY50,TATAELXSI,,2026-04-14T01:22:41.013948+00:00
NIFTY500 QLTY50,TRITURBINE,,2026-04-14T01:22:41.013948+00:00
NIFTY500 QLTY50,BLS,,2026-04-14T01:22:41.013948+00:00
NIFTY500 QLTY50,OFSS,,2026-04-14T01:22:41.013948+00:00
NIFTY500 QLTY50,ASTRAZEN,,2026-04-14T01:22:41.013948+00:00
NIFTY500 QLTY50,ABSLAMC,,2026-04-14T01:22:41.013948+00:00
NIFTY500 QLTY50,LTTS,,2026-04-14T01:22:41.013948+00:00
NIFTY500 QLTY50,ECLERX,,2026-04-14T01:22:41.013948+00:00
NIFTY500 QLTY50,ACE,,2026-04-14T01:22:41.013948+00:00
NIFTY500 QLTY50,MSUMI,,2026-04-14T01:22:41.013948+00:00
NIFTY500 QLTY50,EMAMILTD,,2026-04-14T01:22:41.013948+00:00
NIFTY500 QLTY50,INDIAMART,,2026-04-14T01:22:41.013948+00:00
NIFTY500 QLTY50,CASTROLIND,,2026-04-14T01:22:41.013948+00:00
NIFTY500 QLTY50,GILLETTE,,2026-04-14T01:22:41.013948+00:00
NIFTY500 QLTY50,GLAXO,,2026-04-14T01:22:41.013948+00:00
NIFTY500 QLTY50,SONATSOFTW,,2026-04-14T01:22:41.013948+00:00
NIFTY500 LOWVOL50,BHARTIARTL,,2026-04-14T01:22:41.013948+00:00
NIFTY500 LOWVOL50,MARUTI,,2026-04-14T01:22:41.013948+00:00
NIFTY500 LOWVOL50,TATACHEM,,2026-04-14T01:22:41.013948+00:00
NIFTY500 LOWVOL50,BAJFINANCE,,2026-04-14T01:22:41.013948+00:00
NIFTY500 LOWVOL50,TCS,,2026-04-14T01:22:41.013948+00:00
NIFTY500 LOWVOL50,EICHERMOT,,2026-04-14T01:22:41.013948+00:00
NIFTY500 LOWVOL50,TATAPOWER,,2026-04-14T01:22:41.013948+00:00
NIFTY500 LOWVOL50,COALINDIA,,2026-04-14T01:22:41.013948+00:00
NIFTY500 LOWVOL50,ONGC,,2026-04-14T01:22:41.013948+00:00
NIFTY500 LOWVOL50,POWERGRID,,2026-04-14T01:22:41.013948+00:00
NIFTY500 LOWVOL50,WIPRO,,2026-04-14T01:22:41.013948+00:00
NIFTY500 LOWVOL50,ASIANPAINT,,2026-04-14T01:22:41.013948+00:00
NIFTY500 LOWVOL50,HEROMOTOCO,,2026-04-14T01:22:41.013948+00:00
NIFTY500 LOWVOL50,BAJAJ-AUTO,,2026-04-14T01:22:41.013948+00:00
NIFTY500 LOWVOL50,HDFCLIFE,,2026-04-14T01:22:41.013948+00:00
NIFTY500 LOWVOL50,IOC,,2026-04-14T01:22:41.013948+00:00
NIFTY500 LOWVOL50,TORNTPHARM,,2026-04-14T01:22:41.013948+00:00
NIFTY500 LOWVOL50,TVSMOTOR,,2026-04-14T01:22:41.013948+00:00
NIFTY500 LOWVOL50,APOLLOHOSP,,2026-04-14T01:22:41.013948+00:00
NIFTY500 LOWVOL50,BOSCHLTD,,2026-04-14T01:22:41.013948+00:00
NIFTY500 LOWVOL50,FEDERALBNK,,2026-04-14T01:22:41.013948+00:00
NIFTY500 LOWVOL50,BRITANNIA,,2026-04-14T01:22:41.013948+00:00
NIFTY500 LOWVOL50,LICI,,2026-04-14T01:22:41.013948+00:00
NIFTY500 LOWVOL50,TECHM,,2026-04-14T01:22:41.013948+00:00
NIFTY500 LOWVOL50,DRREDDY,,2026-04-14T01:22:41.013948+00:00
NIFTY500 LOWVOL50,UNITDSPR,,2026-04-14T01:22:41.013948+00:00
NIFTY500 LOWVOL50,MARICO,,2026-04-14T01:22:41.013948+00:00
NIFTY500 LOWVOL50,DIVISLAB,,2026-04-14T01:22:41.013948+00:00
NIFTY500 LOWVOL50,HAVELLS,,2026-04-14T01:22:41.013948+00:00
NIFTY500 LOWVOL50,GODREJCP,,2026-04-14T01:22:41.013948+00:00
NIFTY500 LOWVOL50,AMBUJACEM,,2026-04-14T01:22:41.013948+00:00
NIFTY500 LOWVOL50,MFSL,,2026-04-14T01:22:41.013948+00:00
NIFTY500 LOWVOL50,ALKEM,,2026-04-14T01:22:41.013948+00:00
NIFTY500 LOWVOL50,MRF,,2026-04-14T01:22:41.013948+00:00
NIFTY500 LOWVOL50,PAGEIND,,2026-04-14T01:22:41.013948+00:00
NIFTY500 LOWVOL50,SBICARD,,2026-04-14T01:22:41.013948+00:00
NIFTY500 LOWVOL50,COLPAL,,2026-04-14T01:22:41.013948+00:00
NIFTY500 LOWVOL50,ICICIGI,,2026-04-14T01:22:41.013948+00:00
NIFTY500 LOWVOL50,IRCTC,,2026-04-14T01:22:41.013948+00:00
NIFTY500 LOWVOL50,DALBHARAT,,2026-04-14T01:22:41.013948+00:00
NIFTY500 LOWVOL50,ZYDUSLIFE,,2026-04-14T01:22:41.013948+00:00
NIFTY500 LOWVOL50,ICICIPRULI,,2026-04-14T01:22:41.013948+00:00
NIFTY500 LOWVOL50,DABUR,,2026-04-14T01:22:41.013948+00:00
NIFTY500 LOWVOL50,CROMPTON,,2026-04-14T01:22:41.013948+00:00
NIFTY500 LOWVOL50,ACC,,2026-04-14T01:22:41.013948+00:00
NIFTY500 LOWVOL50,PIIND,,2026-04-14T01:22:41.013948+00:00
NIFTY500 LOWVOL50,TATATECH,,2026-04-14T01:22:41.013948+00:00
NIFTY500 LOWVOL50,MSUMI,,2026-04-14T01:22:41.013948+00:00
NIFTY500 LOWVOL50,STARHEALTH,,2026-04-14T01:22:41.013948+00:00
NIFTY500 LOWVOL50,RAMCOCEM,,2026-04-14T01:22:41.013948+00:00
NIFTY500 MQVLV50,MARUTI,,2026-04-14T01:22:41.013948+00:00
NIFTY500 MQVLV50,BAJFINANCE,,2026-04-14T01:22:41.013948+00:00
NIFTY500 MQVLV50,TCS,,2026-04-14T01:22:41.013948+00:00
NIFTY500 MQVLV50,EICHERMOT,,2026-04-14T01:22:41.013948+00:00
NIFTY500 MQVLV50,COALINDIA,,2026-04-14T01:22:41.013948+00:00
NIFTY500 MQVLV50,ONGC,,2026-04-14T01:22:41.013948+00:00
NIFTY500 MQVLV50,NATIONALUM,,2026-04-14T01:22:41.013948+00:00
NIFTY500 MQVLV50,CUMMINSIND,,2026-04-14T01:22:41.013948+00:00
NIFTY500 MQVLV50,ASIANPAINT,,2026-04-14T01:22:41.013948+00:00
NIFTY500 MQVLV50,HEROMOTOCO,,2026-04-14T01:22:41.013948+00:00
NIFTY500 MQVLV50,BPCL,,2026-04-14T01:22:41.013948+00:00
NIFTY500 MQVLV50,PFC,,2026-04-14T01:22:41.013948+00:00
NIFTY500 MQVLV50,BAJAJ-AUTO,,2026-04-14T01:22:41.013948+00:00
NIFTY500 MQVLV50,UNIONBANK,,2026-04-14T01:22:41.013948+00:00
NIFTY500 MQVLV50,BANKBARODA,,2026-04-14T01:22:41.013948+00:00
NIFTY500 MQVLV50,HINDPETRO,,2026-04-14T01:22:41.013948+00:00
NIFTY500 MQVLV50,IOC,,2026-04-14T01:22:41.013948+00:00
NIFTY500 MQVLV50,TORNTPHARM,,2026-04-14T01:22:41.013948+00:00
NIFTY500 MQVLV50,CANBK,,2026-04-14T01:22:41.013948+00:00
NIFTY500 MQVLV50,HDFCAMC,,2026-04-14T01:22:41.013948+00:00
NIFTY500 MQVLV50,FEDERALBNK,,2026-04-14T01:22:41.013948+00:00
NIFTY500 MQVLV50,BRITANNIA,,2026-04-14T01:22:41.013948+00:00
NIFTY500 MQVLV50,MUTHOOTFIN,,2026-04-14T01:22:41.013948+00:00
NIFTY500 MQVLV50,DRREDDY,,2026-04-14T01:22:41.013948+00:00
NIFTY500 MQVLV50,MARICO,,2026-04-14T01:22:41.013948+00:00
NIFTY500 MQVLV50,INDIANB,,2026-04-14T01:22:41.013948+00:00
NIFTY500 MQVLV50,CHENNPETRO,,2026-04-14T01:22:41.013948+00:00
NIFTY500 MQVLV50,LTF,,2026-04-14T01:22:41.013948+00:00
NIFTY500 MQVLV50,HAVELLS,,2026-04-14T01:22:41.013948+00:00
NIFTY500 MQVLV50,MANAPPURAM,,2026-04-14T01:22:41.013948+00:00
NIFTY500 MQVLV50,MFSL,,2026-04-14T01:22:41.013948+00:00
NIFTY500 MQVLV50,ALKEM,,2026-04-14T01:22:41.013948+00:00
NIFTY500 MQVLV50,MRF,,2026-04-14T01:22:41.013948+00:00
NIFTY500 MQVLV50,PAGEIND,,2026-04-14T01:22:41.013948+00:00
NIFTY500 MQVLV50,COLPAL,,2026-04-14T01:22:41.013948+00:00
NIFTY500 MQVLV50,IEX,,2026-04-14T01:22:41.013948+00:00
NIFTY500 MQVLV50,LICHSGFIN,,2026-04-14T01:22:41.013948+00:00
NIFTY500 MQVLV50,GESHIP,,2026-04-14T01:22:41.013948+00:00
NIFTY500 MQVLV50,CAMS,,2026-04-14T01:22:41.013948+00:00
NIFTY500 MQVLV50,REDINGTON,,2026-04-14T01:22:41.013948+00:00
NIFTY500 MQVLV50,IRCTC,,2026-04-14T01:22:41.013948+00:00
NIFTY500 MQVLV50,M&MFIN,,2026-04-14T01:22:41.013948+00:00
NIFTY500 MQVLV50,DABUR,,2026-04-14T01:22:41.013948+00:00
NIFTY500 MQVLV50,ACC,,2026-04-14T01:22:41.013948+00:00
NIFTY500 MQVLV50,MSUMI,,2026-04-14T01:22:41.013948+00:00
NIFTY500 MQVLV50,ASTERDM,,2026-04-14T01:22:41.013948+00:00
NIFTY500 MQVLV50,EMAMILTD,,2026-04-14T01:22:41.013948+00:00
NIFTY500 MQVLV50,CASTROLIND,,2026-04-14T01:22:41.013948+00:00
NIFTY500 MQVLV50,GILLETTE,,2026-04-14T01:22:41.013948+00:00
NIFTY500 MQVLV50,GLAXO,,2026-04-14T01:22:41.013948+00:00
NIFTY500 FLEXICAP,MARUTI,,2026-04-14T01:22:41.013948+00:00
NIFTY500 FLEXICAP,INFY,,2026-04-14T01:22:41.013948+00:00
NIFTY500 FLEXICAP,TCS,,2026-04-14T01:22:41.013948+00:00
NIFTY500 FLEXICAP,BEL,,2026-04-14T01:22:41.013948+00:00
NIFTY500 FLEXICAP,DIXON,,2026-04-14T01:22:41.013948+00:00
NIFTY500 FLEXICAP,ITC,,2026-04-14T01:22:41.013948+00:00
NIFTY500 FLEXICAP,CUMMINSIND,,2026-04-14T01:22:41.013948+00:00
NIFTY500 FLEXICAP,HINDUNILVR,,2026-04-14T01:22:41.013948+00:00
NIFTY500 FLEXICAP,ASIANPAINT,,2026-04-14T01:22:41.013948+00:00
NIFTY500 FLEXICAP,HEROMOTOCO,,2026-04-14T01:22:41.013948+00:00
NIFTY500 FLEXICAP,APLAPOLLO,,2026-04-14T01:22:41.013948+00:00
NIFTY500 FLEXICAP,HCLTECH,,2026-04-14T01:22:41.013948+00:00
NIFTY500 FLEXICAP,CDSL,,2026-04-14T01:22:41.013948+00:00
NIFTY500 FLEXICAP,HDFCAMC,,2026-04-14T01:22:41.013948+00:00
NIFTY500 FLEXICAP,PERSISTENT,,2026-04-14T01:22:41.013948+00:00
NIFTY500 FLEXICAP,COFORGE,,2026-04-14T01:22:41.013948+00:00
NIFTY500 FLEXICAP,ANGELONE,,2026-04-14T01:22:41.013948+00:00
NIFTY500 FLEXICAP,TECHM,,2026-04-14T01:22:41.013948+00:00
NIFTY500 FLEXICAP,NESTLEIND,,2026-04-14T01:22:41.013948+00:00
NIFTY500 FLEXICAP,MARICO,,2026-04-14T01:22:41.013948+00:00
NIFTY500 FLEXICAP,JBCHEPHARM,,2026-04-14T01:22:41.013948+00:00
NIFTY500 FLEXICAP,COLPAL,,2026-04-14T01:22:41.013948+00:00
NIFTY500 FLEXICAP,IEX,,2026-04-14T01:22:41.013948+00:00
NIFTY500 FLEXICAP,KARURVYSYA,,2026-04-14T01:22:41.013948+00:00
NIFTY500 FLEXICAP,CAMS,,2026-04-14T01:22:41.013948+00:00
NIFTY500 FLEXICAP,AFFLE,,2026-04-14T01:22:41.013948+00:00
NIFTY500 FLEXICAP,ARE&M,,2026-04-14T01:22:41.013948+00:00
NIFTY500 FLEXICAP,TIINDIA,,2026-04-14T01:22:41.013948+00:00
NIFTY500 FLEXICAP,CYIENT,,2026-04-14T01:22:41.013948+00:00
NIFTY500 FLEXICAP,GSPL,,2026-04-14T01:22:41.013948+00:00
NIFTY TMMQ 50,BSE,,2026-04-14T01:22:41.013948+00:00
NIFTY TMMQ 50,MARUTI,,2026-04-14T01:22:41.013948+00:00
NIFTY TMMQ 50,MCX,,2026-04-14T01:22:41.013948+00:00
NIFTY TMMQ 50,BAJFINANCE,,2026-04-14T01:22:41.013948+00:00
NIFTY TMMQ 50,EICHERMOT,,2026-04-14T01:22:41.013948+00:00
NIFTY TMMQ 50,BEL,,2026-04-14T01:22:41.013948+00:00
NIFTY TMMQ 50,POWERINDIA,,2026-04-14T01:22:41.013948+00:00
NIFTY TMMQ 50,NATIONALUM,,2026-04-14T01:22:41.013948+00:00
NIFTY TMMQ 50,CUMMINSIND,,2026-04-14T01:22:41.013948+00:00
NIFTY TMMQ 50,ASIANPAINT,,2026-04-14T01:22:41.013948+00:00
NIFTY TMMQ 50,HEROMOTOCO,,2026-04-14T01:22:41.013948+00:00
NIFTY TMMQ 50,POLYCAB,,2026-04-14T01:22:41.013948+00:00
NIFTY TMMQ 50,FORCEMOT,,2026-04-14T01:22:41.013948+00:00
NIFTY TMMQ 50,SOLARINDS,,2026-04-14T01:22:41.013948+00:00
NIFTY TMMQ 50,GRSE,,2026-04-14T01:22:41.013948+00:00
NIFTY TMMQ 50,GVT&D,,2026-04-14T01:22:41.013948+00:00
NIFTY TMMQ 50,HINDCOPPER,,2026-04-14T01:22:41.013948+00:00
NIFTY TMMQ 50,TORNTPHARM,,2026-04-14T01:22:41.013948+00:00
NIFTY TMMQ 50,CANBK,,2026-04-14T01:22:41.013948+00:00
NIFTY TMMQ 50,HDFCAMC,,2026-04-14T01:22:41.013948+00:00
NIFTY TMMQ 50,PERSISTENT,,2026-04-14T01:22:41.013948+00:00
NIFTY TMMQ 50,ANANDRATHI,,2026-04-14T01:22:41.013948+00:00
NIFTY TMMQ 50,BOSCHLTD,,2026-04-14T01:22:41.013948+00:00
NIFTY TMMQ 50,AVANTIFEED,,2026-04-14T01:22:41.013948+00:00
NIFTY TMMQ 50,BRITANNIA,,2026-04-14T01:22:41.013948+00:00
NIFTY TMMQ 50,MUTHOOTFIN,,2026-04-14T01:22:41.013948+00:00
NIFTY TMMQ 50,HBLENGINE,,2026-04-14T01:22:41.013948+00:00
NIFTY TMMQ 50,MARICO,,2026-04-14T01:22:41.013948+00:00
NIFTY TMMQ 50,INDIANB,,2026-04-14T01:22:41.013948+00:00
NIFTY TMMQ 50,TDPOWERSYS,,2026-04-14T01:22:41.013948+00:00
NIFTY TMMQ 50,NAM-INDIA,,2026-04-14T01:22:41.013948+00:00
NIFTY TMMQ 50,GODFRYPHLP,,2026-04-14T01:22:41.013948+00:00
NIFTY TMMQ 50,ACUTAAS,,2026-04-14T01:22:41.013948+00:00
NIFTY TMMQ 50,LTM,,2026-04-14T01:22:41.013948+00:00
NIFTY TMMQ 50,CHOICEIN,,2026-04-14T01:22:41.013948+00:00
NIFTY TMMQ 50,MOTILALOFS,,2026-04-14T01:22:41.013948+00:00
NIFTY TMMQ 50,ASTRAZEN,,2026-04-14T01:22:41.013948+00:00
NIFTY TMMQ 50,COROMANDEL,,2026-04-14T01:22:41.013948+00:00
NIFTY TMMQ 50,ECLERX,,2026-04-14T01:22:41.013948+00:00
NIFTY TMMQ 50,LALPATHLAB,,2026-04-14T01:22:41.013948+00:00
NIFTY TMMQ 50,JAMNAAUTO,,2026-04-14T01:22:41.013948+00:00
NIFTY TMMQ 50,MSUMI,,2026-04-14T01:22:41.013948+00:00
NIFTY TMMQ 50,GABRIEL,,2026-04-14T01:22:41.013948+00:00
NIFTY TMMQ 50,IMFA,,2026-04-14T01:22:41.013948+00:00
NIFTY TMMQ 50,PRICOLLTD,,2026-04-14T01:22:41.013948+00:00
NIFTY TMMQ 50,BANCOINDIA,,2026-04-14T01:22:41.013948+00:00
NIFTY TMMQ 50,FIEMIND,,2026-04-14T01:22:41.013948+00:00
NIFTY TMMQ 50,3MINDIA,,2026-04-14T01:22:41.013948+00:00
NIFTY TMMQ 50,NESCO,,2026-04-14T01:22:41.013948+00:00
NIFTY TMMQ 50,CIGNITITEC,,2026-04-14T01:22:41.013948+00:00
NIFTY COMMODITIES,RELIANCE,,2026-04-14T01:22:41.013948+00:00
NIFTY COMMODITIES,ADANIPOWER,,2026-04-14T01:22:41.013948+00:00
NIFTY COMMODITIES,VEDL,,2026-04-14T01:22:41.013948+00:00
NIFTY COMMODITIES,TATAPOWER,,2026-04-14T01:22:41.013948+00:00
NIFTY COMMODITIES,COALINDIA,,2026-04-14T01:22:41.013948+00:00
NIFTY COMMODITIES,ONGC,,2026-04-14T01:22:41.013948+00:00
NIFTY COMMODITIES,ADANIGREEN,,2026-04-14T01:22:41.013948+00:00
NIFTY COMMODITIES,NTPC,,2026-04-14T01:22:41.013948+00:00
NIFTY COMMODITIES,TATASTEEL,,2026-04-14T01:22:41.013948+00:00
NIFTY COMMODITIES,ADANIENSOL,,2026-04-14T01:22:41.013948+00:00
NIFTY COMMODITIES,HINDALCO,,2026-04-14T01:22:41.013948+00:00
NIFTY COMMODITIES,JSWENERGY,,2026-04-14T01:22:41.013948+00:00
NIFTY COMMODITIES,BPCL,,2026-04-14T01:22:41.013948+00:00
NIFTY COMMODITIES,APLAPOLLO,,2026-04-14T01:22:41.013948+00:00
NIFTY COMMODITIES,OIL,,2026-04-14T01:22:41.013948+00:00
NIFTY COMMODITIES,GRASIM,,2026-04-14T01:22:41.013948+00:00
NIFTY COMMODITIES,HINDPETRO,,2026-04-14T01:22:41.013948+00:00
NIFTY COMMODITIES,IOC,,2026-04-14T01:22:41.013948+00:00
NIFTY COMMODITIES,ULTRACEMCO,,2026-04-14T01:22:41.013948+00:00
NIFTY COMMODITIES,NMDC,,2026-04-14T01:22:41.013948+00:00
NIFTY COMMODITIES,SRF,,2026-04-14T01:22:41.013948+00:00
NIFTY COMMODITIES,JINDALSTEL,,2026-04-14T01:22:41.013948+00:00
NIFTY COMMODITIES,JSWSTEEL,,2026-04-14T01:22:41.013948+00:00
NIFTY COMMODITIES,NHPC,,2026-04-14T01:22:41.013948+00:00
NIFTY COMMODITIES,UPL,,2026-04-14T01:22:41.013948+00:00
NIFTY COMMODITIES,TORNTPOWER,,2026-04-14T01:22:41.013948+00:00
NIFTY COMMODITIES,AMBUJACEM,,2026-04-14T01:22:41.013948+00:00
NIFTY COMMODITIES,PIDILITIND,,2026-04-14T01:22:41.013948+00:00
NIFTY COMMODITIES,SHREECEM,,2026-04-14T01:22:41.013948+00:00
NIFTY COMMODITIES,PIIND,,2026-04-14T01:22:41.013948+00:00
NIFTY CONSUMPTION,BHARTIARTL,,2026-04-14T01:22:41.013948+00:00
NIFTY CONSUMPTION,MARUTI,,2026-04-14T01:22:41.013948+00:00
NIFTY CONSUMPTION,ADANIPOWER,,2026-04-14T01:22:41.013948+00:00
NIFTY CONSUMPTION,ETERNAL,,2026-04-14T01:22:41.013948+00:00
NIFTY CONSUMPTION,M&M,,2026-04-14T01:22:41.013948+00:00
NIFTY CONSUMPTION,EICHERMOT,,2026-04-14T01:22:41.013948+00:00
NIFTY CONSUMPTION,TATAPOWER,,2026-04-14T01:22:41.013948+00:00
NIFTY CONSUMPTION,INDIGO,,2026-04-14T01:22:41.013948+00:00
NIFTY CONSUMPTION,DIXON,,2026-04-14T01:22:41.013948+00:00
NIFTY CONSUMPTION,ITC,,2026-04-14T01:22:41.013948+00:00
NIFTY CONSUMPTION,HINDUNILVR,,2026-04-14T01:22:41.013948+00:00
NIFTY CONSUMPTION,ASIANPAINT,,2026-04-14T01:22:41.013948+00:00
NIFTY CONSUMPTION,HEROMOTOCO,,2026-04-14T01:22:41.013948+00:00
NIFTY CONSUMPTION,DMART,,2026-04-14T01:22:41.013948+00:00
NIFTY CONSUMPTION,TITAN,,2026-04-14T01:22:41.013948+00:00
NIFTY CONSUMPTION,BAJAJ-AUTO,,2026-04-14T01:22:41.013948+00:00
NIFTY CONSUMPTION,DLF,,2026-04-14T01:22:41.013948+00:00
NIFTY CONSUMPTION,TVSMOTOR,,2026-04-14T01:22:41.013948+00:00
NIFTY CONSUMPTION,APOLLOHOSP,,2026-04-14T01:22:41.013948+00:00
NIFTY CONSUMPTION,VBL,,2026-04-14T01:22:41.013948+00:00
NIFTY CONSUMPTION,MAXHEALTH,,2026-04-14T01:22:41.013948+00:00
NIFTY CONSUMPTION,BRITANNIA,,2026-04-14T01:22:41.013948+00:00
NIFTY CONSUMPTION,TATACONSUM,,2026-04-14T01:22:41.013948+00:00
NIFTY CONSUMPTION,UNITDSPR,,2026-04-14T01:22:41.013948+00:00
NIFTY CONSUMPTION,NESTLEIND,,2026-04-14T01:22:41.013948+00:00
NIFTY CONSUMPTION,TRENT,,2026-04-14T01:22:41.013948+00:00
NIFTY CONSUMPTION,INDHOTEL,,2026-04-14T01:22:41.013948+00:00
NIFTY CONSUMPTION,HAVELLS,,2026-04-14T01:22:41.013948+00:00
NIFTY CONSUMPTION,GODREJCP,,2026-04-14T01:22:41.013948+00:00
NIFTY CONSUMPTION,NAUKRI,,2026-04-14T01:22:41.013948+00:00
NIFTY CPSE,COALINDIA,,2026-04-14T01:22:41.013948+00:00
NIFTY CPSE,ONGC,,2026-04-14T01:22:41.013948+00:00
NIFTY CPSE,BEL,,2026-04-14T01:22:41.013948+00:00
NIFTY CPSE,NTPC,,2026-04-14T01:22:41.013948+00:00
NIFTY CPSE,POWERGRID,,2026-04-14T01:22:41.013948+00:00
NIFTY CPSE,OIL,,2026-04-14T01:22:41.013948+00:00
NIFTY CPSE,COCHINSHIP,,2026-04-14T01:22:41.013948+00:00
NIFTY CPSE,NHPC,,2026-04-14T01:22:41.013948+00:00
NIFTY CPSE,NLCINDIA,,2026-04-14T01:22:41.013948+00:00
NIFTY CPSE,NBCC,,2026-04-14T01:22:41.013948+00:00
NIFTY CPSE,SJVN,,2026-04-14T01:22:41.013948+00:00
NIFTY ENERGY,RELIANCE,,2026-04-14T01:22:41.013948+00:00
NIFTY ENERGY,ADANIPOWER,,2026-04-14T01:22:41.013948+00:00
NIFTY ENERGY,BHEL,,2026-04-14T01:22:41.013948+00:00
NIFTY ENERGY,NTPCGREEN,,2026-04-14T01:22:41.013948+00:00
NIFTY ENERGY,TATAPOWER,,2026-04-14T01:22:41.013948+00:00
NIFTY ENERGY,COALINDIA,,2026-04-14T01:22:41.013948+00:00
NIFTY ENERGY,ONGC,,2026-04-14T01:22:41.013948+00:00
NIFTY ENERGY,ADANIGREEN,,2026-04-14T01:22:41.013948+00:00
NIFTY ENERGY,POWERINDIA,,2026-04-14T01:22:41.013948+00:00
NIFTY ENERGY,SUZLON,,2026-04-14T01:22:41.013948+00:00
NIFTY ENERGY,NTPC,,2026-04-14T01:22:41.013948+00:00
NIFTY ENERGY,ADANIENSOL,,2026-04-14T01:22:41.013948+00:00
NIFTY ENERGY,POWERGRID,,2026-04-14T01:22:41.013948+00:00
NIFTY ENERGY,JSWENERGY,,2026-04-14T01:22:41.013948+00:00
NIFTY ENERGY,BPCL,,2026-04-14T01:22:41.013948+00:00
NIFTY ENERGY,OIL,,2026-04-14T01:22:41.013948+00:00
NIFTY ENERGY,GVT&D,,2026-04-14T01:22:41.013948+00:00
NIFTY ENERGY,RPOWER,,2026-04-14T01:22:41.013948+00:00
NIFTY ENERGY,HINDPETRO,,2026-04-14T01:22:41.013948+00:00
NIFTY ENERGY,IOC,,2026-04-14T01:22:41.013948+00:00
NIFTY ENERGY,ATGL,,2026-04-14T01:22:41.013948+00:00
NIFTY ENERGY,GAIL,,2026-04-14T01:22:41.013948+00:00
NIFTY ENERGY,JPPOWER,,2026-04-14T01:22:41.013948+00:00
NIFTY ENERGY,ABB,,2026-04-14T01:22:41.013948+00:00
NIFTY ENERGY,THERMAX,,2026-04-14T01:22:41.013948+00:00
NIFTY ENERGY,INOXWIND,,2026-04-14T01:22:41.013948+00:00
NIFTY ENERGY,CGPOWER,,2026-04-14T01:22:41.013948+00:00
NIFTY ENERGY,NHPC,,2026-04-14T01:22:41.013948+00:00
NIFTY ENERGY,SIEMENS,,2026-04-14T01:22:41.013948+00:00
NIFTY ENERGY,PETRONET,,2026-04-14T01:22:41.013948+00:00
NIFTY ENERGY,TORNTPOWER,,2026-04-14T01:22:41.013948+00:00
NIFTY ENERGY,ENRIN,,2026-04-14T01:22:41.013948+00:00
NIFTY ENERGY,IGL,,2026-04-14T01:22:41.013948+00:00
NIFTY ENERGY,NLCINDIA,,2026-04-14T01:22:41.013948+00:00
NIFTY ENERGY,CESC,,2026-04-14T01:22:41.013948+00:00
NIFTY ENERGY,SJVN,,2026-04-14T01:22:41.013948+00:00
NIFTY ENERGY,MGL,,2026-04-14T01:22:41.013948+00:00
NIFTY ENERGY,AEGISLOG,,2026-04-14T01:22:41.013948+00:00
NIFTY ENERGY,CASTROLIND,,2026-04-14T01:22:41.013948+00:00
NIFTY ENERGY,GSPL,,2026-04-14T01:22:41.013948+00:00
NIFTY INFRA,RELIANCE,,2026-04-14T01:22:41.013948+00:00
NIFTY INFRA,BHARTIARTL,,2026-04-14T01:22:41.013948+00:00
NIFTY INFRA,LT,,2026-04-14T01:22:41.013948+00:00
NIFTY INFRA,TATAPOWER,,2026-04-14T01:22:41.013948+00:00
NIFTY INFRA,INDIGO,,2026-04-14T01:22:41.013948+00:00
NIFTY INFRA,ONGC,,2026-04-14T01:22:41.013948+00:00
NIFTY INFRA,ADANIGREEN,,2026-04-14T01:22:41.013948+00:00
NIFTY INFRA,SUZLON,,2026-04-14T01:22:41.013948+00:00
NIFTY INFRA,NTPC,,2026-04-14T01:22:41.013948+00:00
NIFTY INFRA,ADANIPORTS,,2026-04-14T01:22:41.013948+00:00
NIFTY INFRA,MOTHERSON,,2026-04-14T01:22:41.013948+00:00
NIFTY INFRA,POWERGRID,,2026-04-14T01:22:41.013948+00:00
NIFTY INFRA,CUMMINSIND,,2026-04-14T01:22:41.013948+00:00
NIFTY INFRA,BPCL,,2026-04-14T01:22:41.013948+00:00
NIFTY INFRA,ASHOKLEY,,2026-04-14T01:22:41.013948+00:00
NIFTY INFRA,GRASIM,,2026-04-14T01:22:41.013948+00:00
NIFTY INFRA,HINDPETRO,,2026-04-14T01:22:41.013948+00:00
NIFTY INFRA,IOC,,2026-04-14T01:22:41.013948+00:00
NIFTY INFRA,ULTRACEMCO,,2026-04-14T01:22:41.013948+00:00
NIFTY INFRA,GAIL,,2026-04-14T01:22:41.013948+00:00
NIFTY INFRA,DLF,,2026-04-14T01:22:41.013948+00:00
NIFTY INFRA,APOLLOHOSP,,2026-04-14T01:22:41.013948+00:00
NIFTY INFRA,MAXHEALTH,,2026-04-14T01:22:41.013948+00:00
NIFTY INFRA,BHARATFORG,,2026-04-14T01:22:41.013948+00:00
NIFTY INFRA,CGPOWER,,2026-04-14T01:22:41.013948+00:00
NIFTY INFRA,INDHOTEL,,2026-04-14T01:22:41.013948+00:00
NIFTY INFRA,INDUSTOWER,,2026-04-14T01:22:41.013948+00:00
NIFTY INFRA,AMBUJACEM,,2026-04-14T01:22:41.013948+00:00
NIFTY INFRA,FORTIS,,2026-04-14T01:22:41.013948+00:00
NIFTY INFRA,SHREECEM,,2026-04-14T01:22:41.013948+00:00
NIFTY100 LIQ 15,RELIANCE,,2026-04-14T01:22:41.013948+00:00
NIFTY100 LIQ 15,BHARTIARTL,,2026-04-14T01:22:41.013948+00:00
NIFTY100 LIQ 15,SBIN,,2026-04-14T01:22:41.013948+00:00
NIFTY100 LIQ 15,MARUTI,,2026-04-14T01:22:41.013948+00:00
NIFTY100 LIQ 15,KOTAKBANK,,2026-04-14T01:22:41.013948+00:00
NIFTY100 LIQ 15,ETERNAL,,2026-04-14T01:22:41.013948+00:00
NIFTY100 LIQ 15,BAJFINANCE,,2026-04-14T01:22:41.013948+00:00
NIFTY100 LIQ 15,VEDL,,2026-04-14T01:22:41.013948+00:00
NIFTY100 LIQ 15,SHRIRAMFIN,,2026-04-14T01:22:41.013948+00:00
NIFTY100 LIQ 15,ADANIENT,,2026-04-14T01:22:41.013948+00:00
NIFTY100 LIQ 15,INDIGO,,2026-04-14T01:22:41.013948+00:00
NIFTY100 LIQ 15,BEL,,2026-04-14T01:22:41.013948+00:00
NIFTY100 LIQ 15,TMPV,,2026-04-14T01:22:41.013948+00:00
NIFTY100 LIQ 15,HAL,,2026-04-14T01:22:41.013948+00:00
NIFTY100 LIQ 15,TRENT,,2026-04-14T01:22:41.013948+00:00
NIFTY MID LIQ 15,BSE,,2026-04-14T01:22:41.013948+00:00
NIFTY MID LIQ 15,MCX,,2026-04-14T01:22:41.013948+00:00
NIFTY MID LIQ 15,SUZLON,,2026-04-14T01:22:41.013948+00:00
NIFTY MID LIQ 15,DIXON,,2026-04-14T01:22:41.013948+00:00
NIFTY MID LIQ 15,HEROMOTOCO,,2026-04-14T01:22:41.013948+00:00
NIFTY MID LIQ 15,ASHOKLEY,,2026-04-14T01:22:41.013948+00:00
NIFTY MID LIQ 15,SWIGGY,,2026-04-14T01:22:41.013948+00:00
NIFTY MID LIQ 15,PERSISTENT,,2026-04-14T01:22:41.013948+00:00
NIFTY MID LIQ 15,COFORGE,,2026-04-14T01:22:41.013948+00:00
NIFTY MID LIQ 15,PAYTM,,2026-04-14T01:22:41.013948+00:00
NIFTY MID LIQ 15,AUBANK,,2026-04-14T01:22:41.013948+00:00
NIFTY MID LIQ 15,YESBANK,,2026-04-14T01:22:41.013948+00:00
NIFTY MID LIQ 15,INDUSINDBK,,2026-04-14T01:22:41.013948+00:00
NIFTY MID LIQ 15,INDUSTOWER,,2026-04-14T01:22:41.013948+00:00
NIFTY MID LIQ 15,FORTIS,,2026-04-14T01:22:41.013948+00:00
NIFTY MNC,MARUTI,,2026-04-14T01:22:41.013948+00:00
NIFTY MNC,VEDL,,2026-04-14T01:22:41.013948+00:00
NIFTY MNC,POWERINDIA,,2026-04-14T01:22:41.013948+00:00
NIFTY MNC,CUMMINSIND,,2026-04-14T01:22:41.013948+00:00
NIFTY MNC,HINDUNILVR,,2026-04-14T01:22:41.013948+00:00
NIFTY MNC,ASHOKLEY,,2026-04-14T01:22:41.013948+00:00
NIFTY MNC,COHANCE,,2026-04-14T01:22:41.013948+00:00
NIFTY MNC,ABB,,2026-04-14T01:22:41.013948+00:00
NIFTY MNC,BOSCHLTD,,2026-04-14T01:22:41.013948+00:00
NIFTY MNC,BRITANNIA,,2026-04-14T01:22:41.013948+00:00
NIFTY MNC,UNITDSPR,,2026-04-14T01:22:41.013948+00:00
NIFTY MNC,NESTLEIND,,2026-04-14T01:22:41.013948+00:00
NIFTY MNC,HYUNDAI,,2026-04-14T01:22:41.013948+00:00
NIFTY MNC,NAM-INDIA,,2026-04-14T01:22:41.013948+00:00
NIFTY MNC,SIEMENS,,2026-04-14T01:22:41.013948+00:00
NIFTY MNC,AMBUJACEM,,2026-04-14T01:22:41.013948+00:00
NIFTY MNC,ENRIN,,2026-04-14T01:22:41.013948+00:00
NIFTY MNC,COLPAL,,2026-04-14T01:22:41.013948+00:00
NIFTY MNC,OFSS,,2026-04-14T01:22:41.013948+00:00
NIFTY MNC,SCHAEFFLER,,2026-04-14T01:22:41.013948+00:00
NIFTY MNC,LINDEINDIA,,2026-04-14T01:22:41.013948+00:00
NIFTY MNC,TIMKEN,,2026-04-14T01:22:41.013948+00:00
NIFTY MNC,AWL,,2026-04-14T01:22:41.013948+00:00
NIFTY MNC,UBL,,2026-04-14T01:22:41.013948+00:00
NIFTY MNC,CRISIL,,2026-04-14T01:22:41.013948+00:00
NIFTY MNC,CASTROLIND,,2026-04-14T01:22:41.013948+00:00
NIFTY MNC,ABBOTINDIA,,2026-04-14T01:22:41.013948+00:00
NIFTY MNC,ESCORTS,,2026-04-14T01:22:41.013948+00:00
NIFTY MNC,3MINDIA,,2026-04-14T01:22:41.013948+00:00
NIFTY MNC,GLAND,,2026-04-14T01:22:41.013948+00:00
NIFTY PSE,BHEL,,2026-04-14T01:22:41.013948+00:00
NIFTY PSE,COALINDIA,,2026-04-14T01:22:41.013948+00:00
NIFTY PSE,ONGC,,2026-04-14T01:22:41.013948+00:00
NIFTY PSE,BEL,,2026-04-14T01:22:41.013948+00:00
NIFTY PSE,NTPC,,2026-04-14T01:22:41.013948+00:00
NIFTY PSE,POWERGRID,,2026-04-14T01:22:41.013948+00:00
NIFTY PSE,HAL,,2026-04-14T01:22:41.013948+00:00
NIFTY PSE,BPCL,,2026-04-14T01:22:41.013948+00:00
NIFTY PSE,PFC,,2026-04-14T01:22:41.013948+00:00
NIFTY PSE,OIL,,2026-04-14T01:22:41.013948+00:00
NIFTY PSE,HINDPETRO,,2026-04-14T01:22:41.013948+00:00
NIFTY PSE,IOC,,2026-04-14T01:22:41.013948+00:00
NIFTY PSE,NMDC,,2026-04-14T01:22:41.013948+00:00
NIFTY PSE,GAIL,,2026-04-14T01:22:41.013948+00:00
NIFTY PSE,RECLTD,,2026-04-14T01:22:41.013948+00:00
NIFTY PSE,IRFC,,2026-04-14T01:22:41.013948+00:00
NIFTY PSE,RVNL,,2026-04-14T01:22:41.013948+00:00
NIFTY PSE,NHPC,,2026-04-14T01:22:41.013948+00:00
NIFTY PSE,IRCTC,,2026-04-14T01:22:41.013948+00:00
NIFTY PSE,CONCOR,,2026-04-14T01:22:41.013948+00:00
NIFTY SERV SECTOR,ICICIBANK,,2026-04-14T01:22:41.013948+00:00
NIFTY SERV SECTOR,HDFCBANK,,2026-04-14T01:22:41.013948+00:00
NIFTY SERV SECTOR,BHARTIARTL,,2026-04-14T01:22:41.013948+00:00
NIFTY SERV SECTOR,BSE,,2026-04-14T01:22:41.013948+00:00
NIFTY SERV SECTOR,SBIN,,2026-04-14T01:22:41.013948+00:00
NIFTY SERV SECTOR,INFY,,2026-04-14T01:22:41.013948+00:00
NIFTY SERV SECTOR,AXISBANK,,2026-04-14T01:22:41.013948+00:00
NIFTY SERV SECTOR,KOTAKBANK,,2026-04-14T01:22:41.013948+00:00
NIFTY SERV SECTOR,ETERNAL,,2026-04-14T01:22:41.013948+00:00
NIFTY SERV SECTOR,BAJFINANCE,,2026-04-14T01:22:41.013948+00:00
NIFTY SERV SECTOR,TCS,,2026-04-14T01:22:41.013948+00:00
NIFTY SERV SECTOR,TATAPOWER,,2026-04-14T01:22:41.013948+00:00
NIFTY SERV SECTOR,SHRIRAMFIN,,2026-04-14T01:22:41.013948+00:00
NIFTY SERV SECTOR,INDIGO,,2026-04-14T01:22:41.013948+00:00
NIFTY SERV SECTOR,NTPC,,2026-04-14T01:22:41.013948+00:00
NIFTY SERV SECTOR,ADANIPORTS,,2026-04-14T01:22:41.013948+00:00
NIFTY SERV SECTOR,POWERGRID,,2026-04-14T01:22:41.013948+00:00
NIFTY SERV SECTOR,WIPRO,,2026-04-14T01:22:41.013948+00:00
NIFTY SERV SECTOR,DMART,,2026-04-14T01:22:41.013948+00:00
NIFTY SERV SECTOR,JIOFIN,,2026-04-14T01:22:41.013948+00:00
NIFTY SERV SECTOR,HDFCLIFE,,2026-04-14T01:22:41.013948+00:00
NIFTY SERV SECTOR,HCLTECH,,2026-04-14T01:22:41.013948+00:00
NIFTY SERV SECTOR,GAIL,,2026-04-14T01:22:41.013948+00:00
NIFTY SERV SECTOR,APOLLOHOSP,,2026-04-14T01:22:41.013948+00:00
NIFTY SERV SECTOR,MAXHEALTH,,2026-04-14T01:22:41.013948+00:00
NIFTY SERV SECTOR,BAJAJFINSV,,2026-04-14T01:22:41.013948+00:00
NIFTY SERV SECTOR,TECHM,,2026-04-14T01:22:41.013948+00:00
NIFTY SERV SECTOR,INDUSINDBK,,2026-04-14T01:22:41.013948+00:00
NIFTY SERV SECTOR,SBILIFE,,2026-04-14T01:22:41.013948+00:00
NIFTY SERV SECTOR,NAUKRI,,2026-04-14T01:22:41.013948+00:00
NIFTY100ESGSECLDR,ICICIBANK,,2026-04-14T01:22:41.013948+00:00
NIFTY100ESGSECLDR,RELIANCE,,2026-04-14T01:22:41.013948+00:00
NIFTY100ESGSECLDR,HDFCBANK,,2026-04-14T01:22:41.013948+00:00
NIFTY100ESGSECLDR,BHARTIARTL,,2026-04-14T01:22:41.013948+00:00
NIFTY100ESGSECLDR,MARUTI,,2026-04-14T01:22:41.013948+00:00
NIFTY100ESGSECLDR,ADANIPOWER,,2026-04-14T01:22:41.013948+00:00
NIFTY100ESGSECLDR,INFY,,2026-04-14T01:22:41.013948+00:00
NIFTY100ESGSECLDR,AXISBANK,,2026-04-14T01:22:41.013948+00:00
NIFTY100ESGSECLDR,ETERNAL,,2026-04-14T01:22:41.013948+00:00
NIFTY100ESGSECLDR,M&M,,2026-04-14T01:22:41.013948+00:00
NIFTY100ESGSECLDR,BAJFINANCE,,2026-04-14T01:22:41.013948+00:00
NIFTY100ESGSECLDR,TCS,,2026-04-14T01:22:41.013948+00:00
NIFTY100ESGSECLDR,TATAPOWER,,2026-04-14T01:22:41.013948+00:00
NIFTY100ESGSECLDR,SHRIRAMFIN,,2026-04-14T01:22:41.013948+00:00
NIFTY100ESGSECLDR,ADANIENT,,2026-04-14T01:22:41.013948+00:00
NIFTY100ESGSECLDR,ADANIGREEN,,2026-04-14T01:22:41.013948+00:00
NIFTY100ESGSECLDR,NTPC,,2026-04-14T01:22:41.013948+00:00
NIFTY100ESGSECLDR,ADANIPORTS,,2026-04-14T01:22:41.013948+00:00
NIFTY100ESGSECLDR,TATASTEEL,,2026-04-14T01:22:41.013948+00:00
NIFTY100ESGSECLDR,CHOLAFIN,,2026-04-14T01:22:41.013948+00:00
NIFTY100ESGSECLDR,ADANIENSOL,,2026-04-14T01:22:41.013948+00:00
NIFTY100ESGSECLDR,POWERGRID,,2026-04-14T01:22:41.013948+00:00
NIFTY100ESGSECLDR,HINDALCO,,2026-04-14T01:22:41.013948+00:00
NIFTY100ESGSECLDR,WIPRO,,2026-04-14T01:22:41.013948+00:00
NIFTY100ESGSECLDR,HINDUNILVR,,2026-04-14T01:22:41.013948+00:00
NIFTY100ESGSECLDR,JSWENERGY,,2026-04-14T01:22:41.013948+00:00
NIFTY100ESGSECLDR,ASIANPAINT,,2026-04-14T01:22:41.013948+00:00
NIFTY100ESGSECLDR,BPCL,,2026-04-14T01:22:41.013948+00:00
NIFTY100ESGSECLDR,DMART,,2026-04-14T01:22:41.013948+00:00
NIFTY100ESGSECLDR,PFC,,2026-04-14T01:22:41.013948+00:00
NIFTY100ESGSECLDR,TITAN,,2026-04-14T01:22:41.013948+00:00
NIFTY100ESGSECLDR,JIOFIN,,2026-04-14T01:22:41.013948+00:00
NIFTY100ESGSECLDR,HDFCLIFE,,2026-04-14T01:22:41.013948+00:00
NIFTY100ESGSECLDR,GRASIM,,2026-04-14T01:22:41.013948+00:00
NIFTY100ESGSECLDR,HCLTECH,,2026-04-14T01:22:41.013948+00:00
NIFTY100ESGSECLDR,IOC,,2026-04-14T01:22:41.013948+00:00
NIFTY100ESGSECLDR,TORNTPHARM,,2026-04-14T01:22:41.013948+00:00
NIFTY100ESGSECLDR,ULTRACEMCO,,2026-04-14T01:22:41.013948+00:00
NIFTY100ESGSECLDR,GAIL,,2026-04-14T01:22:41.013948+00:00
NIFTY100ESGSECLDR,DLF,,2026-04-14T01:22:41.013948+00:00
NIFTY100ESGSECLDR,TVSMOTOR,,2026-04-14T01:22:41.013948+00:00
NIFTY100ESGSECLDR,APOLLOHOSP,,2026-04-14T01:22:41.013948+00:00
NIFTY100ESGSECLDR,MAXHEALTH,,2026-04-14T01:22:41.013948+00:00
NIFTY100ESGSECLDR,ABB,,2026-04-14T01:22:41.013948+00:00
NIFTY100ESGSECLDR,BOSCHLTD,,2026-04-14T01:22:41.013948+00:00
NIFTY100ESGSECLDR,BRITANNIA,,2026-04-14T01:22:41.013948+00:00
NIFTY100ESGSECLDR,RECLTD,,2026-04-14T01:22:41.013948+00:00
NIFTY100ESGSECLDR,TECHM,,2026-04-14T01:22:41.013948+00:00
NIFTY100ESGSECLDR,NESTLEIND,,2026-04-14T01:22:41.013948+00:00
NIFTY100ESGSECLDR,TRENT,,2026-04-14T01:22:41.013948+00:00
NIFTY100ESGSECLDR,HYUNDAI,,2026-04-14T01:22:41.013948+00:00
NIFTY100ESGSECLDR,HINDZINC,,2026-04-14T01:22:41.013948+00:00
NIFTY100ESGSECLDR,CGPOWER,,2026-04-14T01:22:41.013948+00:00
NIFTY100ESGSECLDR,SBILIFE,,2026-04-14T01:22:41.013948+00:00
NIFTY100ESGSECLDR,HAVELLS,,2026-04-14T01:22:41.013948+00:00
NIFTY100ESGSECLDR,GODREJCP,,2026-04-14T01:22:41.013948+00:00
NIFTY100ESGSECLDR,SIEMENS,,2026-04-14T01:22:41.013948+00:00
NIFTY100ESGSECLDR,NAUKRI,,2026-04-14T01:22:41.013948+00:00
NIFTY100ESGSECLDR,AMBUJACEM,,2026-04-14T01:22:41.013948+00:00
NIFTY100ESGSECLDR,PIDILITIND,,2026-04-14T01:22:41.013948+00:00
NIFTY100ESGSECLDR,LTM,,2026-04-14T01:22:41.013948+00:00
NIFTY100ESGSECLDR,BAJAJHFL,,2026-04-14T01:22:41.013948+00:00
NIFTY100ESGSECLDR,SHREECEM,,2026-04-14T01:22:41.013948+00:00
NIFTY100ESGSECLDR,ICICIGI,,2026-04-14T01:22:41.013948+00:00
NIFTY IND DIGITAL,BHARTIARTL,,2026-04-14T01:22:41.013948+00:00
NIFTY IND DIGITAL,INFY,,2026-04-14T01:22:41.013948+00:00
NIFTY IND DIGITAL,ETERNAL,,2026-04-14T01:22:41.013948+00:00
NIFTY IND DIGITAL,TCS,,2026-04-14T01:22:41.013948+00:00
NIFTY IND DIGITAL,WIPRO,,2026-04-14T01:22:41.013948+00:00
NIFTY IND DIGITAL,IDEA,,2026-04-14T01:22:41.013948+00:00
NIFTY IND DIGITAL,HCLTECH,,2026-04-14T01:22:41.013948+00:00
NIFTY IND DIGITAL,SWIGGY,,2026-04-14T01:22:41.013948+00:00
NIFTY IND DIGITAL,PERSISTENT,,2026-04-14T01:22:41.013948+00:00
NIFTY IND DIGITAL,COFORGE,,2026-04-14T01:22:41.013948+00:00
NIFTY IND DIGITAL,POLICYBZR,,2026-04-14T01:22:41.013948+00:00
NIFTY IND DIGITAL,PAYTM,,2026-04-14T01:22:41.013948+00:00
NIFTY IND DIGITAL,TECHM,,2026-04-14T01:22:41.013948+00:00
NIFTY IND DIGITAL,NETWEB,,2026-04-14T01:22:41.013948+00:00
NIFTY IND DIGITAL,TEJASNET,,2026-04-14T01:22:41.013948+00:00
NIFTY IND DIGITAL,NAUKRI,,2026-04-14T01:22:41.013948+00:00
NIFTY IND DIGITAL,URBANCO,,2026-04-14T01:22:41.013948+00:00
NIFTY IND DIGITAL,KPITTECH,,2026-04-14T01:22:41.013948+00:00
NIFTY IND DIGITAL,MEESHO,,2026-04-14T01:22:41.013948+00:00
NIFTY IND DIGITAL,LTM,,2026-04-14T01:22:41.013948+00:00
NIFTY IND DIGITAL,NYKAA,,2026-04-14T01:22:41.013948+00:00
NIFTY IND DIGITAL,PINELABS,,2026-04-14T01:22:41.013948+00:00
NIFTY IND DIGITAL,IRCTC,,2026-04-14T01:22:41.013948+00:00
NIFTY IND DIGITAL,TATAELXSI,,2026-04-14T01:22:41.013948+00:00
NIFTY IND DIGITAL,AFFLE,,2026-04-14T01:22:41.013948+00:00
NIFTY IND DIGITAL,ITI,,2026-04-14T01:22:41.013948+00:00
NIFTY IND DIGITAL,MPHASIS,,2026-04-14T01:22:41.013948+00:00
NIFTY IND DIGITAL,BLS,,2026-04-14T01:22:41.013948+00:00
NIFTY IND DIGITAL,OFSS,,2026-04-14T01:22:41.013948+00:00
NIFTY IND DIGITAL,INTELLECT,,2026-04-14T01:22:41.013948+00:00
NIFTY IND DIGITAL,FIRSTCRY,,2026-04-14T01:22:41.013948+00:00
NIFTY IND DIGITAL,SAGILITY,,2026-04-14T01:22:41.013948+00:00
NIFTY IND DIGITAL,TATACOMM,,2026-04-14T01:22:41.013948+00:00
NIFTY IND DIGITAL,NEWGEN,,2026-04-14T01:22:41.013948+00:00
NIFTY IND DIGITAL,LTTS,,2026-04-14T01:22:41.013948+00:00
NIFTY IND DIGITAL,CARTRADE,,2026-04-14T01:22:41.013948+00:00
NIFTY IND DIGITAL,TATATECH,,2026-04-14T01:22:41.013948+00:00
NIFTY IND DIGITAL,PWL,,2026-04-14T01:22:41.013948+00:00
NIFTY IND DIGITAL,RAILTEL,,2026-04-14T01:22:41.013948+00:00
NIFTY IND DIGITAL,TTML,,2026-04-14T01:22:41.013948+00:00
NIFTY IND DIGITAL,CYIENT,,2026-04-14T01:22:41.013948+00:00
NIFTY IND DIGITAL,INDIAMART,,2026-04-14T01:22:41.013948+00:00
NIFTY IND DIGITAL,BHARTIHEXA,,2026-04-14T01:22:41.013948+00:00
NIFTY IND DIGITAL,ZENSARTECH,,2026-04-14T01:22:41.013948+00:00
NIFTY IND DIGITAL,LATENTVIEW,,2026-04-14T01:22:41.013948+00:00
NIFTY IND DIGITAL,BSOFT,,2026-04-14T01:22:41.013948+00:00
NIFTY IND DIGITAL,IKS,,2026-04-14T01:22:41.013948+00:00
NIFTY IND DIGITAL,SONATSOFTW,,2026-04-14T01:22:41.013948+00:00
NIFTY IND DIGITAL,HEXT,,2026-04-14T01:22:41.013948+00:00
NIFTY IND DIGITAL,TBOTEK,,2026-04-14T01:22:41.013948+00:00
NIFTY IND DIGITAL,MAPMYINDIA,,2026-04-14T01:22:41.013948+00:00
NIFTY100 ESG,ICICIBANK,,2026-04-14T01:22:41.013948+00:00
NIFTY100 ESG,RELIANCE,,2026-04-14T01:22:41.013948+00:00
NIFTY100 ESG,HDFCBANK,,2026-04-14T01:22:41.013948+00:00
NIFTY100 ESG,BHARTIARTL,,2026-04-14T01:22:41.013948+00:00
NIFTY100 ESG,SBIN,,2026-04-14T01:22:41.013948+00:00
NIFTY100 ESG,MARUTI,,2026-04-14T01:22:41.013948+00:00
NIFTY100 ESG,ADANIPOWER,,2026-04-14T01:22:41.013948+00:00
NIFTY100 ESG,INFY,,2026-04-14T01:22:41.013948+00:00
NIFTY100 ESG,AXISBANK,,2026-04-14T01:22:41.013948+00:00
NIFTY100 ESG,KOTAKBANK,,2026-04-14T01:22:41.013948+00:00
NIFTY100 ESG,ETERNAL,,2026-04-14T01:22:41.013948+00:00
NIFTY100 ESG,M&M,,2026-04-14T01:22:41.013948+00:00
NIFTY100 ESG,BAJFINANCE,,2026-04-14T01:22:41.013948+00:00
NIFTY100 ESG,VEDL,,2026-04-14T01:22:41.013948+00:00
NIFTY100 ESG,TCS,,2026-04-14T01:22:41.013948+00:00
NIFTY100 ESG,EICHERMOT,,2026-04-14T01:22:41.013948+00:00
NIFTY100 ESG,TATAPOWER,,2026-04-14T01:22:41.013948+00:00
NIFTY100 ESG,SHRIRAMFIN,,2026-04-14T01:22:41.013948+00:00
NIFTY100 ESG,ADANIENT,,2026-04-14T01:22:41.013948+00:00
NIFTY100 ESG,ONGC,,2026-04-14T01:22:41.013948+00:00
NIFTY100 ESG,ADANIGREEN,,2026-04-14T01:22:41.013948+00:00
NIFTY100 ESG,NTPC,,2026-04-14T01:22:41.013948+00:00
NIFTY100 ESG,ADANIPORTS,,2026-04-14T01:22:41.013948+00:00
NIFTY100 ESG,TATASTEEL,,2026-04-14T01:22:41.013948+00:00
NIFTY100 ESG,CHOLAFIN,,2026-04-14T01:22:41.013948+00:00
NIFTY100 ESG,MOTHERSON,,2026-04-14T01:22:41.013948+00:00
NIFTY100 ESG,ADANIENSOL,,2026-04-14T01:22:41.013948+00:00
NIFTY100 ESG,POWERGRID,,2026-04-14T01:22:41.013948+00:00
NIFTY100 ESG,HINDALCO,,2026-04-14T01:22:41.013948+00:00
NIFTY100 ESG,WIPRO,,2026-04-14T01:22:41.013948+00:00
NIFTY100 ESG,HINDUNILVR,,2026-04-14T01:22:41.013948+00:00
NIFTY100 ESG,JSWENERGY,,2026-04-14T01:22:41.013948+00:00
NIFTY100 ESG,ASIANPAINT,,2026-04-14T01:22:41.013948+00:00
NIFTY100 ESG,BPCL,,2026-04-14T01:22:41.013948+00:00
NIFTY100 ESG,DMART,,2026-04-14T01:22:41.013948+00:00
NIFTY100 ESG,PFC,,2026-04-14T01:22:41.013948+00:00
NIFTY100 ESG,TITAN,,2026-04-14T01:22:41.013948+00:00
NIFTY100 ESG,JIOFIN,,2026-04-14T01:22:41.013948+00:00
NIFTY100 ESG,BAJAJ-AUTO,,2026-04-14T01:22:41.013948+00:00
NIFTY100 ESG,HDFCLIFE,,2026-04-14T01:22:41.013948+00:00
NIFTY100 ESG,GRASIM,,2026-04-14T01:22:41.013948+00:00
NIFTY100 ESG,BANKBARODA,,2026-04-14T01:22:41.013948+00:00
NIFTY100 ESG,HCLTECH,,2026-04-14T01:22:41.013948+00:00
NIFTY100 ESG,IOC,,2026-04-14T01:22:41.013948+00:00
NIFTY100 ESG,TORNTPHARM,,2026-04-14T01:22:41.013948+00:00
NIFTY100 ESG,CANBK,,2026-04-14T01:22:41.013948+00:00
NIFTY100 ESG,ULTRACEMCO,,2026-04-14T01:22:41.013948+00:00
NIFTY100 ESG,GAIL,,2026-04-14T01:22:41.013948+00:00
NIFTY100 ESG,DLF,,2026-04-14T01:22:41.013948+00:00
NIFTY100 ESG,TVSMOTOR,,2026-04-14T01:22:41.013948+00:00
NIFTY100 ESG,APOLLOHOSP,,2026-04-14T01:22:41.013948+00:00
NIFTY100 ESG,VBL,,2026-04-14T01:22:41.013948+00:00
NIFTY100 ESG,MAXHEALTH,,2026-04-14T01:22:41.013948+00:00
NIFTY100 ESG,BAJAJFINSV,,2026-04-14T01:22:41.013948+00:00
NIFTY100 ESG,ABB,,2026-04-14T01:22:41.013948+00:00
NIFTY100 ESG,BOSCHLTD,,2026-04-14T01:22:41.013948+00:00
NIFTY100 ESG,BRITANNIA,,2026-04-14T01:22:41.013948+00:00
NIFTY100 ESG,RECLTD,,2026-04-14T01:22:41.013948+00:00
NIFTY100 ESG,LICI,,2026-04-14T01:22:41.013948+00:00
NIFTY100 ESG,TECHM,,2026-04-14T01:22:41.013948+00:00
NIFTY100 ESG,TATACONSUM,,2026-04-14T01:22:41.013948+00:00
NIFTY100 ESG,NESTLEIND,,2026-04-14T01:22:41.013948+00:00
NIFTY100 ESG,TRENT,,2026-04-14T01:22:41.013948+00:00
NIFTY100 ESG,HYUNDAI,,2026-04-14T01:22:41.013948+00:00
NIFTY100 ESG,IRFC,,2026-04-14T01:22:41.013948+00:00
NIFTY100 ESG,HINDZINC,,2026-04-14T01:22:41.013948+00:00
NIFTY100 ESG,CGPOWER,,2026-04-14T01:22:41.013948+00:00
NIFTY100 ESG,INDHOTEL,,2026-04-14T01:22:41.013948+00:00
NIFTY100 ESG,JINDALSTEL,,2026-04-14T01:22:41.013948+00:00
NIFTY100 ESG,DIVISLAB,,2026-04-14T01:22:41.013948+00:00
NIFTY100 ESG,JSWSTEEL,,2026-04-14T01:22:41.013948+00:00
NIFTY100 ESG,SBILIFE,,2026-04-14T01:22:41.013948+00:00
NIFTY100 ESG,HAVELLS,,2026-04-14T01:22:41.013948+00:00
NIFTY100 ESG,GODREJCP,,2026-04-14T01:22:41.013948+00:00
NIFTY100 ESG,SIEMENS,,2026-04-14T01:22:41.013948+00:00
NIFTY100 ESG,NAUKRI,,2026-04-14T01:22:41.013948+00:00
NIFTY100 ESG,AMBUJACEM,,2026-04-14T01:22:41.013948+00:00
NIFTY100 ESG,PIDILITIND,,2026-04-14T01:22:41.013948+00:00
NIFTY100 ESG,LTM,,2026-04-14T01:22:41.013948+00:00
NIFTY100 ESG,BAJAJHFL,,2026-04-14T01:22:41.013948+00:00
NIFTY100 ESG,SHREECEM,,2026-04-14T01:22:41.013948+00:00
NIFTY100 ESG,ICICIGI,,2026-04-14T01:22:41.013948+00:00
NIFTY100 ESG,BAJAJHLDNG,,2026-04-14T01:22:41.013948+00:00
NIFTY INDIA MFG,RELIANCE,,2026-04-14T01:22:41.013948+00:00
NIFTY INDIA MFG,MARUTI,,2026-04-14T01:22:41.013948+00:00
NIFTY INDIA MFG,BHEL,,2026-04-14T01:22:41.013948+00:00
NIFTY INDIA MFG,M&M,,2026-04-14T01:22:41.013948+00:00
NIFTY INDIA MFG,VEDL,,2026-04-14T01:22:41.013948+00:00
NIFTY INDIA MFG,EICHERMOT,,2026-04-14T01:22:41.013948+00:00
NIFTY INDIA MFG,BEL,,2026-04-14T01:22:41.013948+00:00
NIFTY INDIA MFG,MAZDOCK,,2026-04-14T01:22:41.013948+00:00
NIFTY INDIA MFG,SUNPHARMA,,2026-04-14T01:22:41.013948+00:00
NIFTY INDIA MFG,TMCV,,2026-04-14T01:22:41.013948+00:00
NIFTY INDIA MFG,SUZLON,,2026-04-14T01:22:41.013948+00:00
NIFTY INDIA MFG,DIXON,,2026-04-14T01:22:41.013948+00:00
NIFTY INDIA MFG,TATASTEEL,,2026-04-14T01:22:41.013948+00:00
NIFTY INDIA MFG,MOTHERSON,,2026-04-14T01:22:41.013948+00:00
NIFTY INDIA MFG,HINDALCO,,2026-04-14T01:22:41.013948+00:00
NIFTY INDIA MFG,TMPV,,2026-04-14T01:22:41.013948+00:00
NIFTY INDIA MFG,HAL,,2026-04-14T01:22:41.013948+00:00
NIFTY INDIA MFG,CUMMINSIND,,2026-04-14T01:22:41.013948+00:00
NIFTY INDIA MFG,BPCL,,2026-04-14T01:22:41.013948+00:00
NIFTY INDIA MFG,KAYNES,,2026-04-14T01:22:41.013948+00:00
NIFTY INDIA MFG,VOLTAS,,2026-04-14T01:22:41.013948+00:00
NIFTY INDIA MFG,ASHOKLEY,,2026-04-14T01:22:41.013948+00:00
NIFTY INDIA MFG,POLYCAB,,2026-04-14T01:22:41.013948+00:00
NIFTY INDIA MFG,APLAPOLLO,,2026-04-14T01:22:41.013948+00:00
NIFTY INDIA MFG,BAJAJ-AUTO,,2026-04-14T01:22:41.013948+00:00
NIFTY INDIA MFG,SOLARINDS,,2026-04-14T01:22:41.013948+00:00
NIFTY INDIA MFG,GVT&D,,2026-04-14T01:22:41.013948+00:00
NIFTY INDIA MFG,HINDCOPPER,,2026-04-14T01:22:41.013948+00:00
NIFTY INDIA MFG,IOC,,2026-04-14T01:22:41.013948+00:00
NIFTY INDIA MFG,TORNTPHARM,,2026-04-14T01:22:41.013948+00:00
NIFTY INDIA MFG,SONACOMS,,2026-04-14T01:22:41.013948+00:00
NIFTY INDIA MFG,TVSMOTOR,,2026-04-14T01:22:41.013948+00:00
NIFTY INDIA MFG,COCHINSHIP,,2026-04-14T01:22:41.013948+00:00
NIFTY INDIA MFG,ABB,,2026-04-14T01:22:41.013948+00:00
NIFTY INDIA MFG,BOSCHLTD,,2026-04-14T01:22:41.013948+00:00
NIFTY INDIA MFG,BHARATFORG,,2026-04-14T01:22:41.013948+00:00
NIFTY INDIA MFG,CIPLA,,2026-04-14T01:22:41.013948+00:00
NIFTY INDIA MFG,AUROPHARMA,,2026-04-14T01:22:41.013948+00:00
NIFTY INDIA MFG,DRREDDY,,2026-04-14T01:22:41.013948+00:00
NIFTY INDIA MFG,LUPIN,,2026-04-14T01:22:41.013948+00:00
NIFTY INDIA MFG,SRF,,2026-04-14T01:22:41.013948+00:00
NIFTY INDIA MFG,HYUNDAI,,2026-04-14T01:22:41.013948+00:00
NIFTY INDIA MFG,HINDZINC,,2026-04-14T01:22:41.013948+00:00
NIFTY INDIA MFG,CGPOWER,,2026-04-14T01:22:41.013948+00:00
NIFTY INDIA MFG,KEI,,2026-04-14T01:22:41.013948+00:00
NIFTY INDIA MFG,LAURUSLABS,,2026-04-14T01:22:41.013948+00:00
NIFTY INDIA MFG,HSCL,,2026-04-14T01:22:41.013948+00:00
NIFTY INDIA MFG,BLUESTARCO,,2026-04-14T01:22:41.013948+00:00
NIFTY INDIA MFG,JINDALSTEL,,2026-04-14T01:22:41.013948+00:00
NIFTY INDIA MFG,DIVISLAB,,2026-04-14T01:22:41.013948+00:00
NIFTY INDIA MFG,SUPREMEIND,,2026-04-14T01:22:41.013948+00:00
NIFTY INDIA MFG,JSWSTEEL,,2026-04-14T01:22:41.013948+00:00
NIFTY INDIA MFG,HAVELLS,,2026-04-14T01:22:41.013948+00:00
NIFTY INDIA MFG,SIEMENS,,2026-04-14T01:22:41.013948+00:00
NIFTY INDIA MFG,UPL,,2026-04-14T01:22:41.013948+00:00
NIFTY INDIA MFG,ASTRAL,,2026-04-14T01:22:41.013948+00:00
NIFTY INDIA MFG,PIDILITIND,,2026-04-14T01:22:41.013948+00:00
NIFTY INDIA MFG,ENRIN,,2026-04-14T01:22:41.013948+00:00
NIFTY INDIA MFG,ALKEM,,2026-04-14T01:22:41.013948+00:00
NIFTY INDIA MFG,MRF,,2026-04-14T01:22:41.013948+00:00
NIFTY INDIA MFG,UNOMINDA,,2026-04-14T01:22:41.013948+00:00
NIFTY INDIA MFG,PAGEIND,,2026-04-14T01:22:41.013948+00:00
NIFTY INDIA MFG,NAVINFLUOR,,2026-04-14T01:22:41.013948+00:00
NIFTY INDIA MFG,ZYDUSLIFE,,2026-04-14T01:22:41.013948+00:00
NIFTY INDIA MFG,CROMPTON,,2026-04-14T01:22:41.013948+00:00
NIFTY INDIA MFG,COROMANDEL,,2026-04-14T01:22:41.013948+00:00
NIFTY INDIA MFG,LINDEINDIA,,2026-04-14T01:22:41.013948+00:00
NIFTY INDIA MFG,PIIND,,2026-04-14T01:22:41.013948+00:00
NIFTY INDIA MFG,HONAUT,,2026-04-14T01:22:41.013948+00:00
NIFTY INDIA MFG,BALKRISIND,,2026-04-14T01:22:41.013948+00:00
NIFTY INDIA MFG,KPRMILL,,2026-04-14T01:22:41.013948+00:00
NIFTY INDIA MFG,TIINDIA,,2026-04-14T01:22:41.013948+00:00
NIFTY INDIA MFG,CASTROLIND,,2026-04-14T01:22:41.013948+00:00
NIFTY INDIA MFG,ANTHEM,,2026-04-14T01:22:41.013948+00:00
NIFTY INDIA MFG,ESCORTS,,2026-04-14T01:22:41.013948+00:00
NIFTY INDIA MFG,AIAENG,,2026-04-14T01:22:41.013948+00:00
NIFTY TATA 25 CAP,TCS,,2026-04-14T01:22:41.013948+00:00
NIFTY TATA 25 CAP,TATAPOWER,,2026-04-14T01:22:41.013948+00:00
NIFTY TATA 25 CAP,TMCV,,2026-04-14T01:22:41.013948+00:00
NIFTY TATA 25 CAP,TATASTEEL,,2026-04-14T01:22:41.013948+00:00
NIFTY TATA 25 CAP,TMPV,,2026-04-14T01:22:41.013948+00:00
NIFTY TATA 25 CAP,TITAN,,2026-04-14T01:22:41.013948+00:00
NIFTY TATA 25 CAP,VOLTAS,,2026-04-14T01:22:41.013948+00:00
NIFTY TATA 25 CAP,TATACONSUM,,2026-04-14T01:22:41.013948+00:00
NIFTY TATA 25 CAP,TRENT,,2026-04-14T01:22:41.013948+00:00
NIFTY TATA 25 CAP,INDHOTEL,,2026-04-14T01:22:41.013948+00:00
NIFTY MULTI MFG,RELIANCE,,2026-04-14T01:22:41.013948+00:00
NIFTY MULTI MFG,ATHERENERG,,2026-04-14T01:22:41.013948+00:00
NIFTY MULTI MFG,MARUTI,,2026-04-14T01:22:41.013948+00:00
NIFTY MULTI MFG,BHEL,,2026-04-14T01:22:41.013948+00:00
NIFTY MULTI MFG,TATACHEM,,2026-04-14T01:22:41.013948+00:00
NIFTY MULTI MFG,M&M,,2026-04-14T01:22:41.013948+00:00
NIFTY MULTI MFG,EICHERMOT,,2026-04-14T01:22:41.013948+00:00
NIFTY MULTI MFG,BEL,,2026-04-14T01:22:41.013948+00:00
NIFTY MULTI MFG,SUNPHARMA,,2026-04-14T01:22:41.013948+00:00
NIFTY MULTI MFG,SUZLON,,2026-04-14T01:22:41.013948+00:00
NIFTY MULTI MFG,DIXON,,2026-04-14T01:22:41.013948+00:00
NIFTY MULTI MFG,TATASTEEL,,2026-04-14T01:22:41.013948+00:00
NIFTY MULTI MFG,HINDALCO,,2026-04-14T01:22:41.013948+00:00
NIFTY MULTI MFG,TMPV,,2026-04-14T01:22:41.013948+00:00
NIFTY MULTI MFG,HAL,,2026-04-14T01:22:41.013948+00:00
NIFTY MULTI MFG,HEROMOTOCO,,2026-04-14T01:22:41.013948+00:00
NIFTY MULTI MFG,KAYNES,,2026-04-14T01:22:41.013948+00:00
NIFTY MULTI MFG,VOLTAS,,2026-04-14T01:22:41.013948+00:00
NIFTY MULTI MFG,ASHOKLEY,,2026-04-14T01:22:41.013948+00:00
NIFTY MULTI MFG,POLYCAB,,2026-04-14T01:22:41.013948+00:00
NIFTY MULTI MFG,AMBER,,2026-04-14T01:22:41.013948+00:00
NIFTY MULTI MFG,APLAPOLLO,,2026-04-14T01:22:41.013948+00:00
NIFTY MULTI MFG,BAJAJ-AUTO,,2026-04-14T01:22:41.013948+00:00
NIFTY MULTI MFG,HINDCOPPER,,2026-04-14T01:22:41.013948+00:00
NIFTY MULTI MFG,HINDPETRO,,2026-04-14T01:22:41.013948+00:00
NIFTY MULTI MFG,SONACOMS,,2026-04-14T01:22:41.013948+00:00
NIFTY MULTI MFG,COHANCE,,2026-04-14T01:22:41.013948+00:00
NIFTY MULTI MFG,BHARATFORG,,2026-04-14T01:22:41.013948+00:00
NIFTY MULTI MFG,CIPLA,,2026-04-14T01:22:41.013948+00:00
NIFTY MULTI MFG,INOXWIND,,2026-04-14T01:22:41.013948+00:00
NIFTY MULTI MFG,AUROPHARMA,,2026-04-14T01:22:41.013948+00:00
NIFTY MULTI MFG,DRREDDY,,2026-04-14T01:22:41.013948+00:00
NIFTY MULTI MFG,LUPIN,,2026-04-14T01:22:41.013948+00:00
NIFTY MULTI MFG,SRF,,2026-04-14T01:22:41.013948+00:00
NIFTY MULTI MFG,WELCORP,,2026-04-14T01:22:41.013948+00:00
NIFTY MULTI MFG,GLENMARK,,2026-04-14T01:22:41.013948+00:00
NIFTY MULTI MFG,PGEL,,2026-04-14T01:22:41.013948+00:00
NIFTY MULTI MFG,LAURUSLABS,,2026-04-14T01:22:41.013948+00:00
NIFTY MULTI MFG,HSCL,,2026-04-14T01:22:41.013948+00:00
NIFTY MULTI MFG,MANKIND,,2026-04-14T01:22:41.013948+00:00
NIFTY MULTI MFG,DIVISLAB,,2026-04-14T01:22:41.013948+00:00
NIFTY MULTI MFG,SUPREMEIND,,2026-04-14T01:22:41.013948+00:00
NIFTY MULTI MFG,JSWSTEEL,,2026-04-14T01:22:41.013948+00:00
NIFTY MULTI MFG,HAVELLS,,2026-04-14T01:22:41.013948+00:00
NIFTY MULTI MFG,JBCHEPHARM,,2026-04-14T01:22:41.013948+00:00
NIFTY MULTI MFG,UPL,,2026-04-14T01:22:41.013948+00:00
NIFTY MULTI MFG,ASTRAL,,2026-04-14T01:22:41.013948+00:00
NIFTY MULTI MFG,AARTIIND,,2026-04-14T01:22:41.013948+00:00
NIFTY MULTI MFG,EXIDEIND,,2026-04-14T01:22:41.013948+00:00
NIFTY MULTI MFG,WOCKPHARMA,,2026-04-14T01:22:41.013948+00:00
NIFTY MULTI MFG,ALKEM,,2026-04-14T01:22:41.013948+00:00
NIFTY MULTI MFG,PAGEIND,,2026-04-14T01:22:41.013948+00:00
NIFTY MULTI MFG,NEULANDLAB,,2026-04-14T01:22:41.013948+00:00
NIFTY MULTI MFG,NAVINFLUOR,,2026-04-14T01:22:41.013948+00:00
NIFTY MULTI MFG,NATCOPHARM,,2026-04-14T01:22:41.013948+00:00
NIFTY MULTI MFG,ARE&M,,2026-04-14T01:22:41.013948+00:00
NIFTY MULTI MFG,CROMPTON,,2026-04-14T01:22:41.013948+00:00
NIFTY MULTI MFG,PPLPHARMA,,2026-04-14T01:22:41.013948+00:00
NIFTY MULTI MFG,SAILIFE,,2026-04-14T01:22:41.013948+00:00
NIFTY MULTI MFG,TIMKEN,,2026-04-14T01:22:41.013948+00:00
NIFTY MULTI MFG,PIIND,,2026-04-14T01:22:41.013948+00:00
NIFTY MULTI MFG,GRANULES,,2026-04-14T01:22:41.013948+00:00
NIFTY MULTI MFG,CHAMBLFERT,,2026-04-14T01:22:41.013948+00:00
NIFTY MULTI MFG,DEEPAKNTR,,2026-04-14T01:22:41.013948+00:00
NIFTY MULTI MFG,ZFCVINDIA,,2026-04-14T01:22:41.013948+00:00
NIFTY MULTI MFG,ELGIEQUIP,,2026-04-14T01:22:41.013948+00:00
NIFTY MULTI MFG,ASAHIINDIA,,2026-04-14T01:22:41.013948+00:00
NIFTY MULTI MFG,KAJARIACER,,2026-04-14T01:22:41.013948+00:00
NIFTY MULTI MFG,MSUMI,,2026-04-14T01:22:41.013948+00:00
NIFTY MULTI MFG,TIINDIA,,2026-04-14T01:22:41.013948+00:00
NIFTY MULTI MFG,WHIRLPOOL,,2026-04-14T01:22:41.013948+00:00
NIFTY MULTI MFG,CASTROLIND,,2026-04-14T01:22:41.013948+00:00
NIFTY MULTI MFG,GLAND,,2026-04-14T01:22:41.013948+00:00
NIFTY MULTI MFG,CARBORUNIV,,2026-04-14T01:22:41.013948+00:00
NIFTY MULTI MFG,ATUL,,2026-04-14T01:22:41.013948+00:00
NIFTY MULTI INFRA,RELIANCE,,2026-04-14T01:22:41.013948+00:00
NIFTY MULTI INFRA,BHARTIARTL,,2026-04-14T01:22:41.013948+00:00
NIFTY MULTI INFRA,LT,,2026-04-14T01:22:41.013948+00:00
NIFTY MULTI INFRA,BHEL,,2026-04-14T01:22:41.013948+00:00
NIFTY MULTI INFRA,TATAPOWER,,2026-04-14T01:22:41.013948+00:00
NIFTY MULTI INFRA,INDIGO,,2026-04-14T01:22:41.013948+00:00
NIFTY MULTI INFRA,ONGC,,2026-04-14T01:22:41.013948+00:00
NIFTY MULTI INFRA,HFCL,,2026-04-14T01:22:41.013948+00:00
NIFTY MULTI INFRA,POWERINDIA,,2026-04-14T01:22:41.013948+00:00
NIFTY MULTI INFRA,SUZLON,,2026-04-14T01:22:41.013948+00:00
NIFTY MULTI INFRA,NTPC,,2026-04-14T01:22:41.013948+00:00
NIFTY MULTI INFRA,JYOTICNC,,2026-04-14T01:22:41.013948+00:00
NIFTY MULTI INFRA,ADANIPORTS,,2026-04-14T01:22:41.013948+00:00
NIFTY MULTI INFRA,POWERGRID,,2026-04-14T01:22:41.013948+00:00
NIFTY MULTI INFRA,IDEA,,2026-04-14T01:22:41.013948+00:00
NIFTY MULTI INFRA,JSWENERGY,,2026-04-14T01:22:41.013948+00:00
NIFTY MULTI INFRA,BPCL,,2026-04-14T01:22:41.013948+00:00
NIFTY MULTI INFRA,KAYNES,,2026-04-14T01:22:41.013948+00:00
NIFTY MULTI INFRA,ASHOKLEY,,2026-04-14T01:22:41.013948+00:00
NIFTY MULTI INFRA,OIL,,2026-04-14T01:22:41.013948+00:00
NIFTY MULTI INFRA,GRASIM,,2026-04-14T01:22:41.013948+00:00
NIFTY MULTI INFRA,RPOWER,,2026-04-14T01:22:41.013948+00:00
NIFTY MULTI INFRA,HINDPETRO,,2026-04-14T01:22:41.013948+00:00
NIFTY MULTI INFRA,SONACOMS,,2026-04-14T01:22:41.013948+00:00
NIFTY MULTI INFRA,ULTRACEMCO,,2026-04-14T01:22:41.013948+00:00
NIFTY MULTI INFRA,APOLLOHOSP,,2026-04-14T01:22:41.013948+00:00
NIFTY MULTI INFRA,MAXHEALTH,,2026-04-14T01:22:41.013948+00:00
NIFTY MULTI INFRA,JPPOWER,,2026-04-14T01:22:41.013948+00:00
NIFTY MULTI INFRA,BHARATFORG,,2026-04-14T01:22:41.013948+00:00
NIFTY MULTI INFRA,INOXWIND,,2026-04-14T01:22:41.013948+00:00
NIFTY MULTI INFRA,PRESTIGE,,2026-04-14T01:22:41.013948+00:00
NIFTY MULTI INFRA,GODREJPROP,,2026-04-14T01:22:41.013948+00:00
NIFTY MULTI INFRA,GMRAIRPORT,,2026-04-14T01:22:41.013948+00:00
NIFTY MULTI INFRA,INDHOTEL,,2026-04-14T01:22:41.013948+00:00
NIFTY MULTI INFRA,RVNL,,2026-04-14T01:22:41.013948+00:00
NIFTY MULTI INFRA,INDUSTOWER,,2026-04-14T01:22:41.013948+00:00
NIFTY MULTI INFRA,NHPC,,2026-04-14T01:22:41.013948+00:00
NIFTY MULTI INFRA,PETRONET,,2026-04-14T01:22:41.013948+00:00
NIFTY MULTI INFRA,OBEROIRLTY,,2026-04-14T01:22:41.013948+00:00
NIFTY MULTI INFRA,TORNTPOWER,,2026-04-14T01:22:41.013948+00:00
NIFTY MULTI INFRA,EXIDEIND,,2026-04-14T01:22:41.013948+00:00
NIFTY MULTI INFRA,IGL,,2026-04-14T01:22:41.013948+00:00
NIFTY MULTI INFRA,UNOMINDA,,2026-04-14T01:22:41.013948+00:00
NIFTY MULTI INFRA,DELHIVERY,,2026-04-14T01:22:41.013948+00:00
NIFTY MULTI INFRA,FORTIS,,2026-04-14T01:22:41.013948+00:00
NIFTY MULTI INFRA,NBCC,,2026-04-14T01:22:41.013948+00:00
NIFTY MULTI INFRA,GESHIP,,2026-04-14T01:22:41.013948+00:00
NIFTY MULTI INFRA,PHOENIXLTD,,2026-04-14T01:22:41.013948+00:00
NIFTY MULTI INFRA,KIRLOSENG,,2026-04-14T01:22:41.013948+00:00
NIFTY MULTI INFRA,CESC,,2026-04-14T01:22:41.013948+00:00
NIFTY MULTI INFRA,BEML,,2026-04-14T01:22:41.013948+00:00
NIFTY MULTI INFRA,DALBHARAT,,2026-04-14T01:22:41.013948+00:00
NIFTY MULTI INFRA,TITAGARH,,2026-04-14T01:22:41.013948+00:00
NIFTY MULTI INFRA,ARE&M,,2026-04-14T01:22:41.013948+00:00
NIFTY MULTI INFRA,MGL,,2026-04-14T01:22:41.013948+00:00
NIFTY MULTI INFRA,KEC,,2026-04-14T01:22:41.013948+00:00
NIFTY MULTI INFRA,BRIGADE,,2026-04-14T01:22:41.013948+00:00
NIFTY MULTI INFRA,CONCOR,,2026-04-14T01:22:41.013948+00:00
NIFTY MULTI INFRA,NH,,2026-04-14T01:22:41.013948+00:00
NIFTY MULTI INFRA,LEMONTREE,,2026-04-14T01:22:41.013948+00:00
NIFTY MULTI INFRA,NCC,,2026-04-14T01:22:41.013948+00:00
NIFTY MULTI INFRA,ABREL,,2026-04-14T01:22:41.013948+00:00
NIFTY MULTI INFRA,ZFCVINDIA,,2026-04-14T01:22:41.013948+00:00
NIFTY MULTI INFRA,ELGIEQUIP,,2026-04-14T01:22:41.013948+00:00
NIFTY MULTI INFRA,ASAHIINDIA,,2026-04-14T01:22:41.013948+00:00
NIFTY MULTI INFRA,MSUMI,,2026-04-14T01:22:41.013948+00:00
NIFTY MULTI INFRA,TIINDIA,,2026-04-14T01:22:41.013948+00:00
NIFTY MULTI INFRA,AEGISLOG,,2026-04-14T01:22:41.013948+00:00
NIFTY MULTI INFRA,ASTERDM,,2026-04-14T01:22:41.013948+00:00
NIFTY MULTI INFRA,CASTROLIND,,2026-04-14T01:22:41.013948+00:00
NIFTY MULTI INFRA,KIMS,,2026-04-14T01:22:41.013948+00:00
NIFTY MULTI INFRA,GSPL,,2026-04-14T01:22:41.013948+00:00
NIFTY MULTI INFRA,EIHOTEL,,2026-04-14T01:22:41.013948+00:00
NIFTY MULTI INFRA,KPIL,,2026-04-14T01:22:41.013948+00:00
NIFTY MULTI INFRA,RAMCOCEM,,2026-04-14T01:22:41.013948+00:00
NIFTY IND DEFENCE,BEL,,2026-04-14T01:22:41.013948+00:00
NIFTY IND DEFENCE,MAZDOCK,,2026-04-14T01:22:41.013948+00:00
NIFTY IND DEFENCE,HAL,,2026-04-14T01:22:41.013948+00:00
NIFTY IND DEFENCE,MTARTECH,,2026-04-14T01:22:41.013948+00:00
NIFTY IND DEFENCE,SOLARINDS,,2026-04-14T01:22:41.013948+00:00
NIFTY IND DEFENCE,GRSE,,2026-04-14T01:22:41.013948+00:00
NIFTY IND DEFENCE,DATAPATTNS,,2026-04-14T01:22:41.013948+00:00
NIFTY IND DEFENCE,COCHINSHIP,,2026-04-14T01:22:41.013948+00:00
NIFTY IND DEFENCE,BHARATFORG,,2026-04-14T01:22:41.013948+00:00
NIFTY IND DEFENCE,APOLLO,,2026-04-14T01:22:41.013948+00:00
NIFTY IND DEFENCE,BDL,,2026-04-14T01:22:41.013948+00:00
NIFTY IND DEFENCE,PARAS,,2026-04-14T01:22:41.013948+00:00
NIFTY IND DEFENCE,ZENTEC,,2026-04-14T01:22:41.013948+00:00
NIFTY IND DEFENCE,AEQUS,,2026-04-14T01:22:41.013948+00:00
NIFTY IND DEFENCE,BEML,,2026-04-14T01:22:41.013948+00:00
NIFTY IND DEFENCE,AXISCADES,,2026-04-14T01:22:41.013948+00:00
NIFTY IND DEFENCE,MIDHANI,,2026-04-14T01:22:41.013948+00:00
NIFTY IND DEFENCE,ASTRAMICRO,,2026-04-14T01:22:41.013948+00:00
NIFTY IND DEFENCE,DYNAMATECH,,2026-04-14T01:22:41.013948+00:00
NIFTY IND TOURISM,INDIGO,,2026-04-14T01:22:41.013948+00:00
NIFTY IND TOURISM,GMRAIRPORT,,2026-04-14T01:22:41.013948+00:00
NIFTY IND TOURISM,INDHOTEL,,2026-04-14T01:22:41.013948+00:00
NIFTY IND TOURISM,JUBLFOOD,,2026-04-14T01:22:41.013948+00:00
NIFTY IND TOURISM,ITCHOTELS,,2026-04-14T01:22:41.013948+00:00
NIFTY IND TOURISM,IRCTC,,2026-04-14T01:22:41.013948+00:00
NIFTY IND TOURISM,BLS,,2026-04-14T01:22:41.013948+00:00
NIFTY IND TOURISM,LEMONTREE,,2026-04-14T01:22:41.013948+00:00
NIFTY IND TOURISM,DEVYANI,,2026-04-14T01:22:41.013948+00:00
NIFTY IND TOURISM,SAPPHIRE,,2026-04-14T01:22:41.013948+00:00
NIFTY IND TOURISM,EIHOTEL,,2026-04-14T01:22:41.013948+00:00
NIFTY IND TOURISM,TBOTEK,,2026-04-14T01:22:41.013948+00:00
NIFTY IND TOURISM,THELEELA,,2026-04-14T01:22:41.013948+00:00
NIFTY IND TOURISM,CHALET,,2026-04-14T01:22:41.013948+00:00
NIFTY IND TOURISM,TRAVELFOOD,,2026-04-14T01:22:41.013948+00:00
NIFTY CAPITAL MKT,BSE,,2026-04-14T01:22:41.013948+00:00
NIFTY CAPITAL MKT,MCX,,2026-04-14T01:22:41.013948+00:00
NIFTY CAPITAL MKT,GROWW,,2026-04-14T01:22:41.013948+00:00
NIFTY CAPITAL MKT,CDSL,,2026-04-14T01:22:41.013948+00:00
NIFTY CAPITAL MKT,HDFCAMC,,2026-04-14T01:22:41.013948+00:00
NIFTY CAPITAL MKT,ANANDRATHI,,2026-04-14T01:22:41.013948+00:00
NIFTY CAPITAL MKT,ANGELONE,,2026-04-14T01:22:41.013948+00:00
NIFTY CAPITAL MKT,ICICIAMC,,2026-04-14T01:22:41.013948+00:00
NIFTY CAPITAL MKT,NAM-INDIA,,2026-04-14T01:22:41.013948+00:00
NIFTY CAPITAL MKT,KFINTECH,,2026-04-14T01:22:41.013948+00:00
NIFTY CAPITAL MKT,IEX,,2026-04-14T01:22:41.013948+00:00
NIFTY CAPITAL MKT,CAMS,,2026-04-14T01:22:41.013948+00:00
NIFTY CAPITAL MKT,360ONE,,2026-04-14T01:22:41.013948+00:00
NIFTY CAPITAL MKT,MOTILALOFS,,2026-04-14T01:22:41.013948+00:00
NIFTY CAPITAL MKT,ABSLAMC,,2026-04-14T01:22:41.013948+00:00
NIFTY CAPITAL MKT,NUVAMA,,2026-04-14T01:22:41.013948+00:00
NIFTY CAPITAL MKT,UTIAMC,,2026-04-14T01:22:41.013948+00:00
NIFTY EV,RELIANCE,,2026-04-14T01:22:41.013948+00:00
NIFTY EV,ATHERENERG,,2026-04-14T01:22:41.013948+00:00
NIFTY EV,MARUTI,,2026-04-14T01:22:41.013948+00:00
NIFTY EV,OLAELEC,,2026-04-14T01:22:41.013948+00:00
NIFTY EV,TATACHEM,,2026-04-14T01:22:41.013948+00:00
NIFTY EV,M&M,,2026-04-14T01:22:41.013948+00:00
NIFTY EV,EICHERMOT,,2026-04-14T01:22:41.013948+00:00
NIFTY EV,TMCV,,2026-04-14T01:22:41.013948+00:00
NIFTY EV,MOTHERSON,,2026-04-14T01:22:41.013948+00:00
NIFTY EV,TMPV,,2026-04-14T01:22:41.013948+00:00
NIFTY EV,HEROMOTOCO,,2026-04-14T01:22:41.013948+00:00
NIFTY EV,ASHOKLEY,,2026-04-14T01:22:41.013948+00:00
NIFTY EV,OLECTRA,,2026-04-14T01:22:41.013948+00:00
NIFTY EV,JBMA,,2026-04-14T01:22:41.013948+00:00
NIFTY EV,BAJAJ-AUTO,,2026-04-14T01:22:41.013948+00:00
NIFTY EV,FORCEMOT,,2026-04-14T01:22:41.013948+00:00
NIFTY EV,SONACOMS,,2026-04-14T01:22:41.013948+00:00
NIFTY EV,TVSMOTOR,,2026-04-14T01:22:41.013948+00:00
NIFTY EV,BOSCHLTD,,2026-04-14T01:22:41.013948+00:00
NIFTY EV,BHARATFORG,,2026-04-14T01:22:41.013948+00:00
NIFTY EV,HYUNDAI,,2026-04-14T01:22:41.013948+00:00
NIFTY EV,CGPOWER,,2026-04-14T01:22:41.013948+00:00
NIFTY EV,KEI,,2026-04-14T01:22:41.013948+00:00
NIFTY EV,HSCL,,2026-04-14T01:22:41.013948+00:00
NIFTY EV,EXIDEIND,,2026-04-14T01:22:41.013948+00:00
NIFTY EV,KPITTECH,,2026-04-14T01:22:41.013948+00:00
NIFTY EV,UNOMINDA,,2026-04-14T01:22:41.013948+00:00
NIFTY EV,TATAELXSI,,2026-04-14T01:22:41.013948+00:00
NIFTY EV,JWL,,2026-04-14T01:22:41.013948+00:00
NIFTY EV,ARE&M,,2026-04-14T01:22:41.013948+00:00
NIFTY EV,SCHAEFFLER,,2026-04-14T01:22:41.013948+00:00
NIFTY EV,LTTS,,2026-04-14T01:22:41.013948+00:00
NIFTY EV,TATATECH,,2026-04-14T01:22:41.013948+00:00
NIFTY EV,ZFCVINDIA,,2026-04-14T01:22:41.013948+00:00
NIFTY EV,MSUMI,,2026-04-14T01:22:41.013948+00:00
NIFTY EV,TIINDIA,,2026-04-14T01:22:41.013948+00:00
NIFTY EV,MINDACORP,,2026-04-14T01:22:41.013948+00:00
NIFTY EV,FLUOROCHEM,,2026-04-14T01:22:41.013948+00:00
NIFTY NEW CONSUMP,ATHERENERG,,2026-04-14T01:22:41.013948+00:00
NIFTY NEW CONSUMP,BHARTIARTL,,2026-04-14T01:22:41.013948+00:00
NIFTY NEW CONSUMP,MARUTI,,2026-04-14T01:22:41.013948+00:00
NIFTY NEW CONSUMP,OLAELEC,,2026-04-14T01:22:41.013948+00:00
NIFTY NEW CONSUMP,ETERNAL,,2026-04-14T01:22:41.013948+00:00
NIFTY NEW CONSUMP,M&M,,2026-04-14T01:22:41.013948+00:00
NIFTY NEW CONSUMP,EICHERMOT,,2026-04-14T01:22:41.013948+00:00
NIFTY NEW CONSUMP,GROWW,,2026-04-14T01:22:41.013948+00:00
NIFTY NEW CONSUMP,INDIGO,,2026-04-14T01:22:41.013948+00:00
NIFTY NEW CONSUMP,DIXON,,2026-04-14T01:22:41.013948+00:00
NIFTY NEW CONSUMP,TMPV,,2026-04-14T01:22:41.013948+00:00
NIFTY NEW CONSUMP,IDEA,,2026-04-14T01:22:41.013948+00:00
NIFTY NEW CONSUMP,HEROMOTOCO,,2026-04-14T01:22:41.013948+00:00
NIFTY NEW CONSUMP,DMART,,2026-04-14T01:22:41.013948+00:00
NIFTY NEW CONSUMP,TITAN,,2026-04-14T01:22:41.013948+00:00
NIFTY NEW CONSUMP,VOLTAS,,2026-04-14T01:22:41.013948+00:00
NIFTY NEW CONSUMP,AMBER,,2026-04-14T01:22:41.013948+00:00
NIFTY NEW CONSUMP,BAJAJ-AUTO,,2026-04-14T01:22:41.013948+00:00
NIFTY NEW CONSUMP,FORCEMOT,,2026-04-14T01:22:41.013948+00:00
NIFTY NEW CONSUMP,HDFCAMC,,2026-04-14T01:22:41.013948+00:00
NIFTY NEW CONSUMP,SWIGGY,,2026-04-14T01:22:41.013948+00:00
NIFTY NEW CONSUMP,DLF,,2026-04-14T01:22:41.013948+00:00
NIFTY NEW CONSUMP,TVSMOTOR,,2026-04-14T01:22:41.013948+00:00
NIFTY NEW CONSUMP,POLICYBZR,,2026-04-14T01:22:41.013948+00:00
NIFTY NEW CONSUMP,PAYTM,,2026-04-14T01:22:41.013948+00:00
NIFTY NEW CONSUMP,LODHA,,2026-04-14T01:22:41.013948+00:00
NIFTY NEW CONSUMP,ANGELONE,,2026-04-14T01:22:41.013948+00:00
NIFTY NEW CONSUMP,ICICIAMC,,2026-04-14T01:22:41.013948+00:00
NIFTY NEW CONSUMP,PRESTIGE,,2026-04-14T01:22:41.013948+00:00
NIFTY NEW CONSUMP,TRENT,,2026-04-14T01:22:41.013948+00:00
NIFTY NEW CONSUMP,HYUNDAI,,2026-04-14T01:22:41.013948+00:00
NIFTY NEW CONSUMP,LGEINDIA,,2026-04-14T01:22:41.013948+00:00
NIFTY NEW CONSUMP,GODREJPROP,,2026-04-14T01:22:41.013948+00:00
NIFTY NEW CONSUMP,PGEL,,2026-04-14T01:22:41.013948+00:00
NIFTY NEW CONSUMP,BLUESTARCO,,2026-04-14T01:22:41.013948+00:00
NIFTY NEW CONSUMP,LENSKART,,2026-04-14T01:22:41.013948+00:00
NIFTY NEW CONSUMP,INDHOTEL,,2026-04-14T01:22:41.013948+00:00
NIFTY NEW CONSUMP,KALYANKJIL,,2026-04-14T01:22:41.013948+00:00
NIFTY NEW CONSUMP,VMM,,2026-04-14T01:22:41.013948+00:00
NIFTY NEW CONSUMP,HAVELLS,,2026-04-14T01:22:41.013948+00:00
NIFTY NEW CONSUMP,NAM-INDIA,,2026-04-14T01:22:41.013948+00:00
NIFTY NEW CONSUMP,ZEEL,,2026-04-14T01:22:41.013948+00:00
NIFTY NEW CONSUMP,NAUKRI,,2026-04-14T01:22:41.013948+00:00
NIFTY NEW CONSUMP,OBEROIRLTY,,2026-04-14T01:22:41.013948+00:00
NIFTY NEW CONSUMP,ANANTRAJ,,2026-04-14T01:22:41.013948+00:00
NIFTY NEW CONSUMP,JUBLFOOD,,2026-04-14T01:22:41.013948+00:00
NIFTY NEW CONSUMP,PAGEIND,,2026-04-14T01:22:41.013948+00:00
NIFTY NEW CONSUMP,NYKAA,,2026-04-14T01:22:41.013948+00:00
NIFTY NEW CONSUMP,ITCHOTELS,,2026-04-14T01:22:41.013948+00:00
NIFTY NEW CONSUMP,360ONE,,2026-04-14T01:22:41.013948+00:00
NIFTY NEW CONSUMP,MOTILALOFS,,2026-04-14T01:22:41.013948+00:00
NIFTY NEW CONSUMP,PHOENIXLTD,,2026-04-14T01:22:41.013948+00:00
NIFTY NEW CONSUMP,IRCTC,,2026-04-14T01:22:41.013948+00:00
NIFTY NEW CONSUMP,FIRSTCRY,,2026-04-14T01:22:41.013948+00:00
NIFTY NEW CONSUMP,CROMPTON,,2026-04-14T01:22:41.013948+00:00
NIFTY NEW CONSUMP,TATACOMM,,2026-04-14T01:22:41.013948+00:00
NIFTY NEW CONSUMP,BRIGADE,,2026-04-14T01:22:41.013948+00:00
NIFTY NEW CONSUMP,CARTRADE,,2026-04-14T01:22:41.013948+00:00
NIFTY NEW CONSUMP,LEMONTREE,,2026-04-14T01:22:41.013948+00:00
NIFTY NEW CONSUMP,PWL,,2026-04-14T01:22:41.013948+00:00
NIFTY NEW CONSUMP,ABREL,,2026-04-14T01:22:41.013948+00:00
NIFTY NEW CONSUMP,DEVYANI,,2026-04-14T01:22:41.013948+00:00
NIFTY NEW CONSUMP,KPRMILL,,2026-04-14T01:22:41.013948+00:00
NIFTY NEW CONSUMP,NUVAMA,,2026-04-14T01:22:41.013948+00:00
NIFTY NEW CONSUMP,INDIAMART,,2026-04-14T01:22:41.013948+00:00
NIFTY NEW CONSUMP,WHIRLPOOL,,2026-04-14T01:22:41.013948+00:00
NIFTY NEW CONSUMP,BHARTIHEXA,,2026-04-14T01:22:41.013948+00:00
NIFTY NEW CONSUMP,PVRINOX,,2026-04-14T01:22:41.013948+00:00
NIFTY NEW CONSUMP,SAPPHIRE,,2026-04-14T01:22:41.013948+00:00
NIFTY NEW CONSUMP,BATAINDIA,,2026-04-14T01:22:41.013948+00:00
NIFTY NEW CONSUMP,SAREGAMA,,2026-04-14T01:22:41.013948+00:00
NIFTY NEW CONSUMP,SOBHA,,2026-04-14T01:22:41.013948+00:00
NIFTY NEW CONSUMP,EIHOTEL,,2026-04-14T01:22:41.013948+00:00
NIFTY NEW CONSUMP,ABLBL,,2026-04-14T01:22:41.013948+00:00
NIFTY NEW CONSUMP,CHALET,,2026-04-14T01:22:41.013948+00:00
NIFTY CORP MAATR,RELIANCE,,2026-04-14T01:22:41.013948+00:00
NIFTY CORP MAATR,ADANIPOWER,,2026-04-14T01:22:41.013948+00:00
NIFTY CORP MAATR,TATACHEM,,2026-04-14T01:22:41.013948+00:00
NIFTY CORP MAATR,M&M,,2026-04-14T01:22:41.013948+00:00
NIFTY CORP MAATR,TATAINVEST,,2026-04-14T01:22:41.013948+00:00
NIFTY CORP MAATR,TCS,,2026-04-14T01:22:41.013948+00:00
NIFTY CORP MAATR,TATAPOWER,,2026-04-14T01:22:41.013948+00:00
NIFTY CORP MAATR,ADANIENT,,2026-04-14T01:22:41.013948+00:00
NIFTY CORP MAATR,ADANIGREEN,,2026-04-14T01:22:41.013948+00:00
NIFTY CORP MAATR,TMCV,,2026-04-14T01:22:41.013948+00:00
NIFTY CORP MAATR,ADANIPORTS,,2026-04-14T01:22:41.013948+00:00
NIFTY CORP MAATR,TATASTEEL,,2026-04-14T01:22:41.013948+00:00
NIFTY CORP MAATR,ADANIENSOL,,2026-04-14T01:22:41.013948+00:00
NIFTY CORP MAATR,HINDALCO,,2026-04-14T01:22:41.013948+00:00
NIFTY CORP MAATR,TMPV,,2026-04-14T01:22:41.013948+00:00
NIFTY CORP MAATR,IDEA,,2026-04-14T01:22:41.013948+00:00
NIFTY CORP MAATR,TITAN,,2026-04-14T01:22:41.013948+00:00
NIFTY CORP MAATR,VOLTAS,,2026-04-14T01:22:41.013948+00:00
NIFTY CORP MAATR,JIOFIN,,2026-04-14T01:22:41.013948+00:00
NIFTY CORP MAATR,GRASIM,,2026-04-14T01:22:41.013948+00:00
NIFTY CORP MAATR,ATGL,,2026-04-14T01:22:41.013948+00:00
NIFTY CORP MAATR,ULTRACEMCO,,2026-04-14T01:22:41.013948+00:00
NIFTY CORP MAATR,TECHM,,2026-04-14T01:22:41.013948+00:00
NIFTY CORP MAATR,TATACONSUM,,2026-04-14T01:22:41.013948+00:00
NIFTY CORP MAATR,TRENT,,2026-04-14T01:22:41.013948+00:00
NIFTY CORP MAATR,TEJASNET,,2026-04-14T01:22:41.013948+00:00
NIFTY CORP MAATR,INDHOTEL,,2026-04-14T01:22:41.013948+00:00
NIFTY CORP MAATR,AMBUJACEM,,2026-04-14T01:22:41.013948+00:00
NIFTY CORP MAATR,ABCAPITAL,,2026-04-14T01:22:41.013948+00:00
NIFTY CORP MAATR,ABFRL,,2026-04-14T01:22:41.013948+00:00
NIFTY CORP MAATR,TATAELXSI,,2026-04-14T01:22:41.013948+00:00
NIFTY CORP MAATR,M&MFIN,,2026-04-14T01:22:41.013948+00:00
NIFTY CORP MAATR,ACC,,2026-04-14T01:22:41.013948+00:00
NIFTY CORP MAATR,TATACOMM,,2026-04-14T01:22:41.013948+00:00
NIFTY CORP MAATR,ABSLAMC,,2026-04-14T01:22:41.013948+00:00
NIFTY CORP MAATR,TATACAP,,2026-04-14T01:22:41.013948+00:00
NIFTY CORP MAATR,TATATECH,,2026-04-14T01:22:41.013948+00:00
NIFTY CORP MAATR,ABREL,,2026-04-14T01:22:41.013948+00:00
NIFTY CORP MAATR,TTML,,2026-04-14T01:22:41.013948+00:00
NIFTY CORP MAATR,CEMPRO,,2026-04-14T01:22:41.013948+00:00
NIFTY CORP MAATR,ABLBL,,2026-04-14T01:22:41.013948+00:00
NIFTY CORP MAATR,INDIACEM,,2026-04-14T01:22:41.013948+00:00
NIFTY MOBILITY,RELIANCE,,2026-04-14T01:22:41.013948+00:00
NIFTY MOBILITY,MARUTI,,2026-04-14T01:22:41.013948+00:00
NIFTY MOBILITY,ETERNAL,,2026-04-14T01:22:41.013948+00:00
NIFTY MOBILITY,M&M,,2026-04-14T01:22:41.013948+00:00
NIFTY MOBILITY,EICHERMOT,,2026-04-14T01:22:41.013948+00:00
NIFTY MOBILITY,INDIGO,,2026-04-14T01:22:41.013948+00:00
NIFTY MOBILITY,TMCV,,2026-04-14T01:22:41.013948+00:00
NIFTY MOBILITY,ADANIPORTS,,2026-04-14T01:22:41.013948+00:00
NIFTY MOBILITY,MOTHERSON,,2026-04-14T01:22:41.013948+00:00
NIFTY MOBILITY,TMPV,,2026-04-14T01:22:41.013948+00:00
NIFTY MOBILITY,HEROMOTOCO,,2026-04-14T01:22:41.013948+00:00
NIFTY MOBILITY,BPCL,,2026-04-14T01:22:41.013948+00:00
NIFTY MOBILITY,ASHOKLEY,,2026-04-14T01:22:41.013948+00:00
NIFTY MOBILITY,BAJAJ-AUTO,,2026-04-14T01:22:41.013948+00:00
NIFTY MOBILITY,HINDPETRO,,2026-04-14T01:22:41.013948+00:00
NIFTY MOBILITY,IOC,,2026-04-14T01:22:41.013948+00:00
NIFTY MOBILITY,SONACOMS,,2026-04-14T01:22:41.013948+00:00
NIFTY MOBILITY,SWIGGY,,2026-04-14T01:22:41.013948+00:00
NIFTY MOBILITY,GAIL,,2026-04-14T01:22:41.013948+00:00
NIFTY MOBILITY,TVSMOTOR,,2026-04-14T01:22:41.013948+00:00
NIFTY MOBILITY,BOSCHLTD,,2026-04-14T01:22:41.013948+00:00
NIFTY MOBILITY,BHARATFORG,,2026-04-14T01:22:41.013948+00:00
NIFTY MOBILITY,HYUNDAI,,2026-04-14T01:22:41.013948+00:00
NIFTY MOBILITY,GMRAIRPORT,,2026-04-14T01:22:41.013948+00:00
NIFTY MOBILITY,PETRONET,,2026-04-14T01:22:41.013948+00:00
NIFTY MOBILITY,MRF,,2026-04-14T01:22:41.013948+00:00
NIFTY MOBILITY,IRCTC,,2026-04-14T01:22:41.013948+00:00
NIFTY MOBILITY,CONCOR,,2026-04-14T01:22:41.013948+00:00
NIFTY MOBILITY,BALKRISIND,,2026-04-14T01:22:41.013948+00:00
NIFTY MOBILITY,TIINDIA,,2026-04-14T01:22:41.013948+00:00
NIFTY100 ENH ESG,ICICIBANK,,2026-04-14T01:22:41.013948+00:00
NIFTY100 ENH ESG,RELIANCE,,2026-04-14T01:22:41.013948+00:00
NIFTY100 ENH ESG,HDFCBANK,,2026-04-14T01:22:41.013948+00:00
NIFTY100 ENH ESG,BHARTIARTL,,2026-04-14T01:22:41.013948+00:00
NIFTY100 ENH ESG,SBIN,,2026-04-14T01:22:41.013948+00:00
NIFTY100 ENH ESG,MARUTI,,2026-04-14T01:22:41.013948+00:00
NIFTY100 ENH ESG,ADANIPOWER,,2026-04-14T01:22:41.013948+00:00
NIFTY100 ENH ESG,INFY,,2026-04-14T01:22:41.013948+00:00
NIFTY100 ENH ESG,AXISBANK,,2026-04-14T01:22:41.013948+00:00
NIFTY100 ENH ESG,KOTAKBANK,,2026-04-14T01:22:41.013948+00:00
NIFTY100 ENH ESG,ETERNAL,,2026-04-14T01:22:41.013948+00:00
NIFTY100 ENH ESG,M&M,,2026-04-14T01:22:41.013948+00:00
NIFTY100 ENH ESG,BAJFINANCE,,2026-04-14T01:22:41.013948+00:00
NIFTY100 ENH ESG,TCS,,2026-04-14T01:22:41.013948+00:00
NIFTY100 ENH ESG,EICHERMOT,,2026-04-14T01:22:41.013948+00:00
NIFTY100 ENH ESG,TATAPOWER,,2026-04-14T01:22:41.013948+00:00
NIFTY100 ENH ESG,SHRIRAMFIN,,2026-04-14T01:22:41.013948+00:00
NIFTY100 ENH ESG,ADANIENT,,2026-04-14T01:22:41.013948+00:00
NIFTY100 ENH ESG,ONGC,,2026-04-14T01:22:41.013948+00:00
NIFTY100 ENH ESG,ADANIGREEN,,2026-04-14T01:22:41.013948+00:00
NIFTY100 ENH ESG,NTPC,,2026-04-14T01:22:41.013948+00:00
NIFTY100 ENH ESG,ADANIPORTS,,2026-04-14T01:22:41.013948+00:00
NIFTY100 ENH ESG,TATASTEEL,,2026-04-14T01:22:41.013948+00:00
NIFTY100 ENH ESG,CHOLAFIN,,2026-04-14T01:22:41.013948+00:00
NIFTY100 ENH ESG,MOTHERSON,,2026-04-14T01:22:41.013948+00:00
NIFTY100 ENH ESG,ADANIENSOL,,2026-04-14T01:22:41.013948+00:00
NIFTY100 ENH ESG,POWERGRID,,2026-04-14T01:22:41.013948+00:00
NIFTY100 ENH ESG,HINDALCO,,2026-04-14T01:22:41.013948+00:00
NIFTY100 ENH ESG,WIPRO,,2026-04-14T01:22:41.013948+00:00
NIFTY100 ENH ESG,HINDUNILVR,,2026-04-14T01:22:41.013948+00:00
NIFTY100 ENH ESG,JSWENERGY,,2026-04-14T01:22:41.013948+00:00
NIFTY100 ENH ESG,ASIANPAINT,,2026-04-14T01:22:41.013948+00:00
NIFTY100 ENH ESG,BPCL,,2026-04-14T01:22:41.013948+00:00
NIFTY100 ENH ESG,DMART,,2026-04-14T01:22:41.013948+00:00
NIFTY100 ENH ESG,PFC,,2026-04-14T01:22:41.013948+00:00
NIFTY100 ENH ESG,TITAN,,2026-04-14T01:22:41.013948+00:00
NIFTY100 ENH ESG,JIOFIN,,2026-04-14T01:22:41.013948+00:00
NIFTY100 ENH ESG,BAJAJ-AUTO,,2026-04-14T01:22:41.013948+00:00
NIFTY100 ENH ESG,HDFCLIFE,,2026-04-14T01:22:41.013948+00:00
NIFTY100 ENH ESG,GRASIM,,2026-04-14T01:22:41.013948+00:00
NIFTY100 ENH ESG,BANKBARODA,,2026-04-14T01:22:41.013948+00:00
NIFTY100 ENH ESG,HCLTECH,,2026-04-14T01:22:41.013948+00:00
NIFTY100 ENH ESG,IOC,,2026-04-14T01:22:41.013948+00:00
NIFTY100 ENH ESG,TORNTPHARM,,2026-04-14T01:22:41.013948+00:00
NIFTY100 ENH ESG,CANBK,,2026-04-14T01:22:41.013948+00:00
NIFTY100 ENH ESG,ULTRACEMCO,,2026-04-14T01:22:41.013948+00:00
NIFTY100 ENH ESG,GAIL,,2026-04-14T01:22:41.013948+00:00
NIFTY100 ENH ESG,DLF,,2026-04-14T01:22:41.013948+00:00
NIFTY100 ENH ESG,TVSMOTOR,,2026-04-14T01:22:41.013948+00:00
NIFTY100 ENH ESG,APOLLOHOSP,,2026-04-14T01:22:41.013948+00:00
NIFTY100 ENH ESG,VBL,,2026-04-14T01:22:41.013948+00:00
NIFTY100 ENH ESG,MAXHEALTH,,2026-04-14T01:22:41.013948+00:00
NIFTY100 ENH ESG,BAJAJFINSV,,2026-04-14T01:22:41.013948+00:00
NIFTY100 ENH ESG,ABB,,2026-04-14T01:22:41.013948+00:00
NIFTY100 ENH ESG,BOSCHLTD,,2026-04-14T01:22:41.013948+00:00
NIFTY100 ENH ESG,BRITANNIA,,2026-04-14T01:22:41.013948+00:00
NIFTY100 ENH ESG,RECLTD,,2026-04-14T01:22:41.013948+00:00
NIFTY100 ENH ESG,LICI,,2026-04-14T01:22:41.013948+00:00
NIFTY100 ENH ESG,TECHM,,2026-04-14T01:22:41.013948+00:00
NIFTY100 ENH ESG,TATACONSUM,,2026-04-14T01:22:41.013948+00:00
NIFTY100 ENH ESG,NESTLEIND,,2026-04-14T01:22:41.013948+00:00
NIFTY100 ENH ESG,TRENT,,2026-04-14T01:22:41.013948+00:00
NIFTY100 ENH ESG,HYUNDAI,,2026-04-14T01:22:41.013948+00:00
NIFTY100 ENH ESG,IRFC,,2026-04-14T01:22:41.013948+00:00
NIFTY100 ENH ESG,HINDZINC,,2026-04-14T01:22:41.013948+00:00
NIFTY100 ENH ESG,CGPOWER,,2026-04-14T01:22:41.013948+00:00
NIFTY100 ENH ESG,INDHOTEL,,2026-04-14T01:22:41.013948+00:00
NIFTY100 ENH ESG,DIVISLAB,,2026-04-14T01:22:41.013948+00:00
NIFTY100 ENH ESG,JSWSTEEL,,2026-04-14T01:22:41.013948+00:00
NIFTY100 ENH ESG,SBILIFE,,2026-04-14T01:22:41.013948+00:00
NIFTY100 ENH ESG,HAVELLS,,2026-04-14T01:22:41.013948+00:00
NIFTY100 ENH ESG,GODREJCP,,2026-04-14T01:22:41.013948+00:00
NIFTY100 ENH ESG,SIEMENS,,2026-04-14T01:22:41.013948+00:00
NIFTY100 ENH ESG,NAUKRI,,2026-04-14T01:22:41.013948+00:00
NIFTY100 ENH ESG,AMBUJACEM,,2026-04-14T01:22:41.013948+00:00
NIFTY100 ENH ESG,PIDILITIND,,2026-04-14T01:22:41.013948+00:00
NIFTY100 ENH ESG,LTM,,2026-04-14T01:22:41.013948+00:00
NIFTY100 ENH ESG,BAJAJHFL,,2026-04-14T01:22:41.013948+00:00
NIFTY100 ENH ESG,SHREECEM,,2026-04-14T01:22:41.013948+00:00
NIFTY100 ENH ESG,ICICIGI,,2026-04-14T01:22:41.013948+00:00
NIFTY100 ENH ESG,BAJAJHLDNG,,2026-04-14T01:22:41.013948+00:00
NIFTY COREHOUSING,DIXON,,2026-04-14T01:22:41.013948+00:00
NIFTY COREHOUSING,ASIANPAINT,,2026-04-14T01:22:41.013948+00:00
NIFTY COREHOUSING,VOLTAS,,2026-04-14T01:22:41.013948+00:00
NIFTY COREHOUSING,POLYCAB,,2026-04-14T01:22:41.013948+00:00
NIFTY COREHOUSING,AMBER,,2026-04-14T01:22:41.013948+00:00
NIFTY COREHOUSING,GRASIM,,2026-04-14T01:22:41.013948+00:00
NIFTY COREHOUSING,ULTRACEMCO,,2026-04-14T01:22:41.013948+00:00
NIFTY COREHOUSING,DLF,,2026-04-14T01:22:41.013948+00:00
NIFTY COREHOUSING,LODHA,,2026-04-14T01:22:41.013948+00:00
NIFTY COREHOUSING,PRESTIGE,,2026-04-14T01:22:41.013948+00:00
NIFTY COREHOUSING,GODREJPROP,,2026-04-14T01:22:41.013948+00:00
NIFTY COREHOUSING,PGEL,,2026-04-14T01:22:41.013948+00:00
NIFTY COREHOUSING,KEI,,2026-04-14T01:22:41.013948+00:00
NIFTY COREHOUSING,BLUESTARCO,,2026-04-14T01:22:41.013948+00:00
NIFTY COREHOUSING,HAVELLS,,2026-04-14T01:22:41.013948+00:00
NIFTY COREHOUSING,OBEROIRLTY,,2026-04-14T01:22:41.013948+00:00
NIFTY COREHOUSING,AMBUJACEM,,2026-04-14T01:22:41.013948+00:00
NIFTY COREHOUSING,PNBHOUSING,,2026-04-14T01:22:41.013948+00:00
NIFTY COREHOUSING,JKCEMENT,,2026-04-14T01:22:41.013948+00:00
NIFTY COREHOUSING,LICHSGFIN,,2026-04-14T01:22:41.013948+00:00
NIFTY COREHOUSING,BAJAJHFL,,2026-04-14T01:22:41.013948+00:00
NIFTY COREHOUSING,PHOENIXLTD,,2026-04-14T01:22:41.013948+00:00
NIFTY COREHOUSING,SHREECEM,,2026-04-14T01:22:41.013948+00:00
NIFTY COREHOUSING,DALBHARAT,,2026-04-14T01:22:41.013948+00:00
NIFTY COREHOUSING,CROMPTON,,2026-04-14T01:22:41.013948+00:00
NIFTY COREHOUSING,ACC,,2026-04-14T01:22:41.013948+00:00
NIFTY COREHOUSING,BRIGADE,,2026-04-14T01:22:41.013948+00:00
NIFTY COREHOUSING,KAJARIACER,,2026-04-14T01:22:41.013948+00:00
NIFTY COREHOUSING,BERGEPAINT,,2026-04-14T01:22:41.013948+00:00
NIFTY COREHOUSING,RAMCOCEM,,2026-04-14T01:22:41.013948+00:00
NIFTY HOUSING,ICICIBANK,,2026-04-14T01:22:41.013948+00:00
NIFTY HOUSING,HDFCBANK,,2026-04-14T01:22:41.013948+00:00
NIFTY HOUSING,LT,,2026-04-14T01:22:41.013948+00:00
NIFTY HOUSING,SBIN,,2026-04-14T01:22:41.013948+00:00
NIFTY HOUSING,ADANIPOWER,,2026-04-14T01:22:41.013948+00:00
NIFTY HOUSING,AXISBANK,,2026-04-14T01:22:41.013948+00:00
NIFTY HOUSING,KOTAKBANK,,2026-04-14T01:22:41.013948+00:00
NIFTY HOUSING,TATAPOWER,,2026-04-14T01:22:41.013948+00:00
NIFTY HOUSING,ADANIGREEN,,2026-04-14T01:22:41.013948+00:00
NIFTY HOUSING,DIXON,,2026-04-14T01:22:41.013948+00:00
NIFTY HOUSING,NTPC,,2026-04-14T01:22:41.013948+00:00
NIFTY HOUSING,TATASTEEL,,2026-04-14T01:22:41.013948+00:00
NIFTY HOUSING,SAIL,,2026-04-14T01:22:41.013948+00:00
NIFTY HOUSING,ADANIENSOL,,2026-04-14T01:22:41.013948+00:00
NIFTY HOUSING,JSWENERGY,,2026-04-14T01:22:41.013948+00:00
NIFTY HOUSING,ASIANPAINT,,2026-04-14T01:22:41.013948+00:00
NIFTY HOUSING,VOLTAS,,2026-04-14T01:22:41.013948+00:00
NIFTY HOUSING,POLYCAB,,2026-04-14T01:22:41.013948+00:00
NIFTY HOUSING,UNIONBANK,,2026-04-14T01:22:41.013948+00:00
NIFTY HOUSING,GRASIM,,2026-04-14T01:22:41.013948+00:00
NIFTY HOUSING,BANKBARODA,,2026-04-14T01:22:41.013948+00:00
NIFTY HOUSING,CANBK,,2026-04-14T01:22:41.013948+00:00
NIFTY HOUSING,ULTRACEMCO,,2026-04-14T01:22:41.013948+00:00
NIFTY HOUSING,DLF,,2026-04-14T01:22:41.013948+00:00
NIFTY HOUSING,LODHA,,2026-04-14T01:22:41.013948+00:00
NIFTY HOUSING,FEDERALBNK,,2026-04-14T01:22:41.013948+00:00
NIFTY HOUSING,PNB,,2026-04-14T01:22:41.013948+00:00
NIFTY HOUSING,PRESTIGE,,2026-04-14T01:22:41.013948+00:00
NIFTY HOUSING,GODREJPROP,,2026-04-14T01:22:41.013948+00:00
NIFTY HOUSING,KEI,,2026-04-14T01:22:41.013948+00:00
NIFTY HOUSING,INDIANB,,2026-04-14T01:22:41.013948+00:00
NIFTY HOUSING,BLUESTARCO,,2026-04-14T01:22:41.013948+00:00
NIFTY HOUSING,JINDALSTEL,,2026-04-14T01:22:41.013948+00:00
NIFTY HOUSING,RVNL,,2026-04-14T01:22:41.013948+00:00
NIFTY HOUSING,YESBANK,,2026-04-14T01:22:41.013948+00:00
NIFTY HOUSING,INDUSINDBK,,2026-04-14T01:22:41.013948+00:00
NIFTY HOUSING,IDFCFIRSTB,,2026-04-14T01:22:41.013948+00:00
NIFTY HOUSING,JSWSTEEL,,2026-04-14T01:22:41.013948+00:00
NIFTY HOUSING,HAVELLS,,2026-04-14T01:22:41.013948+00:00
NIFTY HOUSING,NHPC,,2026-04-14T01:22:41.013948+00:00
NIFTY HOUSING,PETRONET,,2026-04-14T01:22:41.013948+00:00
NIFTY HOUSING,OBEROIRLTY,,2026-04-14T01:22:41.013948+00:00
NIFTY HOUSING,TORNTPOWER,,2026-04-14T01:22:41.013948+00:00
NIFTY HOUSING,AMBUJACEM,,2026-04-14T01:22:41.013948+00:00
NIFTY HOUSING,JSL,,2026-04-14T01:22:41.013948+00:00
NIFTY HOUSING,JKCEMENT,,2026-04-14T01:22:41.013948+00:00
NIFTY HOUSING,LICHSGFIN,,2026-04-14T01:22:41.013948+00:00
NIFTY HOUSING,PHOENIXLTD,,2026-04-14T01:22:41.013948+00:00
NIFTY HOUSING,SHREECEM,,2026-04-14T01:22:41.013948+00:00
NIFTY HOUSING,CROMPTON,,2026-04-14T01:22:41.013948+00:00
NIFTY IPO,ATHERENERG,,2026-04-14T01:22:41.013948+00:00
NIFTY IPO,GROWW,,2026-04-14T01:22:41.013948+00:00
NIFTY IPO,ICICIAMC,,2026-04-14T01:22:41.013948+00:00
NIFTY IPO,LGEINDIA,,2026-04-14T01:22:41.013948+00:00
NIFTY IPO,LENSKART,,2026-04-14T01:22:41.013948+00:00
NIFTY IPO,EMMVEE,,2026-04-14T01:22:41.013948+00:00
NIFTY IPO,VIKRAMSOLR,,2026-04-14T01:22:41.013948+00:00
NIFTY IPO,BELRISE,,2026-04-14T01:22:41.013948+00:00
NIFTY IPO,URBANCO,,2026-04-14T01:22:41.013948+00:00
NIFTY IPO,VIDYAWIRES,,2026-04-14T01:22:41.013948+00:00
NIFTY IPO,MEESHO,,2026-04-14T01:22:41.013948+00:00
NIFTY IPO,CPPLUS,,2026-04-14T01:22:41.013948+00:00
NIFTY IPO,AEQUS,,2026-04-14T01:22:41.013948+00:00
NIFTY IPO,PINELABS,,2026-04-14T01:22:41.013948+00:00
NIFTY IPO,FRACTAL,,2026-04-14T01:22:41.013948+00:00
NIFTY IPO,ARSSBL,,2026-04-14T01:22:41.013948+00:00
NIFTY IPO,CMPDI,,2026-04-14T01:22:41.013948+00:00
NIFTY IPO,GAUDIUMIVF,,2026-04-14T01:22:41.013948+00:00
NIFTY IPO,CLEANMAX,,2026-04-14T01:22:41.013948+00:00
NIFTY IPO,OSWALPUMPS,,2026-04-14T01:22:41.013948+00:00
NIFTY IPO,TATACAP,,2026-04-14T01:22:41.013948+00:00
NIFTY IPO,EBGNG,,2026-04-14T01:22:41.013948+00:00
NIFTY IPO,KSHINTL,,2026-04-14T01:22:41.013948+00:00
NIFTY IPO,SHADOWFAX,,2026-04-14T01:22:41.013948+00:00
NIFTY IPO,PWL,,2026-04-14T01:22:41.013948+00:00
NIFTY IPO,JAINREC,,2026-04-14T01:22:41.013948+00:00
NIFTY IPO,AMIRCHAND,,2026-04-14T01:22:41.013948+00:00
NIFTY IPO,SEDEMAC,,2026-04-14T01:22:41.013948+00:00
NIFTY IPO,HDBFS,,2026-04-14T01:22:41.013948+00:00
NIFTY IPO,BHARATCOAL,,2026-04-14T01:22:41.013948+00:00
NIFTY IPO,RSL,,2026-04-14T01:22:41.013948+00:00
NIFTY IPO,SAATVIKGL,,2026-04-14T01:22:41.013948+00:00
NIFTY IPO,OMNI,,2026-04-14T01:22:41.013948+00:00
NIFTY IPO,ATLANTAELE,,2026-04-14T01:22:41.013948+00:00
NIFTY IPO,SAIPARENT,,2026-04-14T01:22:41.013948+00:00
NIFTY IPO,GSPCROP,,2026-04-14T01:22:41.013948+00:00
NIFTY IPO,VIKRAN,,2026-04-14T01:22:41.013948+00:00
NIFTY IPO,SHREEJISPG,,2026-04-14T01:22:41.013948+00:00
NIFTY IPO,SAMBHV,,2026-04-14T01:22:41.013948+00:00
NIFTY IPO,ANTHEM,,2026-04-14T01:22:41.013948+00:00
NIFTY IPO,CRAMC,,2026-04-14T01:22:41.013948+00:00
NIFTY IPO,TENNIND,,2026-04-14T01:22:41.013948+00:00
NIFTY IPO,LOTUSDEV,,2026-04-14T01:22:41.013948+00:00
NIFTY IPO,PACEDIGITK,,2026-04-14T01:22:41.013948+00:00
NIFTY IPO,RUBICON,,2026-04-14T01:22:41.013948+00:00
NIFTY IPO,PARKHOSPS,,2026-04-14T01:22:41.013948+00:00
NIFTY IPO,UTLSOLAR,,2026-04-14T01:22:41.013948+00:00
NIFTY IPO,AHCL,,2026-04-14T01:22:41.013948+00:00
NIFTY IPO,JSWCEMENT,,2026-04-14T01:22:41.013948+00:00
NIFTY IPO,INNOVISION,,2026-04-14T01:22:41.013948+00:00
NIFTY IPO,GKENERGY,,2026-04-14T01:22:41.013948+00:00
NIFTY IPO,BLUESTONE,,2026-04-14T01:22:41.013948+00:00
NIFTY IPO,GLOTTIS,,2026-04-14T01:22:41.013948+00:00
NIFTY IPO,SHRINGARMS,,2026-04-14T01:22:41.013948+00:00
NIFTY IPO,AEGISVOPAK,,2026-04-14T01:22:41.013948+00:00
NIFTY IPO,ELLEN,,2026-04-14T01:22:41.013948+00:00
NIFTY IPO,CANHLIFE,,2026-04-14T01:22:41.013948+00:00
NIFTY IPO,POWERICA,,2026-04-14T01:22:41.013948+00:00
NIFTY IPO,SOLARWORLD,,2026-04-14T01:22:41.013948+00:00
NIFTY IPO,LAXMIINDIA,,2026-04-14T01:22:41.013948+00:00
NIFTY IPO,TRUALT,,2026-04-14T01:22:41.013948+00:00
NIFTY IPO,AYE,,2026-04-14T01:22:41.013948+00:00
NIFTY IPO,PNGSREVA,,2026-04-14T01:22:41.013948+00:00
NIFTY IPO,EPACKPEB,,2026-04-14T01:22:41.013948+00:00
NIFTY IPO,ORKLAINDIA,,2026-04-14T01:22:41.013948+00:00
NIFTY IPO,THELEELA,,2026-04-14T01:22:41.013948+00:00
NIFTY IPO,EUROPRATIK,,2026-04-14T01:22:41.013948+00:00
NIFTY IPO,MBEL,,2026-04-14T01:22:41.013948+00:00
NIFTY IPO,SCODATUBES,,2026-04-14T01:22:41.013948+00:00
NIFTY IPO,PROSTARM,,2026-04-14T01:22:41.013948+00:00
NIFTY IPO,JARO,,2026-04-14T01:22:41.013948+00:00
NIFTY IPO,NEPHROPLUS,,2026-04-14T01:22:41.013948+00:00
NIFTY IPO,ADVANCE,,2026-04-14T01:22:41.013948+00:00
NIFTY IPO,TRAVELFOOD,,2026-04-14T01:22:41.013948+00:00
NIFTY IPO,SUDEEPPHRM,,2026-04-14T01:22:41.013948+00:00
NIFTY IPO,WEWORK,,2026-04-14T01:22:41.013948+00:00
NIFTY IPO,EXCELSOFT,,2026-04-14T01:22:41.013948+00:00
NIFTY IPO,CORONA,,2026-04-14T01:22:41.013948+00:00
NIFTY IPO,ARIS,,2026-04-14T01:22:41.013948+00:00
NIFTY IPO,MEIL,,2026-04-14T01:22:41.013948+00:00
NIFTY IPO,REGAAL,,2026-04-14T01:22:41.013948+00:00
NIFTY IPO,SHANTIGOLD,,2026-04-14T01:22:41.013948+00:00
NIFTY IPO,CRIZAC,,2026-04-14T01:22:41.013948+00:00
NIFTY IPO,SMARTWORKS,,2026-04-14T01:22:41.013948+00:00
NIFTY IPO,MIDWESTLTD,,2026-04-14T01:22:41.013948+00:00
NIFTY IPO,CAPILLARY,,2026-04-14T01:22:41.013948+00:00
NIFTY IPO,IVALUE,,2026-04-14T01:22:41.013948+00:00
NIFTY IPO,STYL,,2026-04-14T01:22:41.013948+00:00
NIFTY IPO,PATELRMART,,2026-04-14T01:22:41.013948+00:00
NIFTY IPO,GANESHCP,,2026-04-14T01:22:41.013948+00:00
NIFTY IPO,AMAGI,,2026-04-14T01:22:41.013948+00:00
NIFTY IPO,HILINFRA,,2026-04-14T01:22:41.013948+00:00
NIFTY IPO,FABTECH,,2026-04-14T01:22:41.013948+00:00
NIFTY IPO,ALLTIME,,2026-04-14T01:22:41.013948+00:00
NIFTY IPO,WAKEFIT,,2026-04-14T01:22:41.013948+00:00
NIFTY IPO,GLOBECIVIL,,2026-04-14T01:22:41.013948+00:00
NIFTY IPO,IGCL,,2026-04-14T01:22:41.013948+00:00
NIFTY IPO,GEMAROMA,,2026-04-14T01:22:41.013948+00:00
NIFTY IPO,BRIGHOTEL,,2026-04-14T01:22:41.013948+00:00
NIFTY IPO,KALPATARU,,2026-04-14T01:22:41.013948+00:00
NIFTY IPO,BMWVENTLTD,,2026-04-14T01:22:41.013948+00:00
NIFTY IPO,GKSL,,2026-04-14T01:22:41.013948+00:00
NIFTY IPO,STUDDS,,2026-04-14T01:22:41.013948+00:00
NIFTY IPO,VMSTMT,,2026-04-14T01:22:41.013948+00:00
NIFTY IPO,INDIQUBE,,2026-04-14T01:22:41.013948+00:00
NIFTY MS IND CONS,DIXON,,2026-04-14T01:22:41.013948+00:00
NIFTY MS IND CONS,IDEA,,2026-04-14T01:22:41.013948+00:00
NIFTY MS IND CONS,HEROMOTOCO,,2026-04-14T01:22:41.013948+00:00
NIFTY MS IND CONS,VOLTAS,,2026-04-14T01:22:41.013948+00:00
NIFTY MS IND CONS,SWIGGY,,2026-04-14T01:22:41.013948+00:00
NIFTY MS IND CONS,PRESTIGE,,2026-04-14T01:22:41.013948+00:00
NIFTY MS IND CONS,MARICO,,2026-04-14T01:22:41.013948+00:00
NIFTY MS IND CONS,GODREJPROP,,2026-04-14T01:22:41.013948+00:00
NIFTY MS IND CONS,BLUESTARCO,,2026-04-14T01:22:41.013948+00:00
NIFTY MS IND CONS,MANKIND,,2026-04-14T01:22:41.013948+00:00
NIFTY MS IND CONS,KALYANKJIL,,2026-04-14T01:22:41.013948+00:00
NIFTY MS IND CONS,VMM,,2026-04-14T01:22:41.013948+00:00
NIFTY MS IND CONS,HAVELLS,,2026-04-14T01:22:41.013948+00:00
NIFTY MS IND CONS,NAUKRI,,2026-04-14T01:22:41.013948+00:00
NIFTY MS IND CONS,OBEROIRLTY,,2026-04-14T01:22:41.013948+00:00
NIFTY MS IND CONS,TORNTPOWER,,2026-04-14T01:22:41.013948+00:00
NIFTY MS IND CONS,ALKEM,,2026-04-14T01:22:41.013948+00:00
NIFTY MS IND CONS,JUBLFOOD,,2026-04-14T01:22:41.013948+00:00
NIFTY MS IND CONS,PAGEIND,,2026-04-14T01:22:41.013948+00:00
NIFTY MS IND CONS,RADICO,,2026-04-14T01:22:41.013948+00:00
NIFTY MS IND CONS,FORTIS,,2026-04-14T01:22:41.013948+00:00
NIFTY MS IND CONS,COLPAL,,2026-04-14T01:22:41.013948+00:00
NIFTY MS IND CONS,NYKAA,,2026-04-14T01:22:41.013948+00:00
NIFTY MS IND CONS,PATANJALI,,2026-04-14T01:22:41.013948+00:00
NIFTY MS IND CONS,ITCHOTELS,,2026-04-14T01:22:41.013948+00:00
NIFTY MS IND CONS,PHOENIXLTD,,2026-04-14T01:22:41.013948+00:00
NIFTY MS IND CONS,IRCTC,,2026-04-14T01:22:41.013948+00:00
NIFTY MS IND CONS,DABUR,,2026-04-14T01:22:41.013948+00:00
NIFTY MS IND CONS,CROMPTON,,2026-04-14T01:22:41.013948+00:00
NIFTY MS IND CONS,ABBOTINDIA,,2026-04-14T01:22:41.013948+00:00
NIFTY NONCYC CONS,BHARTIARTL,,2026-04-14T01:22:41.013948+00:00
NIFTY NONCYC CONS,ETERNAL,,2026-04-14T01:22:41.013948+00:00
NIFTY NONCYC CONS,INDIGO,,2026-04-14T01:22:41.013948+00:00
NIFTY NONCYC CONS,DIXON,,2026-04-14T01:22:41.013948+00:00
NIFTY NONCYC CONS,ITC,,2026-04-14T01:22:41.013948+00:00
NIFTY NONCYC CONS,HINDUNILVR,,2026-04-14T01:22:41.013948+00:00
NIFTY NONCYC CONS,ASIANPAINT,,2026-04-14T01:22:41.013948+00:00
NIFTY NONCYC CONS,DMART,,2026-04-14T01:22:41.013948+00:00
NIFTY NONCYC CONS,TITAN,,2026-04-14T01:22:41.013948+00:00
NIFTY NONCYC CONS,VOLTAS,,2026-04-14T01:22:41.013948+00:00
NIFTY NONCYC CONS,SWIGGY,,2026-04-14T01:22:41.013948+00:00
NIFTY NONCYC CONS,VBL,,2026-04-14T01:22:41.013948+00:00
NIFTY NONCYC CONS,BRITANNIA,,2026-04-14T01:22:41.013948+00:00
NIFTY NONCYC CONS,TATACONSUM,,2026-04-14T01:22:41.013948+00:00
NIFTY NONCYC CONS,UNITDSPR,,2026-04-14T01:22:41.013948+00:00
NIFTY NONCYC CONS,NESTLEIND,,2026-04-14T01:22:41.013948+00:00
NIFTY NONCYC CONS,TRENT,,2026-04-14T01:22:41.013948+00:00
NIFTY NONCYC CONS,MARICO,,2026-04-14T01:22:41.013948+00:00
NIFTY NONCYC CONS,INDHOTEL,,2026-04-14T01:22:41.013948+00:00
NIFTY NONCYC CONS,VMM,,2026-04-14T01:22:41.013948+00:00
NIFTY NONCYC CONS,HAVELLS,,2026-04-14T01:22:41.013948+00:00
NIFTY NONCYC CONS,GODREJCP,,2026-04-14T01:22:41.013948+00:00
NIFTY NONCYC CONS,NAUKRI,,2026-04-14T01:22:41.013948+00:00
NIFTY NONCYC CONS,JUBLFOOD,,2026-04-14T01:22:41.013948+00:00
NIFTY NONCYC CONS,PAGEIND,,2026-04-14T01:22:41.013948+00:00
NIFTY NONCYC CONS,COLPAL,,2026-04-14T01:22:41.013948+00:00
NIFTY NONCYC CONS,NYKAA,,2026-04-14T01:22:41.013948+00:00
NIFTY NONCYC CONS,IRCTC,,2026-04-14T01:22:41.013948+00:00
NIFTY NONCYC CONS,DABUR,,2026-04-14T01:22:41.013948+00:00
NIFTY NONCYC CONS,TATACOMM,,2026-04-14T01:22:41.013948+00:00
NIFTY RURAL,BHARTIARTL,,2026-04-14T01:22:41.013948+00:00
NIFTY RURAL,SBIN,,2026-04-14T01:22:41.013948+00:00
NIFTY RURAL,MARUTI,,2026-04-14T01:22:41.013948+00:00
NIFTY RURAL,ADANIPOWER,,2026-04-14T01:22:41.013948+00:00
NIFTY RURAL,M&M,,2026-04-14T01:22:41.013948+00:00
NIFTY RURAL,BAJFINANCE,,2026-04-14T01:22:41.013948+00:00
NIFTY RURAL,EICHERMOT,,2026-04-14T01:22:41.013948+00:00
NIFTY RURAL,TATAPOWER,,2026-04-14T01:22:41.013948+00:00
NIFTY RURAL,SHRIRAMFIN,,2026-04-14T01:22:41.013948+00:00
NIFTY RURAL,ADANIGREEN,,2026-04-14T01:22:41.013948+00:00
NIFTY RURAL,TMCV,,2026-04-14T01:22:41.013948+00:00
NIFTY RURAL,DIXON,,2026-04-14T01:22:41.013948+00:00
NIFTY RURAL,NTPC,,2026-04-14T01:22:41.013948+00:00
NIFTY RURAL,CHOLAFIN,,2026-04-14T01:22:41.013948+00:00
NIFTY RURAL,ITC,,2026-04-14T01:22:41.013948+00:00
NIFTY RURAL,TMPV,,2026-04-14T01:22:41.013948+00:00
NIFTY RURAL,CUMMINSIND,,2026-04-14T01:22:41.013948+00:00
NIFTY RURAL,HINDUNILVR,,2026-04-14T01:22:41.013948+00:00
NIFTY RURAL,IDEA,,2026-04-14T01:22:41.013948+00:00
NIFTY RURAL,JSWENERGY,,2026-04-14T01:22:41.013948+00:00
NIFTY RURAL,ASIANPAINT,,2026-04-14T01:22:41.013948+00:00
NIFTY RURAL,HEROMOTOCO,,2026-04-14T01:22:41.013948+00:00
NIFTY RURAL,VOLTAS,,2026-04-14T01:22:41.013948+00:00
NIFTY RURAL,ASHOKLEY,,2026-04-14T01:22:41.013948+00:00
NIFTY RURAL,BAJAJ-AUTO,,2026-04-14T01:22:41.013948+00:00
NIFTY RURAL,HDFCLIFE,,2026-04-14T01:22:41.013948+00:00
NIFTY RURAL,GRASIM,,2026-04-14T01:22:41.013948+00:00
NIFTY RURAL,BANKBARODA,,2026-04-14T01:22:41.013948+00:00
NIFTY RURAL,ULTRACEMCO,,2026-04-14T01:22:41.013948+00:00
NIFTY RURAL,TVSMOTOR,,2026-04-14T01:22:41.013948+00:00
NIFTY RURAL,PNB,,2026-04-14T01:22:41.013948+00:00
NIFTY RURAL,BRITANNIA,,2026-04-14T01:22:41.013948+00:00
NIFTY RURAL,LICI,,2026-04-14T01:22:41.013948+00:00
NIFTY RURAL,MUTHOOTFIN,,2026-04-14T01:22:41.013948+00:00
NIFTY RURAL,TATACONSUM,,2026-04-14T01:22:41.013948+00:00
NIFTY RURAL,BANKINDIA,,2026-04-14T01:22:41.013948+00:00
NIFTY RURAL,POONAWALLA,,2026-04-14T01:22:41.013948+00:00
NIFTY RURAL,NESTLEIND,,2026-04-14T01:22:41.013948+00:00
NIFTY RURAL,HYUNDAI,,2026-04-14T01:22:41.013948+00:00
NIFTY RURAL,MARICO,,2026-04-14T01:22:41.013948+00:00
NIFTY RURAL,INDIANB,,2026-04-14T01:22:41.013948+00:00
NIFTY RURAL,BLUESTARCO,,2026-04-14T01:22:41.013948+00:00
NIFTY RURAL,LTF,,2026-04-14T01:22:41.013948+00:00
NIFTY RURAL,SUPREMEIND,,2026-04-14T01:22:41.013948+00:00
NIFTY RURAL,SBILIFE,,2026-04-14T01:22:41.013948+00:00
NIFTY RURAL,HAVELLS,,2026-04-14T01:22:41.013948+00:00
NIFTY RURAL,GODREJCP,,2026-04-14T01:22:41.013948+00:00
NIFTY RURAL,NHPC,,2026-04-14T01:22:41.013948+00:00
NIFTY RURAL,UPL,,2026-04-14T01:22:41.013948+00:00
NIFTY RURAL,ASTRAL,,2026-04-14T01:22:41.013948+00:00
NIFTY RURAL,TORNTPOWER,,2026-04-14T01:22:41.013948+00:00
NIFTY RURAL,AMBUJACEM,,2026-04-14T01:22:41.013948+00:00
NIFTY RURAL,BANDHANBNK,,2026-04-14T01:22:41.013948+00:00
NIFTY RURAL,MFSL,,2026-04-14T01:22:41.013948+00:00
NIFTY RURAL,SBICARD,,2026-04-14T01:22:41.013948+00:00
NIFTY RURAL,COLPAL,,2026-04-14T01:22:41.013948+00:00
NIFTY RURAL,PNBHOUSING,,2026-04-14T01:22:41.013948+00:00
NIFTY RURAL,JKCEMENT,,2026-04-14T01:22:41.013948+00:00
NIFTY RURAL,PATANJALI,,2026-04-14T01:22:41.013948+00:00
NIFTY RURAL,LICHSGFIN,,2026-04-14T01:22:41.013948+00:00
NIFTY RURAL,SHREECEM,,2026-04-14T01:22:41.013948+00:00
NIFTY RURAL,IRCTC,,2026-04-14T01:22:41.013948+00:00
NIFTY RURAL,DALBHARAT,,2026-04-14T01:22:41.013948+00:00
NIFTY RURAL,ICICIPRULI,,2026-04-14T01:22:41.013948+00:00
NIFTY RURAL,M&MFIN,,2026-04-14T01:22:41.013948+00:00
NIFTY RURAL,DABUR,,2026-04-14T01:22:41.013948+00:00
NIFTY RURAL,CROMPTON,,2026-04-14T01:22:41.013948+00:00
NIFTY RURAL,ACC,,2026-04-14T01:22:41.013948+00:00
NIFTY RURAL,COROMANDEL,,2026-04-14T01:22:41.013948+00:00
NIFTY RURAL,TATACOMM,,2026-04-14T01:22:41.013948+00:00
NIFTY RURAL,PIIND,,2026-04-14T01:22:41.013948+00:00
NIFTY RURAL,SUNDARMFIN,,2026-04-14T01:22:41.013948+00:00
NIFTY RURAL,PIRAMALFIN,,2026-04-14T01:22:41.013948+00:00
NIFTY RURAL,ESCORTS,,2026-04-14T01:22:41.013948+00:00
NIFTY RURAL,BERGEPAINT,,2026-04-14T01:22:41.013948+00:00
NIFTY SHARIAH 25,TCS,,2026-04-14T01:22:41.013948+00:00
NIFTY SHARIAH 25,ONGC,,2026-04-14T01:22:41.013948+00:00
NIFTY SHARIAH 25,DIXON,,2026-04-14T01:22:41.013948+00:00
NIFTY SHARIAH 25,MOTHERSON,,2026-04-14T01:22:41.013948+00:00
NIFTY SHARIAH 25,CUMMINSIND,,2026-04-14T01:22:41.013948+00:00
NIFTY SHARIAH 25,HINDUNILVR,,2026-04-14T01:22:41.013948+00:00
NIFTY SHARIAH 25,ASIANPAINT,,2026-04-14T01:22:41.013948+00:00
NIFTY SHARIAH 25,HEROMOTOCO,,2026-04-14T01:22:41.013948+00:00
NIFTY SHARIAH 25,HCLTECH,,2026-04-14T01:22:41.013948+00:00
NIFTY SHARIAH 25,ULTRACEMCO,,2026-04-14T01:22:41.013948+00:00
NIFTY SHARIAH 25,PERSISTENT,,2026-04-14T01:22:41.013948+00:00
NIFTY SHARIAH 25,COFORGE,,2026-04-14T01:22:41.013948+00:00
NIFTY SHARIAH 25,GAIL,,2026-04-14T01:22:41.013948+00:00
NIFTY SHARIAH 25,CIPLA,,2026-04-14T01:22:41.013948+00:00
NIFTY SHARIAH 25,TECHM,,2026-04-14T01:22:41.013948+00:00
NIFTY SHARIAH 25,TATACONSUM,,2026-04-14T01:22:41.013948+00:00
NIFTY SHARIAH 25,DRREDDY,,2026-04-14T01:22:41.013948+00:00
NIFTY SHARIAH 25,LUPIN,,2026-04-14T01:22:41.013948+00:00
NIFTY SHARIAH 25,SRF,,2026-04-14T01:22:41.013948+00:00
NIFTY SHARIAH 25,NESTLEIND,,2026-04-14T01:22:41.013948+00:00
NIFTY SHARIAH 25,CGPOWER,,2026-04-14T01:22:41.013948+00:00
NIFTY SHARIAH 25,HAVELLS,,2026-04-14T01:22:41.013948+00:00
NIFTY SHARIAH 25,GODREJCP,,2026-04-14T01:22:41.013948+00:00
NIFTY SHARIAH 25,PIDILITIND,,2026-04-14T01:22:41.013948+00:00
NIFTY SHARIAH 25,LTM,,2026-04-14T01:22:41.013948+00:00
NIFTY TRANS LOGIS,MARUTI,,2026-04-14T01:22:41.013948+00:00
NIFTY TRANS LOGIS,ETERNAL,,2026-04-14T01:22:41.013948+00:00
NIFTY TRANS LOGIS,M&M,,2026-04-14T01:22:41.013948+00:00
NIFTY TRANS LOGIS,EICHERMOT,,2026-04-14T01:22:41.013948+00:00
NIFTY TRANS LOGIS,INDIGO,,2026-04-14T01:22:41.013948+00:00
NIFTY TRANS LOGIS,MAZDOCK,,2026-04-14T01:22:41.013948+00:00
NIFTY TRANS LOGIS,TMCV,,2026-04-14T01:22:41.013948+00:00
NIFTY TRANS LOGIS,ADANIPORTS,,2026-04-14T01:22:41.013948+00:00
NIFTY TRANS LOGIS,MOTHERSON,,2026-04-14T01:22:41.013948+00:00
NIFTY TRANS LOGIS,TMPV,,2026-04-14T01:22:41.013948+00:00
NIFTY TRANS LOGIS,HEROMOTOCO,,2026-04-14T01:22:41.013948+00:00
NIFTY TRANS LOGIS,ASHOKLEY,,2026-04-14T01:22:41.013948+00:00
NIFTY TRANS LOGIS,BAJAJ-AUTO,,2026-04-14T01:22:41.013948+00:00
NIFTY TRANS LOGIS,SONACOMS,,2026-04-14T01:22:41.013948+00:00
NIFTY TRANS LOGIS,SWIGGY,,2026-04-14T01:22:41.013948+00:00
NIFTY TRANS LOGIS,TVSMOTOR,,2026-04-14T01:22:41.013948+00:00
NIFTY TRANS LOGIS,BOSCHLTD,,2026-04-14T01:22:41.013948+00:00
NIFTY TRANS LOGIS,BHARATFORG,,2026-04-14T01:22:41.013948+00:00
NIFTY TRANS LOGIS,HYUNDAI,,2026-04-14T01:22:41.013948+00:00
NIFTY TRANS LOGIS,GMRAIRPORT,,2026-04-14T01:22:41.013948+00:00
NIFTY TRANS LOGIS,EXIDEIND,,2026-04-14T01:22:41.013948+00:00
NIFTY TRANS LOGIS,MRF,,2026-04-14T01:22:41.013948+00:00
NIFTY TRANS LOGIS,UNOMINDA,,2026-04-14T01:22:41.013948+00:00
NIFTY TRANS LOGIS,DELHIVERY,,2026-04-14T01:22:41.013948+00:00
NIFTY TRANS LOGIS,IRCTC,,2026-04-14T01:22:41.013948+00:00
NIFTY TRANS LOGIS,SCHAEFFLER,,2026-04-14T01:22:41.013948+00:00
NIFTY TRANS LOGIS,CONCOR,,2026-04-14T01:22:41.013948+00:00
NIFTY TRANS LOGIS,BALKRISIND,,2026-04-14T01:22:41.013948+00:00
NIFTY TRANS LOGIS,APOLLOTYRE,,2026-04-14T01:22:41.013948+00:00
NIFTY TRANS LOGIS,TIINDIA,,2026-04-14T01:22:41.013948+00:00
NIFTY50 SHARIAH,INFY,,2026-04-14T01:22:41.013948+00:00
NIFTY50 SHARIAH,TCS,,2026-04-14T01:22:41.013948+00:00
NIFTY50 SHARIAH,ONGC,,2026-04-14T01:22:41.013948+00:00
NIFTY50 SHARIAH,SUNPHARMA,,2026-04-14T01:22:41.013948+00:00
NIFTY50 SHARIAH,HINDALCO,,2026-04-14T01:22:41.013948+00:00
NIFTY50 SHARIAH,TMPV,,2026-04-14T01:22:41.013948+00:00
NIFTY50 SHARIAH,HINDUNILVR,,2026-04-14T01:22:41.013948+00:00
NIFTY50 SHARIAH,ASIANPAINT,,2026-04-14T01:22:41.013948+00:00
NIFTY50 SHARIAH,HCLTECH,,2026-04-14T01:22:41.013948+00:00
NIFTY50 SHARIAH,ULTRACEMCO,,2026-04-14T01:22:41.013948+00:00
NIFTY50 SHARIAH,MAXHEALTH,,2026-04-14T01:22:41.013948+00:00
NIFTY50 SHARIAH,CIPLA,,2026-04-14T01:22:41.013948+00:00
NIFTY50 SHARIAH,TECHM,,2026-04-14T01:22:41.013948+00:00
NIFTY50 SHARIAH,TATACONSUM,,2026-04-14T01:22:41.013948+00:00
NIFTY50 SHARIAH,DRREDDY,,2026-04-14T01:22:41.013948+00:00
NIFTY50 SHARIAH,NESTLEIND,,2026-04-14T01:22:41.013948+00:00
NIFTY50 SHARIAH,TRENT,,2026-04-14T01:22:41.013948+00:00
NIFTY500 SHARIAH,ZYDUSWELL,,2026-04-14T01:22:41.013948+00:00
NIFTY500 SHARIAH,INFY,,2026-04-14T01:22:41.013948+00:00
NIFTY500 SHARIAH,BHEL,,2026-04-14T01:22:41.013948+00:00
NIFTY500 SHARIAH,TATACHEM,,2026-04-14T01:22:41.013948+00:00
NIFTY500 SHARIAH,TCS,,2026-04-14T01:22:41.013948+00:00
NIFTY500 SHARIAH,ONGC,,2026-04-14T01:22:41.013948+00:00
NIFTY500 SHARIAH,HFCL,,2026-04-14T01:22:41.013948+00:00
NIFTY500 SHARIAH,SUNPHARMA,,2026-04-14T01:22:41.013948+00:00
NIFTY500 SHARIAH,POWERINDIA,,2026-04-14T01:22:41.013948+00:00
NIFTY500 SHARIAH,SUZLON,,2026-04-14T01:22:41.013948+00:00
NIFTY500 SHARIAH,DIXON,,2026-04-14T01:22:41.013948+00:00
NIFTY500 SHARIAH,JYOTICNC,,2026-04-14T01:22:41.013948+00:00
NIFTY500 SHARIAH,NATIONALUM,,2026-04-14T01:22:41.013948+00:00
NIFTY500 SHARIAH,MOTHERSON,,2026-04-14T01:22:41.013948+00:00
NIFTY500 SHARIAH,SAIL,,2026-04-14T01:22:41.013948+00:00
NIFTY500 SHARIAH,HINDALCO,,2026-04-14T01:22:41.013948+00:00
NIFTY500 SHARIAH,TMPV,,2026-04-14T01:22:41.013948+00:00
NIFTY500 SHARIAH,CUMMINSIND,,2026-04-14T01:22:41.013948+00:00
NIFTY500 SHARIAH,HINDUNILVR,,2026-04-14T01:22:41.013948+00:00
NIFTY500 SHARIAH,ASIANPAINT,,2026-04-14T01:22:41.013948+00:00
NIFTY500 SHARIAH,HEROMOTOCO,,2026-04-14T01:22:41.013948+00:00
NIFTY500 SHARIAH,BPCL,,2026-04-14T01:22:41.013948+00:00
NIFTY500 SHARIAH,DMART,,2026-04-14T01:22:41.013948+00:00
NIFTY500 SHARIAH,VOLTAS,,2026-04-14T01:22:41.013948+00:00
NIFTY500 SHARIAH,OLECTRA,,2026-04-14T01:22:41.013948+00:00
NIFTY500 SHARIAH,POLYCAB,,2026-04-14T01:22:41.013948+00:00
NIFTY500 SHARIAH,AMBER,,2026-04-14T01:22:41.013948+00:00
NIFTY500 SHARIAH,APLAPOLLO,,2026-04-14T01:22:41.013948+00:00
NIFTY500 SHARIAH,FORCEMOT,,2026-04-14T01:22:41.013948+00:00
NIFTY500 SHARIAH,GVT&D,,2026-04-14T01:22:41.013948+00:00
NIFTY500 SHARIAH,HINDCOPPER,,2026-04-14T01:22:41.013948+00:00
NIFTY500 SHARIAH,HCLTECH,,2026-04-14T01:22:41.013948+00:00
NIFTY500 SHARIAH,TORNTPHARM,,2026-04-14T01:22:41.013948+00:00
NIFTY500 SHARIAH,ATGL,,2026-04-14T01:22:41.013948+00:00
NIFTY500 SHARIAH,COHANCE,,2026-04-14T01:22:41.013948+00:00
NIFTY500 SHARIAH,ULTRACEMCO,,2026-04-14T01:22:41.013948+00:00
NIFTY500 SHARIAH,SWIGGY,,2026-04-14T01:22:41.013948+00:00
NIFTY500 SHARIAH,PERSISTENT,,2026-04-14T01:22:41.013948+00:00
NIFTY500 SHARIAH,COFORGE,,2026-04-14T01:22:41.013948+00:00
NIFTY500 SHARIAH,GAIL,,2026-04-14T01:22:41.013948+00:00
NIFTY500 SHARIAH,MAXHEALTH,,2026-04-14T01:22:41.013948+00:00
NIFTY500 SHARIAH,TARIL,,2026-04-14T01:22:41.013948+00:00
NIFTY500 SHARIAH,LODHA,,2026-04-14T01:22:41.013948+00:00
NIFTY500 SHARIAH,THERMAX,,2026-04-14T01:22:41.013948+00:00
NIFTY500 SHARIAH,CIPLA,,2026-04-14T01:22:41.013948+00:00
NIFTY500 SHARIAH,BRITANNIA,,2026-04-14T01:22:41.013948+00:00
NIFTY500 SHARIAH,INOXWIND,,2026-04-14T01:22:41.013948+00:00
NIFTY500 SHARIAH,AUROPHARMA,,2026-04-14T01:22:41.013948+00:00
NIFTY500 SHARIAH,TECHM,,2026-04-14T01:22:41.013948+00:00
NIFTY500 SHARIAH,TATACONSUM,,2026-04-14T01:22:41.013948+00:00
NIFTY500 SHARIAH,DRREDDY,,2026-04-14T01:22:41.013948+00:00
NIFTY500 SHARIAH,LUPIN,,2026-04-14T01:22:41.013948+00:00
NIFTY500 SHARIAH,SRF,,2026-04-14T01:22:41.013948+00:00
NIFTY500 SHARIAH,NESTLEIND,,2026-04-14T01:22:41.013948+00:00
NIFTY500 SHARIAH,TRENT,,2026-04-14T01:22:41.013948+00:00
NIFTY500 SHARIAH,HYUNDAI,,2026-04-14T01:22:41.013948+00:00
NIFTY500 SHARIAH,MARICO,,2026-04-14T01:22:41.013948+00:00
NIFTY500 SHARIAH,WELCORP,,2026-04-14T01:22:41.013948+00:00
NIFTY500 SHARIAH,GLENMARK,,2026-04-14T01:22:41.013948+00:00
NIFTY500 SHARIAH,NETWEB,,2026-04-14T01:22:41.013948+00:00
NIFTY500 SHARIAH,PGEL,,2026-04-14T01:22:41.013948+00:00
NIFTY500 SHARIAH,GALLANTT,,2026-04-14T01:22:41.013948+00:00
NIFTY500 SHARIAH,CGPOWER,,2026-04-14T01:22:41.013948+00:00
NIFTY500 SHARIAH,KEI,,2026-04-14T01:22:41.013948+00:00
NIFTY500 SHARIAH,HSCL,,2026-04-14T01:22:41.013948+00:00
NIFTY500 SHARIAH,CHENNPETRO,,2026-04-14T01:22:41.013948+00:00
NIFTY500 SHARIAH,BLUESTARCO,,2026-04-14T01:22:41.013948+00:00
NIFTY500 SHARIAH,APARINDS,,2026-04-14T01:22:41.013948+00:00
NIFTY500 SHARIAH,JINDALSTEL,,2026-04-14T01:22:41.013948+00:00
NIFTY500 SHARIAH,RVNL,,2026-04-14T01:22:41.013948+00:00
NIFTY500 SHARIAH,SCI,,2026-04-14T01:22:41.013948+00:00
NIFTY500 SHARIAH,SUPREMEIND,,2026-04-14T01:22:41.013948+00:00
NIFTY500 SHARIAH,VMM,,2026-04-14T01:22:41.013948+00:00
NIFTY500 SHARIAH,HAVELLS,,2026-04-14T01:22:41.013948+00:00
NIFTY500 SHARIAH,INDUSTOWER,,2026-04-14T01:22:41.013948+00:00
NIFTY500 SHARIAH,JBCHEPHARM,,2026-04-14T01:22:41.013948+00:00
NIFTY500 SHARIAH,GODREJCP,,2026-04-14T01:22:41.013948+00:00
NIFTY500 SHARIAH,ASTRAL,,2026-04-14T01:22:41.013948+00:00
NIFTY500 SHARIAH,PETRONET,,2026-04-14T01:22:41.013948+00:00
NIFTY500 SHARIAH,GPIL,,2026-04-14T01:22:41.013948+00:00
NIFTY500 SHARIAH,TORNTPOWER,,2026-04-14T01:22:41.013948+00:00
NIFTY500 SHARIAH,EXIDEIND,,2026-04-14T01:22:41.013948+00:00
NIFTY500 SHARIAH,PIDILITIND,,2026-04-14T01:22:41.013948+00:00
NIFTY500 SHARIAH,WOCKPHARMA,,2026-04-14T01:22:41.013948+00:00
NIFTY500 SHARIAH,ENRIN,,2026-04-14T01:22:41.013948+00:00
NIFTY500 SHARIAH,ANANTRAJ,,2026-04-14T01:22:41.013948+00:00
NIFTY500 SHARIAH,IGL,,2026-04-14T01:22:41.013948+00:00
NIFTY500 SHARIAH,ALKEM,,2026-04-14T01:22:41.013948+00:00
NIFTY500 SHARIAH,KPITTECH,,2026-04-14T01:22:41.013948+00:00
NIFTY500 SHARIAH,MRF,,2026-04-14T01:22:41.013948+00:00
NIFTY500 SHARIAH,UNOMINDA,,2026-04-14T01:22:41.013948+00:00
NIFTY500 SHARIAH,PAGEIND,,2026-04-14T01:22:41.013948+00:00
NIFTY500 SHARIAH,SYRMA,,2026-04-14T01:22:41.013948+00:00
NIFTY500 SHARIAH,CPPLUS,,2026-04-14T01:22:41.013948+00:00
NIFTY500 SHARIAH,FORTIS,,2026-04-14T01:22:41.013948+00:00
NIFTY500 SHARIAH,COLPAL,,2026-04-14T01:22:41.013948+00:00
NIFTY500 SHARIAH,HEG,,2026-04-14T01:22:41.013948+00:00
NIFTY500 SHARIAH,NBCC,,2026-04-14T01:22:41.013948+00:00
NIFTY500 SHARIAH,LLOYDSME,,2026-04-14T01:22:41.013948+00:00
NIFTY500 SHARIAH,LTM,,2026-04-14T01:22:41.013948+00:00
NIFTY500 SHARIAH,JSL,,2026-04-14T01:22:41.013948+00:00
NIFTY500 SHARIAH,NEULANDLAB,,2026-04-14T01:22:41.013948+00:00
NIFTY500 SHARIAH,PATANJALI,,2026-04-14T01:22:41.013948+00:00
NIFTY500 SHARIAH,ABFRL,,2026-04-14T01:22:41.013948+00:00
NIFTY500 SHARIAH,REDINGTON,,2026-04-14T01:22:41.013948+00:00
NIFTY500 SHARIAH,JWL,,2026-04-14T01:22:41.013948+00:00
NIFTY500 SHARIAH,DALBHARAT,,2026-04-14T01:22:41.013948+00:00
NIFTY500 SHARIAH,JINDALSAW,,2026-04-14T01:22:41.013948+00:00
NIFTY500 SHARIAH,ITI,,2026-04-14T01:22:41.013948+00:00
NIFTY500 SHARIAH,ZYDUSLIFE,,2026-04-14T01:22:41.013948+00:00
NIFTY500 SHARIAH,TITAGARH,,2026-04-14T01:22:41.013948+00:00
NIFTY500 SHARIAH,MPHASIS,,2026-04-14T01:22:41.013948+00:00
NIFTY500 SHARIAH,FIRSTCRY,,2026-04-14T01:22:41.013948+00:00
NIFTY500 SHARIAH,ARE&M,,2026-04-14T01:22:41.013948+00:00
NIFTY500 SHARIAH,CROMPTON,,2026-04-14T01:22:41.013948+00:00
NIFTY500 SHARIAH,AJANTPHARM,,2026-04-14T01:22:41.013948+00:00
NIFTY500 SHARIAH,GRAVITA,,2026-04-14T01:22:41.013948+00:00
NIFTY500 SHARIAH,SAGILITY,,2026-04-14T01:22:41.013948+00:00
NIFTY500 SHARIAH,COROMANDEL,,2026-04-14T01:22:41.013948+00:00
NIFTY500 SHARIAH,SCHAEFFLER,,2026-04-14T01:22:41.013948+00:00
NIFTY500 SHARIAH,MGL,,2026-04-14T01:22:41.013948+00:00
NIFTY500 SHARIAH,NAVA,,2026-04-14T01:22:41.013948+00:00
NIFTY500 SHARIAH,BLUEJET,,2026-04-14T01:22:41.013948+00:00
NIFTY500 SHARIAH,KEC,,2026-04-14T01:22:41.013948+00:00
NIFTY500 SHARIAH,SAILIFE,,2026-04-14T01:22:41.013948+00:00
NIFTY500 SHARIAH,LINDEINDIA,,2026-04-14T01:22:41.013948+00:00
NIFTY500 SHARIAH,TIMKEN,,2026-04-14T01:22:41.013948+00:00
NIFTY500 SHARIAH,LTTS,,2026-04-14T01:22:41.013948+00:00
NIFTY500 SHARIAH,EMCURE,,2026-04-14T01:22:41.013948+00:00
NIFTY500 SHARIAH,GRANULES,,2026-04-14T01:22:41.013948+00:00
NIFTY500 SHARIAH,ECLERX,,2026-04-14T01:22:41.013948+00:00
NIFTY500 SHARIAH,ACE,,2026-04-14T01:22:41.013948+00:00
NIFTY500 SHARIAH,CHAMBLFERT,,2026-04-14T01:22:41.013948+00:00
NIFTY500 SHARIAH,TATATECH,,2026-04-14T01:22:41.013948+00:00
NIFTY500 SHARIAH,NCC,,2026-04-14T01:22:41.013948+00:00
NIFTY500 SHARIAH,DEEPAKNTR,,2026-04-14T01:22:41.013948+00:00
NIFTY500 SHARIAH,RAILTEL,,2026-04-14T01:22:41.013948+00:00
NIFTY500 SHARIAH,FINCABLES,,2026-04-14T01:22:41.013948+00:00
NIFTY500 SHARIAH,BALKRISIND,,2026-04-14T01:22:41.013948+00:00
NIFTY500 SHARIAH,AFCONS,,2026-04-14T01:22:41.013948+00:00
NIFTY500 SHARIAH,ELGIEQUIP,,2026-04-14T01:22:41.013948+00:00
NIFTY500 SHARIAH,APOLLOTYRE,,2026-04-14T01:22:41.013948+00:00
NIFTY500 SHARIAH,CEATLTD,,2026-04-14T01:22:41.013948+00:00
NIFTY500 SHARIAH,KAJARIACER,,2026-04-14T01:22:41.013948+00:00
NIFTY500 SHARIAH,MSUMI,,2026-04-14T01:22:41.013948+00:00
NIFTY500 SHARIAH,TIINDIA,,2026-04-14T01:22:41.013948+00:00
NIFTY500 SHARIAH,RRKABEL,,2026-04-14T01:22:41.013948+00:00
NIFTY500 SHARIAH,ASTERDM,,2026-04-14T01:22:41.013948+00:00
NIFTY500 SHARIAH,NSLNISP,,2026-04-14T01:22:41.013948+00:00
NIFTY500 SHARIAH,EMAMILTD,,2026-04-14T01:22:41.013948+00:00
NIFTY500 SHARIAH,CYIENT,,2026-04-14T01:22:41.013948+00:00
NIFTY500 SHARIAH,ELECON,,2026-04-14T01:22:41.013948+00:00
NIFTY500 SHARIAH,WHIRLPOOL,,2026-04-14T01:22:41.013948+00:00
NIFTY500 SHARIAH,CRISIL,,2026-04-14T01:22:41.013948+00:00
NIFTY500 SHARIAH,BAYERCROP,,2026-04-14T01:22:41.013948+00:00
NIFTY500 SHARIAH,CASTROLIND,,2026-04-14T01:22:41.013948+00:00
NIFTY500 SHARIAH,SYNGENE,,2026-04-14T01:22:41.013948+00:00
NIFTY500 SHARIAH,VTL,,2026-04-14T01:22:41.013948+00:00
NIFTY500 SHARIAH,LTFOODS,,2026-04-14T01:22:41.013948+00:00
NIFTY500 SHARIAH,GILLETTE,,2026-04-14T01:22:41.013948+00:00
NIFTY500 SHARIAH,TRIDENT,,2026-04-14T01:22:41.013948+00:00
NIFTY500 SHARIAH,TENNIND,,2026-04-14T01:22:41.013948+00:00
NIFTY500 SHARIAH,CEMPRO,,2026-04-14T01:22:41.013948+00:00
NIFTY500 SHARIAH,GABRIEL,,2026-04-14T01:22:41.013948+00:00
NIFTY500 SHARIAH,BSOFT,,2026-04-14T01:22:41.013948+00:00
NIFTY500 SHARIAH,FSL,,2026-04-14T01:22:41.013948+00:00
NIFTY500 SHARIAH,BERGEPAINT,,2026-04-14T01:22:41.013948+00:00
NIFTY500 SHARIAH,BATAINDIA,,2026-04-14T01:22:41.013948+00:00
NIFTY500 SHARIAH,GSPL,,2026-04-14T01:22:41.013948+00:00
NIFTY500 SHARIAH,AKZOINDIA,,2026-04-14T01:22:41.013948+00:00
NIFTY500 SHARIAH,IPCALAB,,2026-04-14T01:22:41.013948+00:00
NIFTY500 SHARIAH,ENDURANCE,,2026-04-14T01:22:41.013948+00:00
NIFTY500 SHARIAH,SWANCORP,,2026-04-14T01:22:41.013948+00:00
NIFTY500 SHARIAH,BBTC,,2026-04-14T01:22:41.013948+00:00
NIFTY500 SHARIAH,MEDANTA,,2026-04-14T01:22:41.013948+00:00
NIFTY500 SHARIAH,FLUOROCHEM,,2026-04-14T01:22:41.013948+00:00
NIFTY500 SHARIAH,SOBHA,,2026-04-14T01:22:41.013948+00:00
NIFTY500 SHARIAH,KPIL,,2026-04-14T01:22:41.013948+00:00
NIFTY500 SHARIAH,USHAMART,,2026-04-14T01:22:41.013948+00:00
NIFTY500 SHARIAH,3MINDIA,,2026-04-14T01:22:41.013948+00:00
NIFTY500 SHARIAH,CONCORDBIO,,2026-04-14T01:22:41.013948+00:00
NIFTY500 SHARIAH,WELSPUNLIV,,2026-04-14T01:22:41.013948+00:00
NIFTY500 SHARIAH,SONATSOFTW,,2026-04-14T01:22:41.013948+00:00
NIFTY500 SHARIAH,BLUEDART,,2026-04-14T01:22:41.013948+00:00
NIFTY500 SHARIAH,HEXT,,2026-04-14T01:22:41.013948+00:00
NIFTY500 SHARIAH,SHYAMMETL,,2026-04-14T01:22:41.013948+00:00
NIFTY500 SHARIAH,NUVOCO,,2026-04-14T01:22:41.013948+00:00
NIFTY500 SHARIAH,TBOTEK,,2026-04-14T01:22:41.013948+00:00
NIFTY500 SHARIAH,CARBORUNIV,,2026-04-14T01:22:41.013948+00:00
NIFTY500 SHARIAH,JUBLINGREA,,2026-04-14T01:22:41.013948+00:00
NIFTY500 SHARIAH,ABLBL,,2026-04-14T01:22:41.013948+00:00
NIFTY500 SHARIAH,TEGA,,2026-04-14T01:22:41.013948+00:00
NIFTY500 SHARIAH,ATUL,,2026-04-14T01:22:41.013948+00:00
NIFTY500 SHARIAH,DOMS,,2026-04-14T01:22:41.013948+00:00
NIFTY500 SHARIAH,JUBLPHARMA,,2026-04-14T01:22:41.013948+00:00
NIFTY500 SHARIAH,SPLPETRO,,2026-04-14T01:22:41.013948+00:00
NIFTY500 SHARIAH,BIKAJI,,2026-04-14T01:22:41.013948+00:00
NIFTY500 SHARIAH,RHIM,,2026-04-14T01:22:41.013948+00:00
NIFTY SME EMERGE,BAWEJA,,2026-04-14T01:22:41.013948+00:00
NIFTY SME EMERGE,SUPREMEPWR,,2026-04-14T01:22:41.013948+00:00
NIFTY SME EMERGE,LLOYDS,,2026-04-14T01:22:41.013948+00:00
NIFTY SME EMERGE,GREENLEAF,,2026-04-14T01:22:41.013948+00:00
NIFTY SME EMERGE,UHTL,,2026-04-14T01:22:41.013948+00:00
NIFTY SME EMERGE,CELLPOINT,,2026-04-14T01:22:41.013948+00:00
NIFTY SME EMERGE,STUDIOLSD,,2026-04-14T01:22:41.013948+00:00
NIFTY SME EMERGE,UMA,,2026-04-14T01:22:41.013948+00:00
NIFTY SME EMERGE,ROCKINGDCE,,2026-04-14T01:22:41.013948+00:00
NIFTY SME EMERGE,KONTOR,,2026-04-14T01:22:41.013948+00:00
NIFTY SME EMERGE,KRISHCA,,2026-04-14T01:22:41.013948+00:00
NIFTY SME EMERGE,GLOBALPET,,2026-04-14T01:22:41.013948+00:00
NIFTY SME EMERGE,BIKEWO,,2026-04-14T01:22:41.013948+00:00
NIFTY SME EMERGE,SATKARTAR,,2026-04-14T01:22:41.013948+00:00
NIFTY SME EMERGE,ONYX,,2026-04-14T01:22:41.013948+00:00
NIFTY SME EMERGE,REFRACTORY,,2026-04-14T01:22:41.013948+00:00
NIFTY SME EMERGE,ALPEXSOLAR,,2026-04-14T01:22:41.013948+00:00
NIFTY SME EMERGE,SATTVAENGG,,2026-04-14T01:22:41.013948+00:00
NIFTY SME EMERGE,DELTIC,,2026-04-14T01:22:41.013948+00:00
NIFTY SME EMERGE,MACOBSTECH,,2026-04-14T01:22:41.013948+00:00
NIFTY SME EMERGE,SRIVASAVI,,2026-04-14T01:22:41.013948+00:00
NIFTY SME EMERGE,TBI,,2026-04-14T01:22:41.013948+00:00
NIFTY SME EMERGE,JAYESH,,2026-04-14T01:22:41.013948+00:00
NIFTY SME EMERGE,MAXVOLT,,2026-04-14T01:22:41.013948+00:00
NIFTY SME EMERGE,CUDML,,2026-04-14T01:22:41.013948+00:00
NIFTY SME EMERGE,SPECTSTM,,2026-04-14T01:22:41.013948+00:00
NIFTY SME EMERGE,FROG,,2026-04-14T01:22:41.013948+00:00
NIFTY SME EMERGE,ACCENTMIC,,2026-04-14T01:22:41.013948+00:00
NIFTY SME EMERGE,ENFUSE,,2026-04-14T01:22:41.013948+00:00
NIFTY SME EMERGE,CGRAPHICS,,2026-04-14T01:22:41.013948+00:00
NIFTY SME EMERGE,VINYAS,,2026-04-14T01:22:41.013948+00:00
NIFTY SME EMERGE,AGNI,,2026-04-14T01:22:41.013948+00:00
NIFTY SME EMERGE,CMRSL,,2026-04-14T01:22:41.013948+00:00
NIFTY SME EMERGE,NEELAM,,2026-04-14T01:22:41.013948+00:00
NIFTY SME EMERGE,PRIZOR,,2026-04-14T01:22:41.013948+00:00
NIFTY SME EMERGE,SYNOPTICS,,2026-04-14T01:22:41.013948+00:00
NIFTY SME EMERGE,TEJASCARGO,,2026-04-14T01:22:41.013948+00:00
NIFTY SME EMERGE,NIRMAN,,2026-04-14T01:22:41.013948+00:00
NIFTY SME EMERGE,KDL,,2026-04-14T01:22:41.013948+00:00
NIFTY SME EMERGE,ASLIND,,2026-04-14T01:22:41.013948+00:00
NIFTY SME EMERGE,KORE,,2026-04-14T01:22:41.013948+00:00
NIFTY SME EMERGE,OWAIS,,2026-04-14T01:22:41.013948+00:00
NIFTY SME EMERGE,RADIOWALLA,,2026-04-14T01:22:41.013948+00:00
NIFTY SME EMERGE,MONOPHARMA,,2026-04-14T01:22:41.013948+00:00
NIFTY SME EMERGE,QUESTLAB,,2026-04-14T01:22:41.013948+00:00
NIFTY SME EMERGE,REXPRO,,2026-04-14T01:22:41.013948+00:00
NIFTY SME EMERGE,SONUINFRA,,2026-04-14T01:22:41.013948+00:00
NIFTY SME EMERGE,THESL,,2026-04-14T01:22:41.013948+00:00
NIFTY SME EMERGE,PURVFLEXI,,2026-04-14T01:22:41.013948+00:00
NIFTY SME EMERGE,AMEYA,,2026-04-14T01:22:41.013948+00:00
NIFTY SME EMERGE,TGL,,2026-04-14T01:22:41.013948+00:00
NIFTY SME EMERGE,CEDAAR,,2026-04-14T01:22:41.013948+00:00
NIFTY SME EMERGE,ACCORD,,2026-04-14T01:22:41.013948+00:00
NIFTY SME EMERGE,PRESSTONIC,,2026-04-14T01:22:41.013948+00:00
NIFTY SME EMERGE,SHRIKANHA,,2026-04-14T01:22:41.013948+00:00
NIFTY SME EMERGE,KONSTELEC,,2026-04-14T01:22:41.013948+00:00
NIFTY SME EMERGE,AUSL,,2026-04-14T01:22:41.013948+00:00
NIFTY SME EMERGE,GML,,2026-04-14T01:22:41.013948+00:00
NIFTY SME EMERGE,NAMOEWASTE,,2026-04-14T01:22:41.013948+00:00
NIFTY SME EMERGE,DIVYADHAN,,2026-04-14T01:22:41.013948+00:00
NIFTY SME EMERGE,MOS,,2026-04-14T01:22:41.013948+00:00
NIFTY SME EMERGE,NEWJAISA,,2026-04-14T01:22:41.013948+00:00
NIFTY SME EMERGE,JAINIK,,2026-04-14T01:22:41.013948+00:00
NIFTY SME EMERGE,MIEL,,2026-04-14T01:22:41.013948+00:00
NIFTY SME EMERGE,AAKAAR,,2026-04-14T01:22:41.013948+00:00
NIFTY SME EMERGE,HOLMARC,,2026-04-14T01:22:41.013948+00:00
NIFTY SME EMERGE,VGINFOTECH,,2026-04-14T01:22:41.013948+00:00
NIFTY SME EMERGE,CONTI,,2026-04-14T01:22:41.013948+00:00
NIFTY SME EMERGE,AMBANIORGO,,2026-04-14T01:22:41.013948+00:00
NIFTY SME EMERGE,SPUNWEB,,2026-04-14T01:22:41.013948+00:00
NIFTY SME EMERGE,TRIDHYA,,2026-04-14T01:22:41.013948+00:00
NIFTY SME EMERGE,COOLCAPS,,2026-04-14T01:22:41.013948+00:00
NIFTY SME EMERGE,MPTODAY,,2026-04-14T01:22:41.013948+00:00
NIFTY SME EMERGE,ANLON,,2026-04-14T01:22:41.013948+00:00
NIFTY SME EMERGE,GSMFOILS,,2026-04-14T01:22:41.013948+00:00
NIFTY SME EMERGE,AGARWALFT,,2026-04-14T01:22:41.013948+00:00
NIFTY SME EMERGE,SUNTECH,,2026-04-14T01:22:41.013948+00:00
NIFTY SME EMERGE,WINNY,,2026-04-14T01:22:41.013948+00:00
NIFTY SME EMERGE,ADDICTIVE,,2026-04-14T01:22:41.013948+00:00
NIFTY SME EMERGE,INSPIRE,,2026-04-14T01:22:41.013948+00:00
NIFTY SME EMERGE,ENVIRO,,2026-04-14T01:22:41.013948+00:00
NIFTY SME EMERGE,RCDL,,2026-04-14T01:22:41.013948+00:00
NIFTY SME EMERGE,GOLDSTAR,,2026-04-14T01:22:41.013948+00:00
NIFTY SME EMERGE,VELS,,2026-04-14T01:22:41.013948+00:00
NIFTY SME EMERGE,DOLLEX,,2026-04-14T01:22:41.013948+00:00
NIFTY SME EMERGE,RAPPID,,2026-04-14T01:22:41.013948+00:00
NIFTY SME EMERGE,AMCL,,2026-04-14T01:22:41.013948+00:00
NIFTY SME EMERGE,KATARIA,,2026-04-14T01:22:41.013948+00:00
NIFTY SME EMERGE,PLADAINFO,,2026-04-14T01:22:41.013948+00:00
NIFTY SME EMERGE,VIGOR,,2026-04-14T01:22:41.013948+00:00
NIFTY SME EMERGE,ASCOM,,2026-04-14T01:22:41.013948+00:00
NIFTY SME EMERGE,GGBL,,2026-04-14T01:22:41.013948+00:00
NIFTY SME EMERGE,ARCIIL,,2026-04-14T01:22:41.013948+00:00
NIFTY SME EMERGE,PRANIK,,2026-04-14T01:22:41.013948+00:00
NIFTY SME EMERGE,FORGEAUTO,,2026-04-14T01:22:41.013948+00:00
NIFTY SME EMERGE,SHUBHLAXMI,,2026-04-14T01:22:41.013948+00:00
NIFTY SME EMERGE,SUBAHOTELS,,2026-04-14T01:22:41.013948+00:00
NIFTY SME EMERGE,SOCL,,2026-04-14T01:22:41.013948+00:00
NIFTY SME EMERGE,TCL,,2026-04-14T01:22:41.013948+00:00
NIFTY SME EMERGE,SLONE,,2026-04-14T01:22:41.013948+00:00
NIFTY SME EMERGE,BARFLEX,,2026-04-14T01:22:41.013948+00:00
NIFTY SME EMERGE,RITEZONE,,2026-04-14T01:22:41.013948+00:00
NIFTY SME EMERGE,MASTER,,2026-04-14T01:22:41.013948+00:00
NIFTY SME EMERGE,HOACFOODS,,2026-04-14T01:22:41.013948+00:00
NIFTY SME EMERGE,TIRUPATI,,2026-04-14T01:22:41.013948+00:00
NIFTY SME EMERGE,MMEL,,2026-04-14T01:22:41.013948+00:00
NIFTY SME EMERGE,PRIMECAB,,2026-04-14T01:22:41.013948+00:00
NIFTY SME EMERGE,AKANKSHA,,2026-04-14T01:22:41.013948+00:00
NIFTY SME EMERGE,UTSSAV,,2026-04-14T01:22:41.013948+00:00
NIFTY SME EMERGE,ONDOOR,,2026-04-14T01:22:41.013948+00:00
NIFTY SME EMERGE,DENEERS,,2026-04-14T01:22:41.013948+00:00
NIFTY SME EMERGE,KEN,,2026-04-14T01:22:41.013948+00:00
NIFTY SME EMERGE,SACHEEROME,,2026-04-14T01:22:41.013948+00:00
NIFTY SME EMERGE,SJLOGISTIC,,2026-04-14T01:22:41.013948+00:00
NIFTY SME EMERGE,FELIX,,2026-04-14T01:22:41.013948+00:00
NIFTY SME EMERGE,ALCODIS,,2026-04-14T01:22:41.013948+00:00
NIFTY SME EMERGE,CURIS,,2026-04-14T01:22:41.013948+00:00
NIFTY SME EMERGE,NEPTUNE,,2026-04-14T01:22:41.013948+00:00
NIFTY SME EMERGE,AGARWALTUF,,2026-04-14T01:22:41.013948+00:00
NIFTY SME EMERGE,IWARE,,2026-04-14T01:22:41.013948+00:00
NIFTY SME EMERGE,RAJINDLTD,,2026-04-14T01:22:41.013948+00:00
NIFTY SME EMERGE,SHREEKARNI,,2026-04-14T01:22:41.013948+00:00
NIFTY SME EMERGE,SUNREST,,2026-04-14T01:22:41.013948+00:00
NIFTY SME EMERGE,ELGNZ,,2026-04-14T01:22:41.013948+00:00
NIFTY SME EMERGE,GOYALSALT,,2026-04-14T01:22:41.013948+00:00
NIFTY SME EMERGE,VISHNUINFR,,2026-04-14T01:22:41.013948+00:00
NIFTY SME EMERGE,PUSHPA,,2026-04-14T01:22:41.013948+00:00
NIFTY SME EMERGE,SNEHAA,,2026-04-14T01:22:41.013948+00:00
NIFTY SME EMERGE,PELATRO,,2026-04-14T01:22:41.013948+00:00
NIFTY SME EMERGE,HRHNEXT,,2026-04-14T01:22:41.013948+00:00
NIFTY SME EMERGE,PRECISION,,2026-04-14T01:22:41.013948+00:00
NIFTY SME EMERGE,BRACEPORT,,2026-04-14T01:22:41.013948+00:00
NIFTY SME EMERGE,KANDARP,,2026-04-14T01:22:41.013948+00:00
NIFTY SME EMERGE,UCL,,2026-04-14T01:22:41.013948+00:00
NIFTY SME EMERGE,SAVY,,2026-04-14T01:22:41.013948+00:00
NIFTY SME EMERGE,KALANA,,2026-04-14T01:22:41.013948+00:00
NIFTY SME EMERGE,VINSYS,,2026-04-14T01:22:41.013948+00:00
NIFTY SME EMERGE,TRUST,,2026-04-14T01:22:41.013948+00:00
NIFTY SME EMERGE,GRCL,,2026-04-14T01:22:41.013948+00:00
NIFTY SME EMERGE,FALCONTECH,,2026-04-14T01:22:41.013948+00:00
NIFTY SME EMERGE,ANONDITA,,2026-04-14T01:22:41.013948+00:00
NIFTY SME EMERGE,SHIVASHRIT,,2026-04-14T01:22:41.013948+00:00
NIFTY SME EMERGE,ECOLINE,,2026-04-14T01:22:41.013948+00:00
NIFTY SME EMERGE,PARAMOUNT,,2026-04-14T01:22:41.013948+00:00
NIFTY SME EMERGE,SPEB,,2026-04-14T01:22:41.013948+00:00
NIFTY SME EMERGE,RNPL,,2026-04-14T01:22:41.013948+00:00
NIFTY SME EMERGE,EMKAYTOOLS,,2026-04-14T01:22:41.013948+00:00
NIFTY SME EMERGE,VEEKAYEM,,2026-04-14T01:22:41.013948+00:00
NIFTY SME EMERGE,BHADORA,,2026-04-14T01:22:41.013948+00:00
NIFTY SME EMERGE,YASHOPTICS,,2026-04-14T01:22:41.013948+00:00
NIFTY SME EMERGE,ZTECH,,2026-04-14T01:22:41.013948+00:00
NIFTY SME EMERGE,ROXHITECH,,2026-04-14T01:22:41.013948+00:00
NIFTY SME EMERGE,SILKY,,2026-04-14T01:22:41.013948+00:00
NIFTY SME EMERGE,CMNL,,2026-04-14T01:22:41.013948+00:00
NIFTY SME EMERGE,VOLERCAR,,2026-04-14T01:22:41.013948+00:00
NIFTY SME EMERGE,SHETHJI,,2026-04-14T01:22:41.013948+00:00
NIFTY SME EMERGE,DIVINEHIRA,,2026-04-14T01:22:41.013948+00:00
NIFTY SME EMERGE,E2ERAIL,,2026-04-14T01:22:41.013948+00:00
NIFTY SME EMERGE,TSC,,2026-04-14T01:22:41.013948+00:00
NIFTY SME EMERGE,SAAKSHI,,2026-04-14T01:22:41.013948+00:00
NIFTY SME EMERGE,BAGDIGITAL,,2026-04-14T01:22:41.013948+00:00
NIFTY SME EMERGE,IEML,,2026-04-14T01:22:41.013948+00:00
NIFTY SME EMERGE,ARHAM,,2026-04-14T01:22:41.013948+00:00
NIFTY SME EMERGE,ENSER,,2026-04-14T01:22:41.013948+00:00
NIFTY SME EMERGE,AIMTRON,,2026-04-14T01:22:41.013948+00:00
NIFTY SME EMERGE,ASHALOG,,2026-04-14T01:22:41.013948+00:00
NIFTY SME EMERGE,RBS,,2026-04-14T01:22:41.013948+00:00
NIFTY SME EMERGE,WOL3D,,2026-04-14T01:22:41.013948+00:00
NIFTY SME EMERGE,OLIL,,2026-04-14T01:22:41.013948+00:00
NIFTY SME EMERGE,MADHUSUDAN,,2026-04-14T01:22:41.013948+00:00
NIFTY SME EMERGE,SURANI,,2026-04-14T01:22:41.013948+00:00
NIFTY SME EMERGE,KKJEWELS,,2026-04-14T01:22:41.013948+00:00
NIFTY SME EMERGE,RTL,,2026-04-14T01:22:41.013948+00:00
NIFTY SME EMERGE,AVIANSH,,2026-04-14T01:22:41.013948+00:00
NIFTY SME EMERGE,USASEEDS,,2026-04-14T01:22:41.013948+00:00
NIFTY SME EMERGE,NMSTEEL,,2026-04-14T01:22:41.013948+00:00
NIFTY SME EMERGE,SHEETAL,,2026-04-14T01:22:41.013948+00:00
NIFTY SME EMERGE,ATCENERGY,,2026-04-14T01:22:41.013948+00:00
NIFTY SME EMERGE,MAGSON,,2026-04-14T01:22:41.013948+00:00
NIFTY SME EMERGE,BLUEWATER,,2026-04-14T01:22:41.013948+00:00
NIFTY SME EMERGE,CADSYS,,2026-04-14T01:22:41.013948+00:00
NIFTY SME EMERGE,NIKITA,,2026-04-14T01:22:41.013948+00:00
NIFTY SME EMERGE,PRATHAM,,2026-04-14T01:22:41.013948+00:00
NIFTY SME EMERGE,TUNWAL,,2026-04-14T01:22:41.013948+00:00
NIFTY SME EMERGE,LRRPL,,2026-04-14T01:22:41.013948+00:00
NIFTY SME EMERGE,AATMAJ,,2026-04-14T01:22:41.013948+00:00
NIFTY SME EMERGE,INTEGRITY,,2026-04-14T01:22:41.013948+00:00
NIFTY SME EMERGE,ORIANA,,2026-04-14T01:22:41.013948+00:00
NIFTY SME EMERGE,CHETANA,,2026-04-14T01:22:41.013948+00:00
NIFTY SME EMERGE,INNOMET,,2026-04-14T01:22:41.013948+00:00
NIFTY SME EMERGE,FOCE,,2026-04-14T01:22:41.013948+00:00
NIFTY SME EMERGE,POSITRON,,2026-04-14T01:22:41.013948+00:00
NIFTY SME EMERGE,ACCPL,,2026-04-14T01:22:41.013948+00:00
NIFTY SME EMERGE,ACTIVEINFR,,2026-04-14T01:22:41.013948+00:00
NIFTY SME EMERGE,AGUL,,2026-04-14T01:22:41.013948+00:00
NIFTY SME EMERGE,AILIMITED,,2026-04-14T01:22:41.013948+00:00
NIFTY SME EMERGE,AMIABLE,,2026-04-14T01:22:41.013948+00:00
NIFTY SME EMERGE,ARIHANTACA,,2026-04-14T01:22:41.013948+00:00
NIFTY SME EMERGE,ARISTO,,2026-04-14T01:22:41.013948+00:00
NIFTY SME EMERGE,ASHWINI,,2026-04-14T01:22:41.013948+00:00
NIFTY SME EMERGE,AUROIMPEX,,2026-04-14T01:22:41.013948+00:00
NIFTY SME EMERGE,BALAJIPHOS,,2026-04-14T01:22:41.013948+00:00
NIFTY SME EMERGE,BALCO,,2026-04-14T01:22:41.013948+00:00
NIFTY SME EMERGE,BEACON,,2026-04-14T01:22:41.013948+00:00
NIFTY SME EMERGE,BIRDYS,,2026-04-14T01:22:41.013948+00:00
NIFTY SME EMERGE,BLUEPEBBLE,,2026-04-14T01:22:41.013948+00:00
NIFTY SME EMERGE,BMETRICS,,2026-04-14T01:22:41.013948+00:00
NIFTY SME EMERGE,BOSS,,2026-04-14T01:22:41.013948+00:00
NIFTY SME EMERGE,BULKCORP,,2026-04-14T01:22:41.013948+00:00
NIFTY SME EMERGE,CBAZAAR,,2026-04-14T01:22:41.013948+00:00
NIFTY SME EMERGE,CLSL,,2026-04-14T01:22:41.013948+00:00
NIFTY SME EMERGE,CPS,,2026-04-14T01:22:41.013948+00:00
NIFTY SME EMERGE,DELAPLEX,,2026-04-14T01:22:41.013948+00:00
NIFTY SME EMERGE,DESTINY,,2026-04-14T01:22:41.013948+00:00
NIFTY SME EMERGE,DHTL,,2026-04-14T01:22:41.013948+00:00
NIFTY SME EMERGE,DKEGL,,2026-04-14T01:22:41.013948+00:00
NIFTY SME EMERGE,DRSDILIP,,2026-04-14T01:22:41.013948+00:00
NIFTY SME EMERGE,DYNAMIC,,2026-04-14T01:22:41.013948+00:00
NIFTY SME EMERGE,EMAPARTNER,,2026-04-14T01:22:41.013948+00:00
NIFTY SME EMERGE,EPWINDIA,,2026-04-14T01:22:41.013948+00:00
NIFTY SME EMERGE,ETL,,2026-04-14T01:22:41.013948+00:00
NIFTY SME EMERGE,FIDEL,,2026-04-14T01:22:41.013948+00:00
NIFTY SME EMERGE,FONEBOX,,2026-04-14T01:22:41.013948+00:00
NIFTY SME EMERGE,FORCAS,,2026-04-14T01:22:41.013948+00:00
NIFTY SME EMERGE,FWSTC,,2026-04-14T01:22:41.013948+00:00
NIFTY SME EMERGE,GAJANAND,,2026-04-14T01:22:41.013948+00:00
NIFTY SME EMERGE,GREENCHEF,,2026-04-14T01:22:41.013948+00:00
NIFTY SME EMERGE,GRETEX,,2026-04-14T01:22:41.013948+00:00
NIFTY SME EMERGE,GSTL,,2026-04-14T01:22:41.013948+00:00
NIFTY SME EMERGE,HOMESFY,,2026-04-14T01:22:41.013948+00:00
NIFTY SME EMERGE,HPTL,,2026-04-14T01:22:41.013948+00:00
NIFTY SME EMERGE,IBLFL,,2026-04-14T01:22:41.013948+00:00
NIFTY SME EMERGE,IDEALTECHO,,2026-04-14T01:22:41.013948+00:00
NIFTY SME EMERGE,INDIFRA,,2026-04-14T01:22:41.013948+00:00
NIFTY SME EMERGE,INM,,2026-04-14T01:22:41.013948+00:00
NIFTY SME EMERGE,IPSL,,2026-04-14T01:22:41.013948+00:00
NIFTY SME EMERGE,ISHAN,,2026-04-14T01:22:41.013948+00:00
NIFTY SME EMERGE,JAINAM,,2026-04-14T01:22:41.013948+00:00
NIFTY SME EMERGE,JALAN,,2026-04-14T01:22:41.013948+00:00
NIFTY SME EMERGE,JFLLIFE,,2026-04-14T01:22:41.013948+00:00
NIFTY SME EMERGE,KKVAPOW,,2026-04-14T01:22:41.013948+00:00
NIFTY SME EMERGE,MAKS,,2026-04-14T01:22:41.013948+00:00
NIFTY SME EMERGE,MANDEEP,,2026-04-14T01:22:41.013948+00:00
NIFTY SME EMERGE,MAXPOSURE,,2026-04-14T01:22:41.013948+00:00
NIFTY SME EMERGE,MEGAFLEX,,2026-04-14T01:22:41.013948+00:00
NIFTY SME EMERGE,MHHL,,2026-04-14T01:22:41.013948+00:00
NIFTY SME EMERGE,MICROPRO,,2026-04-14T01:22:41.013948+00:00
NIFTY SME EMERGE,MILTON,,2026-04-14T01:22:41.013948+00:00
NIFTY SME EMERGE,MOXSH,,2026-04-14T01:22:41.013948+00:00
NIFTY SME EMERGE,MYMUDRA,,2026-04-14T01:22:41.013948+00:00
NIFTY SME EMERGE,NAMAN,,2026-04-14T01:22:41.013948+00:00
NIFTY SME EMERGE,NRVANDANA,,2026-04-14T01:22:41.013948+00:00
NIFTY SME EMERGE,PARAMATRIX,,2026-04-14T01:22:41.013948+00:00
NIFTY SME EMERGE,PARAMPARA,,2026-04-14T01:22:41.013948+00:00
NIFTY SME EMERGE,PARTYCRUS,,2026-04-14T01:22:41.013948+00:00
NIFTY SME EMERGE,PENTAGON,,2026-04-14T01:22:41.013948+00:00
NIFTY SME EMERGE,PHOGLOBAL,,2026-04-14T01:22:41.013948+00:00
NIFTY SME EMERGE,PREMIUM,,2026-04-14T01:22:41.013948+00:00
NIFTY SME EMERGE,PRITIKA,,2026-04-14T01:22:41.013948+00:00
NIFTY SME EMERGE,PROLIFE,,2026-04-14T01:22:41.013948+00:00
NIFTY SME EMERGE,PROPEQUITY,,2026-04-14T01:22:41.013948+00:00
NIFTY SME EMERGE,QFIL,,2026-04-14T01:22:41.013948+00:00
NIFTY SME EMERGE,QMSMEDI,,2026-04-14T01:22:41.013948+00:00
NIFTY SME EMERGE,QUADPRO,,2026-04-14T01:22:41.013948+00:00
NIFTY SME EMERGE,RAJPUTANA,,2026-04-14T01:22:41.013948+00:00
NIFTY SME EMERGE,RAPIDFLEET,,2026-04-14T01:22:41.013948+00:00
NIFTY SME EMERGE,RICHA,,2026-04-14T01:22:41.013948+00:00
NIFTY SME EMERGE,ROYALARC,,2026-04-14T01:22:41.013948+00:00
NIFTY SME EMERGE,SABAR,,2026-04-14T01:22:41.013948+00:00
NIFTY SME EMERGE,SAJHOTELS,,2026-04-14T01:22:41.013948+00:00
NIFTY SME EMERGE,SAMAY,,2026-04-14T01:22:41.013948+00:00
NIFTY SME EMERGE,SANGANI,,2026-04-14T01:22:41.013948+00:00
NIFTY SME EMERGE,SAROJA,,2026-04-14T01:22:41.013948+00:00
NIFTY SME EMERGE,SATIPOLY,,2026-04-14T01:22:41.013948+00:00
NIFTY SME EMERGE,SDREAMS,,2026-04-14T01:22:41.013948+00:00
NIFTY SME EMERGE,SELLOWRAP,,2026-04-14T01:22:41.013948+00:00
NIFTY SME EMERGE,SHKSIL,,2026-04-14T01:22:41.013948+00:00
NIFTY SME EMERGE,SHRITECH,,2026-04-14T01:22:41.013948+00:00
NIFTY SME EMERGE,SHUBHSHREE,,2026-04-14T01:22:41.013948+00:00
NIFTY SME EMERGE,SIGNORIA,,2026-04-14T01:22:41.013948+00:00
NIFTY SME EMERGE,SMVD,,2026-04-14T01:22:41.013948+00:00
NIFTY SME EMERGE,SOTAC,,2026-04-14T01:22:41.013948+00:00
NIFTY SME EMERGE,SPPPOLY,,2026-04-14T01:22:41.013948+00:00
NIFTY SME EMERGE,TAPIFRUIT,,2026-04-14T01:22:41.013948+00:00
NIFTY SME EMERGE,TIMESCAN,,2026-04-14T01:22:41.013948+00:00
NIFTY SME EMERGE,TRANSWIND,,2026-04-14T01:22:41.013948+00:00
NIFTY SME EMERGE,UNILEX,,2026-04-14T01:22:41.013948+00:00
NIFTY SME EMERGE,UWCSL,,2026-04-14T01:22:41.013948+00:00
NIFTY SME EMERGE,VDEAL,,2026-04-14T01:22:41.013948+00:00
NIFTY SME EMERGE,VERITAAS,,2026-04-14T01:22:41.013948+00:00
NIFTY SME EMERGE,VERTEXPLUS,,2026-04-14T01:22:41.013948+00:00
NIFTY SME EMERGE,VIAZ,,2026-04-14T01:22:41.013948+00:00
NIFTY SME EMERGE,VICTORYEV,,2026-04-14T01:22:41.013948+00:00
NIFTY SME EMERGE,VILINBIO,,2026-04-14T01:22:41.013948+00:00
NIFTY SME EMERGE,VISHWAS,,2026-04-14T01:22:41.013948+00:00
NIFTY SME EMERGE,VIVO,,2026-04-14T01:22:41.013948+00:00
NIFTY SME EMERGE,VSCL,,2026-04-14T01:22:41.013948+00:00
NIFTY SME EMERGE,WALPAR,,2026-04-14T01:22:41.013948+00:00
NIFTY SME EMERGE,ZENITHDRUG,,2026-04-14T01:22:41.013948+00:00
NIFTY SME EMERGE,SKP,,2026-04-14T01:22:41.013948+00:00
NIFTY SME EMERGE,SCML,,2026-04-14T01:22:41.013948+00:00
NIFTY SME EMERGE,CONNPLEX,,2026-04-14T01:22:41.013948+00:00
NIFTY SME EMERGE,ZEAL,,2026-04-14T01:22:41.013948+00:00
NIFTY SME EMERGE,TECHLABS,,2026-04-14T01:22:41.013948+00:00
NIFTY SME EMERGE,ARVINDPORT,,2026-04-14T01:22:41.013948+00:00
NIFTY SME EMERGE,PARIN,,2026-04-14T01:22:41.013948+00:00
NIFTY SME EMERGE,EXCELLENT,,2026-04-14T01:22:41.013948+00:00
NIFTY SME EMERGE,GCHOTELS,,2026-04-14T01:22:41.013948+00:00
NIFTY SME EMERGE,ATMASTCO,,2026-04-14T01:22:41.013948+00:00
NIFTY SME EMERGE,DECCANTRAN,,2026-04-14T01:22:41.013948+00:00
NIFTY SME EMERGE,PARAGON,,2026-04-14T01:22:41.013948+00:00
NIFTY SME EMERGE,DEEM,,2026-04-14T01:22:41.013948+00:00
NIFTY SME EMERGE,REXPIPES,,2026-04-14T01:22:41.013948+00:00
NIFTY SME EMERGE,PATTECH,,2026-04-14T01:22:41.013948+00:00
NIFTY SME EMERGE,MGSL,,2026-04-14T01:22:41.013948+00:00
NIFTY SME EMERGE,MPEL,,2026-04-14T01:22:41.013948+00:00
NIFTY SME EMERGE,MASON,,2026-04-14T01:22:41.013948+00:00
NIFTY SME EMERGE,SAWALIYA,,2026-04-14T01:22:41.013948+00:00
NIFTY SME EMERGE,PULZ,,2026-04-14T01:22:41.013948+00:00
NIFTY SME EMERGE,ASPIRE,,2026-04-14T01:22:41.013948+00:00
NIFTY SME EMERGE,PROV,,2026-04-14T01:22:41.013948+00:00
NIFTY SME EMERGE,DANISH,,2026-04-14T01:22:41.013948+00:00
NIFTY SME EMERGE,SIDDHIKA,,2026-04-14T01:22:41.013948+00:00
NIFTY SME EMERGE,SHERA,,2026-04-14T01:22:41.013948+00:00
NIFTY SME EMERGE,K2INFRA,,2026-04-14T01:22:41.013948+00:00
NIFTY SME EMERGE,PCCL,,2026-04-14T01:22:41.013948+00:00
NIFTY SME EMERGE,TANKUP,,2026-04-14T01:22:41.013948+00:00
NIFTY SME EMERGE,MARCO,,2026-04-14T01:22:41.013948+00:00
NIFTY SME EMERGE,ARUNAYA,,2026-04-14T01:22:41.013948+00:00
NIFTY SME EMERGE,ESPRIT,,2026-04-14T01:22:41.013948+00:00
NIFTY SME EMERGE,ANYA,,2026-04-14T01:22:41.013948+00:00
NIFTY SME EMERGE,EXIMROUTES,,2026-04-14T01:22:41.013948+00:00
NIFTY SME EMERGE,PURPLEUTED,,2026-04-14T01:22:41.013948+00:00
NIFTY SME EMERGE,OPTIVALUE,,2026-04-14T01:22:41.013948+00:00
NIFTY SME EMERGE,ANNAPURNA,,2026-04-14T01:22:41.013948+00:00
NIFTY SME EMERGE,EFACTOR,,2026-04-14T01:22:41.013948+00:00
NIFTY SME EMERGE,PSRAJ,,2026-04-14T01:22:41.013948+00:00
NIFTY SME EMERGE,QVCEL,,2026-04-14T01:22:41.013948+00:00
NIFTY SME EMERGE,GIRIRAJ,,2026-04-14T01:22:41.013948+00:00
NIFTY SME EMERGE,HVAX,,2026-04-14T01:22:41.013948+00:00
NIFTY SME EMERGE,GURUNANAK,,2026-04-14T01:22:41.013948+00:00
NIFTY SME EMERGE,KEL,,2026-04-14T01:22:41.013948+00:00
NIFTY SME EMERGE,AESTHETIK,,2026-04-14T01:22:41.013948+00:00
NIFTY SME EMERGE,JYOTIGLOBL,,2026-04-14T01:22:41.013948+00:00
NIFTY SME EMERGE,MARINETRAN,,2026-04-14T01:22:41.013948+00:00
NIFTY SME EMERGE,VLINFRA,,2026-04-14T01:22:41.013948+00:00
NIFTY SME EMERGE,VR,,2026-04-14T01:22:41.013948+00:00
NIFTY SME EMERGE,YCCL,,2026-04-14T01:22:41.013948+00:00
NIFTY SME EMERGE,SHANTHALA,,2026-04-14T01:22:41.013948+00:00
NIFTY SME EMERGE,SWARAJ,,2026-04-14T01:22:41.013948+00:00
NIFTY SME EMERGE,PRAMARA,,2026-04-14T01:22:41.013948+00:00
NIFTY SME EMERGE,SIDDHICOTS,,2026-04-14T01:22:41.013948+00:00
NIFTY SME EMERGE,DUCOL,,2026-04-14T01:22:41.013948+00:00
NIFTY SME EMERGE,QUICKTOUCH,,2026-04-14T01:22:41.013948+00:00
NIFTY SME EMERGE,PATILAUTOM,,2026-04-14T01:22:41.013948+00:00
NIFTY SME EMERGE,SYSTANGO,,2026-04-14T01:22:41.013948+00:00
NIFTY SME EMERGE,DCCL,,2026-04-14T01:22:41.013948+00:00
NIFTY SME EMERGE,CHANDAN,,2026-04-14T01:22:41.013948+00:00
NIFTY SME EMERGE,APRAMEYA,,2026-04-14T01:22:41.013948+00:00
NIFTY SME EMERGE,RBMINFRA,,2026-04-14T01:22:41.013948+00:00
NIFTY SME EMERGE,CELLECOR,,2026-04-14T01:22:41.013948+00:00
NIFTY SME EMERGE,NEOCHEM,,2026-04-14T01:22:41.013948+00:00
NIFTY SME EMERGE,CSSL,,2026-04-14T01:22:41.013948+00:00
NIFTY SME EMERGE,PHANTOMFX,,2026-04-14T01:22:41.013948+00:00
NIFTY SME EMERGE,DUGLOBAL,,2026-04-14T01:22:41.013948+00:00
NIFTY SME EMERGE,MAYASHEEL,,2026-04-14T01:22:41.013948+00:00
NIFTY SME EMERGE,REMUS,,2026-04-14T01:22:41.013948+00:00
NIFTY SME EMERGE,PARTH,,2026-04-14T01:22:41.013948+00:00
NIFTY SME EMERGE,KODYTECH,,2026-04-14T01:22:41.013948+00:00
NIFTY SME EMERGE,PSFL,,2026-04-14T01:22:41.013948+00:00
NIFTY SME EMERGE,WOMANCART,,2026-04-14T01:22:41.013948+00:00
NIFTY SME EMERGE,SAFEENTP,,2026-04-14T01:22:41.013948+00:00
NIFTY SME EMERGE,MARC,,2026-04-14T01:22:41.013948+00:00
NIFTY SME EMERGE,C2C,,2026-04-14T01:22:41.013948+00:00
NIFTY SME EMERGE,MEDIORG,,2026-04-14T01:22:41.013948+00:00
NIFTY SME EMERGE,SHRIAHIMSA,,2026-04-14T01:22:41.013948+00:00
NIFTY SME EMERGE,DIGIKORE,,2026-04-14T01:22:41.013948+00:00
NIFTY SME EMERGE,MEGATHERM,,2026-04-14T01:22:41.013948+00:00
NIFTY SME EMERGE,FRESHARA,,2026-04-14T01:22:41.013948+00:00
NIFTY SME EMERGE,TAURIAN,,2026-04-14T01:22:41.013948+00:00
NIFTY SME EMERGE,CHAVDA,,2026-04-14T01:22:41.013948+00:00
NIFTY SME EMERGE,SILKFLEX,,2026-04-14T01:22:41.013948+00:00
NIFTY SME EMERGE,MONOLITH,,2026-04-14T01:22:41.013948+00:00
NIFTY SME EMERGE,KAYTEX,,2026-04-14T01:22:41.013948+00:00
NIFTY SME EMERGE,KLL,,2026-04-14T01:22:41.013948+00:00
NIFTY SME EMERGE,DURLAX,,2026-04-14T01:22:41.013948+00:00
NIFTY SME EMERGE,OBSCP,,2026-04-14T01:22:41.013948+00:00
NIFTY SME EMERGE,USHAFIN,,2026-04-14T01:22:41.013948+00:00
NIFTY SME EMERGE,SERVICE,,2026-04-14T01:22:41.013948+00:00
NIFTY SME EMERGE,LAMOSAIC,,2026-04-14T01:22:41.013948+00:00
NIFTY SME EMERGE,ABHAPOWER,,2026-04-14T01:22:41.013948+00:00
NIFTY SME EMERGE,POLYSIL,,2026-04-14T01:22:41.013948+00:00
NIFTY SME EMERGE,ITTL,,2026-04-14T01:22:41.013948+00:00
NIFTY SME EMERGE,VISAMAN,,2026-04-14T01:22:41.013948+00:00
NIFTY SME EMERGE,SSEGL,,2026-04-14T01:22:41.013948+00:00
NIFTY SME EMERGE,OSELDEVICE,,2026-04-14T01:22:41.013948+00:00
NIFTY SME EMERGE,CLASSICEIL,,2026-04-14T01:22:41.013948+00:00
NIFTY SME EMERGE,VIVIANA,,2026-04-14T01:22:41.013948+00:00
NIFTY SME EMERGE,SAHAJSOLAR,,2026-04-14T01:22:41.013948+00:00
NIFTY SME EMERGE,LAKSHYA,,2026-04-14T01:22:41.013948+00:00
NIFTY SME EMERGE,MAHICKRA,,2026-04-14T01:22:41.013948+00:00
NIFTY SME EMERGE,APS,,2026-04-14T01:22:41.013948+00:00
NIFTY SME EMERGE,INFLUX,,2026-04-14T01:22:41.013948+00:00
NIFTY SME EMERGE,RNFI,,2026-04-14T01:22:41.013948+00:00
NIFTY SME EMERGE,VIESL,,2026-04-14T01:22:41.013948+00:00
NIFTY SME EMERGE,HIGREEN,,2026-04-14T01:22:41.013948+00:00
NIFTY SME EMERGE,FLYSBS,,2026-04-14T01:22:41.013948+00:00
NIFTY SME EMERGE,RILINFRA,,2026-04-14T01:22:41.013948+00:00
NIFTY SME EMERGE,INFINIUM,,2026-04-14T01:22:41.013948+00:00
NIFTY SME EMERGE,SPCL,,2026-04-14T01:22:41.013948+00:00
NIFTY SME EMERGE,SHYAMDHANI,,2026-04-14T01:22:41.013948+00:00
NIFTY SME EMERGE,INFOLLION,,2026-04-14T01:22:41.013948+00:00
NIFTY SME EMERGE,GANESHIN,,2026-04-14T01:22:41.013948+00:00
NIFTY SME EMERGE,ITALIANE,,2026-04-14T01:22:41.013948+00:00
NIFTY SME EMERGE,JAYBEE,,2026-04-14T01:22:41.013948+00:00
NIFTY SME EMERGE,INVICTA,,2026-04-14T01:22:41.013948+00:00
NIFTY SME EMERGE,WTICAB,,2026-04-14T01:22:41.013948+00:00
NIFTY SME EMERGE,DHARARAIL,,2026-04-14T01:22:41.013948+00:00
NIFTY SME EMERGE,DENTALKART,,2026-04-14T01:22:41.013948+00:00
NIFTY SME EMERGE,IPHL,,2026-04-14T01:22:41.013948+00:00
NIFTY SME EMERGE,NIDAN,,2026-04-14T01:22:41.013948+00:00
NIFTY SME EMERGE,ARABIAN,,2026-04-14T01:22:41.013948+00:00
NIFTY SME EMERGE,GANGABATH,,2026-04-14T01:22:41.013948+00:00
NIFTY SME EMERGE,MVKAGRO,,2026-04-14T01:22:41.013948+00:00
NIFTY SME EMERGE,DHANLAXMI,,2026-04-14T01:22:41.013948+00:00
NIFTY SME EMERGE,DHARIWAL,,2026-04-14T01:22:41.013948+00:00
NIFTY SME EMERGE,CHAMUNDA,,2026-04-14T01:22:41.013948+00:00
NIFTY SME EMERGE,COMMITTED,,2026-04-14T01:22:41.013948+00:00
NIFTY SME EMERGE,AVPINFRA,,2026-04-14T01:22:41.013948+00:00
NIFTY SME EMERGE,AISL,,2026-04-14T01:22:41.013948+00:00
NIFTY SME EMERGE,FINBUD,,2026-04-14T01:22:41.013948+00:00
NIFTY SME EMERGE,PPSL,,2026-04-14T01:22:41.013948+00:00
NIFTY SME EMERGE,DTL,,2026-04-14T01:22:41.013948+00:00
NIFTY SME EMERGE,VILAS,,2026-04-14T01:22:41.013948+00:00
NIFTY SME EMERGE,BAHETI,,2026-04-14T01:22:41.013948+00:00
NIFTY SME EMERGE,ALLETEC,,2026-04-14T01:22:41.013948+00:00
NIFTY SME EMERGE,DRONE,,2026-04-14T01:22:41.013948+00:00
NIFTY SME EMERGE,NEPHROCARE,,2026-04-14T01:22:41.013948+00:00
NIFTY SME EMERGE,GPECO,,2026-04-14T01:22:41.013948+00:00
NIFTY SME EMERGE,SSFL,,2026-04-14T01:22:41.013948+00:00
NIFTY SME EMERGE,MADHAVBAUG,,2026-04-14T01:22:41.013948+00:00
NIFTY SME EMERGE,SADHAV,,2026-04-14T01:22:41.013948+00:00
NIFTY SME EMERGE,ABSMARINE,,2026-04-14T01:22:41.013948+00:00
NIFTY SME EMERGE,VIJAYPD,,2026-04-14T01:22:41.013948+00:00
NIFTY SME EMERGE,AKIKO,,2026-04-14T01:22:41.013948+00:00
NIFTY SME EMERGE,SAHANA,,2026-04-14T01:22:41.013948+00:00
NIFTY SME EMERGE,KCEIL,,2026-04-14T01:22:41.013948+00:00
NIFTY SME EMERGE,BASILIC,,2026-04-14T01:22:41.013948+00:00
NIFTY SME EMERGE,MANAV,,2026-04-14T01:22:41.013948+00:00
NIFTY SME EMERGE,UNIHEALTH,,2026-04-14T01:22:41.013948+00:00
NIFTY SME EMERGE,CURRENT,,2026-04-14T01:22:41.013948+00:00
NIFTY SME EMERGE,TAC,,2026-04-14T01:22:41.013948+00:00
NIFTY SME EMERGE,SAHASRA,,2026-04-14T01:22:41.013948+00:00
NIFTY SME EMERGE,JEYYAM,,2026-04-14T01:22:41.013948+00:00
NIFTY SME EMERGE,DPEL,,2026-04-14T01:22:41.013948+00:00
NIFTY SME EMERGE,ETML,,2026-04-14T01:22:41.013948+00:00
NIFTY SME EMERGE,READYMIX,,2026-04-14T01:22:41.013948+00:00
NIFTY SME EMERGE,SFML,,2026-04-14T01:22:41.013948+00:00
NIFTY SME EMERGE,SARTELE,,2026-04-14T01:22:41.013948+00:00
NIFTY SME EMERGE,SONAMAC,,2026-04-14T01:22:41.013948+00:00
NIFTY SME EMERGE,TECHERA,,2026-04-14T01:22:41.013948+00:00
NIFTY SME EMERGE,KARNIKA,,2026-04-14T01:22:41.013948+00:00
NIFTY SME EMERGE,BEWLTD,,2026-04-14T01:22:41.013948+00:00
NIFTY SME EMERGE,KCK,,2026-04-14T01:22:41.013948+00:00
NIFTY SME EMERGE,SWASTIK,,2026-04-14T01:22:41.013948+00:00
NIFTY SME EMERGE,AMBEY,,2026-04-14T01:22:41.013948+00:00
NIFTY SME EMERGE,JIWANRAM,,2026-04-14T01:22:41.013948+00:00
NIFTY SME EMERGE,SHIGAN,,2026-04-14T01:22:41.013948+00:00
NIFTY SME EMERGE,TROM,,2026-04-14T01:22:41.013948+00:00
NIFTY SME EMERGE,ESCONET,,2026-04-14T01:22:41.013948+00:00
NIFTY SME EMERGE,EFORCE,,2026-04-14T01:22:41.013948+00:00
NIFTY SME EMERGE,PROFX,,2026-04-14T01:22:41.013948+00:00
NIFTY SME EMERGE,TRANSTEEL,,2026-04-14T01:22:41.013948+00:00
NIFTY SME EMERGE,YUDIZ,,2026-04-14T01:22:41.013948+00:00
NIFTY SME EMERGE,GRAPHISAD,,2026-04-14T01:22:41.013948+00:00
NIFTY SME EMERGE,MEDISTEP,,2026-04-14T01:22:41.013948+00:00
NIFTY SME EMERGE,MAL,,2026-04-14T01:22:41.013948+00:00
NIFTY SME EMERGE,IDENTICAL,,2026-04-14T01:22:41.013948+00:00
NIFTY SME EMERGE,SATECH,,2026-04-14T01:22:41.013948+00:00
NIFTY SME EMERGE,MRIL,,2026-04-14T01:22:41.013948+00:00
NIFTY SME EMERGE,ESFL,,2026-04-14T01:22:41.013948+00:00
NIFTY SME EMERGE,MCON,,2026-04-14T01:22:41.013948+00:00
NIFTY SME EMERGE,SPRL,,2026-04-14T01:22:41.013948+00:00
NIFTY SME EMERGE,ALUWIND,,2026-04-14T01:22:41.013948+00:00
NIFTY SME EMERGE,WINSOL,,2026-04-14T01:22:41.013948+00:00
NIFTY SME EMERGE,AERON,,2026-04-14T01:22:41.013948+00:00
NIFTY SME EMERGE,EFFWA,,2026-04-14T01:22:41.013948+00:00
NIFTY SME EMERGE,VMARCIND,,2026-04-14T01:22:41.013948+00:00
NIFTY SME EMERGE,APEXECO,,2026-04-14T01:22:41.013948+00:00
NIFTY SME EMERGE,BABAFP,,2026-04-14T01:22:41.013948+00:00
NIFTY SME EMERGE,TECHD,,2026-04-14T01:22:41.013948+00:00
NIFTY SME EMERGE,SHREEOSFM,,2026-04-14T01:22:41.013948+00:00
NIFTY SME EMERGE,MUNISH,,2026-04-14T01:22:41.013948+00:00
NIFTY SME EMERGE,RULKA,,2026-04-14T01:22:41.013948+00:00
NIFTY SME EMERGE,DCG,,2026-04-14T01:22:41.013948+00:00
NIFTY SME EMERGE,PRLIND,,2026-04-14T01:22:41.013948+00:00
NIFTY SME EMERGE,CANARYS,,2026-04-14T01:22:41.013948+00:00
NIFTY SME EMERGE,URBAN,,2026-04-14T01:22:41.013948+00:00
NIFTY SME EMERGE,CRAYONS,,2026-04-14T01:22:41.013948+00:00
NIFTY SME EMERGE,SUNLITE,,2026-04-14T01:22:41.013948+00:00
NIFTY SME EMERGE,EMMIL,,2026-04-14T01:22:41.013948+00:00
NIFTY SME EMERGE,KHFM,,2026-04-14T01:22:41.013948+00:00
NIFTY SME EMERGE,MAITREYA,,2026-04-14T01:22:41.013948+00:00
NIFTY SME EMERGE,SHEEL,,2026-04-14T01:22:41.013948+00:00
NIFTY SME EMERGE,AARADHYA,,2026-04-14T01:22:41.013948+00:00
NIFTY SME EMERGE,WHITEFORCE,,2026-04-14T01:22:41.013948+00:00
NIFTY SME EMERGE,SMARTEN,,2026-04-14T01:22:41.013948+00:00
NIFTY SME EMERGE,OMFURN,,2026-04-14T01:22:41.013948+00:00
NIFTY SME EMERGE,ENCOMPAS,,2026-04-14T01:22:41.013948+00:00
NIFTY SME EMERGE,MDL,,2026-04-14T01:22:41.013948+00:00
NIFTY SME EMERGE,SAIFL,,2026-04-14T01:22:41.013948+00:00
NIFTY SME EMERGE,SEL,,2026-04-14T01:22:41.013948+00:00
NIFTY SME EMERGE,EEPL,,2026-04-14T01:22:41.013948+00:00
NIFTY SME EMERGE,SYLVANPLY,,2026-04-14T01:22:41.013948+00:00
NIFTY INTERNET,ETERNAL,,2026-04-14T01:22:41.013948+00:00
NIFTY INTERNET,GROWW,,2026-04-14T01:22:41.013948+00:00
NIFTY INTERNET,SWIGGY,,2026-04-14T01:22:41.013948+00:00
NIFTY INTERNET,POLICYBZR,,2026-04-14T01:22:41.013948+00:00
NIFTY INTERNET,PAYTM,,2026-04-14T01:22:41.013948+00:00
NIFTY INTERNET,ANGELONE,,2026-04-14T01:22:41.013948+00:00
NIFTY INTERNET,NAUKRI,,2026-04-14T01:22:41.013948+00:00
NIFTY INTERNET,URBANCO,,2026-04-14T01:22:41.013948+00:00
NIFTY INTERNET,MEESHO,,2026-04-14T01:22:41.013948+00:00
NIFTY INTERNET,NYKAA,,2026-04-14T01:22:41.013948+00:00
NIFTY INTERNET,PINELABS,,2026-04-14T01:22:41.013948+00:00
NIFTY INTERNET,MOTILALOFS,,2026-04-14T01:22:41.013948+00:00
NIFTY INTERNET,IRCTC,,2026-04-14T01:22:41.013948+00:00
NIFTY INTERNET,FIRSTCRY,,2026-04-14T01:22:41.013948+00:00
NIFTY INTERNET,CARTRADE,,2026-04-14T01:22:41.013948+00:00
NIFTY INTERNET,PWL,,2026-04-14T01:22:41.013948+00:00
NIFTY INTERNET,NAZARA,,2026-04-14T01:22:41.013948+00:00
NIFTY INTERNET,INDIAMART,,2026-04-14T01:22:41.013948+00:00
NIFTY INTERNET,CCAVENUE,,2026-04-14T01:22:41.013948+00:00
NIFTY INTERNET,JUSTDIAL,,2026-04-14T01:22:41.013948+00:00
NIFTY INTERNET,THOMASCOOK,,2026-04-14T01:22:41.013948+00:00
NIFTY INTERNET,IIFLCAPS,,2026-04-14T01:22:41.013948+00:00
NIFTY INTERNET,IXIGO,,2026-04-14T01:22:41.013948+00:00
NIFTY INTERNET,RTNINDIA,,2026-04-14T01:22:41.013948+00:00
NIFTY INTERNET,TBOTEK,,2026-04-14T01:22:41.013948+00:00
NIFTY INTERNET,CRIZAC,,2026-04-14T01:22:41.013948+00:00
NIFTY INTERNET,STYL,,2026-04-14T01:22:41.013948+00:00
NIFTY WAVES,ZEEL,,2026-04-14T01:22:41.013948+00:00
NIFTY WAVES,PFOCUS,,2026-04-14T01:22:41.013948+00:00
NIFTY WAVES,SUNTV,,2026-04-14T01:22:41.013948+00:00
NIFTY WAVES,NAZARA,,2026-04-14T01:22:41.013948+00:00
NIFTY WAVES,NETWORK18,,2026-04-14T01:22:41.013948+00:00
NIFTY WAVES,PVRINOX,,2026-04-14T01:22:41.013948+00:00
NIFTY WAVES,AQYLON,,2026-04-14T01:22:41.013948+00:00
NIFTY WAVES,SAREGAMA,,2026-04-14T01:22:41.013948+00:00
NIFTY WAVES,BALAJITELE,,2026-04-14T01:22:41.013948+00:00
NIFTY WAVES,HATHWAY,,2026-04-14T01:22:41.013948+00:00
NIFTY WAVES,TIPSMUSIC,,2026-04-14T01:22:41.013948+00:00
NIFTY WAVES,NDTV,,2026-04-14T01:22:41.013948+00:00
NIFTY WAVES,DEN,,2026-04-14T01:22:41.013948+00:00
NIFTY WAVES,ONMOBILE,,2026-04-14T01:22:41.013948+00:00
NIFTY WAVES,DISHTV,,2026-04-14T01:22:41.013948+00:00
NIFTY WAVES,RAJTV,,2026-04-14T01:22:41.013948+00:00
NIFTY WAVES,TVTODAY,,2026-04-14T01:22:41.013948+00:00
NIFTY WAVES,GTPL,,2026-04-14T01:22:41.013948+00:00
NIFTY WAVES,UFO,,2026-04-14T01:22:41.013948+00:00
NIFTY WAVES,ZEEMEDIA,,2026-04-14T01:22:41.013948+00:00
NIFTY WAVES,SIGNPOST,,2026-04-14T01:22:41.013948+00:00
NIFTY WAVES,RKSWAMY,,2026-04-14T01:22:41.013948+00:00
NIFTY WAVES,ENIL,,2026-04-14T01:22:41.013948+00:00
NIFTY WAVES,SAMBHAAV,,2026-04-14T01:22:41.013948+00:00
NIFTY WAVES,SHEMAROO,,2026-04-14T01:22:41.013948+00:00
NIFTY WAVES,BTML,,2026-04-14T01:22:41.013948+00:00
NIFTY WAVES,TIPSFILMS,,2026-04-14T01:22:41.013948+00:00
NIFTY WAVES,RADIOCITY,,2026-04-14T01:22:41.013948+00:00
NIFTY WAVES,CREATIVEYE,,2026-04-14T01:22:41.013948+00:00
NIFTY WAVES,BAGFILMS,,2026-04-14T01:22:41.013948+00:00
NIFTY WAVES,CINELINE,,2026-04-14T01:22:41.013948+00:00
NIFTY WAVES,DGCONTENT,,2026-04-14T01:22:41.013948+00:00
NIFTY WAVES,MUKTAARTS,,2026-04-14T01:22:41.013948+00:00
NIFTY WAVES,TVVISION,,2026-04-14T01:22:41.013948+00:00
NIFTY WAVES,RADAAN,,2026-04-14T01:22:41.013948+00:00
NIFTY WAVES,SILLYMONKS,,2026-04-14T01:22:41.013948+00:00
NIFTY WAVES,NEXTMEDIA,,2026-04-14T01:22:41.013948+00:00
NIFTY WAVES,DNAMEDIA,,2026-04-14T01:22:41.013948+00:00
NIFTY WAVES,PNC,,2026-04-14T01:22:41.013948+00:00
NIFTY WAVES,CYBERMEDIA,,2026-04-14T01:22:41.013948+00:00
NIFTY INFRALOG,BHARTIARTL,,2026-04-14T01:22:41.013948+00:00
NIFTY INFRALOG,LT,,2026-04-14T01:22:41.013948+00:00
NIFTY INFRALOG,ADANIPOWER,,2026-04-14T01:22:41.013948+00:00
NIFTY INFRALOG,BHEL,,2026-04-14T01:22:41.013948+00:00
NIFTY INFRALOG,NTPCGREEN,,2026-04-14T01:22:41.013948+00:00
NIFTY INFRALOG,TATAPOWER,,2026-04-14T01:22:41.013948+00:00
NIFTY INFRALOG,INDIGO,,2026-04-14T01:22:41.013948+00:00
NIFTY INFRALOG,BEL,,2026-04-14T01:22:41.013948+00:00
NIFTY INFRALOG,ADANIGREEN,,2026-04-14T01:22:41.013948+00:00
NIFTY INFRALOG,MAZDOCK,,2026-04-14T01:22:41.013948+00:00
NIFTY INFRALOG,HFCL,,2026-04-14T01:22:41.013948+00:00
NIFTY INFRALOG,POWERINDIA,,2026-04-14T01:22:41.013948+00:00
NIFTY INFRALOG,TMCV,,2026-04-14T01:22:41.013948+00:00
NIFTY INFRALOG,SUZLON,,2026-04-14T01:22:41.013948+00:00
NIFTY INFRALOG,NTPC,,2026-04-14T01:22:41.013948+00:00
NIFTY INFRALOG,ADANIPORTS,,2026-04-14T01:22:41.013948+00:00
NIFTY INFRALOG,ADANIENSOL,,2026-04-14T01:22:41.013948+00:00
NIFTY INFRALOG,POWERGRID,,2026-04-14T01:22:41.013948+00:00
NIFTY INFRALOG,HAL,,2026-04-14T01:22:41.013948+00:00
NIFTY INFRALOG,CUMMINSIND,,2026-04-14T01:22:41.013948+00:00
NIFTY INFRALOG,IDEA,,2026-04-14T01:22:41.013948+00:00
NIFTY INFRALOG,JSWENERGY,,2026-04-14T01:22:41.013948+00:00
NIFTY INFRALOG,ASHOKLEY,,2026-04-14T01:22:41.013948+00:00
NIFTY INFRALOG,GRSE,,2026-04-14T01:22:41.013948+00:00
NIFTY INFRALOG,GRASIM,,2026-04-14T01:22:41.013948+00:00
NIFTY INFRALOG,GVT&D,,2026-04-14T01:22:41.013948+00:00
NIFTY INFRALOG,RPOWER,,2026-04-14T01:22:41.013948+00:00
NIFTY INFRALOG,ATGL,,2026-04-14T01:22:41.013948+00:00
NIFTY INFRALOG,ULTRACEMCO,,2026-04-14T01:22:41.013948+00:00
NIFTY INFRALOG,DATAPATTNS,,2026-04-14T01:22:41.013948+00:00
NIFTY INFRALOG,GAIL,,2026-04-14T01:22:41.013948+00:00
NIFTY INFRALOG,DLF,,2026-04-14T01:22:41.013948+00:00
NIFTY INFRALOG,COCHINSHIP,,2026-04-14T01:22:41.013948+00:00
NIFTY INFRALOG,JPPOWER,,2026-04-14T01:22:41.013948+00:00
NIFTY INFRALOG,TARIL,,2026-04-14T01:22:41.013948+00:00
NIFTY INFRALOG,ABB,,2026-04-14T01:22:41.013948+00:00
NIFTY INFRALOG,LODHA,,2026-04-14T01:22:41.013948+00:00
NIFTY INFRALOG,THERMAX,,2026-04-14T01:22:41.013948+00:00
NIFTY INFRALOG,INOXWIND,,2026-04-14T01:22:41.013948+00:00
NIFTY INFRALOG,PRESTIGE,,2026-04-14T01:22:41.013948+00:00
NIFTY INFRALOG,BDL,,2026-04-14T01:22:41.013948+00:00
NIFTY INFRALOG,GODREJPROP,,2026-04-14T01:22:41.013948+00:00
NIFTY INFRALOG,CGPOWER,,2026-04-14T01:22:41.013948+00:00
NIFTY INFRALOG,TEJASNET,,2026-04-14T01:22:41.013948+00:00
NIFTY INFRALOG,GMRAIRPORT,,2026-04-14T01:22:41.013948+00:00
NIFTY INFRALOG,RVNL,,2026-04-14T01:22:41.013948+00:00
NIFTY INFRALOG,INDUSTOWER,,2026-04-14T01:22:41.013948+00:00
NIFTY INFRALOG,NHPC,,2026-04-14T01:22:41.013948+00:00
NIFTY INFRALOG,SIEMENS,,2026-04-14T01:22:41.013948+00:00
NIFTY INFRALOG,PETRONET,,2026-04-14T01:22:41.013948+00:00
NIFTY INFRALOG,OBEROIRLTY,,2026-04-14T01:22:41.013948+00:00
NIFTY INFRALOG,TORNTPOWER,,2026-04-14T01:22:41.013948+00:00
NIFTY INFRALOG,ENGINERSIN,,2026-04-14T01:22:41.013948+00:00
NIFTY INFRALOG,AMBUJACEM,,2026-04-14T01:22:41.013948+00:00
NIFTY INFRALOG,ENRIN,,2026-04-14T01:22:41.013948+00:00
NIFTY INFRALOG,ANANTRAJ,,2026-04-14T01:22:41.013948+00:00
NIFTY INFRALOG,IGL,,2026-04-14T01:22:41.013948+00:00
NIFTY INFRALOG,DELHIVERY,,2026-04-14T01:22:41.013948+00:00
NIFTY INFRALOG,ZENTEC,,2026-04-14T01:22:41.013948+00:00
NIFTY INFRALOG,NLCINDIA,,2026-04-14T01:22:41.013948+00:00
NIFTY INFRALOG,NBCC,,2026-04-14T01:22:41.013948+00:00
NIFTY INFRALOG,JKCEMENT,,2026-04-14T01:22:41.013948+00:00
NIFTY INFRALOG,GESHIP,,2026-04-14T01:22:41.013948+00:00
NIFTY INFRALOG,PHOENIXLTD,,2026-04-14T01:22:41.013948+00:00
NIFTY INFRALOG,KIRLOSENG,,2026-04-14T01:22:41.013948+00:00
NIFTY INFRALOG,SHREECEM,,2026-04-14T01:22:41.013948+00:00
NIFTY INFRALOG,CESC,,2026-04-14T01:22:41.013948+00:00
NIFTY INFRALOG,SJVN,,2026-04-14T01:22:41.013948+00:00
NIFTY INFRALOG,JWL,,2026-04-14T01:22:41.013948+00:00
NIFTY INFRALOG,BEML,,2026-04-14T01:22:41.013948+00:00
NIFTY INFRALOG,TRITURBINE,,2026-04-14T01:22:41.013948+00:00
NIFTY INFRALOG,DALBHARAT,,2026-04-14T01:22:41.013948+00:00
NIFTY INFRALOG,TITAGARH,,2026-04-14T01:22:41.013948+00:00
NIFTY INFRALOG,IRCON,,2026-04-14T01:22:41.013948+00:00
NIFTY INFRALOG,JSWINFRA,,2026-04-14T01:22:41.013948+00:00
NIFTY INFRALOG,ACC,,2026-04-14T01:22:41.013948+00:00
NIFTY INFRALOG,TATACOMM,,2026-04-14T01:22:41.013948+00:00
NIFTY INFRALOG,MGL,,2026-04-14T01:22:41.013948+00:00
NIFTY INFRALOG,NAVA,,2026-04-14T01:22:41.013948+00:00
NIFTY INFRALOG,KEC,,2026-04-14T01:22:41.013948+00:00
NIFTY INFRALOG,BRIGADE,,2026-04-14T01:22:41.013948+00:00
NIFTY INFRALOG,CONCOR,,2026-04-14T01:22:41.013948+00:00
NIFTY INFRALOG,ACE,,2026-04-14T01:22:41.013948+00:00
NIFTY INFRALOG,NCC,,2026-04-14T01:22:41.013948+00:00
NIFTY INFRALOG,IRB,,2026-04-14T01:22:41.013948+00:00
NIFTY INFRALOG,ABREL,,2026-04-14T01:22:41.013948+00:00
NIFTY INFRALOG,SIGNATURE,,2026-04-14T01:22:41.013948+00:00
NIFTY INFRALOG,AFCONS,,2026-04-14T01:22:41.013948+00:00
NIFTY INFRALOG,ELGIEQUIP,,2026-04-14T01:22:41.013948+00:00
NIFTY INFRALOG,AEGISLOG,,2026-04-14T01:22:41.013948+00:00
NIFTY INFRALOG,SCHNEIDER,,2026-04-14T01:22:41.013948+00:00
NIFTY INFRALOG,ELECON,,2026-04-14T01:22:41.013948+00:00
NIFTY INFRALOG,BHARTIHEXA,,2026-04-14T01:22:41.013948+00:00
NIFTY INFRALOG,TECHNOE,,2026-04-14T01:22:41.013948+00:00
NIFTY INFRALOG,GSPL,,2026-04-14T01:22:41.013948+00:00
NIFTY INFRALOG,RITES,,2026-04-14T01:22:41.013948+00:00
NIFTY INFRALOG,SOBHA,,2026-04-14T01:22:41.013948+00:00
NIFTY INFRALOG,KPIL,,2026-04-14T01:22:41.013948+00:00
NIFTY INFRALOG,RAMCOCEM,,2026-04-14T01:22:41.013948+00:00
NIFTY INFRALOG,BLUEDART,,2026-04-14T01:22:41.013948+00:00
NIFTY RAILWAYSPSU,BHEL,,2026-04-14T01:22:41.013948+00:00
NIFTY RAILWAYSPSU,ONGC,,2026-04-14T01:22:41.013948+00:00
NIFTY RAILWAYSPSU,BEL,,2026-04-14T01:22:41.013948+00:00
NIFTY RAILWAYSPSU,NTPC,,2026-04-14T01:22:41.013948+00:00
NIFTY RAILWAYSPSU,SAIL,,2026-04-14T01:22:41.013948+00:00
NIFTY RAILWAYSPSU,BPCL,,2026-04-14T01:22:41.013948+00:00
NIFTY RAILWAYSPSU,HINDPETRO,,2026-04-14T01:22:41.013948+00:00
NIFTY RAILWAYSPSU,IRFC,,2026-04-14T01:22:41.013948+00:00
NIFTY RAILWAYSPSU,RVNL,,2026-04-14T01:22:41.013948+00:00
NIFTY RAILWAYSPSU,MRPL,,2026-04-14T01:22:41.013948+00:00
NIFTY RAILWAYSPSU,IRCTC,,2026-04-14T01:22:41.013948+00:00
NIFTY RAILWAYSPSU,BEML,,2026-04-14T01:22:41.013948+00:00
NIFTY RAILWAYSPSU,ITI,,2026-04-14T01:22:41.013948+00:00
NIFTY RAILWAYSPSU,IRCON,,2026-04-14T01:22:41.013948+00:00
NIFTY RAILWAYSPSU,CONCOR,,2026-04-14T01:22:41.013948+00:00
NIFTY RAILWAYSPSU,RAILTEL,,2026-04-14T01:22:41.013948+00:00
NIFTY RAILWAYSPSU,RITES,,2026-04-14T01:22:41.013948+00:00
NIFTYCONGLOMERATE,LT,,2026-04-14T01:22:41.013948+00:00
NIFTYCONGLOMERATE,ADANIPOWER,,2026-04-14T01:22:41.013948+00:00
NIFTYCONGLOMERATE,M&M,,2026-04-14T01:22:41.013948+00:00
NIFTYCONGLOMERATE,BAJFINANCE,,2026-04-14T01:22:41.013948+00:00
NIFTYCONGLOMERATE,TCS,,2026-04-14T01:22:41.013948+00:00
NIFTYCONGLOMERATE,ADANIENT,,2026-04-14T01:22:41.013948+00:00
NIFTYCONGLOMERATE,ADANIGREEN,,2026-04-14T01:22:41.013948+00:00
NIFTYCONGLOMERATE,TMCV,,2026-04-14T01:22:41.013948+00:00
NIFTYCONGLOMERATE,ADANIPORTS,,2026-04-14T01:22:41.013948+00:00
NIFTYCONGLOMERATE,TATASTEEL,,2026-04-14T01:22:41.013948+00:00
NIFTYCONGLOMERATE,CHOLAFIN,,2026-04-14T01:22:41.013948+00:00
NIFTYCONGLOMERATE,HINDALCO,,2026-04-14T01:22:41.013948+00:00
NIFTYCONGLOMERATE,IDEA,,2026-04-14T01:22:41.013948+00:00
NIFTYCONGLOMERATE,JSWENERGY,,2026-04-14T01:22:41.013948+00:00
NIFTYCONGLOMERATE,TITAN,,2026-04-14T01:22:41.013948+00:00
NIFTYCONGLOMERATE,BAJAJ-AUTO,,2026-04-14T01:22:41.013948+00:00
NIFTYCONGLOMERATE,GRASIM,,2026-04-14T01:22:41.013948+00:00
NIFTYCONGLOMERATE,ULTRACEMCO,,2026-04-14T01:22:41.013948+00:00
NIFTYCONGLOMERATE,BAJAJFINSV,,2026-04-14T01:22:41.013948+00:00
NIFTYCONGLOMERATE,TECHM,,2026-04-14T01:22:41.013948+00:00
NIFTYCONGLOMERATE,TRENT,,2026-04-14T01:22:41.013948+00:00
NIFTYCONGLOMERATE,GODREJPROP,,2026-04-14T01:22:41.013948+00:00
NIFTYCONGLOMERATE,CGPOWER,,2026-04-14T01:22:41.013948+00:00
NIFTYCONGLOMERATE,LTF,,2026-04-14T01:22:41.013948+00:00
NIFTYCONGLOMERATE,JINDALSTEL,,2026-04-14T01:22:41.013948+00:00
NIFTYCONGLOMERATE,JSWSTEEL,,2026-04-14T01:22:41.013948+00:00
NIFTYCONGLOMERATE,GODREJCP,,2026-04-14T01:22:41.013948+00:00
NIFTYCONGLOMERATE,AMBUJACEM,,2026-04-14T01:22:41.013948+00:00
NIFTYCONGLOMERATE,ABCAPITAL,,2026-04-14T01:22:41.013948+00:00
NIFTYCONGLOMERATE,JUBLFOOD,,2026-04-14T01:22:41.013948+00:00
NIFTYCONGLOMERATE,LTM,,2026-04-14T01:22:41.013948+00:00
NIFTYCONGLOMERATE,JSL,,2026-04-14T01:22:41.013948+00:00
NIFTYCONGLOMERATE,BAJAJHFL,,2026-04-14T01:22:41.013948+00:00
NIFTYCONGLOMERATE,CESC,,2026-04-14T01:22:41.013948+00:00
NIFTYCONGLOMERATE,M&MFIN,,2026-04-14T01:22:41.013948+00:00
NIFTYCONGLOMERATE,JSWINFRA,,2026-04-14T01:22:41.013948+00:00
NIFTYCONGLOMERATE,COROMANDEL,,2026-04-14T01:22:41.013948+00:00
NIFTYCONGLOMERATE,KEC,,2026-04-14T01:22:41.013948+00:00
NIFTYCONGLOMERATE,BAJAJHLDNG,,2026-04-14T01:22:41.013948+00:00
NIFTYCONGLOMERATE,PCBL,,2026-04-14T01:22:41.013948+00:00
NIFTYCONGLOMERATE,LTTS,,2026-04-14T01:22:41.013948+00:00
NIFTYCONGLOMERATE,CEATLTD,,2026-04-14T01:22:41.013948+00:00
NIFTYCONGLOMERATE,TIINDIA,,2026-04-14T01:22:41.013948+00:00
NIFTYCONGLOMERATE,CHOLAHLDNG,,2026-04-14T01:22:41.013948+00:00
NIFTYCONGLOMERATE,ZENSARTECH,,2026-04-14T01:22:41.013948+00:00
NIFTYCONGLOMERATE,FSL,,2026-04-14T01:22:41.013948+00:00
NIFTYCONGLOMERATE,SAREGAMA,,2026-04-14T01:22:41.013948+00:00
NIFTYCONGLOMERATE,JUBLINGREA,,2026-04-14T01:22:41.013948+00:00
NIFTYCONGLOMERATE,GODREJIND,,2026-04-14T01:22:41.013948+00:00
NIFTYCONGLOMERATE,JUBLPHARMA,,2026-04-14T01:22:41.013948+00:00
NIFTY 50,HDFCBANK,,2026-04-17T07:30:43.973697+00:00
NIFTY 50,ICICIBANK,,2026-04-17T07:30:43.973697+00:00
NIFTY 50,WIPRO,,2026-04-17T07:30:43.973697+00:00
NIFTY 50,RELIANCE,,2026-04-17T07:30:43.973697+00:00
NIFTY 50,SBIN,,2026-04-17T07:30:43.973697+00:00
NIFTY 50,INFY,,2026-04-17T07:30:43.973697+00:00
NIFTY 50,HINDUNILVR,,2026-04-17T07:30:43.973697+00:00
NIFTY 50,ITC,,2026-04-17T07:30:43.973697+00:00
NIFTY 50,LT,,2026-04-17T07:30:43.973697+00:00
NIFTY 50,BHARTIARTL,,2026-04-17T07:30:43.973697+00:00
NIFTY 50,JIOFIN,,2026-04-17T07:30:43.973697+00:00
NIFTY 50,ETERNAL,,2026-04-17T07:30:43.973697+00:00
NIFTY 50,TITAN,,2026-04-17T07:30:43.973697+00:00
NIFTY 50,ADANIPORTS,,2026-04-17T07:30:43.973697+00:00
NIFTY 50,MARUTI,,2026-04-17T07:30:43.973697+00:00
NIFTY 50,BEL,,2026-04-17T07:30:43.973697+00:00
NIFTY 50,TRENT,,2026-04-17T07:30:43.973697+00:00
NIFTY 50,M&M,,2026-04-17T07:30:43.973697+00:00
NIFTY 50,TCS,,2026-04-17T07:30:43.973697+00:00
NIFTY 50,ADANIENT,,2026-04-17T07:30:43.973697+00:00
NIFTY 50,HDFCLIFE,,2026-04-17T07:30:43.973697+00:00
NIFTY 50,AXISBANK,,2026-04-17T07:30:43.973697+00:00
NIFTY 50,BAJFINANCE,,2026-04-17T07:30:43.973697+00:00
NIFTY 50,ONGC,,2026-04-17T07:30:43.973697+00:00
NIFTY 50,TATASTEEL,,2026-04-17T07:30:43.973697+00:00
NIFTY 50,SHRIRAMFIN,,2026-04-17T07:30:43.973697+00:00
NIFTY 50,COALINDIA,,2026-04-17T07:30:43.973697+00:00
NIFTY 50,NTPC,,2026-04-17T07:30:43.973697+00:00
NIFTY 50,SUNPHARMA,,2026-04-17T07:30:43.973697+00:00
NIFTY 50,HINDALCO,,2026-04-17T07:30:43.973697+00:00
NIFTY 50,HCLTECH,,2026-04-17T07:30:43.973697+00:00
NIFTY 50,POWERGRID,,2026-04-17T07:30:43.973697+00:00
NIFTY 50,NESTLEIND,,2026-04-17T07:30:43.973697+00:00
NIFTY 50,EICHERMOT,,2026-04-17T07:30:43.973697+00:00
NIFTY 50,INDIGO,,2026-04-17T07:30:43.973697+00:00
NIFTY 50,TECHM,,2026-04-17T07:30:43.973697+00:00
NIFTY 50,KOTAKBANK,,2026-04-17T07:30:43.973697+00:00
NIFTY 50,ASIANPAINT,,2026-04-17T07:30:43.973697+00:00
NIFTY 50,TMPV,,2026-04-17T07:30:43.973697+00:00
NIFTY 50,APOLLOHOSP,,2026-04-17T07:30:43.973697+00:00
NIFTY 50,DRREDDY,,2026-04-17T07:30:43.973697+00:00
NIFTY 50,BAJAJ-AUTO,,2026-04-17T07:30:43.973697+00:00
NIFTY 50,CIPLA,,2026-04-17T07:30:43.973697+00:00
NIFTY 50,ULTRACEMCO,,2026-04-17T07:30:43.973697+00:00
NIFTY 50,JSWSTEEL,,2026-04-17T07:30:43.973697+00:00
NIFTY 50,TATACONSUM,,2026-04-17T07:30:43.973697+00:00
NIFTY 50,MAXHEALTH,,2026-04-17T07:30:43.973697+00:00
NIFTY 50,GRASIM,,2026-04-17T07:30:43.973697+00:00
NIFTY 50,SBILIFE,,2026-04-17T07:30:43.973697+00:00
NIFTY 50,BAJAJFINSV,,2026-04-17T07:30:43.973697+00:00
NIFTY NEXT 50,ADANIPOWER,,2026-04-17T07:30:43.973697+00:00
NIFTY NEXT 50,ADANIGREEN,,2026-04-17T07:30:43.973697+00:00
NIFTY NEXT 50,VEDL,,2026-04-17T07:30:43.973697+00:00
NIFTY NEXT 50,DMART,,2026-04-17T07:30:43.973697+00:00
NIFTY NEXT 50,MAZDOCK,,2026-04-17T07:30:43.973697+00:00
NIFTY NEXT 50,VBL,,2026-04-17T07:30:43.973697+00:00
NIFTY NEXT 50,HDFCAMC,,2026-04-17T07:30:43.973697+00:00
NIFTY NEXT 50,PFC,,2026-04-17T07:30:43.973697+00:00
NIFTY NEXT 50,RECLTD,,2026-04-17T07:30:43.973697+00:00
NIFTY NEXT 50,ABB,,2026-04-17T07:30:43.973697+00:00
NIFTY NEXT 50,IRFC,,2026-04-17T07:30:43.973697+00:00
NIFTY NEXT 50,UNITDSPR,,2026-04-17T07:30:43.973697+00:00
NIFTY NEXT 50,HAL,,2026-04-17T07:30:43.973697+00:00
NIFTY NEXT 50,TMCV,,2026-04-17T07:30:43.973697+00:00
NIFTY NEXT 50,SIEMENS,,2026-04-17T07:30:43.973697+00:00
NIFTY NEXT 50,ADANIENSOL,,2026-04-17T07:30:43.973697+00:00
NIFTY NEXT 50,JINDALSTEL,,2026-04-17T07:30:43.973697+00:00
NIFTY NEXT 50,HYUNDAI,,2026-04-17T07:30:43.973697+00:00
NIFTY NEXT 50,CGPOWER,,2026-04-17T07:30:43.973697+00:00
NIFTY NEXT 50,BPCL,,2026-04-17T07:30:43.973697+00:00
NIFTY NEXT 50,PIDILITIND,,2026-04-17T07:30:43.973697+00:00
NIFTY NEXT 50,TATAPOWER,,2026-04-17T07:30:43.973697+00:00
NIFTY NEXT 50,GODREJCP,,2026-04-17T07:30:43.973697+00:00
NIFTY NEXT 50,CUMMINSIND,,2026-04-17T07:30:43.973697+00:00
NIFTY NEXT 50,BRITANNIA,,2026-04-17T07:30:43.973697+00:00
NIFTY NEXT 50,SOLARINDS,,2026-04-17T07:30:43.973697+00:00
NIFTY NEXT 50,LTM,,2026-04-17T07:30:43.973697+00:00
NIFTY NEXT 50,TVSMOTOR,,2026-04-17T07:30:43.973697+00:00
NIFTY NEXT 50,CANBK,,2026-04-17T07:30:43.973697+00:00
NIFTY NEXT 50,MUTHOOTFIN,,2026-04-17T07:30:43.973697+00:00
NIFTY NEXT 50,LODHA,,2026-04-17T07:30:43.973697+00:00
NIFTY NEXT 50,HINDZINC,,2026-04-17T07:30:43.973697+00:00
NIFTY NEXT 50,UNIONBANK,,2026-04-17T07:30:43.973697+00:00
NIFTY NEXT 50,IOC,,2026-04-17T07:30:43.973697+00:00
NIFTY NEXT 50,DLF,,2026-04-17T07:30:43.973697+00:00
NIFTY NEXT 50,GAIL,,2026-04-17T07:30:43.973697+00:00
NIFTY NEXT 50,MOTHERSON,,2026-04-17T07:30:43.973697+00:00
NIFTY NEXT 50,ENRIN,,2026-04-17T07:30:43.973697+00:00
NIFTY NEXT 50,BANKBARODA,,2026-04-17T07:30:43.973697+00:00
NIFTY NEXT 50,PNB,,2026-04-17T07:30:43.973697+00:00
NIFTY NEXT 50,INDHOTEL,,2026-04-17T07:30:43.973697+00:00
NIFTY NEXT 50,BOSCHLTD,,2026-04-17T07:30:43.973697+00:00
NIFTY NEXT 50,CHOLAFIN,,2026-04-17T07:30:43.973697+00:00
NIFTY NEXT 50,DIVISLAB,,2026-04-17T07:30:43.973697+00:00
NIFTY NEXT 50,TORNTPHARM,,2026-04-17T07:30:43.973697+00:00
NIFTY NEXT 50,AMBUJACEM,,2026-04-17T07:30:43.973697+00:00
NIFTY NEXT 50,BAJAJHLDNG,,2026-04-17T07:30:43.973697+00:00
NIFTY NEXT 50,ZYDUSLIFE,,2026-04-17T07:30:43.973697+00:00
NIFTY NEXT 50,TATACAP,,2026-04-17T07:30:43.973697+00:00
NIFTY NEXT 50,SHREECEM,,2026-04-17T07:30:43.973697+00:00
