symbol,isin,company_name,is_owner_company,stage1_promoter_ge_10,owner_family,owner_flag,owner_flag_final_hybrid,yaml_classification,promoter_total_pct,natural_pct_sum,in_rev1,rev1_category,is_nifty50,is_nifty100,is_nifty200,is_nifty500,is_nifty_total_mkt
20MICRONS,INE144J01027,20 Microns Limited,True,True,,owner_confirmed_individual,OWNER,UNKNOWN,45.04,20.48,False,,False,False,False,False,False
21STCENMGM,INE253B01015,21st Century Management Services Limited,True,True,,owner_confirmed_individual,OWNER,UNKNOWN,64.43,64.43,False,,False,False,False,False,False
3PLAND,INE105C01023,3P Land Holdings Limited,True,True,,owner_confirmed_individual_and_director,OWNER,UNKNOWN,73.3,5.16,False,,False,False,False,False,False
5PAISA,INE618L01018,5Paisa Capital Limited,True,True,,owner_confirmed_individual_and_director,OWNER,UNKNOWN,32.78,33.09,False,,False,False,False,False,False
A2ZINFRA,INE619I01012,A2Z Infra Engineering Limited,True,True,,owner_confirmed_individual_and_director,OWNER,UNKNOWN,28.14,15.56,False,,False,False,False,False,False
AAATECH,INE0D0U01013,AAA Technologies Limited,True,True,,owner_confirmed_individual,OWNER,UNKNOWN,34.38,34.38,False,,False,False,False,False,False
AAKASH,INE087Z01024,Aakash Exploration Services Limited,True,True,,owner_confirmed_individual,OWNER,UNKNOWN,66.54,66.54,False,,False,False,False,False,False
AARTIDRUGS,INE767A01016,Aarti Drugs Limited,True,True,,owner_confirmed_individual_and_director,OWNER,UNKNOWN,55.03,47.56,True,Owner,False,False,False,False,True
AARTIIND,INE769A01020,Aarti Industries Limited,True,True,,owner_confirmed_individual_and_director,OWNER,UNKNOWN,42.14,27.9,True,Owner,False,False,False,True,True
AARTIPHARM,INE0LRU01027,Aarti Pharmalabs Limited,True,True,,owner_confirmed_individual_and_director,OWNER,UNKNOWN,43.1,28.53,False,,False,False,False,False,True
ABDL,INE552Z01027,Allied Blenders and Distillers Limited,True,True,,owner_confirmed_individual_and_director,OWNER,UNKNOWN,80.91,77.6,False,,False,False,False,True,True
ACC,INE012A01025,ACC Limited,True,True,,ambiguous_holding_indian,OWNER,UNKNOWN,56.69,0.0,True,Owner,False,False,False,True,True
ACE,INE731H01025,Action Construction Equipment Limited,True,True,,owner_confirmed_individual_and_director,OWNER,UNKNOWN,65.42,65.44,True,Owner,False,False,False,True,True
ACI,INE128X01021,Archean Chemical Industries Limited,True,True,,owner_confirmed_individual_and_director,OWNER,UNKNOWN,53.43,23.01,True,Owner,False,False,False,False,True
ACMESOLAR,INE622W01025,Acme Solar Holdings Limited,True,True,,owner_confirmed_individual_and_director,OWNER,UNKNOWN,83.29,0.0,False,,False,False,False,True,True
ACUTAAS,INE00FF01025,Acutaas Chemicals Limited,True,True,,owner_confirmed_individual_and_director,OWNER,UNKNOWN,32.66,33.47,True,Owner,False,False,False,True,True
ADVENZYMES,INE837H01020,Advanced Enzyme Technologies Limited,True,True,,owner_confirmed_individual_and_director,OWNER,UNKNOWN,43.04,38.59,False,,False,False,False,False,True
AEQUS,INE947N01017,Aequs Limited,True,True,,owner_confirmed_individual_and_director,OWNER,UNKNOWN,59.08,0.69,False,,False,False,False,False,True
AETHER,INE0BWX01014,Aether Industries Limited,True,True,,owner_confirmed_individual_and_director,OWNER,UNKNOWN,74.95,24.34,True,Owner,False,False,False,False,True
AFCONS,INE101I01011,Afcons Infrastructure Limited,True,True,,owner_confirmed_individual_and_director,OWNER,UNKNOWN,50.17,0.07,False,,False,False,False,True,True
AFFLE,INE00WC01027,Affle 3i Limited,True,True,,owner_probable_nri_family,OWNER,UNKNOWN,54.92,0.13,True,Owner,False,False,False,True,True
AGARWALEYE,INE943P01029,Dr. Agarwal's Health Care Limited,True,True,,owner_confirmed_individual_and_director,OWNER,UNKNOWN,32.36,26.75,False,,False,False,False,False,True
AGI,INE415A01038,AGI Greenpac Limited,True,True,,owner_confirmed_individual_and_director,OWNER,UNKNOWN,60.24,9.41,True,Owner,False,False,False,False,False
AGL,INE1YPB01014,Allcargo Global Limited,True,True,,owner_confirmed_individual_and_director,OWNER,UNKNOWN,63.28,60.35,False,,False,False,False,False,True
AHLUCONT,INE758C01029,Ahluwalia Contracts (India) Limited,True,True,,owner_confirmed_individual,OWNER,UNKNOWN,55.32,55.28,False,,False,False,False,False,True
AIAENG,INE212H01026,AIA Engineering Limited,True,True,,owner_confirmed_individual_and_director,OWNER,UNKNOWN,58.5,58.51,True,Owner,False,False,False,True,True
AIIL,INE206F01022,Authum Investment & Infrastructure Limited,True,True,,owner_confirmed_individual_and_director,OWNER,UNKNOWN,68.79,65.3,False,,False,False,False,True,True
AJANTPHARM,INE031B01049,Ajanta Pharma Limited,True,True,,owner_confirmed_individual_and_director,OWNER,UNKNOWN,66.25,56.19,True,Owner,False,False,False,True,True
AKUMS,INE09XN01023,Akums Drugs and Pharmaceuticals Limited,True,True,,owner_confirmed_individual_and_director,OWNER,UNKNOWN,75.26,34.47,False,,False,False,False,False,True
ALKEM,INE540L01014,Alkem Laboratories Limited,True,True,,owner_confirmed_individual_and_director,OWNER,UNKNOWN,51.2,51.2,True,Owner,False,False,True,True,True
ALKYLAMINE,INE150B01039,Alkyl Amines Chemicals Limited,True,True,,owner_confirmed_individual_and_director,OWNER,UNKNOWN,72.03,62.98,False,,False,False,False,False,True
AMBER,INE371P01015,Amber Enterprises India Limited,True,True,,owner_confirmed_individual_and_director,OWNER,UNKNOWN,38.19,38.24,True,Owner,False,False,False,True,True
ANANDRATHI,INE463V01026,Anand Rathi Wealth Limited,True,True,,owner_confirmed_individual_and_director,OWNER,UNKNOWN,43.11,20.52,True,Owner,False,False,False,True,True
ANANTRAJ,INE242C01024,Anant Raj Limited,True,True,,owner_confirmed_individual_and_director,OWNER,UNKNOWN,57.41,52.86,True,Owner,False,False,False,True,True
ANGELONE,INE732I01021,Angel One Limited,True,True,,owner_confirmed_individual_and_director,OWNER,UNKNOWN,28.87,22.29,True,Owner,False,False,False,True,True
ANTHEM,INE0CZ201020,Anthem Biosciences Limited,True,True,,owner_confirmed_individual_and_director,OWNER,UNKNOWN,74.69,72.67,False,,False,False,False,True,True
ANUP,INE294Z01018,The Anup Engineering Limited,True,True,,owner_confirmed_individual_and_director,OWNER,UNKNOWN,40.92,0.43,False,,False,False,False,False,True
ANURAS,INE930P01018,Anupam Rasayan India Limited,True,True,,owner_confirmed_individual_and_director,OWNER,UNKNOWN,59.07,20.97,True,Owner,False,False,False,True,True
APARINDS,INE372A01015,Apar Industries Limited,True,True,,owner_confirmed_individual_and_director,OWNER,UNKNOWN,57.77,46.09,True,Owner,False,False,False,True,True
APLAPOLLO,INE702C01027,APL Apollo Tubes Limited,True,True,,owner_confirmed_individual_and_director,OWNER,UNKNOWN,28.27,1.68,True,Owner,False,False,True,True,True
APLLTD,INE901L01018,Alembic Pharmaceuticals Limited,True,True,,owner_confirmed_individual_and_director,OWNER,UNKNOWN,69.74,6.69,False,,False,False,False,False,True
APOLLO,INE713T01028,Apollo Micro Systems Limited,True,True,,owner_confirmed_individual_and_director,OWNER,UNKNOWN,51.98,53.9,False,,False,False,False,False,True
APOLLOHOSP,INE437A01024,Apollo Hospitals Enterprise Limited,True,True,,owner_confirmed_individual_and_director,OWNER,UNKNOWN,28.02,9.03,True,Owner,True,True,True,True,True
APOLLOPIPE,INE126J01016,Apollo Pipes Limited,True,True,,owner_confirmed_individual_and_director,OWNER,UNKNOWN,51.72,53.02,True,Owner,False,False,False,False,False
APOLLOTYRE,INE438A01022,Apollo Tyres Limited,True,True,,owner_confirmed_individual,OWNER,UNKNOWN,36.93,0.44,True,Owner,False,False,False,True,True
APTUS,INE852O01025,Aptus Value Housing Finance India Limited,True,True,,owner_confirmed_individual_and_director,OWNER,UNKNOWN,23.87,23.97,True,Owner,False,False,False,True,True
ARE&M,INE885A01032,Amara Raja Energy & Mobility Limited,True,True,,ambiguous_holding_indian,OWNER,UNKNOWN,32.86,0.0,True,Owner,False,False,False,True,True
ARVIND,INE034A01011,Arvind Limited,True,True,,owner_confirmed_individual_and_director,OWNER,UNKNOWN,39.53,0.19,True,Owner,False,False,False,False,True
ARVINDFASN,INE955V01021,Arvind Fashions Limited,True,True,,owner_confirmed_individual_and_director,OWNER,UNKNOWN,35.1,0.56,False,,False,False,False,False,True
ASHAPURMIN,INE348A01023,Ashapura Minechem Limited,True,True,,owner_confirmed_individual_and_director,OWNER,UNKNOWN,47.88,29.91,True,Owner,False,False,False,False,True
ASHOKA,INE442H01029,Ashoka Buildcon Limited,True,True,,owner_confirmed_individual_and_director,OWNER,UNKNOWN,54.48,53.28,True,Owner,False,False,False,False,True
ASIANPAINT,INE021A01026,Asian Paints Limited,True,True,,owner_confirmed_individual_and_director,OWNER,UNKNOWN,52.63,10.48,True,Owner,True,True,True,True,True
ASKAUTOLTD,INE491J01022,ASK Automotive Limited,True,True,,owner_confirmed_individual,OWNER,UNKNOWN,74.95,74.95,False,,False,False,False,False,True
ASTERDM,INE914M01019,Aster DM Healthcare Limited,True,True,,owner_probable_nri_family,OWNER,UNKNOWN,40.39,2.08,True,Owner,False,False,False,True,True
ASTRAL,INE006I01046,Astral Limited,True,True,,owner_confirmed_individual,OWNER,UNKNOWN,54.22,39.13,True,Owner,False,False,True,True,True
ATHERENERG,INE0LEZ01016,Ather Energy Limited,True,True,,owner_confirmed_individual_and_director,OWNER,UNKNOWN,40.86,10.13,False,,False,False,False,True,True
ATLANTAELE,INE0Z4F01028,Atlanta Electricals Limited,True,True,,owner_confirmed_individual_and_director,OWNER,UNKNOWN,87.27,31.27,False,,False,False,False,False,True
ATUL,INE100A01010,Atul Limited,True,True,,owner_confirmed_individual_and_director,OWNER,UNKNOWN,45.22,2.52,True,Owner,False,False,False,True,True
AUBANK,INE949L01017,AU Small Finance Bank Limited,True,True,,owner_confirmed_individual_and_director,OWNER,UNKNOWN,22.79,23.17,True,Owner,False,False,True,True,True
AURIONPRO,INE132H01018,Aurionpro Solutions Limited,True,True,,owner_confirmed_individual_and_director,OWNER,UNKNOWN,26.88,33.37,False,,False,False,False,False,True
AUROPHARMA,INE406A01037,Aurobindo Pharma Limited,True,True,,owner_confirmed_individual_and_director,OWNER,UNKNOWN,51.82,15.22,True,Owner,False,False,True,True,True
AVALON,INE0LCL01028,Avalon Technologies Limited,True,True,,owner_confirmed_individual_and_director,OWNER,UNKNOWN,44.43,32.41,True,Owner,False,False,False,False,True
AVANTIFEED,INE871C01038,Avanti Feeds Limited,True,True,,owner_confirmed_individual_and_director,OWNER,UNKNOWN,43.23,13.48,True,Owner,False,False,False,False,True
AVL,INE679V01027,Aditya Vision Limited,True,True,,owner_confirmed_individual_and_director,OWNER,UNKNOWN,47.14,47.14,True,Owner,False,False,False,False,True
AWFIS,INE108V01019,Awfis Space Solutions Limited,True,True,,owner_confirmed_individual_and_director,OWNER,UNKNOWN,17.0,18.19,False,,False,False,False,False,True
AZAD,INE02IJ01035,Azad Engineering Limited,True,True,,owner_confirmed_individual_and_director,OWNER,UNKNOWN,55.84,56.12,False,,False,False,False,False,True
BALAMINES,INE050E01027,Balaji Amines Limited,True,True,,owner_confirmed_individual,OWNER,UNKNOWN,54.59,39.79,False,,False,False,False,False,True
BALKRISIND,INE787D01026,Balkrishna Industries Limited,True,True,,owner_confirmed_individual,OWNER,UNKNOWN,58.29,33.09,True,Owner,False,False,False,True,True
BALRAMCHIN,INE119A01028,Balrampur Chini Mills Limited,True,True,,owner_confirmed_individual_and_director,OWNER,UNKNOWN,42.85,6.99,True,Owner,False,False,False,True,True
BALUFORGE,INE011E01029,Balu Forge Industries Limited,True,True,,owner_confirmed_individual,OWNER,UNKNOWN,53.99,53.99,False,,False,False,False,False,True
BANCOINDIA,INE213C01025,Banco Products (I) Limited,True,True,,owner_confirmed_individual,OWNER,UNKNOWN,67.88,64.96,False,,False,False,False,False,True
BCG,INE425B01027,Brightcom Group Limited,True,True,,owner_confirmed_individual_and_director,OWNER,UNKNOWN,18.38,3.25,True,Owner,False,False,False,False,False
BECTORFOOD,INE495P01020,Mrs. Bectors Food Specialities Limited,True,True,,owner_confirmed_individual,OWNER,UNKNOWN,49.04,23.75,False,,False,False,False,False,True
BELRISE,INE894V01022,Belrise Industries Limited,True,True,,owner_confirmed_individual,OWNER,UNKNOWN,66.46,66.29,False,,False,False,False,True,True
BERGEPAINT,INE463A01038,Berger Paints (I) Limited,True,True,,owner_confirmed_individual_and_director,OWNER,UNKNOWN,74.98,3.34,True,Owner,False,False,False,True,True
BHARATFORG,INE465A01025,Bharat Forge Limited,True,True,,owner_confirmed_individual_and_director,OWNER,UNKNOWN,44.07,0.34,True,Owner,False,False,True,True,True
BIKAJI,INE00E101023,Bikaji Foods International Limited,True,True,,owner_confirmed_individual_and_director,OWNER,UNKNOWN,73.88,73.91,True,Owner,False,False,False,True,True
BIOCON,INE376G01013,Biocon Limited,True,True,,owner_confirmed_individual_and_director,OWNER,UNKNOWN,44.68,30.71,True,Owner,False,False,True,True,True
BIRLACORPN,INE340A01012,Birla Corporation Limited,True,True,,owner_confirmed_individual_and_director,OWNER,UNKNOWN,62.9,0.0,True,Owner,False,False,False,False,True
BLACKBUCK,INE0UIZ01018,BLACKBUCK LIMITED,True,True,,owner_confirmed_individual_and_director,OWNER,UNKNOWN,25.12,25.12,False,,False,False,False,False,True
BLS,INE153T01027,BLS International Services Limited,True,True,,owner_confirmed_individual_and_director,OWNER,UNKNOWN,70.39,26.65,True,Owner,False,False,False,True,True
BLUEJET,INE0KBH01020,Blue Jet Healthcare Limited,True,True,,owner_confirmed_individual,OWNER,UNKNOWN,79.81,79.81,False,,False,False,False,True,True
BLUESTARCO,INE472A01039,Blue Star Limited,True,True,,owner_confirmed_individual_and_director,OWNER,UNKNOWN,36.49,9.93,True,Owner,False,False,True,True,True
BLUESTONE,INE304W01038,BlueStone Jewellery and Lifestyle Limited,True,True,,owner_confirmed_individual_and_director,OWNER,UNKNOWN,16.36,16.43,False,,False,False,False,False,True
BORORENEW,INE666D01022,BOROSIL RENEWABLES LIMITED,True,True,,owner_confirmed_individual_and_director,OWNER,UNKNOWN,58.77,9.03,True,Owner,False,False,False,False,True
BRIGADE,INE791I01019,Brigade Enterprises Limited,True,True,,owner_confirmed_individual_and_director,OWNER,UNKNOWN,41.11,40.74,False,,False,False,False,True,True
CAMLINFINE,INE052I01032,Camlin Fine Sciences Limited,True,True,,owner_confirmed_individual_and_director,OWNER,UNKNOWN,48.03,14.21,True,Owner,False,False,False,False,False
CAMPUS,INE278Y01022,Campus Activewear Limited,True,True,,owner_confirmed_individual_and_director,OWNER,UNKNOWN,72.11,68.14,True,Owner,False,False,False,False,True
CAPILLARY,INE0ILV01024,Capillary Technologies India Limited,True,True,,owner_confirmed_individual_and_director,OWNER,UNKNOWN,52.23,3.46,False,,False,False,False,False,True
CAPLIPOINT,INE475E01026,Caplin Point Laboratories Limited,True,True,,owner_confirmed_individual_and_director,OWNER,UNKNOWN,70.57,67.34,False,,False,False,False,True,True
CARBORUNIV,INE120A01034,Carborundum Universal Limited,True,True,,owner_confirmed_individual_and_director,OWNER,UNKNOWN,38.9,4.39,True,Owner,False,False,False,True,True
CCAVENUE,INE483S01020,AvenuesAI Limited,True,True,,owner_confirmed_individual_and_director,OWNER,UNKNOWN,27.29,34.5,True,Owner,False,False,False,False,True
CCL,INE421D01022,CCL Products (India) Limited,True,True,,owner_confirmed_individual_and_director,OWNER,UNKNOWN,46.11,46.86,True,Owner,False,False,False,True,True
CEATLTD,INE482A01020,CEAT Limited,True,True,,owner_confirmed_individual_and_director,OWNER,UNKNOWN,47.21,0.38,True,Owner,False,False,False,True,True
CELLO,INE0LMW01024,Cello World Limited,True,True,,owner_confirmed_individual_and_director,OWNER,UNKNOWN,75.0,57.34,False,,False,False,False,False,True
CENTURYPLY,INE348B01021,Century Plyboards (India) Limited,True,True,,owner_confirmed_individual_and_director,OWNER,UNKNOWN,71.83,54.17,True,Owner,False,False,False,False,True
CERA,INE739E01017,Cera Sanitaryware Limited,True,True,,owner_confirmed_individual_and_director,OWNER,UNKNOWN,54.41,21.83,True,Owner,False,False,False,False,True
CGCL,INE180C01042,Capri Global Capital Limited,True,True,,owner_confirmed_individual_and_director,OWNER,UNKNOWN,59.92,0.0,True,Owner,False,False,False,True,True
CGPOWER,INE067A01029,CG Power and Industrial Solutions Limited,True,True,,owner_confirmed_individual_and_director,OWNER,UNKNOWN,56.36,0.04,True,Owner,False,True,True,True,True
CHALET,INE427F01016,Chalet Hotels Limited,True,True,,owner_confirmed_individual_and_director,OWNER,UNKNOWN,67.33,13.14,True,Owner,False,False,False,True,True
CHAMBLFERT,INE085A01013,Chambal Fertilizers & Chemicals Limited,True,True,,owner_confirmed_individual_and_director,OWNER,UNKNOWN,60.85,6.41,True,Owner,False,False,False,True,True
CHEMPLASTS,INE488A01050,Chemplast Sanmar Limited,True,True,,owner_confirmed_individual_and_director,OWNER,UNKNOWN,54.99,0.0,True,Owner,False,False,False,False,False
CHOICEIN,INE102B01014,Choice International Limited,True,True,,owner_confirmed_individual_and_director,OWNER,UNKNOWN,53.65,46.54,True,Owner,False,False,False,True,True
CHOLAFIN,INE121A01024,Cholamandalam Investment and Finance Company Limited,True,True,,owner_confirmed_individual_and_director,OWNER,UNKNOWN,49.72,0.92,True,Owner,False,True,True,True,True
CHOLAHLDNG,INE149A01033,Cholamandalam Financial Holdings Limited,True,True,,owner_confirmed_individual,OWNER,UNKNOWN,46.38,4.23,True,Owner,False,False,False,True,True
CIPLA,INE059A01026,Cipla Limited,True,True,,owner_confirmed_individual_and_director,OWNER,UNKNOWN,29.21,29.24,True,Owner,True,True,True,True,True
CLEAN,INE227W01023,Clean Science and Technology Limited,True,True,,owner_confirmed_individual_and_director,OWNER,UNKNOWN,50.96,50.96,True,Owner,False,False,False,True,True
CONCORDBIO,INE338H01029,Concord Biotech Limited,True,True,,owner_confirmed_individual_and_director,OWNER,UNKNOWN,44.08,39.74,True,Owner,False,False,False,True,True
COROMANDEL,INE169A01031,Coromandel International Limited,True,True,,owner_confirmed_individual_and_director,OWNER,UNKNOWN,56.86,0.47,True,Owner,False,False,True,True,True
CORONA,INE02ZQ01018,CORONA Remedies Limited,True,True,,owner_confirmed_individual,OWNER,UNKNOWN,69.0,69.0,False,,False,False,False,False,True
CPPLUS,INE819V01029,Aditya Infotech Limited,True,True,,owner_confirmed_individual_and_director,OWNER,UNKNOWN,76.91,60.13,False,,False,False,False,True,True
CRAFTSMAN,INE00LO01017,Craftsman Automation Limited,True,True,,owner_confirmed_individual_and_director,OWNER,UNKNOWN,48.7,48.7,True,Owner,False,False,False,True,True
CRIZAC,INE0S4R01014,Crizac Limited,True,True,,owner_confirmed_individual,OWNER,UNKNOWN,79.94,79.94,False,,False,False,False,False,True
CUPID,INE509F01029,Cupid Limited,True,True,,owner_confirmed_individual_and_director,OWNER,UNKNOWN,46.03,33.12,False,,False,False,False,False,True
CYIENT,INE136B01020,Cyient Limited,True,True,,owner_confirmed_individual_and_director,OWNER,UNKNOWN,23.29,4.35,True,Owner,False,False,False,True,True
DABUR,INE016A01026,Dabur India Limited,True,True,,owner_confirmed_individual_and_director,OWNER,PROFESSIONAL,66.23,0.46,True,Owner,False,False,True,True,True
DALBHARAT,INE00R701025,Dalmia Bharat Limited,True,True,,owner_confirmed_individual_and_director,OWNER,UNKNOWN,55.84,0.01,True,Owner,False,False,False,True,True
DALMIASUG,INE495A01022,Dalmia Bharat Sugar and Industries Limited,True,True,,owner_confirmed_individual_and_director,OWNER,UNKNOWN,74.91,0.26,True,Owner,False,False,False,False,False
DATAMATICS,INE365B01017,Datamatics Global Services Limited,True,True,,owner_confirmed_individual_and_director,OWNER,UNKNOWN,66.33,48.24,False,,False,False,False,False,True
DATAPATTNS,INE0IX101010,Data Patterns (India) Limited,True,True,,owner_confirmed_individual_and_director,OWNER,UNKNOWN,42.41,47.26,True,Owner,False,False,False,True,True
DBL,INE917M01012,Dilip Buildcon Limited,True,True,,owner_confirmed_individual,OWNER,UNKNOWN,63.14,63.14,True,Owner,False,False,False,False,True
DBREALTY,INE879I01012,Valor Estate Limited,True,True,,owner_confirmed_individual_and_director,OWNER,UNKNOWN,47.45,0.62,True,Owner,False,False,False,False,True
DCAL,INE385W01011,Dishman Carbogen Amcis Limited,True,True,,owner_confirmed_individual_and_director,OWNER,UNKNOWN,59.32,0.0,True,Owner,False,False,False,False,False
DCMSHRIRAM,INE499A01024,DCM Shriram Limited,True,True,,owner_confirmed_individual_and_director,OWNER,UNKNOWN,66.52,3.6,True,Owner,False,False,False,True,True
DCXINDIA,INE0KL801015,DCX Systems Limited,True,True,,owner_confirmed_individual_and_director,OWNER,UNKNOWN,52.16,3.75,True,Owner,False,False,False,False,False
DEEPAKFERT,INE501A01019,Deepak Fertilizers and Petrochemicals Corporation Limited,True,True,,owner_confirmed_individual_and_director,OWNER,UNKNOWN,45.63,0.79,True,Owner,False,False,False,True,True
DEEPAKNTR,INE288B01029,Deepak Nitrite Limited,True,True,,owner_confirmed_individual_and_director,OWNER,UNKNOWN,49.33,17.23,True,Owner,False,False,False,True,True
DELTACORP,INE124G01033,Delta Corp Limited,True,True,,owner_confirmed_individual_and_director,OWNER,UNKNOWN,34.47,1.18,True,Owner,False,False,False,False,False
DIACABS,INE989C01038,Diamond Power Infrastructure Limited,True,True,,owner_confirmed_individual,OWNER,UNKNOWN,84.02,46.49,False,,False,False,False,False,True
DIVISLAB,INE361B01024,Divi's Laboratories Limited,True,True,,owner_confirmed_individual_and_director,OWNER,UNKNOWN,51.88,49.15,True,Owner,False,True,True,True,True
DIXON,INE935N01020,Dixon Technologies (India) Limited,True,True,,owner_confirmed_individual_and_director,OWNER,UNKNOWN,28.83,12.86,True,Owner,False,False,True,True,True
DLF,INE271C01023,DLF Limited,True,True,,owner_confirmed_individual_and_director,OWNER,UNKNOWN,74.08,0.96,True,Owner,False,True,True,True,True
DMART,INE192R01011,Avenue Supermarts Limited,True,True,,owner_confirmed_individual_and_director,OWNER,UNKNOWN,74.65,39.95,True,Owner,False,True,True,True,True
DODLA,INE021O01019,Dodla Dairy Limited,True,True,,owner_confirmed_individual_and_director,OWNER,UNKNOWN,58.92,26.18,True,Owner,False,False,False,False,False
DOMS,INE321T01012,DOMS Industries Limited,True,True,,owner_confirmed_individual_and_director,OWNER,UNKNOWN,70.39,44.37,False,,False,False,False,True,True
DREAMFOLKS,INE0JS101016,Dreamfolks Services Limited,True,True,,owner_confirmed_individual_and_director,OWNER,UNKNOWN,65.72,65.99,True,Owner,False,False,False,False,False
DRREDDY,INE089A01031,Dr. Reddy's Laboratories Limited,True,True,,owner_confirmed_individual_and_director,OWNER,UNKNOWN,26.64,6.07,True,Owner,True,True,True,True,True
DYNAMATECH,INE221B01012,Dynamatic Technologies Limited,True,True,,owner_confirmed_individual,OWNER,UNKNOWN,41.87,7.71,False,,False,False,False,False,True
EASEMYTRIP,INE07O001026,Easy Trip Planners Limited,True,True,,owner_confirmed_individual,OWNER,UNKNOWN,47.72,47.72,True,Owner,False,False,False,False,False
ECLERX,INE738I01010,eClerx Services Limited,True,True,,owner_confirmed_individual_and_director,OWNER,UNKNOWN,54.52,54.57,True,Owner,False,False,False,True,True
EDELWEISS,INE532F01054,Edelweiss Financial Services Limited,True,True,,owner_confirmed_individual_and_director,OWNER,UNKNOWN,32.69,28.27,True,Owner,False,False,False,False,True
EICHERMOT,INE066A01021,Eicher Motors Limited,True,True,,owner_confirmed_individual_and_director,OWNER,UNKNOWN,49.06,3.36,True,Owner,True,True,True,True,True
EIDPARRY,INE126A01031,EID Parry India Limited,True,True,,owner_confirmed_individual_and_director,OWNER,UNKNOWN,41.44,1.98,True,Owner,False,False,False,True,True
EIEL,INE0LLY01014,Enviro Infra Engineers Limited,True,True,,owner_confirmed_individual_and_director,OWNER,UNKNOWN,70.13,70.13,False,,False,False,False,False,True
EIHOTEL,INE230A01023,EIH Limited,True,True,,owner_confirmed_individual,OWNER,UNKNOWN,32.85,2.1,True,Owner,False,False,False,True,True
ELECON,INE205B01031,Elecon Engineering Company Limited,True,True,,owner_confirmed_individual_and_director,OWNER,UNKNOWN,59.27,4.48,True,Owner,False,False,False,True,True
ELECTCAST,INE086A01029,Electrosteel Castings Limited,True,True,,owner_confirmed_individual,OWNER,UNKNOWN,50.13,8.57,True,Owner,False,False,False,False,True
ELGIEQUIP,INE285A01027,Elgi Equipments Limited,True,True,,owner_confirmed_individual_and_director,OWNER,UNKNOWN,31.19,10.95,True,Owner,False,False,False,True,True
ELLEN,INE236E01022,Ellenbarrie Industrial Gases Limited,True,True,,owner_confirmed_individual,OWNER,UNKNOWN,77.16,77.16,False,,False,False,False,False,True
EMAMILTD,INE548C01032,Emami Limited,True,True,,owner_confirmed_individual_and_director,OWNER,UNKNOWN,54.84,7.1,True,Owner,False,False,False,True,True
EMBDL,INE069I01010,Embassy Developments Limited,True,True,,owner_confirmed_individual_and_director,OWNER,UNKNOWN,42.65,1.56,True,Owner,False,False,False,False,True
EMCURE,INE168P01015,Emcure Pharmaceuticals Limited,True,True,,owner_confirmed_individual_and_director,OWNER,UNKNOWN,77.87,62.74,False,,False,False,False,True,True
EMMVEE,INE1C6T01020,Emmvee Photovoltaic Power Limited,True,True,,owner_confirmed_individual_and_director,OWNER,UNKNOWN,80.03,80.03,False,,False,False,False,True,True
ENDURANCE,INE913H01037,Endurance Technologies Limited,True,True,,owner_confirmed_individual_and_director,OWNER,UNKNOWN,75.0,30.85,True,Owner,False,False,False,True,True
ENTERO,INE010601016,Entero Healthcare Solutions Limited,True,True,,owner_confirmed_individual_and_director,OWNER,UNKNOWN,52.42,14.41,False,,False,False,False,False,True
ERIS,INE406M01024,Eris Lifesciences Limited,True,True,,owner_confirmed_individual_and_director,OWNER,UNKNOWN,54.85,54.89,True,Owner,False,False,False,True,True
ETHOSLTD,INE04TZ01018,Ethos Limited,True,True,,owner_confirmed_individual_and_director,OWNER,UNKNOWN,50.59,0.29,False,,False,False,False,False,True
EXIDEIND,INE302A01020,Exide Industries Limited,True,True,,owner_probable_nri_family,OWNER,UNKNOWN,45.99,45.99,True,Owner,False,False,True,True,True
FINCABLES,INE235A01022,Finolex Cables Limited,True,True,,owner_confirmed_individual,OWNER,UNKNOWN,35.86,5.16,True,Owner,False,False,False,True,True
FINEORG,INE686Y01026,Fine Organic Industries Limited,True,True,,owner_confirmed_individual_and_director,OWNER,UNKNOWN,75.0,75.02,True,Owner,False,False,False,False,False
FINPIPE,INE183A01024,Finolex Industries Limited,True,True,,owner_confirmed_individual,OWNER,UNKNOWN,52.47,1.11,True,Owner,False,False,False,False,True
FIVESTAR,INE128S01021,Five-Star Business Finance Limited,True,True,,owner_confirmed_individual_and_director,OWNER,UNKNOWN,18.56,18.98,True,Owner,False,False,False,True,True
FLFL,INE452O01016,Future Lifestyle Fashions Limited,True,True,,owner_confirmed_individual_and_director,OWNER,UNKNOWN,20.3,0.01,True,Owner,False,False,False,False,False
FLUOROCHEM,INE09N301011,Gujarat Fluorochemicals Limited,True,True,,owner_confirmed_individual,OWNER,UNKNOWN,61.39,0.05,True,Owner,False,False,False,True,True
FORCEMOT,INE451A01017,FORCE MOTORS LTD,True,True,,owner_confirmed_individual,OWNER,UNKNOWN,61.63,4.26,True,Owner,False,False,False,True,True
FUSION,INE139R01012,Fusion Finance Limited,True,True,,ambiguous_mnc_jv_candidate,OWNER,UNKNOWN,54.92,2.89,True,Owner,False,False,False,False,False
GABRIEL,INE524A01029,Gabriel India Limited,True,True,,owner_confirmed_individual_and_director,OWNER,UNKNOWN,55.0,2.36,True,Owner,False,False,False,True,True
GAEL,INE036B01030,Gujarat Ambuja Exports Limited,True,True,,owner_confirmed_individual_and_director,OWNER,UNKNOWN,63.84,63.81,True,Owner,False,False,False,False,True
GALAXYSURF,INE600K01018,Galaxy Surfactants Limited,True,True,,owner_confirmed_individual_and_director,OWNER,UNKNOWN,70.9,47.61,True,Owner,False,False,False,False,False
GENUSPOWER,INE955D01029,Genus Power Infrastructures Limited,True,True,,owner_confirmed_individual_and_director,OWNER,UNKNOWN,39.34,19.6,True,Owner,False,False,False,False,False
GESHIP,INE017A01032,The Great Eastern Shipping Company Limited,True,True,,owner_confirmed_individual_and_director,OWNER,UNKNOWN,30.07,25.47,True,Owner,False,False,False,True,True
GHCL,INE539A01019,GHCL Limited,True,True,,owner_confirmed_individual_and_director,OWNER,UNKNOWN,19.87,1.68,True,Owner,False,False,False,False,True
GLENMARK,INE935A01035,Glenmark Pharmaceuticals Limited,True,True,,owner_confirmed_individual,OWNER,UNKNOWN,46.65,1.22,True,Owner,False,False,True,True,True
GLOBUSSPR,INE615I01010,Globus Spirits Limited,True,True,,owner_confirmed_individual_and_director,OWNER,UNKNOWN,50.75,9.37,True,Owner,False,False,False,False,False
GMMPFAUDLR,INE541A01023,GMM Pfaudler Limited,True,True,,owner_confirmed_individual,OWNER,UNKNOWN,25.18,8.59,True,Owner,False,False,False,False,True
GMRAIRPORT,INE776C01039,GMR AIRPORTS LIMITED,True,True,,owner_confirmed_individual_and_director,OWNER,UNKNOWN,66.24,0.09,True,Owner,False,False,True,True,True
GMRP&UI,INE0CU601026,GMR Power and Urban Infra Limited,True,True,,owner_confirmed_individual_and_director,OWNER,UNKNOWN,46.28,0.17,False,,False,False,False,False,True
GOCOLORS,INE0BJS01011,Go Fashion (India) Limited,True,True,,owner_confirmed_individual_and_director,OWNER,UNKNOWN,54.2,37.78,True,Owner,False,False,False,False,False
GODFRYPHLP,INE260B01028,Godfrey Phillips India Limited,True,True,,owner_confirmed_individual_and_director,OWNER,UNKNOWN,72.58,0.16,True,Owner,False,False,True,True,True
GODIGIT,INE03JT01014,Go Digit General Insurance Limited,True,True,,owner_confirmed_individual_and_director,OWNER,UNKNOWN,73.03,0.05,False,,False,False,False,True,True
GODREJAGRO,INE850D01014,Godrej Agrovet Limited,True,True,,owner_confirmed_individual_and_director,OWNER,UNKNOWN,67.65,0.73,False,,False,False,False,False,True
GODREJCP,INE102D01028,Godrej Consumer Products Limited,True,True,,owner_confirmed_individual_and_director,OWNER,UNKNOWN,53.05,0.59,True,Owner,False,True,True,True,True
GODREJIND,INE233A01035,Godrej Industries Limited,True,True,,owner_confirmed_individual_and_director,OWNER,UNKNOWN,74.64,38.49,True,Owner,False,False,False,True,True
GODREJPROP,INE484J01027,Godrej Properties Limited,True,True,,owner_confirmed_individual_and_director,OWNER,UNKNOWN,47.17,0.02,True,Owner,False,False,True,True,True
GOKULAGRO,INE314T01033,Gokul Agro Resources Limited,True,True,,owner_confirmed_individual_and_director,OWNER,UNKNOWN,74.24,60.0,False,,False,False,False,False,True
GPIL,INE177H01039,Godawari Power And Ispat limited,True,True,,owner_confirmed_individual_and_director,OWNER,UNKNOWN,63.49,49.51,True,Owner,False,False,False,True,True
GRANULES,INE101D01020,Granules India Limited,True,True,,owner_confirmed_individual_and_director,OWNER,UNKNOWN,38.02,37.98,True,Owner,False,False,False,True,True
GRAPHITE,INE371A01025,Graphite India Limited,True,True,,owner_confirmed_individual_and_director,OWNER,UNKNOWN,65.34,0.6,True,Owner,False,False,False,True,True
GRAVITA,INE024L01027,Gravita India Limited,True,True,,owner_confirmed_individual_and_director,OWNER,UNKNOWN,55.88,32.4,True,Owner,False,False,False,True,True
GRINFRA,INE201P01022,G R Infraprojects Limited,True,True,,owner_confirmed_individual_and_director,OWNER,UNKNOWN,74.69,38.86,True,Owner,False,False,False,False,False
GROWW,INE0HOQ01053,Billionbrains Garage Ventures Limited,True,True,,owner_confirmed_individual_and_director,OWNER,UNKNOWN,27.81,26.84,False,,False,False,True,True,True
GRWRHITECH,INE291A01017,Garware Hi-Tech Films Limited,True,True,,owner_confirmed_individual,OWNER,UNKNOWN,60.72,9.23,False,,False,False,False,False,True
HAPPSTMNDS,INE419U01012,Happiest Minds Technologies Limited,True,True,,owner_confirmed_individual_and_director,OWNER,UNKNOWN,44.21,33.09,True,Owner,False,False,False,False,True
HARSHA,INE0JUS01029,Harsha Engineers International Limited,True,True,,owner_confirmed_individual_and_director,OWNER,UNKNOWN,75.0,71.07,True,Owner,False,False,False,False,False
HATSUN,INE473B01035,Hatsun Agro Product Limited,True,True,,owner_confirmed_individual_and_director,OWNER,UNKNOWN,73.17,75.21,True,Owner,False,False,False,False,False
HBLENGINE,INE292B01021,HBL Engineering Limited,True,True,,owner_confirmed_individual,OWNER,UNKNOWN,59.11,7.72,True,Owner,False,False,False,True,True
HCC,INE549A01026,Hindustan Construction Company Limited,True,True,,owner_confirmed_individual,OWNER,UNKNOWN,16.72,0.15,True,Owner,False,False,False,False,True
HCLTECH,INE860A01027,HCL Technologies Limited,True,True,,owner_confirmed_individual_and_director,OWNER,UNKNOWN,60.81,0.08,True,Owner,True,True,True,True,True
HEG,INE545A01024,HEG Limited,True,True,,owner_confirmed_individual_and_director,OWNER,UNKNOWN,56.28,0.01,True,Owner,False,False,False,True,True
HERITGFOOD,INE978A01027,Heritage Foods Limited,True,True,,owner_confirmed_individual_and_director,OWNER,UNKNOWN,41.3,35.82,False,,False,False,False,False,True
HEROMOTOCO,INE158A01026,Hero MotoCorp Limited,True,True,,owner_confirmed_individual_and_director,OWNER,UNKNOWN,34.73,14.2,True,Owner,False,False,True,True,True
HFCL,INE548A01028,HFCL Limited,True,True,,owner_confirmed_individual_and_director,OWNER,UNKNOWN,28.29,0.25,True,Owner,False,False,False,True,True
HGINFRA,INE926X01010,H.G. Infra Engineering Limited,True,True,,owner_confirmed_individual,OWNER,UNKNOWN,71.78,0.0,False,,False,False,False,False,True
HLEGLAS,INE461D01028,HLE Glascoat Limited,True,True,,owner_confirmed_individual,OWNER,UNKNOWN,65.64,65.64,True,Owner,False,False,False,False,False
HMAAGRO,INE0ECP01024,HMA Agro Industries Limited,True,True,,owner_confirmed_individual,OWNER,UNKNOWN,75.0,75.0,True,Owner,False,False,False,False,False
HONASA,INE0J5401028,Honasa Consumer Limited,True,True,,owner_confirmed_individual_and_director,OWNER,UNKNOWN,35.54,35.54,False,,False,False,False,True,True
HSCL,INE019C01026,Himadri Speciality Chemical Limited,True,True,,owner_confirmed_individual_and_director,OWNER,UNKNOWN,52.5,15.71,True,Owner,False,False,False,True,True
ICIL,INE483B01026,Indo Count Industries Limited,True,True,,owner_confirmed_individual_and_director,OWNER,UNKNOWN,58.74,9.68,False,,False,False,False,False,True
IDEAFORGE,INE349Y01013,Ideaforge Technology Limited,True,True,,owner_confirmed_individual_and_director,OWNER,UNKNOWN,33.36,34.12,True,Owner,False,False,False,False,False
IFBIND,INE559A01017,IFB Industries Limited,True,True,,owner_confirmed_individual_and_director,OWNER,UNKNOWN,74.96,0.77,False,,False,False,False,False,True
IIFL,INE530B01024,IIFL Finance Limited,True,True,,owner_confirmed_individual_and_director,OWNER,UNKNOWN,24.85,24.42,True,Owner,False,False,False,True,True
IIFLCAPS,INE489L01022,IIFL Capital Services Limited,True,True,,owner_confirmed_individual_and_director,OWNER,UNKNOWN,30.93,29.74,False,,False,False,False,False,True
IKS,INE115Q01022,Inventurus Knowledge Solutions Limited,True,True,,owner_confirmed_individual_and_director,OWNER,UNKNOWN,63.72,16.84,False,,False,False,False,True,True
IMFA,INE919H01018,Indian Metals & Ferro Alloys Limited,True,True,,owner_confirmed_individual_and_director,OWNER,UNKNOWN,58.69,4.8,False,,False,False,False,False,True
INDIAGLYCO,INE560A01023,India Glycols Limited,True,True,,owner_confirmed_individual_and_director,OWNER,UNKNOWN,59.63,8.58,False,,False,False,False,False,True
INDIAMART,INE933S01016,Indiamart Intermesh Limited,True,True,,owner_confirmed_individual_and_director,OWNER,UNKNOWN,49.12,49.18,True,Owner,False,False,False,True,True
INDIASHLTR,INE922K01024,India Shelter Finance Corporation Limited,True,True,,owner_confirmed_individual_and_director,OWNER,UNKNOWN,47.6,2.54,False,,False,False,False,False,True
INDIGO,INE646L01027,InterGlobe Aviation Limited,True,True,,owner_confirmed_individual_and_director,OWNER,UNKNOWN,41.58,4.59,True,Owner,True,True,True,True,True
INDIGOPNTS,INE09VQ01012,Indigo Paints Limited,True,True,,owner_confirmed_individual_and_director,OWNER,UNKNOWN,53.88,43.53,True,Owner,False,False,False,False,True
INFY,INE009A01021,Infosys Limited,True,True,,owner_confirmed_individual_and_director,OWNER,UNKNOWN,14.52,14.58,True,Professional,True,True,True,True,True
INOXGREEN,INE510W01014,Inox Green Energy Services Limited,True,True,,owner_confirmed_individual_and_director,OWNER,UNKNOWN,56.12,0.03,False,,False,False,False,False,True
INOXINDIA,INE616N01034,INOX India Limited,True,True,,owner_confirmed_individual_and_director,OWNER,UNKNOWN,75.0,75.26,False,,False,False,False,False,True
INOXWIND,INE066P01011,Inox Wind Limited,True,True,,owner_confirmed_individual_and_director,OWNER,UNKNOWN,44.18,1.86,False,,False,False,False,True,True
INTELLECT,INE306R01017,Intellect Design Arena Limited,True,True,,owner_confirmed_individual_and_director,OWNER,UNKNOWN,29.73,12.72,True,Owner,False,False,False,True,True
IOLCP,INE485C01029,IOL Chemicals and Pharmaceuticals Limited,True,True,,owner_confirmed_individual_and_director,OWNER,UNKNOWN,62.28,2.05,True,Owner,False,False,False,False,False
IONEXCHANG,INE570A01022,ION Exchange (India) Limited,True,True,,owner_confirmed_individual_and_director,OWNER,UNKNOWN,25.58,22.28,True,Owner,False,False,False,False,True
IPCALAB,INE571A01038,IPCA Laboratories Limited,True,True,,owner_confirmed_individual_and_director,OWNER,UNKNOWN,44.72,7.13,True,Owner,False,False,False,True,True
IPL,INE0D6701023,India Pesticides Limited,True,True,,owner_confirmed_individual,OWNER,UNKNOWN,63.65,53.71,True,Owner,False,False,False,False,False
IRB,INE821I01022,IRB Infrastructure Developers Limited,True,True,,owner_confirmed_individual,OWNER,UNKNOWN,30.79,0.87,True,Owner,False,False,False,True,True
JAIBALAJI,INE091G01026,Jai Balaji Industries Limited,True,True,,owner_confirmed_individual_and_director,OWNER,UNKNOWN,64.84,5.78,True,Owner,False,False,False,False,True
JAICORPLTD,INE070D01027,Jai Corp Limited,True,True,,owner_confirmed_individual_and_director,OWNER,UNKNOWN,73.92,58.88,True,Owner,False,False,False,False,False
JAINREC,INE0YD401026,Jain Resource Recycling Limited,True,True,,owner_confirmed_individual,OWNER,UNKNOWN,73.59,73.59,False,,False,False,False,True,True
JAMNAAUTO,INE039C01032,Jamna Auto Industries Limited,True,True,,owner_confirmed_individual_and_director,OWNER,UNKNOWN,49.93,12.79,True,Owner,False,False,False,False,True
JAYNECOIND,INE854B01010,Jayaswal Neco Industries Limited,True,True,,owner_confirmed_individual,OWNER,UNKNOWN,55.15,4.6,False,,False,False,False,False,True
JBMA,INE927D01051,JBM Auto Limited,True,True,,owner_confirmed_individual_and_director,OWNER,UNKNOWN,67.53,2.42,True,Owner,False,False,False,True,True
JISLJALEQS,INE175A01038,Jain Irrigation Systems Limited,True,True,,owner_confirmed_individual_and_director,OWNER,UNKNOWN,26.68,0.93,True,Owner,False,False,False,False,False
JKCEMENT,INE823G01014,JK Cement Limited,True,True,,owner_confirmed_individual,OWNER,UNKNOWN,45.66,5.46,True,Owner,False,False,False,True,True
JKLAKSHMI,INE786A01032,JK Lakshmi Cement Limited,True,True,,owner_confirmed_individual_and_director,OWNER,UNKNOWN,45.12,1.82,True,Owner,False,False,False,False,True
JKPAPER,INE789E01012,JK Paper Limited,True,True,,owner_confirmed_individual,OWNER,UNKNOWN,52.94,1.95,True,Owner,False,False,False,False,True
JKTYRE,INE573A01042,JK Tyre & Industries Limited,True,True,,owner_confirmed_individual_and_director,OWNER,UNKNOWN,51.72,2.95,True,Owner,False,False,False,True,True
JLHL,INE682M01012,Jupiter Life Line Hospitals Limited,True,True,,owner_confirmed_individual_and_director,OWNER,UNKNOWN,40.91,34.06,False,,False,False,False,False,True
JMFINANCIL,INE780C01023,JM Financial Limited,True,True,,owner_confirmed_individual_and_director,OWNER,UNKNOWN,56.9,19.8,True,Owner,False,False,False,True,True
JSLL,INE0J5801029,Jeena Sikho Lifecare Limited,True,True,,owner_confirmed_individual,OWNER,UNKNOWN,63.62,63.62,False,,False,False,False,False,True
JTLIND,INE391J01032,JTL INDUSTRIES LIMITED,True,True,,owner_confirmed_individual,OWNER,UNKNOWN,49.26,49.26,True,Owner,False,False,False,False,False
JUBLFOOD,INE797F01020,Jubilant Foodworks Limited,True,True,,owner_confirmed_individual_and_director,OWNER,UNKNOWN,40.27,0.04,True,Owner,False,False,True,True,True
JUBLINGREA,INE0BY001018,Jubilant Ingrevia Limited,True,True,,owner_confirmed_individual_and_director,OWNER,UNKNOWN,45.22,1.23,True,Owner,False,False,False,True,True
JUBLPHARMA,INE700A01033,Jubilant Pharmova Limited,True,True,,owner_confirmed_individual_and_director,OWNER,UNKNOWN,47.68,1.22,False,,False,False,False,True,True
JUSTDIAL,INE599M01018,Just Dial Limited,True,True,,owner_confirmed_individual_and_director,OWNER,UNKNOWN,74.15,10.32,True,Owner,False,False,False,False,True
JWL,INE209L01016,Jupiter Wagons Limited,True,True,,owner_confirmed_individual_and_director,OWNER,UNKNOWN,68.31,10.73,True,Owner,False,False,False,True,True
JYOTHYLAB,INE668F01031,Jyothy Labs Limited,True,True,,owner_confirmed_individual_and_director,OWNER,UNKNOWN,62.89,16.89,True,Owner,False,False,False,False,True
JYOTICNC,INE980O01024,Jyoti CNC Automation Limited,True,True,,owner_confirmed_individual_and_director,OWNER,UNKNOWN,62.55,46.47,False,,False,False,False,True,True
KAJARIACER,INE217B01036,Kajaria Ceramics Limited,True,True,,owner_confirmed_individual_and_director,OWNER,UNKNOWN,47.69,6.8,True,Owner,False,False,False,True,True
KALYANKJIL,INE303R01014,Kalyan Jewellers India Limited,True,True,,owner_confirmed_individual_and_director,OWNER,UNKNOWN,62.87,60.54,True,Owner,False,False,True,True,True
KAYNES,INE918Z01012,Kaynes Technology India Limited,True,True,,owner_confirmed_individual_and_director,OWNER,UNKNOWN,53.46,53.46,True,Owner,False,False,False,True,True
KEC,INE389H01022,KEC International Limited,True,True,,owner_confirmed_individual_and_director,OWNER,UNKNOWN,50.1,1.91,True,Owner,False,False,False,True,True
KEI,INE878B01027,KEI Industries Limited,True,True,,owner_confirmed_individual_and_director,OWNER,UNKNOWN,35.0,17.55,True,Owner,False,False,True,True,True
KIMS,INE967H01025,Krishna Institute of Medical Sciences Limited,True,True,,owner_confirmed_individual_and_director,OWNER,UNKNOWN,34.11,32.4,True,Owner,False,False,False,True,True
KIRLOSBROS,INE732A01036,Kirloskar Brothers Limited,True,True,,owner_confirmed_individual,OWNER,UNKNOWN,65.95,41.61,False,,False,False,False,False,True
KIRLOSENG,INE146L01010,Kirloskar Oil Engines Limited,True,True,,owner_confirmed_individual_and_director,OWNER,UNKNOWN,41.08,35.35,True,Owner,False,False,False,True,True
KIRLPNU,INE811A01020,Kirloskar Pneumatic Company Limited,True,True,,owner_confirmed_individual_and_director,OWNER,UNKNOWN,38.82,29.16,False,,False,False,False,False,True
KITEX,INE602G01020,Kitex Garments Limited,True,True,,ambiguous_holding_indian,OWNER,UNKNOWN,56.66,0.0,False,,False,False,False,False,True
KNRCON,INE634I01029,KNR Constructions Limited,True,True,,owner_confirmed_individual,OWNER,UNKNOWN,48.81,48.81,True,Owner,False,False,False,False,True
KOLTEPATIL,INE094I01018,Kolte - Patil Developers Limited,True,True,,owner_confirmed_individual_and_director,OWNER,UNKNOWN,73.81,33.82,True,Owner,False,False,False,False,False
KOTAKBANK,INE237A01036,Kotak Mahindra Bank Limited,True,True,,owner_confirmed_individual_and_director,OWNER,UNKNOWN,25.87,26.0,True,Owner,True,True,True,True,True
KPIGREEN,INE542W01025,KPI Green Energy Limited,True,True,,owner_confirmed_individual_and_director,OWNER,UNKNOWN,49.49,50.37,False,,False,False,False,False,True
KPIL,INE220B01022,Kalpataru Projects International Limited,True,True,,owner_confirmed_individual_and_director,OWNER,UNKNOWN,33.57,11.84,True,Owner,False,False,False,True,True
KPITTECH,INE04I401011,KPIT Technologies Limited,True,True,,owner_confirmed_individual_and_director,OWNER,UNKNOWN,39.42,7.05,True,Owner,False,False,True,True,True
KPRMILL,INE930H01031,K.P.R. Mill Limited,True,True,,owner_confirmed_individual,OWNER,UNKNOWN,67.52,66.07,True,Owner,False,False,False,True,True
KRBL,INE001B01026,KRBL Limited,True,True,,owner_confirmed_individual,OWNER,UNKNOWN,60.17,6.71,True,Owner,False,False,False,False,True
KRN,INE0Q3J01015,KRN Heat Exchanger and Refrigeration Limited,True,True,,owner_confirmed_individual,OWNER,UNKNOWN,65.69,65.69,False,,False,False,False,False,True
KRSNAA,INE08LI01020,Krsnaa Diagnostics Limited,True,True,,owner_confirmed_individual_and_director,OWNER,UNKNOWN,27.11,26.47,True,Owner,False,False,False,False,False
KSB,INE999A01023,Ksb Limited,True,True,,owner_confirmed_individual,OWNER,UNKNOWN,69.8,0.44,True,MNC,False,False,False,False,True
KSCL,INE455I01029,Kaveri Seed Company Limited,True,True,,owner_confirmed_individual_and_director,OWNER,UNKNOWN,60.5,21.29,True,Owner,False,False,False,False,True
LALPATHLAB,INE600L01024,Dr. Lal Path Labs Ltd.,True,True,,owner_confirmed_individual_and_director,OWNER,UNKNOWN,53.21,53.29,True,Owner,False,False,False,True,True
LANDMARK,INE559R01029,Landmark Cars Limited,True,True,,owner_confirmed_individual_and_director,OWNER,UNKNOWN,49.76,50.09,True,Owner,False,False,False,False,False
LATENTVIEW,INE0I7C01011,Latent View Analytics Limited,True,True,,owner_confirmed_individual_and_director,OWNER,UNKNOWN,65.1,65.14,True,Owner,False,False,False,True,True
LAURUSLABS,INE947Q01028,Laurus Labs Limited,True,True,,owner_confirmed_individual_and_director,OWNER,UNKNOWN,27.49,3.36,True,Owner,False,False,True,True,True
LEMONTREE,INE970X01018,Lemon Tree Hotels Limited,True,True,,owner_confirmed_individual_and_director,OWNER,UNKNOWN,22.28,0.46,True,Owner,False,False,False,True,True
LENSKART,INE956O01016,Lenskart Solutions Limited,True,True,,owner_confirmed_individual_and_director,OWNER,UNKNOWN,17.55,17.57,False,,False,False,True,True,True
LLOYDSENGG,INE093R01011,LLOYDS ENGINEERING WORKS LIMITED,True,True,,owner_confirmed_individual_and_director,OWNER,UNKNOWN,41.92,0.05,False,,False,False,False,False,True
LLOYDSENT,INE080I01025,Lloyds Enterprises Limited,True,True,,owner_confirmed_individual_and_director,OWNER,UNKNOWN,62.72,8.26,False,,False,False,False,False,True
LLOYDSME,INE281B01032,Lloyds Metals And Energy Limited,True,True,,owner_confirmed_individual_and_director,OWNER,UNKNOWN,61.64,6.44,False,,False,False,False,True,True
LOTUSDEV,INE0V9Q01010,Sri Lotus Developers and Realty Limited,True,True,,owner_confirmed_individual,OWNER,UNKNOWN,81.86,72.04,False,,False,False,False,False,True
LTFOODS,INE818H01020,LT Foods Limited,True,True,,owner_confirmed_individual_and_director,OWNER,UNKNOWN,51.01,14.99,True,Owner,False,False,False,True,True
LUMAXTECH,INE872H01027,Lumax Auto Technologies Limited,True,True,,owner_confirmed_individual_and_director,OWNER,UNKNOWN,55.98,38.21,False,,False,False,False,False,True
LUPIN,INE326A01037,Lupin Limited,True,True,,owner_confirmed_individual_and_director,OWNER,UNKNOWN,46.89,1.53,True,Owner,False,False,True,True,True
LUXIND,INE150G01020,Lux Industries Limited,True,True,,owner_confirmed_individual,OWNER,UNKNOWN,74.19,68.01,True,Owner,False,False,False,False,False
LXCHEM,INE576O01020,Laxmi Organic Industries Limited,True,True,,owner_confirmed_individual,OWNER,UNKNOWN,69.35,67.93,True,Owner,False,False,False,False,True
MANAPPURAM,INE522D01027,Manappuram Finance Limited,True,True,,owner_confirmed_individual_and_director,OWNER,UNKNOWN,31.77,31.78,True,Owner,False,False,False,True,True
MANINFRA,INE949H01023,Man Infraconstruction Limited,True,True,,owner_confirmed_individual_and_director,OWNER,UNKNOWN,62.44,54.7,True,Owner,False,False,False,False,False
MANKIND,INE634S01028,Mankind Pharma Limited,True,True,,owner_confirmed_individual_and_director,OWNER,UNKNOWN,72.66,18.15,True,Owner,False,False,True,True,True
MANORAMA,INE00VM01036,Manorama Industries Limited,True,True,,owner_confirmed_individual,OWNER,UNKNOWN,54.32,54.32,False,,False,False,False,False,True
MANYAVAR,INE825V01034,Vedant Fashions Limited,True,True,,owner_confirmed_individual,OWNER,UNKNOWN,74.94,17.79,True,Owner,False,False,False,False,True
MAPMYINDIA,INE0BV301023,C.E. Info Systems Limited,True,True,,owner_confirmed_individual,OWNER,UNKNOWN,51.36,51.36,True,Owner,False,False,False,True,True
MARICO,INE196A01026,Marico Limited,True,True,,owner_confirmed_individual_and_director,OWNER,UNKNOWN,58.93,57.61,True,Owner,False,False,True,True,True
MARKSANS,INE750C01026,Marksans Pharma Limited,True,True,,owner_confirmed_individual,OWNER,UNKNOWN,43.87,43.87,True,Owner,False,False,False,False,True
MASTEK,INE759A01021,Mastek Limited,True,True,,owner_confirmed_individual_and_director,OWNER,UNKNOWN,35.77,40.34,True,Owner,False,False,False,False,True
MAXHEALTH,INE027H01010,Max Healthcare Institute Limited,True,True,,owner_confirmed_individual_and_director,OWNER,UNKNOWN,23.72,23.75,True,Owner,True,True,True,True,True
MEDPLUS,INE804L01022,Medplus Health Services Limited,True,True,,owner_confirmed_individual,OWNER,UNKNOWN,40.29,12.81,True,Owner,False,False,False,False,True
MEESHO,INE0VDM01015,Meesho Limited,True,True,,owner_confirmed_individual_and_director,OWNER,UNKNOWN,16.57,16.6,False,,False,False,False,True,True
METROBRAND,INE317I01021,Metro Brands Limited,True,True,,owner_confirmed_individual_and_director,OWNER,UNKNOWN,71.8,10.35,True,Owner,False,False,False,False,False
MINDACORP,INE842C01021,Minda Corporation Limited,True,True,,owner_confirmed_individual_and_director,OWNER,UNKNOWN,64.84,48.22,True,Owner,False,False,False,True,True
MOTHERSON,INE775A01035,Samvardhana Motherson International Limited,True,True,,owner_confirmed_individual_and_director,OWNER,UNKNOWN,48.6,13.57,True,Owner,False,True,True,True,True
MOTILALOFS,INE338I01027,Motilal Oswal Financial Services Limited,True,True,,owner_confirmed_individual_and_director,OWNER,UNKNOWN,67.62,29.96,True,Owner,False,False,True,True,True
MRF,INE883A01011,MRF Limited,True,True,,owner_confirmed_individual_and_director,OWNER,UNKNOWN,27.77,12.74,True,Owner,False,False,True,True,True
MSUMI,INE0FS801015,Motherson Sumi Wiring India Limited,True,True,,owner_confirmed_individual_and_director,OWNER,UNKNOWN,61.73,2.84,True,Owner,False,False,False,True,True
MTARTECH,INE864I01014,Mtar Technologies Limited,True,True,,owner_confirmed_individual,OWNER,UNKNOWN,30.44,30.4,True,Owner,False,False,False,False,True
MUTHOOTFIN,INE414G01012,Muthoot Finance Limited,True,True,,owner_confirmed_individual_and_director,OWNER,UNKNOWN,73.35,73.36,True,Owner,False,True,True,True,True
NATCOPHARM,INE987B01026,Natco Pharma Limited,True,True,,owner_confirmed_individual_and_director,OWNER,UNKNOWN,49.42,28.4,True,Owner,False,False,False,True,True
NAUKRI,INE663F01032,Info Edge (India) Limited,True,True,,owner_confirmed_individual_and_director,OWNER,UNKNOWN,37.59,34.2,True,Owner,False,False,True,True,True
NAVA,INE725A01030,NAVA LIMITED,True,True,,owner_confirmed_individual_and_director,OWNER,UNKNOWN,50.1,16.53,True,Owner,False,False,False,True,True
NAVINFLUOR,INE048G01026,Navin Fluorine International Limited,True,True,,owner_confirmed_individual_and_director,OWNER,UNKNOWN,27.11,1.55,True,Owner,False,False,False,True,True
NAZARA,INE418L01047,Nazara Technologies Limited,True,True,,owner_confirmed_individual_and_director,OWNER,UNKNOWN,35.46,11.35,True,Owner,False,False,False,False,True
NCC,INE868B01028,NCC Limited,True,True,,owner_confirmed_individual,OWNER,UNKNOWN,22.81,7.75,True,Owner,False,False,False,True,True
NEOGEN,INE136S01016,Neogen Chemicals Limited,True,True,,owner_confirmed_individual_and_director,OWNER,UNKNOWN,51.23,52.55,False,,False,False,False,False,True
NESCO,INE317F01035,Nesco Limited,True,True,,owner_confirmed_individual,OWNER,UNKNOWN,68.54,26.78,False,,False,False,False,False,True
NEULANDLAB,INE794A01010,Neuland Laboratories Limited,True,True,,owner_confirmed_individual,OWNER,UNKNOWN,32.63,6.65,False,,False,False,False,True,True
NEWGEN,INE619B01017,Newgen Software Technologies Limited,True,True,,owner_confirmed_individual_and_director,OWNER,UNKNOWN,53.52,54.46,False,,False,False,False,True,True
NH,INE410P01011,Narayana Hrudayalaya Ltd.,True,True,,owner_confirmed_individual_and_director,OWNER,UNKNOWN,63.27,63.85,True,Owner,False,False,False,True,True
NOCIL,INE163A01018,NOCIL Limited,True,True,,owner_confirmed_individual_and_director,OWNER,UNKNOWN,33.76,18.68,True,Owner,False,False,False,False,False
NRBBEARING,INE349A01021,NRB Bearing Limited,True,True,,owner_confirmed_individual_and_director,OWNER,UNKNOWN,51.2,44.21,True,Owner,False,False,False,False,False
NTPCGREEN,INE0ONG01011,NTPC Green Energy Limited,True,True,,owner_confirmed_individual,OWNER,UNKNOWN,89.01,0.0,False,,False,False,False,True,True
NYKAA,INE388Y01029,FSN E-Commerce Ventures Limited,True,True,,owner_confirmed_individual_and_director,OWNER,UNKNOWN,52.1,0.31,True,Owner,False,False,True,True,True
OBEROIRLTY,INE093I01010,Oberoi Realty Limited,True,True,,owner_confirmed_individual_and_director,OWNER,UNKNOWN,67.7,58.56,True,Owner,False,False,True,True,True
OLAELEC,INE0LXG01040,Ola Electric Mobility Limited,True,True,,owner_confirmed_individual,OWNER,UNKNOWN,32.97,26.52,False,,False,False,False,True,True
OLECTRA,INE260D01016,Olectra Greentech Limited,True,True,,ambiguous_holding_indian,OWNER,UNKNOWN,50.02,0.0,True,Owner,False,False,False,True,True
OMAXE,INE800H01010,Omaxe Limited,True,True,,owner_confirmed_individual,OWNER,UNKNOWN,74.14,5.69,True,Owner,False,False,False,False,False
ONESOURCE,INE013P01021,Onesource Specialty Pharma Limited,True,True,,owner_confirmed_individual_and_director,OWNER,UNKNOWN,29.93,2.06,False,,False,False,False,True,True
OPTIEMUS,INE350C01017,Optiemus Infracom Limited,True,True,,owner_confirmed_individual_and_director,OWNER,UNKNOWN,72.17,28.49,False,,False,False,False,False,True
ORIENTCEM,INE876N01018,Orient Cement Limited,True,True,,ambiguous_holding_indian,OWNER,UNKNOWN,72.66,0.0,True,Owner,False,False,False,False,True
OSWALPUMPS,INE0BYP01024,Oswal Pumps Limited,True,True,,owner_confirmed_individual_and_director,OWNER,UNKNOWN,75.67,12.4,False,,False,False,False,False,True
PAGEIND,INE761H01022,Page Industries Limited,True,True,,owner_probable_nri_family,OWNER,UNKNOWN,42.89,42.89,True,Owner,False,False,True,True,True
PARADEEP,INE088F01024,Paradeep Phosphates Limited,True,True,,owner_confirmed_individual_and_director,OWNER,UNKNOWN,57.7,0.36,True,Owner,False,False,False,True,True
PARAGMILK,INE883N01014,Parag Milk Foods Limited,True,True,,owner_confirmed_individual_and_director,OWNER,UNKNOWN,40.65,40.9,True,Owner,False,False,False,False,False
PARAS,INE045601023,Paras Defence and Space Technologies Limited,True,True,,owner_confirmed_individual_and_director,OWNER,UNKNOWN,53.2,56.06,True,Owner,False,False,False,False,True
PATELENG,INE244B01030,Patel Engineering Limited,True,True,,owner_confirmed_individual_and_director,OWNER,UNKNOWN,31.48,3.33,True,Owner,False,False,False,False,False
PCJEWELLER,INE785M01021,PC Jeweller Limited,True,True,,owner_confirmed_individual_and_director,OWNER,UNKNOWN,41.1,35.29,False,,False,False,False,False,True
PDSL,INE111Q01021,PDS Limited,True,True,,owner_probable_nri_family,OWNER,UNKNOWN,61.37,61.47,True,Owner,False,False,False,False,False
PERSISTENT,INE262H01021,Persistent Systems Limited,True,True,,owner_confirmed_individual_and_director,OWNER,UNKNOWN,30.29,30.33,True,Owner,False,False,True,True,True
PFOCUS,INE367G01038,Prime Focus Limited,True,True,,ambiguous_mnc_jv_candidate,OWNER,UNKNOWN,60.77,7.83,False,,False,False,False,True,True
PGIL,INE940H01022,Pearl Global Industries Limited,True,True,,owner_probable_nri_family,OWNER,UNKNOWN,61.24,61.88,False,,False,False,False,False,True
PHOENIXLTD,INE211B01039,The Phoenix Mills Limited,True,True,,owner_confirmed_individual_and_director,OWNER,UNKNOWN,47.25,2.6,True,Owner,False,False,True,True,True
PICCADIL,INE546C01010,Piccadily Agro Industries Limited,True,True,,owner_confirmed_individual,OWNER,UNKNOWN,68.57,21.95,False,,False,False,False,False,True
PIDILITIND,INE318A01026,Pidilite Industries Limited,True,True,,owner_confirmed_individual_and_director,OWNER,UNKNOWN,69.33,16.04,True,Owner,False,True,True,True,True
PIIND,INE603J01030,PI Industries Limited,True,True,,owner_confirmed_individual_and_director,OWNER,UNKNOWN,46.09,46.49,True,Owner,False,False,True,True,True
PIRAMALFIN,INE202B01038,Piramal Finance Limited,True,True,,owner_confirmed_individual_and_director,OWNER,UNKNOWN,46.16,0.37,False,,False,False,False,True,True
PNCINFRA,INE195J01029,PNC Infratech Limited,True,True,,owner_confirmed_individual_and_director,OWNER,UNKNOWN,56.07,46.46,True,Owner,False,False,False,False,True
PNGJL,INE953R01016,P N Gadgil Jewellers Limited,True,True,,owner_confirmed_individual,OWNER,UNKNOWN,83.11,0.0,False,,False,False,False,False,True
POLYCAB,INE455K01017,Polycab India Limited,True,True,,owner_confirmed_individual_and_director,OWNER,UNKNOWN,61.5,50.59,True,Owner,False,False,True,True,True
POLYMED,INE205C01021,Poly Medicure Limited,True,True,,owner_confirmed_individual_and_director,OWNER,UNKNOWN,62.42,35.26,True,Owner,False,False,False,True,True
POWERMECH,INE211R01019,Power Mech Projects Limited,True,True,,owner_confirmed_individual_and_director,OWNER,UNKNOWN,58.42,57.73,False,,False,False,False,False,True
PPLPHARMA,INE0DK501011,Piramal Pharma Limited,True,True,,owner_confirmed_individual_and_director,OWNER,UNKNOWN,34.86,0.21,True,Owner,False,False,False,True,True
PRAJIND,INE074A01025,Praj Industries Limited,True,True,,owner_confirmed_individual_and_director,OWNER,UNKNOWN,32.81,32.86,True,Owner,False,False,False,False,True
PRAKASH,INE603A01013,Prakash Industries Limited,True,True,,owner_confirmed_individual_and_director,OWNER,UNKNOWN,44.38,14.54,True,Owner,False,False,False,False,False
PREMIERENE,INE0BS701011,Premier Energies Limited,True,True,,owner_confirmed_individual_and_director,OWNER,UNKNOWN,63.94,67.94,False,,False,False,True,True,True
PRESTIGE,INE811K01011,Prestige Estates Projects Limited,True,True,,owner_confirmed_individual,OWNER,UNKNOWN,60.94,8.71,True,Owner,False,False,True,True,True
PRICOLLTD,INE726V01018,Pricol Limited,True,True,,owner_confirmed_individual_and_director,OWNER,UNKNOWN,38.51,25.38,False,,False,False,False,False,True
PRIVISCL,INE959A01019,Privi Speciality Chemicals Limited,True,True,,owner_confirmed_individual,OWNER,UNKNOWN,60.6,21.92,False,,False,False,False,False,True
PRSMJOHNSN,INE010A01011,Prism Johnson Limited,True,True,,owner_confirmed_individual_and_director,OWNER,UNKNOWN,74.87,13.56,False,,False,False,False,False,True
PRUDENT,INE00F201020,Prudent Corporate Advisory Services Limited,True,True,,owner_confirmed_individual_and_director,OWNER,UNKNOWN,55.31,57.61,True,Owner,False,False,False,False,True
PTCIL,INE596F01018,PTC Industries Limited,True,True,,owner_confirmed_individual,OWNER,UNKNOWN,59.72,38.3,False,,False,False,False,True,True
PURVA,INE323I01011,Puravankara Limited,True,True,,owner_confirmed_individual,OWNER,UNKNOWN,75.0,75.0,False,,False,False,False,False,True
PVRINOX,INE191H01014,PVR INOX Limited,True,True,,owner_confirmed_individual,OWNER,UNKNOWN,27.53,11.24,True,Owner,False,False,False,True,True
PWL,INE0LP301011,Physicswallah Limited,True,True,,owner_confirmed_individual,OWNER,UNKNOWN,72.3,72.3,False,,False,False,False,True,True
QPOWER,INE0SII01026,Quality Power Electrical Equipments Limited,True,True,,owner_confirmed_individual,OWNER,UNKNOWN,73.91,49.69,False,,False,False,False,False,True
QUESS,INE615P01015,Quess Corp Limited,True,True,,owner_confirmed_individual_and_director,OWNER,UNKNOWN,56.88,12.2,True,Owner,False,False,False,False,True
RADICO,INE944F01028,Radico Khaitan Limited,True,True,,owner_confirmed_individual_and_director,OWNER,UNKNOWN,40.2,0.5,True,Owner,False,False,True,True,True
RAIN,INE855B01025,Rain Industries Limited,True,True,,owner_confirmed_individual_and_director,OWNER,UNKNOWN,41.35,17.01,True,Owner,False,False,False,False,True
RAINBOW,INE961O01016,Rainbow Childrens Medicare Limited,True,True,,owner_confirmed_individual_and_director,OWNER,UNKNOWN,49.84,43.7,True,Owner,False,False,False,True,True
RAJESHEXPO,INE343B01030,Rajesh Exports Limited,True,True,,owner_confirmed_individual,OWNER,UNKNOWN,54.55,54.55,True,Owner,False,False,False,False,False
RAMCOCEM,INE331A01037,The Ramco Cements Limited,True,True,,owner_confirmed_individual_and_director,OWNER,UNKNOWN,42.56,3.55,True,Owner,False,False,False,True,True
RATEGAIN,INE0CLI01024,Rategain Travel Technologies Limited,True,True,,owner_confirmed_individual,OWNER,UNKNOWN,48.54,48.54,True,Owner,False,False,False,False,True
RATNAMANI,INE703B01027,Ratnamani Metals & Tubes Limited,True,True,,owner_confirmed_individual_and_director,OWNER,UNKNOWN,59.77,59.82,True,Owner,False,False,False,False,True
RAYMOND,INE301A01014,Raymond Limited,True,True,,owner_confirmed_individual_and_director,OWNER,UNKNOWN,48.87,0.01,True,Owner,False,False,False,False,False
RAYMONDLSL,INE02ID01020,Raymond Lifestyle Limited,True,True,,owner_confirmed_individual_and_director,OWNER,UNKNOWN,59.53,0.04,False,,False,False,False,False,True
REDTAPE,INE0LXT01019,Redtape Limited,True,True,,owner_confirmed_individual_and_director,OWNER,UNKNOWN,71.83,72.78,False,,False,False,False,False,True
RELAXO,INE131B01039,Relaxo Footwears Limited,True,True,,owner_confirmed_individual_and_director,OWNER,UNKNOWN,71.27,71.28,False,,False,False,False,False,True
RESPONIND,INE688D01026,Responsive Industries Limited,True,True,,owner_confirmed_individual,OWNER,UNKNOWN,59.14,1.36,True,Owner,False,False,False,False,False
RKFORGE,INE399G01023,Ramkrishna Forgings Limited,True,True,,owner_confirmed_individual_and_director,OWNER,UNKNOWN,43.13,6.15,True,Owner,False,False,False,True,True
ROLEXRINGS,INE645S01024,Rolex Rings Limited,True,True,,owner_confirmed_individual,OWNER,UNKNOWN,52.24,52.24,True,Owner,False,False,False,False,False
RRKABEL,INE777K01022,R R Kabel Limited,True,True,,owner_confirmed_individual_and_director,OWNER,UNKNOWN,61.66,57.89,False,,False,False,False,True,True
RTNINDIA,INE834M01019,RattanIndia Enterprises Limited,True,True,,owner_confirmed_individual_and_director,OWNER,UNKNOWN,74.86,0.13,True,Owner,False,False,False,False,True
RTNPOWER,INE399K01017,RattanIndia Power Limited,True,True,,ambiguous_holding_indian,OWNER,UNKNOWN,44.06,0.0,True,Owner,False,False,False,False,True
RUBICON,INE506V01022,Rubicon Research Limited,True,True,,owner_confirmed_individual_and_director,OWNER,UNKNOWN,59.99,23.86,False,,False,False,False,False,True
RUSTOMJEE,INE263M01029,Keystone Realtors Limited,True,True,,owner_confirmed_individual_and_director,OWNER,UNKNOWN,74.59,72.22,True,Owner,False,False,False,False,False
SAATVIKGL,INE13B501022,Saatvik Green Energy Limited,True,True,,owner_confirmed_individual_and_director,OWNER,UNKNOWN,75.99,46.48,False,,False,False,False,False,True
SAFARI,INE429E01023,Safari Industries (India) Limited,True,True,,owner_confirmed_individual_and_director,OWNER,UNKNOWN,44.7,38.57,True,Owner,False,False,False,False,True
SAILIFE,INE570L01029,Sai Life Sciences Limited,True,True,,owner_confirmed_individual_and_director,OWNER,UNKNOWN,34.7,7.48,False,,False,False,False,True,True
SANDUMA,INE149K01016,Sandur Manganese & Iron Ores Limited,True,True,,owner_confirmed_individual_and_director,OWNER,UNKNOWN,74.22,3.68,False,,False,False,False,False,True
SANSERA,INE953O01021,Sansera Engineering Limited,True,True,,owner_confirmed_individual_and_director,OWNER,UNKNOWN,30.18,30.57,True,Owner,False,False,False,False,True
SARDAEN,INE385C01021,Sarda Energy & Minerals Limited,True,True,,owner_confirmed_individual_and_director,OWNER,UNKNOWN,73.16,19.42,False,,False,False,False,True,True
SENCO,INE602W01027,Senco Gold Limited,True,True,,owner_confirmed_individual_and_director,OWNER,UNKNOWN,64.46,16.49,True,Owner,False,False,False,False,True
SFL,INE916U01025,Sheela Foam Limited,True,True,,owner_confirmed_individual,OWNER,UNKNOWN,65.69,53.56,False,,False,False,False,False,True
SHAILY,INE151G01028,Shaily Engineering Plastics Limited,True,True,,owner_confirmed_individual_and_director,OWNER,UNKNOWN,43.4,34.05,False,,False,False,False,False,True
SHAKTIPUMP,INE908D01010,Shakti Pumps (India) Limited,True,True,,owner_confirmed_individual_and_director,OWNER,UNKNOWN,50.34,8.96,False,,False,False,False,False,True
SHALBY,INE597J01018,Shalby Limited,True,True,,owner_confirmed_individual,OWNER,UNKNOWN,74.33,10.33,True,Owner,False,False,False,False,False
SHARDACROP,INE221J01015,Sharda Cropchem Limited,True,True,,owner_confirmed_individual,OWNER,UNKNOWN,74.82,74.82,False,,False,False,False,False,True
SHILPAMED,INE790G01031,Shilpa Medicare Limited,True,True,,owner_confirmed_individual_and_director,OWNER,UNKNOWN,40.13,40.16,False,,False,False,False,False,True
SHREECEM,INE070A01015,SHREE CEMENT LIMITED,True,True,,owner_confirmed_individual,OWNER,UNKNOWN,62.55,2.98,True,Owner,False,True,True,True,True
SHRIPISTON,INE526E01018,SPR Auto Technologies Limited,True,True,,owner_confirmed_individual,OWNER,UNKNOWN,43.75,31.09,False,,False,False,False,False,True
SHYAMMETL,INE810G01011,Shyam Metalics and Energy Limited,True,True,,owner_confirmed_individual,OWNER,UNKNOWN,74.59,9.62,True,Owner,False,False,False,True,True
SKIPPER,INE439E01022,Skipper Limited,True,True,,owner_confirmed_individual,OWNER,UNKNOWN,66.48,0.16,False,,False,False,False,False,True
SKYGOLD,INE01IU01018,SKY GOLD AND DIAMONDS LIMITED,True,True,,owner_confirmed_individual,OWNER,UNKNOWN,51.74,51.74,False,,False,False,False,False,True
SMARTWORKS,INE0NAZ01010,Smartworks Coworking Spaces Limited,True,True,,owner_confirmed_individual,OWNER,UNKNOWN,58.18,0.04,False,,False,False,False,False,True
SOBHA,INE671H01015,Sobha Limited,True,True,,owner_confirmed_individual_and_director,OWNER,UNKNOWN,52.88,52.88,True,Owner,False,False,False,True,True
SOLARA,INE624Z01016,Solara Active Pharma Sciences Limited,True,True,,owner_confirmed_individual_and_director,OWNER,UNKNOWN,42.0,7.09,True,Owner,False,False,False,False,False
SOLARINDS,INE343H01029,Solar Industries India Limited,True,True,,owner_confirmed_individual_and_director,OWNER,UNKNOWN,73.15,43.92,True,Owner,False,True,True,True,True
SONACOMS,INE073K01018,Sona BLW Precision Forgings Limited,True,True,,owner_confirmed_individual_and_director,OWNER,UNKNOWN,28.02,0.08,True,Owner,False,False,False,True,True
SONATSOFTW,INE269A01021,Sonata Software Limited,True,True,,owner_confirmed_individual_and_director,OWNER,UNKNOWN,28.17,27.96,True,Owner,False,False,False,True,True
SPARC,INE232I01014,Sun Pharma Advanced Research Company Limited,True,True,,owner_confirmed_individual_and_director,OWNER,UNKNOWN,65.67,20.22,True,Owner,False,False,False,False,True
SPLPETRO,INE663A01033,Supreme Petrochem Limited,True,True,,owner_confirmed_individual_and_director,OWNER,UNKNOWN,64.24,0.24,False,,False,False,False,True,True
SRF,INE647A01010,SRF Limited,True,True,,owner_confirmed_individual_and_director,OWNER,UNKNOWN,50.26,0.18,True,Owner,False,False,True,True,True
SSWL,INE802C01033,Steel Strips Wheels Limited,True,True,,owner_confirmed_individual_and_director,OWNER,UNKNOWN,61.14,35.75,True,Owner,False,False,False,False,False
STAR,INE939A01011,Strides Pharma Science Limited,True,True,,owner_confirmed_individual_and_director,OWNER,UNKNOWN,27.86,4.56,True,Owner,False,False,False,False,True
STARCEMENT,INE460H01021,Star Cement Limited,True,True,,owner_confirmed_individual_and_director,OWNER,UNKNOWN,57.62,50.45,False,,False,False,False,False,True
STARHEALTH,INE575P01011,Star Health and Allied Insurance Company Limited,True,True,,owner_confirmed_individual_and_director,OWNER,UNKNOWN,57.98,17.49,True,Professional,False,False,False,True,True
STYL,INE04VU01023,Seshaasai Technologies Limited,True,True,,owner_confirmed_individual,OWNER,UNKNOWN,81.8,81.8,False,,False,False,False,False,True
SUBROS,INE287B01021,Subros Limited,True,True,,owner_confirmed_individual,OWNER,UNKNOWN,36.79,8.56,False,,False,False,False,False,True
SUDEEPPHRM,INE0QPI01025,Sudeep Pharma Limited,True,True,,owner_confirmed_individual,OWNER,UNKNOWN,76.15,35.81,False,,False,False,False,False,True
SULA,INE142Q01026,Sula Vineyards Limited,True,True,,owner_probable_nri_family,OWNER,UNKNOWN,24.55,24.57,True,Owner,False,False,False,False,False
SUNDARMFIN,INE660A01013,Sundaram Finance Limited,True,True,,owner_confirmed_individual_and_director,OWNER,UNKNOWN,37.21,24.61,True,Owner,False,False,False,True,True
SUNPHARMA,INE044A01036,Sun Pharmaceutical Industries Limited,True,True,,owner_confirmed_individual_and_director,OWNER,UNKNOWN,54.48,10.83,True,Owner,True,True,True,True,True
SUNTECK,INE805D01034,Sunteck Realty Limited,True,True,,owner_confirmed_individual_and_director,OWNER,UNKNOWN,63.3,1.62,True,Owner,False,False,False,False,True
SUNTV,INE424H01027,Sun TV Network Limited,True,True,,owner_confirmed_individual_and_director,OWNER,UNKNOWN,75.0,75.0,True,Owner,False,False,False,True,True
SUPREMEIND,INE195A01028,Supreme Industries Limited,True,True,,owner_confirmed_individual_and_director,OWNER,UNKNOWN,48.96,2.48,True,Owner,False,False,True,True,True
SUPRIYA,INE07RO01027,Supriya Lifescience Limited,True,True,,owner_confirmed_individual,OWNER,UNKNOWN,68.3,68.3,False,,False,False,False,False,True
SURYAROSNI,INE335A01020,Surya Roshni Limited,True,True,,owner_confirmed_individual_and_director,OWNER,UNKNOWN,62.89,4.96,True,Owner,False,False,False,False,True
SURYODAY,INE428Q01011,Suryoday Small Finance Bank Limited,True,True,,owner_confirmed_individual_and_director,OWNER,UNKNOWN,22.44,11.29,True,Owner,False,False,False,False,False
SUVEN,INE495B01038,Suven Life Sciences Limited,True,True,,owner_confirmed_individual_and_director,OWNER,UNKNOWN,70.15,0.7,True,Owner,False,False,False,False,False
SUZLON,INE040H01021,Suzlon Energy Limited,True,True,,owner_confirmed_individual_and_director,OWNER,UNKNOWN,11.73,4.44,True,Owner,False,False,True,True,True
SWANCORP,INE665A01038,SWAN CORP LIMITED,True,True,,owner_confirmed_individual,OWNER,UNKNOWN,53.96,0.03,True,Owner,False,False,False,True,True
SWSOLAR,INE00M201021,Sterling and Wilson Renewable Energy Limited,True,True,,owner_confirmed_individual_and_director,OWNER,UNKNOWN,45.72,6.31,True,Owner,False,False,False,False,True
SYNGENE,INE398R01022,Syngene International Limited,True,True,,owner_confirmed_individual_and_director,OWNER,UNKNOWN,52.68,0.07,True,Owner,False,False,False,True,True
SYRMA,INE0DYJ01015,Syrma SGS Technology Limited,True,True,,owner_confirmed_individual_and_director,OWNER,UNKNOWN,42.72,7.18,True,Owner,False,False,False,True,True
TANLA,INE483C01032,Tanla Platforms Limited,True,True,,owner_confirmed_individual_and_director,OWNER,UNKNOWN,46.17,41.23,True,Owner,False,False,False,False,True
TARC,INE0EK901012,TARC Limited,True,True,,owner_confirmed_individual_and_director,OWNER,UNKNOWN,65.12,65.82,False,,False,False,False,False,True
TARIL,INE763I01026,Transformers And Rectifiers (India) Limited,True,True,,owner_confirmed_individual,OWNER,UNKNOWN,64.36,64.36,False,,False,False,False,True,True
TARSONS,INE144Z01023,Tarsons Products Limited,True,True,,owner_confirmed_individual_and_director,OWNER,UNKNOWN,47.3,47.3,True,Owner,False,False,False,False,False
TATVA,INE0GK401011,Tatva Chintan Pharma Chem Limited,True,True,,owner_confirmed_individual,OWNER,UNKNOWN,72.02,72.02,True,Owner,False,False,False,False,False
TBOTEK,INE673O01025,TBO Tek Limited,True,True,,owner_confirmed_individual_and_director,OWNER,UNKNOWN,44.41,22.84,False,,False,False,False,True,True
TCIEXP,INE586V01016,TCI Express Limited,True,True,,owner_confirmed_individual_and_director,OWNER,UNKNOWN,69.46,18.25,True,Owner,False,False,False,False,False
TDPOWERSYS,INE419M01027,TD Power Systems Limited,True,True,,owner_confirmed_individual_and_director,OWNER,UNKNOWN,26.87,13.74,False,,False,False,False,False,True
TECHNOE,INE285K01026,Techno Electric & Engineering Company Limited,True,True,,owner_confirmed_individual,OWNER,UNKNOWN,56.92,0.85,True,Owner,False,False,False,True,True
TEGA,INE011K01018,Tega Industries Limited,True,True,,owner_confirmed_individual_and_director,OWNER,UNKNOWN,67.27,17.4,True,Owner,False,False,False,True,True
TEXRAIL,INE621L01012,Texmaco Rail & Engineering Limited,True,True,,owner_confirmed_individual_and_director,OWNER,UNKNOWN,48.34,7.74,True,Owner,False,False,False,False,True
THANGAMAYL,INE085J01014,Thangamayil Jewellery Limited,True,True,,owner_confirmed_individual,OWNER,UNKNOWN,61.61,54.39,False,,False,False,False,False,True
THERMAX,INE152A01029,Thermax Limited,True,True,,owner_confirmed_individual_and_director,OWNER,UNKNOWN,61.98,0.01,True,Owner,False,False,False,True,True
TI,INE133E01013,Tilaknagar Industries Limited,True,True,,owner_confirmed_individual_and_director,OWNER,UNKNOWN,31.71,25.14,False,,False,False,False,False,True
TICL,INE388G01026,Twamev Construction and Infrastructure Limited,True,True,,owner_confirmed_individual,OWNER,UNKNOWN,84.06,57.37,True,Professional,False,False,False,False,False
TIINDIA,INE974X01010,Tube Investments of India Limited,True,True,,owner_confirmed_individual_and_director,OWNER,UNKNOWN,44.05,4.19,True,Owner,False,False,True,True,True
TIMETECHNO,INE508G01029,Time Technoplast Limited,True,True,,owner_confirmed_individual_and_director,OWNER,UNKNOWN,47.51,7.16,True,Owner,False,False,False,False,True
TIPSMUSIC,INE716B01029,Tips Music Limited,True,True,,owner_confirmed_individual_and_director,OWNER,UNKNOWN,64.15,64.16,False,,False,False,False,False,True
TITAGARH,INE615H01020,TITAGARH RAIL SYSTEMS LIMITED,True,True,,owner_confirmed_individual_and_director,OWNER,UNKNOWN,40.46,7.8,True,Owner,False,False,False,True,True
TORNTPHARM,INE685A01028,Torrent Pharmaceuticals Limited,True,True,,owner_confirmed_individual_and_director,OWNER,PROFESSIONAL,68.31,0.66,True,Owner,False,True,True,True,True
TORNTPOWER,INE813H01021,Torrent Power Limited,True,True,,owner_confirmed_individual,OWNER,PROFESSIONAL,51.09,0.06,True,Owner,False,False,False,True,True
TRANSRAILL,INE454P01035,Transrail Lighting Limited,True,True,,owner_confirmed_individual_and_director,OWNER,UNKNOWN,71.12,1.43,False,,False,False,False,False,True
TRAVELFOOD,INE103V01028,Travel Food Services Limited,True,True,,ambiguous_holding_indian,OWNER,UNKNOWN,86.19,0.0,False,,False,False,False,True,True
TRITURBINE,INE152M01016,Triveni Turbine Limited,True,True,,owner_confirmed_individual_and_director,OWNER,UNKNOWN,55.84,28.56,True,Owner,False,False,False,True,True
TRIVENI,INE256C01024,Triveni Engineering & Industries Limited,True,True,,owner_confirmed_individual_and_director,OWNER,UNKNOWN,60.98,24.59,True,Owner,False,False,False,False,True
TSFINV,INE202Z01029,TSF INVESTMENTS LIMITED,True,True,,owner_confirmed_individual_and_director,OWNER,UNKNOWN,54.99,23.14,False,,False,False,False,False,True
TTKPRESTIG,INE690A01028,TTK Prestige Limited,True,True,,owner_confirmed_individual_and_director,OWNER,UNKNOWN,70.52,9.95,True,Owner,False,False,False,False,False
TVSMOTOR,INE494B01023,TVS Motor Company Limited,True,True,,owner_confirmed_individual_and_director,OWNER,UNKNOWN,50.27,0.07,True,Owner,False,True,True,True,True
TVSSCS,INE395N01027,TVS Supply Chain Solutions Limited,True,True,,owner_confirmed_individual_and_director,OWNER,UNKNOWN,43.03,2.61,True,Owner,False,False,False,False,True
UFLEX,INE516A01017,UFLEX Limited,True,True,,owner_confirmed_individual_and_director,OWNER,UNKNOWN,44.58,3.24,True,Owner,False,False,False,False,False
UNIPARTS,INE244O01017,Uniparts India Limited,True,True,,owner_confirmed_individual_and_director,OWNER,UNKNOWN,65.89,33.71,True,Owner,False,False,False,False,False
UNOMINDA,INE405E01023,UNO Minda Limited,True,True,,owner_confirmed_individual_and_director,OWNER,UNKNOWN,68.41,37.84,True,Owner,False,False,False,True,True
UPL,INE628A01036,UPL Limited,True,True,,owner_confirmed_individual_and_director,OWNER,UNKNOWN,33.51,3.15,True,Owner,False,False,True,True,True
URBANCO,INE0CAZ01013,Urban Company Limited,True,True,,owner_confirmed_individual_and_director,OWNER,UNKNOWN,20.29,20.3,False,,False,False,False,True,True
USHAMART,INE228A01035,Usha Martin Limited,True,True,,owner_confirmed_individual,OWNER,UNKNOWN,40.52,3.25,True,Owner,False,False,False,True,True
UTLSOLAR,INE12UR01024,Fujiyama Power Systems Limited,True,True,,owner_confirmed_individual_and_director,OWNER,UNKNOWN,86.77,86.76,False,,False,False,False,False,True
V2RETAIL,INE945H01021,V2 Retail Limited,True,True,,owner_confirmed_individual_and_director,OWNER,UNKNOWN,51.43,11.19,False,,False,False,False,False,True
VAIBHAVGBL,INE884A01027,Vaibhav Global Limited,True,True,,owner_confirmed_individual_and_director,OWNER,UNKNOWN,57.11,1.47,True,Owner,False,False,False,False,True
VAKRANGEE,INE051B01021,Vakrangee Limited,True,True,,owner_confirmed_individual_and_director,OWNER,UNKNOWN,40.05,4.8,True,Owner,False,False,False,False,False
VARROC,INE665L01035,Varroc Engineering Limited,True,True,,owner_confirmed_individual_and_director,OWNER,UNKNOWN,75.0,39.75,True,Owner,False,False,False,False,True
VENKEYS,INE398A01010,Venky's (India) Limited,True,True,,owner_confirmed_individual,OWNER,UNKNOWN,56.11,56.11,True,Owner,False,False,False,False,False
VENUSPIPES,INE0JA001018,Venus Pipes & Tubes Limited,True,True,,owner_confirmed_individual,OWNER,UNKNOWN,48.41,48.41,True,Owner,False,False,False,False,False
VGUARD,INE951I01027,V-Guard Industries Limited,True,True,,owner_confirmed_individual_and_director,OWNER,UNKNOWN,53.28,40.2,True,Owner,False,False,False,False,True
VIJAYA,INE043W01024,Vijaya Diagnostic Centre Limited,True,True,,owner_confirmed_individual_and_director,OWNER,UNKNOWN,52.51,52.51,True,Owner,False,False,False,True,True
VINATIORGA,INE410B01037,Vinati Organics Limited,True,True,,owner_confirmed_individual,OWNER,UNKNOWN,74.28,2.59,True,Owner,False,False,False,False,False
VIPIND,INE054A01027,VIP Industries Limited,True,True,,owner_confirmed_individual_and_director,OWNER,UNKNOWN,42.35,0.95,True,Owner,False,False,False,False,True
VMART,INE665J01013,V-Mart Retail Limited,True,True,,owner_confirmed_individual_and_director,OWNER,UNKNOWN,44.15,6.46,False,,False,False,False,False,True
VOLTAMP,INE540H01012,Voltamp Transformers Limited,True,True,,owner_confirmed_individual,OWNER,UNKNOWN,30.0,30.0,True,Owner,False,False,False,False,True
VRLLOG,INE366I01010,VRL Logistics Limited,True,True,,owner_confirmed_individual_and_director,OWNER,UNKNOWN,60.24,60.24,True,Owner,False,False,False,False,False
VTL,INE825A01020,Vardhman Textiles Limited,True,True,,owner_confirmed_individual_and_director,OWNER,UNKNOWN,65.09,2.36,False,,False,False,False,True,True
WAAREEENER,INE377N01017,Waaree Energies Limited,True,True,,owner_confirmed_individual_and_director,OWNER,UNKNOWN,64.19,46.57,True,Owner,False,False,True,True,True
WABAG,INE956G01038,VA Tech Wabag Limited,True,True,,owner_confirmed_individual_and_director,OWNER,UNKNOWN,19.09,19.11,False,,False,False,False,False,True
WAKEFIT,INE0E7301029,Wakefit Innovations Limited,True,True,,owner_confirmed_individual_and_director,OWNER,UNKNOWN,37.03,37.03,False,,False,False,False,False,True
WEBELSOLAR,INE855C01023,Websol Energy System Limited,True,True,,owner_confirmed_individual,OWNER,UNKNOWN,29.72,8.93,False,,False,False,False,False,True
WESTLIFE,INE274F01020,WESTLIFE FOODWORLD LIMITED,True,True,,owner_confirmed_individual_and_director,OWNER,UNKNOWN,56.36,2.45,True,Owner,False,False,False,False,True
WEWORK,INE085001019,WeWork India Management Limited,True,True,,owner_confirmed_individual_and_director,OWNER,UNKNOWN,49.8,0.0,False,,False,False,False,False,True
WIPRO,INE075A01022,Wipro Limited,True,True,,owner_confirmed_individual_and_director,OWNER,UNKNOWN,72.63,4.42,True,Owner,True,True,True,True,True
WOCKPHARMA,INE049B01025,Wockhardt Limited,True,True,,owner_confirmed_individual_and_director,OWNER,UNKNOWN,49.08,0.74,True,Owner,False,False,False,True,True
WSTCSTPAPR,INE976A01021,West Coast Paper Mills Limited,True,True,,owner_confirmed_individual,OWNER,UNKNOWN,56.58,12.7,True,Owner,False,False,False,False,False
YATHARTH,INE0JO301016,Yatharth Hospital & Trauma Care Services Limited,True,True,,owner_confirmed_individual_and_director,OWNER,UNKNOWN,55.8,55.8,False,,False,False,False,False,True
ZAGGLE,INE07K301024,Zaggle Prepaid Ocean Services Limited,True,True,,owner_confirmed_individual_and_director,OWNER,UNKNOWN,44.13,40.06,False,,False,False,False,False,True
ZENSARTECH,INE520A01027,Zensar Technologies Limited,True,True,,owner_confirmed_individual_and_director,OWNER,UNKNOWN,49.01,0.23,True,Owner,False,False,False,True,True
ZENTEC,INE251B01027,Zen Technologies Limited,True,True,,owner_confirmed_individual,OWNER,UNKNOWN,48.51,48.51,True,Owner,False,False,False,True,True
ZYDUSLIFE,INE010B01027,Zydus Lifesciences Limited,True,True,,owner_confirmed_individual_and_director,OWNER,UNKNOWN,75.0,0.07,True,Owner,False,True,True,True,True
ZYDUSWELL,INE768C01028,Zydus Wellness Limited,True,True,,owner_confirmed_individual_and_director,OWNER,UNKNOWN,69.63,0.06,False,,False,False,False,True,True
ADANIENSOL,INE931S01010,Adani Energy Solutions Limited,True,True,Adani,owner_confirmed_individual_and_director,OWNER,OWNER,74.71,0.01,True,Owner,False,True,True,True,True
ADANIENT,INE423A01024,Adani Enterprises Limited,True,True,Adani,owner_confirmed_individual_and_director,OWNER,OWNER,74.67,0.02,True,Owner,True,True,True,True,True
ADANIGREEN,INE364U01010,Adani Green Energy Limited,True,True,Adani,owner_confirmed_individual_and_director,OWNER,OWNER,62.43,0.03,True,Owner,False,True,True,True,True
ADANIPORTS,INE742F01042,Adani Ports and Special Economic Zone Limited,True,True,Adani,owner_confirmed_individual_and_director,OWNER,OWNER,68.02,0.02,True,Owner,True,True,True,True,True
ADANIPOWER,INE814H01029,Adani Power Limited,True,True,Adani,owner_confirmed_individual,OWNER,OWNER,74.96,0.0,True,Owner,False,True,True,True,True
AMBUJACEM,INE079A01024,Ambuja Cements Limited,True,True,Adani,ambiguous_holding_foreign,OWNER,OWNER,67.68,0.0,True,Owner,False,True,True,True,True
ATGL,INE399L01023,Adani Total Gas Limited,True,True,Adani,owner_confirmed_individual_and_director,OWNER,OWNER,74.8,0.06,True,Owner,False,False,True,True,True
WELCORP,INE191B01025,Welspun Corp Limited,True,True,Adani,owner_confirmed_individual_and_director,OWNER,OWNER,49.73,0.6,True,Owner,False,False,False,True,True
WELENT,INE625G01013,Welspun Enterprises Limited,True,True,Adani,owner_confirmed_individual_and_director,OWNER,OWNER,56.13,1.98,False,,False,False,False,False,True
WELSPUNLIV,INE192B01031,Welspun Living Limited,True,True,Adani,owner_confirmed_individual,OWNER,OWNER,66.24,0.36,True,Owner,False,False,False,True,True
ALOKINDS,INE270A01029,Alok Industries Limited,True,True,Ambani,ambiguous_holding_indian,OWNER,OWNER,75.0,0.0,True,Owner,False,False,False,False,True
HATHWAY,INE982F01036,Hathway Cable & Datacom Limited,True,True,Ambani,owner_confirmed_individual,OWNER,OWNER,75.0,13.61,True,Owner,False,False,False,False,False
JIOFIN,INE758E01017,Jio Financial Services Limited,True,True,Ambani,owner_confirmed_individual_and_director,OWNER,OWNER,47.12,0.88,True,Owner,True,True,True,True,True
RELIANCE,INE002A01018,Reliance Industries Limited,True,True,Ambani,owner_confirmed_individual_and_director,OWNER,OWNER,50.01,1.0,True,Owner,True,True,True,True,True
RELINFRA,INE036A01016,Reliance Infrastructure Limited,True,True,Ambani,owner_confirmed_individual_and_director,OWNER,OWNER,19.05,0.16,True,Owner,False,False,False,False,False
RPOWER,INE614G01033,Reliance Power Limited,True,True,Ambani,owner_confirmed_individual_and_director,OWNER,OWNER,24.98,0.05,True,Owner,False,False,False,True,True
BAJAJ-AUTO,INE917I01010,Bajaj Auto Limited,True,True,Bajaj,owner_confirmed_individual_and_director,OWNER,OWNER,54.99,2.76,True,Owner,True,True,True,True,True
BAJAJCON,INE933K01021,Bajaj Consumer Care Limited,True,True,Bajaj,owner_confirmed_director_only,OWNER,OWNER,42.97,0.01,True,Owner,False,False,False,False,False
BAJAJELEC,INE193E01025,Bajaj Electricals Limited,True,True,Bajaj,owner_confirmed_individual_and_director,OWNER,OWNER,62.69,15.28,False,,False,False,False,False,True
BAJAJFINSV,INE918I01026,Bajaj Finserv Limited,True,True,Bajaj,owner_confirmed_individual_and_director,OWNER,OWNER,58.81,2.29,True,Owner,True,True,True,True,True
BAJAJHFL,INE377Y01014,Bajaj Housing Finance Limited,True,True,Bajaj,owner_confirmed_director_only,OWNER,OWNER,86.7,0.0,False,,False,False,False,True,True
BAJAJHIND,INE306A01021,Bajaj Hindusthan Sugar Limited,True,True,Bajaj,owner_confirmed_individual_and_director,OWNER,OWNER,13.43,4.75,True,Owner,False,False,False,False,False
BAJAJHLDNG,INE118A01012,Bajaj Holdings & Investment Limited,True,True,Bajaj,owner_confirmed_individual_and_director,OWNER,OWNER,51.46,0.49,True,Owner,False,True,True,True,True
BAJFINANCE,INE296A01032,Bajaj Finance Limited,True,True,Bajaj,owner_confirmed_individual_and_director,OWNER,OWNER,54.7,0.19,True,Owner,True,True,True,True,True
EMIL,INE02YR01019,Electronics Mart India Limited,True,True,Bajaj,owner_confirmed_individual,OWNER,OWNER,65.17,65.17,True,Owner,False,False,False,False,True
MAHSCOOTER,INE288A01013,Maharashtra Scooters Limited,True,True,Bajaj,owner_confirmed_director_only,OWNER,OWNER,51.0,0.0,False,,False,False,False,False,True
MEDANTA,INE474Q01031,Global Health Limited,True,True,Bajaj,owner_confirmed_individual_and_director,OWNER,OWNER,33.01,43.85,True,Owner,False,False,False,True,True
METROPOLIS,INE112L01020,Metropolis Healthcare Limited,True,True,Bajaj,owner_confirmed_individual_and_director,OWNER,OWNER,48.87,0.42,True,Owner,False,False,False,False,True
NETWEB,INE0NT901020,Netweb Technologies India Limited,True,True,Bajaj|Lodha,owner_confirmed_individual_and_director,OWNER,OWNER,66.98,66.98,False,,False,False,False,True,True
BANDHANBNK,INE545U01014,Bandhan Bank Limited,True,True,Bandhan (Ghosh),owner_confirmed_director_only,OWNER,OWNER,39.74,0.0,True,Owner,False,False,False,True,True
ABREL,INE055A01016,Aditya Birla Real Estate Limited,True,True,Birla,owner_confirmed_director_only,OWNER,OWNER,50.21,0.01,True,Owner,False,False,False,True,True
ABSLAMC,INE404A01024,Aditya Birla Sun Life AMC Limited,True,True,Birla,owner_confirmed_individual_and_director,OWNER,OWNER,74.82,0.01,True,Owner,False,False,False,True,True
BSOFT,INE836A01035,BIRLASOFT LIMITED,True,True,Birla,owner_confirmed_director_only,OWNER,OWNER,40.51,0.21,True,Owner,False,False,False,True,True
INDIACEM,INE383A01012,The India Cements Limited,True,True,Birla (UltraTech),owner_confirmed_director_only,OWNER,OWNER,75.0,0.0,True,Owner,False,False,False,True,True
ABCAPITAL,INE674K01013,Aditya Birla Capital Limited,True,True,Birla|Bajaj,owner_confirmed_individual_and_director,OWNER,OWNER,68.51,0.18,True,Owner,False,False,True,True,True
ABFRL,INE647O01011,Aditya Birla Fashion and Retail Limited,True,True,Birla|Bajaj,owner_confirmed_individual_and_director,OWNER,OWNER,46.61,0.26,True,Owner,False,False,False,True,True
ABLBL,INE14LE01019,Aditya Birla Lifestyle Brands Limited,True,True,Birla|Bajaj,owner_confirmed_individual_and_director,OWNER,OWNER,46.6,0.27,False,,False,False,False,True,True
GRASIM,INE047A01021,Grasim Industries Limited,True,True,Birla|Bajaj,owner_confirmed_individual_and_director,OWNER,OWNER,43.22,0.45,True,Owner,True,True,True,True,True
HINDALCO,INE038A01020,Hindalco Industries Limited,True,True,Birla|Bajaj,owner_confirmed_individual_and_director,OWNER,OWNER,34.64,0.17,True,Owner,True,True,True,True,True
ULTRACEMCO,INE481G01011,UltraTech Cement Limited,True,True,Birla|Bajaj,owner_confirmed_individual_and_director,OWNER,OWNER,59.29,0.21,True,Owner,True,True,True,True,True
AXISCADES,INE555B01013,AXISCADES Technologies Limited,True,True,Chandrasekhar (Jupiter),owner_confirmed_director_only,OWNER,OWNER,58.05,0.0,False,,False,False,False,False,True
CYIENTDLM,INE055S01018,Cyient DLM Limited,True,True,Cyient (Mohan Reddy),owner_confirmed_director_only,OWNER,OWNER,52.12,0.0,True,Owner,False,False,False,False,False
WAAREERTL,INE299N01021,Waaree Renewable Technologies Limited,True,True,Doshi (Waaree),owner_confirmed_director_only,OWNER,OWNER,74.32,1.06,False,,False,False,False,False,True
JPPOWER,INE351F01018,Jaiprakash Power Ventures Limited,True,True,Gaur (Jaypee),owner_probable_relatives_trust,OWNER,OWNER,24.0,0.0,True,Owner,False,False,False,True,True
CESC,INE486A01021,CESC Limited,True,True,Goenka (RPSG),owner_confirmed_individual_and_director,OWNER,OWNER,52.11,0.21,True,Owner,False,False,False,True,True
FSL,INE684F01012,Firstsource Solutions Limited,True,True,Goenka (RPSG),owner_confirmed_director_only,OWNER,OWNER,53.66,0.02,True,Owner,False,False,False,True,True
PCBL,INE602A01031,PCBL Chemical Limited,True,True,Goenka (RPSG),ambiguous_holding_indian,OWNER,OWNER,53.38,0.0,True,Owner,False,False,False,True,True
SAREGAMA,INE979A01025,Saregama India Limited,True,True,Goenka (RPSG),owner_confirmed_director_only,OWNER,OWNER,60.39,0.88,True,Owner,False,False,False,True,True
GLAND,INE068V01023,Gland Pharma Limited,True,True,Guo (Fosun),ambiguous_holding_foreign,OWNER,OWNER,51.83,0.0,True,Owner,False,False,False,True,True
ROUTE,INE450U01017,ROUTE MOBILE LIMITED,True,True,Gupta (Route Mobile),ambiguous_holding_foreign,OWNER,OWNER,74.85,0.0,True,Owner,False,False,False,False,True
ASHOKLEY,INE208A01029,Ashok Leyland Limited,True,True,Hinduja,excluded_no_natural_no_holding,OWNER,OWNER,51.51,0.01,True,Owner,False,False,True,True,True
INDUSINDBK,INE095A01012,IndusInd Bank Limited,True,True,Hinduja,owner_confirmed_director_only,OWNER,OWNER,15.82,0.01,True,Owner,False,False,True,True,True
REFEX,INE056I01025,Refex Industries Limited,True,True,Jain (Refex),owner_confirmed_director_only,OWNER,OWNER,55.8,0.34,False,,False,False,False,False,True
DEVYANI,INE872J01023,Devyani International Limited,True,True,Jindal,owner_confirmed_individual_and_director,OWNER,OWNER,61.37,4.71,True,Owner,False,False,False,True,True
GALLANTT,INE297H01019,Gallantt Ispat Limited,True,True,Jindal,owner_confirmed_individual_and_director,OWNER,OWNER,69.83,68.95,False,,False,False,False,True,True
JINDALSAW,INE324A01032,Jindal Saw Limited,True,True,Jindal,owner_confirmed_individual,OWNER,OWNER,63.25,1.18,True,Owner,False,False,False,True,True
JINDALSTEL,INE749A01030,JINDAL STEEL LIMITED,True,True,Jindal,owner_confirmed_individual_and_director,OWNER,OWNER,62.69,2.12,True,Owner,False,True,True,True,True
JSL,INE220G01021,Jindal Stainless Limited,True,True,Jindal,owner_confirmed_individual_and_director,OWNER,OWNER,62.05,3.7,True,Owner,False,False,False,True,True
JSWCEMENT,INE718I01012,JSW Cement Limited,True,True,Jindal,owner_confirmed_individual_and_director,OWNER,OWNER,72.33,0.76,False,,False,False,False,True,True
JSWENERGY,INE121E01018,JSW Energy Limited,True,True,Jindal,owner_confirmed_individual_and_director,OWNER,OWNER,69.27,4.12,True,Owner,False,False,True,True,True
JSWINFRA,INE880J01026,JSW Infrastructure Limited,True,True,Jindal,owner_confirmed_individual_and_director,OWNER,OWNER,83.62,0.21,False,,False,False,False,True,True
JSWSTEEL,INE019A01038,JSW Steel Limited,True,True,Jindal,owner_confirmed_individual_and_director,OWNER,OWNER,45.32,0.61,True,Owner,True,True,True,True,True
MAHSEAMLES,INE271B01025,Maharashtra Seamless Limited,True,True,Jindal,owner_confirmed_individual_and_director,OWNER,OWNER,70.28,5.42,True,Owner,False,False,False,False,True
SHAREINDIA,INE932X01026,Share India Securities Limited,True,True,Jindal,owner_confirmed_individual_and_director,OWNER,OWNER,48.62,45.14,False,,False,False,False,False,True
SIGNATURE,INE903U01023,Signatureglobal (India) Limited,True,True,Jindal,owner_confirmed_individual_and_director,OWNER,OWNER,69.63,52.69,False,,False,False,False,True,True
VBL,INE200M01039,Varun Beverages Limited,True,True,Jindal,owner_confirmed_individual_and_director,OWNER,OWNER,59.44,34.36,True,Owner,False,True,True,True,True
VIKRAMSOLR,INE078V01014,Vikram Solar Limited,True,True,Jindal,owner_confirmed_individual_and_director,OWNER,OWNER,63.01,5.07,False,,False,False,False,False,True
ALIVUS,INE03Q201024,Alivus Life Sciences Limited,True,True,Karnavati / Searles,owner_confirmed_director_only,OWNER,OWNER,74.91,0.09,True,Owner,False,False,False,False,True
NUVOCO,INE118D01016,Nuvoco Vistas Corporation Limited,True,True,Karnavati / Searles,owner_confirmed_individual,OWNER,OWNER,72.02,11.86,True,Owner,False,False,False,True,True
SPANDANA,INE572J01011,Spandana Sphoorty Financial Limited,True,True,Kedaara Capital (PE-backed),ambiguous_holding_foreign,OWNER,OWNER,48.16,0.0,True,Owner,False,False,False,False,False
VMM,INE01EA01019,Vishal Mega Mart Limited,True,True,Kedaara Capital (PE-backed),owner_confirmed_director_only,OWNER,OWNER,40.09,0.24,True,Owner,False,False,True,True,True
AWL,INE699H01024,AWL Agri Business Limited,True,True,Kuok (Wilmar),excluded_no_natural_no_holding,OWNER,OWNER,56.94,0.0,True,Owner,False,False,False,True,True
FIEMIND,INE737H01014,Fiem Industries Limited,True,True,Lodha,owner_confirmed_individual_and_director,OWNER,OWNER,54.52,53.87,False,,False,False,False,False,True
LODHA,INE670K01029,Lodha Developers Limited,True,True,Lodha,owner_confirmed_director_only,OWNER,OWNER,71.85,0.03,True,Owner,False,True,True,True,True
ASAHIINDIA,INE439A01020,Asahi India Glass Limited,True,True,Mahindra,owner_confirmed_individual,OWNER,OWNER,51.57,16.6,True,Owner,False,False,False,True,True
M&M,INE101A01026,Mahindra & Mahindra Limited,True,True,Mahindra,owner_confirmed_individual_and_director,OWNER,OWNER,18.44,0.63,True,Owner,True,True,True,True,True
M&MFIN,INE774D01024,Mahindra & Mahindra Financial Services Limited,True,True,Mahindra,owner_confirmed_director_only,OWNER,OWNER,52.49,0.0,True,Owner,False,False,True,True,True
MAHLIFE,INE813A01018,Mahindra Lifespace Developers Limited,True,True,Mahindra,owner_confirmed_director_only,OWNER,OWNER,52.41,0.02,True,Owner,False,False,False,False,False
SMLMAH,INE294B01019,SML Mahindra Limited,True,True,Mahindra,ambiguous_holding_indian,OWNER,OWNER,58.97,0.0,False,,False,False,False,False,True
TECHM,INE669C01036,Tech Mahindra Limited,True,True,Mahindra,owner_confirmed_director_only,OWNER,OWNER,34.98,0.07,True,Owner,True,True,True,True,True
AEGISLOG,INE208C01025,Aegis Logistics Limited,True,True,Malhotra (Aegis),excluded_no_natural_no_holding,OWNER,OWNER,58.1,5.05,True,Owner,False,False,False,True,True
AEGISVOPAK,INE0INX01018,Aegis Vopak Terminals Limited,True,True,Malhotra (Aegis),owner_confirmed_director_only,OWNER,OWNER,86.93,0.08,False,,False,False,False,True,True
BHARTIARTL,INE397D01024,Bharti Airtel Limited,True,True,Mittal,owner_confirmed_director_only,OWNER,OWNER,50.07,0.02,True,Owner,True,True,True,True,True
BHARTIHEXA,INE343G01021,Bharti Hexacom Limited,True,True,Mittal,ambiguous_holding_indian,OWNER,OWNER,70.0,0.0,False,,False,False,False,True,True
INDUSTOWER,INE121J01017,Indus Towers Limited,True,True,Mittal,owner_confirmed_director_only,OWNER,OWNER,51.03,0.0,True,Owner,False,False,True,True,True
ESCORTS,INE042A01014,Escorts Kubota Limited,True,True,Nanda,ambiguous_mnc_jv_candidate,OWNER,OWNER,68.04,1.29,True,Owner,False,False,False,True,True
PATANJALI,INE619A01035,Patanjali Foods Limited,True,True,Patanjali,owner_confirmed_director_only,OWNER,OWNER,68.26,0.0,True,Owner,False,False,True,True,True
POONAWALLA,INE511C01022,Poonawalla Fincorp Limited,True,True,Poonawalla,owner_confirmed_director_only,OWNER,OWNER,59.02,0.06,True,Owner,False,False,False,True,True
HAVELLS,INE176B01034,Havells India Limited,True,True,Rai Gupta (Havells),owner_confirmed_director_only,OWNER,OWNER,59.38,0.25,True,Owner,False,False,True,True,True
PARKHOSPS,INE119201023,Park Medi World Limited,True,True,Rai Gupta (Havells),owner_confirmed_individual_and_director,OWNER,OWNER,82.89,82.89,False,,False,False,False,False,True
PGEL,INE457L01029,PG Electroplast Limited,True,True,Rai Gupta (Havells),owner_confirmed_individual_and_director,OWNER,OWNER,43.41,43.58,True,Owner,False,False,False,True,True
TRIDENT,INE064C01022,Trident Limited,True,True,Rajinder Gupta (Trident),owner_confirmed_director_only,OWNER,OWNER,73.68,0.0,True,Owner,False,False,False,True,True
STYRENIX,INE189B01011,Styrenix Performance Materials Limited,True,True,Shiva Performance Materials (Vadodara independent),owner_confirmed_director_only,OWNER,OWNER,46.24,0.0,False,,False,False,False,False,True
SHRIRAMFIN,INE721A01047,Shriram Finance Limited,True,True,Shriram,owner_confirmed_director_only,OWNER,OWNER,20.3,0.01,True,Owner,True,True,True,True,True
GREAVESCOT,INE224A01026,Greaves Cotton Limited,True,True,Thapar,owner_confirmed_director_only,OWNER,OWNER,55.8,0.0,True,Owner,False,False,False,False,True
HINDZINC,INE267A01025,Hindustan Zinc Limited,True,True,Vedanta,excluded_state_dominant,OWNER,OWNER,61.84,0.0,True,Owner,False,True,True,True,True
STLTECH,INE089C01029,Sterlite Technologies Limited,True,True,Vedanta,owner_confirmed_individual_and_director,OWNER,OWNER,44.44,0.58,True,Owner,False,False,False,False,True
VEDL,INE205A01025,Vedanta Limited,True,True,Vedanta,ambiguous_mnc_jv_candidate,OWNER,OWNER,56.38,0.0,True,Owner,False,True,True,True,True
BBTC,INE050A01025,The Bombay Burmah Trading Corporation Limited,True,True,Wadia,owner_confirmed_individual,OWNER,OWNER,74.05,10.05,True,Owner,False,False,False,True,True
BOMDYEING,INE032A01023,Bombay Dyeing & Mfg Company Limited,True,True,Wadia,owner_confirmed_individual,OWNER,OWNER,53.57,2.28,True,Owner,False,False,False,False,False
BRITANNIA,INE216A01030,Britannia Industries Limited,True,True,Wadia,ambiguous_mnc_jv_candidate,OWNER,OWNER,50.55,0.01,True,Owner,False,True,True,True,True
360ONE,INE466L01038,360 ONE WAM LIMITED,False,False,,excluded_low_promoter,NOT_OWNER,UNKNOWN,6.24,7.52,True,Owner,False,False,True,True,True
3MINDIA,INE470A01017,3M India Limited,False,True,,excluded_no_natural_no_holding,NOT_OWNER,UNKNOWN,75.0,0.0,True,MNC,False,False,False,True,True
AADHARHFC,INE883F01010,Aadhar Housing Finance Limited,False,True,,excluded_no_natural_no_holding,NOT_OWNER,PROFESSIONAL,64.9,0.41,False,,False,False,False,True,True
AAVAS,INE216P01012,Aavas Financiers Limited,False,True,,owner_confirmed_director_only,NOT_OWNER,PROFESSIONAL,48.95,0.93,True,Professional,False,False,False,True,True
ABB,INE117A01022,ABB India Limited,False,True,,ambiguous_holding_foreign,NOT_OWNER,UNKNOWN,75.0,0.0,True,MNC,False,True,True,True,True
ABBOTINDIA,INE358A01014,Abbott India Limited,False,True,,ambiguous_holding_foreign,NOT_OWNER,UNKNOWN,74.99,0.0,True,MNC,False,False,False,True,True
AKZOINDIA,INE133A01011,Akzo Nobel India Limited,False,False,,nse_data_unavailable,OWNER_WEAK,UNKNOWN,0.0,0.0,False,,False,False,False,False,False
ASTRAMICRO,INE386C01029,Astra Microwave Products Limited,False,False,,excluded_low_promoter,NOT_OWNER,UNKNOWN,6.54,10.27,True,Owner,False,False,False,False,True
AXISBANK,INE238A01034,Axis Bank Limited,False,False,,excluded_low_promoter,NOT_OWNER,UNKNOWN,8.14,0.0,True,Professional,True,True,True,True,True
BALMLAWRIE,INE164A01016,Balmer Lawrie & Company Limited,False,False,,excluded_low_promoter,NOT_OWNER,UNKNOWN,0.0,0.0,True,State,False,False,False,False,False
BANKBARODA,INE028A01039,Bank of Baroda,False,True,,excluded_state_dominant,NOT_OWNER,STATE,63.97,0.0,True,State,False,True,True,True,True
BANKINDIA,INE084A01016,Bank of India,False,True,,excluded_state_dominant,NOT_OWNER,STATE,73.38,0.0,True,State,False,False,True,True,True
BATAINDIA,INE176A01028,Bata India Limited,False,True,,excluded_no_natural_no_holding,NOT_OWNER,UNKNOWN,50.16,0.0,True,MNC,False,False,False,True,True
BAYERCROP,INE462A01022,Bayer Cropscience Limited,False,True,,ambiguous_holding_indian,NOT_OWNER,UNKNOWN,68.7,0.0,True,MNC,False,False,False,True,True
BBOX,INE676A01027,Black Box Limited,False,True,,excluded_no_natural_no_holding,NOT_OWNER,UNKNOWN,70.49,1.6,False,,False,False,False,False,True
BDL,INE171Z01026,Bharat Dynamics Limited,False,True,,excluded_state_dominant,NOT_OWNER,STATE,74.93,0.0,True,State,False,False,True,True,True
BEL,INE263A01024,Bharat Electronics Limited,False,True,,excluded_state_dominant,NOT_OWNER,STATE,51.14,0.0,True,State,True,True,True,True,True
BEML,INE258A01024,BEML Limited,False,True,,excluded_state_dominant,NOT_OWNER,STATE,54.03,0.0,True,State,False,False,False,True,True
BHEL,INE257A01026,Bharat Heavy Electricals Limited,False,True,,excluded_state_dominant,NOT_OWNER,STATE,58.17,0.0,True,State,False,False,True,True,True
BLUEDART,INE233B01017,Blue Dart Express Limited,False,True,,excluded_no_natural_no_holding,NOT_OWNER,UNKNOWN,75.0,0.0,False,,False,False,False,True,True
BOSCHLTD,INE323A01026,Bosch Limited,False,True,,ambiguous_holding_foreign,NOT_OWNER,UNKNOWN,70.54,0.0,True,MNC,False,True,True,True,True
BPCL,INE029A01011,Bharat Petroleum Corporation Limited,False,True,,excluded_state_dominant,NOT_OWNER,STATE,52.98,0.0,True,State,False,True,True,True,True
BSE,INE118H01025,BSE LTD,False,False,,rev1_label_only_professional,NOT_OWNER,UNKNOWN,0.0,0.0,True,Professional,False,False,True,True,True
CAMS,INE596I01020,Computer Age Management Services Limited,False,False,,excluded_low_promoter,NOT_OWNER,UNKNOWN,0.22,0.22,True,Professional,False,False,False,True,True
CANBK,INE476A01022,Canara Bank,False,True,,excluded_state_dominant,NOT_OWNER,STATE,62.93,0.0,True,State,False,True,True,True,True
CANFINHOME,INE477A01020,Can Fin Homes Limited,False,True,,owner_confirmed_director_only,NOT_OWNER,STATE,29.99,0.0,True,State,False,False,False,True,True
CANHLIFE,INE01TY01017,Canara HSBC Life Insurance Company Limited,False,True,,owner_confirmed_director_only,NOT_OWNER,STATE,62.0,0.0,False,,False,False,False,True,True
CARTRADE,INE290S01011,Cartrade Tech Limited,False,False,,excluded_low_promoter,NOT_OWNER,UNKNOWN,2.89,2.89,True,Professional,False,False,False,True,True
CASTROLIND,INE172A01027,Castrol India Limited,False,True,,excluded_no_natural_no_holding,NOT_OWNER,UNKNOWN,51.0,0.0,True,MNC,False,False,False,True,True
CDSL,INE736A01011,Central Depository Services (India) Limited,False,True,,owner_confirmed_director_only,NOT_OWNER,PROFESSIONAL,15.0,0.0,True,Professional,False,False,False,True,True
CEMPRO,INE686A01026,Cemindia Projects Limited,False,True,,excluded_no_natural_no_holding,NOT_OWNER,UNKNOWN,67.46,0.0,True,MNC,False,False,False,True,True
CENTRALBK,INE483A01010,Central Bank of India,False,True,,excluded_state_dominant,NOT_OWNER,STATE,89.27,0.0,True,State,False,False,False,True,True
CHENNPETRO,INE178A01016,Chennai Petroleum Corporation Limited,False,True,,excluded_state_dominant,NOT_OWNER,STATE,67.29,0.0,True,State,False,False,False,True,True
CIEINDIA,INE536H01010,CIE Automotive India Limited,False,True,,excluded_no_natural_no_holding,NOT_OWNER,UNKNOWN,65.7,0.81,True,MNC,False,False,False,True,True
CIGNITITEC,INE675C01017,Cigniti Technologies Limited,False,True,,ambiguous_holding_indian,OWNER_WEAK,UNKNOWN,54.0,0.0,False,,False,False,False,False,False
CMSINFO,INE925R01014,CMS Info Systems Limited,False,False,,excluded_low_promoter,NOT_OWNER,UNKNOWN,6.5,6.5,True,Professional,False,False,False,False,True
COALINDIA,INE522F01014,Coal India Limited,False,True,,excluded_state_dominant,NOT_OWNER,STATE,63.13,0.0,True,State,True,True,True,True,True
COCHINSHIP,INE704P01025,Cochin Shipyard Limited,False,True,,excluded_state_dominant,NOT_OWNER,STATE,67.91,0.0,True,State,False,False,True,True,True
COFORGE,INE591G01025,Coforge Limited,False,False,,excluded_low_promoter,NOT_OWNER,UNKNOWN,0.22,0.22,True,MNC,False,False,True,True,True
COHANCE,INE03QK01018,Cohance Lifesciences Limited,False,True,,ambiguous_holding_foreign,NOT_OWNER,UNKNOWN,57.49,0.0,True,Professional,False,False,False,True,True
COLPAL,INE259A01022,Colgate Palmolive (India) Limited,False,True,,ambiguous_holding_foreign,NOT_OWNER,UNKNOWN,51.0,0.0,True,MNC,False,False,True,True,True
CONCOR,INE111A01025,Container Corporation of India Limited,False,True,,excluded_state_dominant,NOT_OWNER,STATE,54.8,0.0,True,State,False,False,True,True,True
CRAMC,INE218I01013,Canara Robeco Asset Management Company Limited,False,True,,ambiguous_holding_foreign,NOT_OWNER,STATE,75.0,0.0,False,,False,False,False,False,True
CREDITACC,INE741K01010,CREDITACCESS GRAMEEN LIMITED,False,True,,excluded_no_natural_no_holding,NOT_OWNER,UNKNOWN,66.28,0.03,True,Professional,False,False,False,True,True
CRISIL,INE007A01025,Crisil Limited,False,True,,excluded_no_natural_no_holding,NOT_OWNER,UNKNOWN,66.64,0.06,False,,False,False,False,True,True
CROMPTON,INE299U01018,Crompton Greaves Consumer Electricals Limited,False,False,,excluded_low_promoter,NOT_OWNER,UNKNOWN,0.18,0.18,True,Professional,False,False,False,True,True
CSBBANK,INE679A01013,CSB Bank Limited,False,True,,ambiguous_holding_foreign,NOT_OWNER,UNKNOWN,40.0,0.0,True,Professional,False,False,False,False,True
CUB,INE491A01021,City Union Bank Limited,False,False,,excluded_low_promoter,NOT_OWNER,UNKNOWN,2.61,2.61,True,Professional,False,False,False,True,True
CUMMINSIND,INE298A01020,Cummins India Limited,False,True,,excluded_no_natural_no_holding,NOT_OWNER,UNKNOWN,51.0,0.0,True,MNC,False,True,True,True,True
DCBBANK,INE503A01015,DCB Bank Limited,False,True,,owner_confirmed_director_only,NOT_OWNER,PROFESSIONAL,16.24,0.17,True,Professional,False,False,False,False,True
DELHIVERY,INE148O01028,Delhivery Limited,False,False,,excluded_low_promoter,NOT_OWNER,UNKNOWN,4.56,4.56,True,Professional,False,False,False,True,True
DISHTV,INE836F01026,Dish TV India Limited,False,False,,excluded_low_promoter,NOT_OWNER,UNKNOWN,4.06,0.07,True,Owner,False,False,False,False,False
ENGINERSIN,INE510A01028,Engineers India Limited,False,True,,excluded_state_dominant,NOT_OWNER,STATE,51.32,0.0,True,State,False,False,False,True,True
ENRIN,INE1NPP01017,Siemens Energy India Limited,False,True,,ambiguous_holding_foreign,NOT_OWNER,UNKNOWN,75.0,0.0,False,,False,True,True,True,True
EPL,INE255A01020,EPL Limited,False,True,,owner_confirmed_director_only,NOT_OWNER,MNC,26.38,0.23,True,MNC,False,False,False,False,True
EQUITASBNK,INE063P01018,Equitas Small Finance Bank Limited,False,False,,excluded_low_promoter,NOT_OWNER,UNKNOWN,0.34,0.34,True,Professional,False,False,False,False,True
ETERNAL,INE758T01015,ETERNAL LIMITED,False,False,,excluded_low_promoter,NOT_OWNER,UNKNOWN,4.53,4.53,True,Professional,True,True,True,True,True
EUREKAFORB,INE0KCE01017,Eureka Forbes Limited,False,True,,ambiguous_holding_foreign,NOT_OWNER,UNKNOWN,62.56,0.0,False,,False,False,False,False,True
FACT,INE188A01015,Fertilizers and Chemicals Travancore Limited,False,True,,excluded_state_dominant,NOT_OWNER,STATE,90.0,0.0,True,State,False,False,False,True,True
FEDERALBNK,INE171A01029,The Federal Bank  Limited,False,False,,excluded_low_promoter,NOT_OWNER,UNKNOWN,0.09,0.09,True,Professional,False,False,True,True,True
FEDFINA,INE007N01010,Fedbank Financial Services Limited,False,True,,owner_confirmed_director_only,NOT_OWNER,PROFESSIONAL,60.81,0.28,False,,False,False,False,False,True
FINOPB,INE02NC01014,Fino Payments Bank Limited,False,True,,owner_confirmed_individual_and_director,NOT_OWNER,STATE,75.0,0.02,True,Professional,False,False,False,False,False
FIRSTCRY,INE02RE01045,Brainbees Solutions Limited,False,False,,excluded_low_promoter,NOT_OWNER,UNKNOWN,5.31,5.31,False,,False,False,False,True,True
FORTIS,INE061F01013,Fortis Healthcare Limited,False,True,,ambiguous_holding_foreign,NOT_OWNER,UNKNOWN,31.17,0.0,True,MNC,False,False,True,True,True
GAIL,INE129A01019,GAIL (India) Limited,False,True,,excluded_state_dominant,NOT_OWNER,STATE,51.88,0.0,True,State,False,True,True,True,True
GICRE,INE481Y01014,General Insurance Corporation of India,False,True,,excluded_state_dominant,NOT_OWNER,STATE,82.4,0.0,True,State,False,False,False,True,True
GILLETTE,INE322A01010,Gillette India Limited,False,True,,owner_confirmed_director_only,NOT_OWNER,MNC,75.0,0.0,True,MNC,False,False,False,True,True
GLAXO,INE159A01016,GlaxoSmithKline Pharmaceuticals Limited,False,True,,excluded_no_natural_no_holding,NOT_OWNER,UNKNOWN,75.0,0.0,False,,False,False,False,True,True
GMDCLTD,INE131A01031,Gujarat Mineral Development Corporation Limited,False,True,,excluded_state_dominant,NOT_OWNER,UNKNOWN,74.0,0.0,True,state,False,False,False,True,True
GNFC,INE113A01013,Gujarat Narmada Valley Fertilizers and Chemicals Limited,False,True,,ambiguous_holding_indian,NOT_OWNER,STATE,41.3,0.0,True,State,False,False,False,False,True
GOKEX,INE887G01027,Gokaldas Exports Limited,False,False,,excluded_low_promoter,NOT_OWNER,UNKNOWN,9.15,2.59,True,Professional,False,False,False,False,True
GPPL,INE517F01014,Gujarat Pipavav Port Limited,False,True,,owner_confirmed_director_only,NOT_OWNER,MNC,44.01,0.0,True,MNC,False,False,False,False,True
GRINDWELL,INE536A01023,Grindwell Norton Limited,False,True,,ambiguous_mnc_jv_candidate,NOT_OWNER,MNC,58.03,6.44,False,,False,False,False,False,True
GRSE,INE382Z01011,Garden Reach Shipbuilders & Engineers Limited,False,True,,excluded_state_dominant,NOT_OWNER,STATE,74.5,0.0,True,State,False,False,False,True,True
GSFC,INE026A01025,Gujarat State Fertilizers & Chemicals Limited,False,True,,owner_confirmed_director_only,NOT_OWNER,STATE,37.84,0.0,True,State,False,False,False,False,True
GSPL,INE246F01010,Gujarat State Petronet Limited,False,True,,ambiguous_holding_indian,NOT_OWNER,STATE,37.63,0.0,True,State,False,False,False,False,False
GUJALKALI,INE186A01019,Gujarat Alkalies and Chemicals Limited,False,True,,ambiguous_holding_indian,NOT_OWNER,STATE,47.28,0.0,True,State,False,False,False,False,False
GUJGASLTD,INE844O01030,Gujarat Gas Limited,False,True,,excluded_state_dominant,NOT_OWNER,STATE,60.89,0.0,True,State,False,False,False,False,False
GVT&D,INE200A01026,GE Vernova T&D India Limited,False,True,,owner_confirmed_director_only,NOT_OWNER,MNC,51.0,0.0,False,,False,False,True,True,True
HAL,INE066F01020,Hindustan Aeronautics Limited,False,True,,excluded_state_dominant,NOT_OWNER,STATE,71.64,0.0,True,State,False,True,True,True,True
HCG,INE075I01017,Healthcare Global Enterprises Limited,False,True,,ambiguous_mnc_jv_candidate,NOT_OWNER,PROFESSIONAL,64.21,9.86,False,,False,False,False,False,True
HDBFS,INE756I01012,HDB Financial Services Limited,False,True,,owner_confirmed_director_only,NOT_OWNER,PROFESSIONAL,74.15,0.16,False,,False,False,False,True,True
HDFCAMC,INE127D01025,HDFC Asset Management Company Limited,False,True,,owner_confirmed_director_only,NOT_OWNER,PROFESSIONAL,52.38,0.19,True,Professional,False,True,True,True,True
HDFCBANK,INE040A01034,HDFC Bank Limited,False,False,,excluded_low_promoter,NOT_OWNER,UNKNOWN,0.2,0.2,True,Professional,True,True,True,True,True
HDFCLIFE,INE795G01014,HDFC Life Insurance Company Limited,False,True,,owner_confirmed_director_only,NOT_OWNER,PROFESSIONAL,50.21,0.06,True,Professional,True,True,True,True,True
HEMIPROP,INE0AJG01018,Hemisphere Properties India Limited,False,True,,excluded_state_dominant,NOT_OWNER,STATE,51.12,0.0,False,,False,False,False,False,True
HEXT,INE093A01041,Hexaware Technologies Limited,False,True,,excluded_no_natural_no_holding,NOT_OWNER,UNKNOWN,74.3,0.48,False,,False,False,False,True,True
HINDCOPPER,INE531E01026,Hindustan Copper Limited,False,True,,excluded_state_dominant,NOT_OWNER,STATE,66.14,0.0,True,State,False,False,False,True,True
HINDPETRO,INE094A01015,Hindustan Petroleum Corporation Limited,False,True,,owner_confirmed_director_only,NOT_OWNER,STATE,54.9,0.0,True,State,False,False,True,True,True
HINDUNILVR,INE030A01027,Hindustan Unilever Limited,False,True,,excluded_no_natural_no_holding,NOT_OWNER,UNKNOWN,61.9,0.01,True,MNC,True,True,True,True,True
HOMEFIRST,INE481N01025,Home First Finance Company India Limited,False,False,,excluded_low_promoter,NOT_OWNER,UNKNOWN,6.99,0.99,True,Professional,False,False,False,True,True
HONAUT,INE671A01010,Honeywell Automation India Limited,False,True,,ambiguous_holding_foreign,NOT_OWNER,UNKNOWN,75.0,0.0,True,MNC,False,False,False,True,True
HUDCO,INE031A01017,Housing & Urban Development Corporation Limited,False,True,,excluded_state_dominant,NOT_OWNER,STATE,75.0,0.0,True,State,False,False,True,True,True
HYUNDAI,INE0V6F01027,Hyundai Motor India Limited,False,True,,excluded_no_natural_no_holding,NOT_OWNER,UNKNOWN,82.5,0.0,True,MNC,False,True,True,True,True
ICICIAMC,INE346A01027,ICICI Prudential Asset Management Company Limited,False,True,,excluded_no_natural_no_holding,NOT_OWNER,PROFESSIONAL,87.59,0.0,False,,False,False,True,True,True
ICICIBANK,INE090A01021,ICICI Bank Limited,False,False,,excluded_low_promoter,NOT_OWNER,UNKNOWN,0.05,0.05,True,Professional,True,True,True,True,True
ICICIGI,INE765G01017,ICICI Lombard General Insurance Company Limited,False,True,,owner_confirmed_director_only,NOT_OWNER,PROFESSIONAL,51.31,0.05,True,Professional,False,False,True,True,True
ICICIPRULI,INE726G01019,ICICI Prudential Life Insurance Company Limited,False,True,,owner_confirmed_director_only,NOT_OWNER,PROFESSIONAL,72.88,0.0,True,Professional,False,False,False,True,True
IDBI,INE008A01015,IDBI Bank Limited,False,True,,excluded_state_dominant,NOT_OWNER,STATE,94.71,0.0,True,State,False,False,False,True,True
IDFCFIRSTB,INE092T01019,IDFC First Bank Limited,False,False,,excluded_low_promoter,NOT_OWNER,STATE,0.83,0.83,True,Professional,False,False,True,True,True
IEX,INE022Q01020,Indian Energy Exchange Limited,False,False,,excluded_low_promoter,NOT_OWNER,UNKNOWN,0.04,0.04,True,Professional,False,False,False,True,True
IFCI,INE039A01010,IFCI Limited,False,True,,excluded_state_dominant,NOT_OWNER,STATE,72.57,0.0,True,State,False,False,False,True,True
IGIL,INE0Q9301021,International Gemological Institute Limited,False,True,,excluded_no_natural_no_holding,NOT_OWNER,PROFESSIONAL,76.55,0.0,False,,False,False,False,True,True
IGL,INE203G01027,Indraprastha Gas Limited,False,True,,ambiguous_holding_indian,NOT_OWNER,STATE,45.0,0.0,True,State,False,False,False,True,True
INDGN,INE065X01017,Indegene Limited,False,True,,owner_confirmed_director_only,OWNER_WEAK,UNKNOWN,21.42,21.42,False,,False,False,False,True,True
INDHOTEL,INE053A01029,The Indian Hotels Company Limited,False,True,,owner_confirmed_director_only,NOT_OWNER,PROFESSIONAL,38.12,0.01,True,Professional,False,True,True,True,True
INDIANB,INE562A01011,Indian Bank,False,True,,excluded_state_dominant,NOT_OWNER,STATE,73.84,0.0,True,State,False,False,True,True,True
IOB,INE565A01014,Indian Overseas Bank,False,True,,excluded_state_dominant,NOT_OWNER,STATE,92.44,0.0,True,State,False,False,False,True,True
IOC,INE242A01010,Indian Oil Corporation Limited,False,True,,excluded_state_dominant,NOT_OWNER,STATE,51.5,0.0,True,State,False,True,True,True,True
IRCON,INE962Y01021,Ircon International Limited,False,True,,excluded_state_dominant,NOT_OWNER,STATE,65.17,0.0,True,State,False,False,False,True,True
IRCTC,INE335Y01020,Indian Railway Catering And Tourism Corporation Limited,False,True,,excluded_state_dominant,NOT_OWNER,STATE,62.4,0.0,True,State,False,False,True,True,True
IREDA,INE202E01016,Indian Renewable Energy Development Agency Limited,False,True,,excluded_state_dominant,NOT_OWNER,STATE,71.76,0.0,False,,False,False,True,True,True
IRFC,INE053F01010,Indian Railway Finance Corporation Limited,False,True,,excluded_state_dominant,NOT_OWNER,STATE,84.65,0.0,True,State,False,True,True,True,True
ITC,INE154A01025,ITC Limited,False,False,,excluded_low_promoter,NOT_OWNER,UNKNOWN,0.02,0.02,True,Professional,True,True,True,True,True
ITCHOTELS,INE379A01028,ITC Hotels Limited,False,True,,owner_confirmed_director_only,NOT_OWNER,PROFESSIONAL,39.85,0.02,False,,False,False,False,True,True
ITI,INE248A01017,ITI Limited,False,True,,excluded_state_dominant,NOT_OWNER,STATE,90.02,0.0,True,State,False,False,False,True,True
IXIGO,INE0HV901016,Le Travenues Technology Limited,False,True,,owner_confirmed_director_only,OWNER_WEAK,UNKNOWN,13.35,13.35,False,,False,False,False,False,True
J&KBANK,INE168A01041,The Jammu & Kashmir Bank Limited,False,True,,excluded_state_dominant,NOT_OWNER,UNKNOWN,59.4,0.0,True,State,False,False,False,True,True
JBCHEPHARM,INE572A01036,JB Chemicals & Pharmaceuticals Limited,False,True,,owner_confirmed_director_only,NOT_OWNER,PROFESSIONAL,48.78,0.0,True,Professional,False,False,False,False,False
JSFB,INE953L01027,Jana Small Finance Bank Limited,False,True,,owner_confirmed_director_only,NOT_OWNER,PROFESSIONAL,21.85,0.68,False,,False,False,False,False,True
JSWDULUX,INE133A01011,JSW Dulux Limited,False,True,,ambiguous_holding_indian,OWNER_WEAK,UNKNOWN,61.2,0.0,False,,False,False,False,True,True
KANSAINER,INE531A01024,Kansai Nerolac Paints Limited,False,True,,ambiguous_holding_foreign,NOT_OWNER,UNKNOWN,74.98,0.0,True,MNC,False,False,False,False,True
KARURVYSYA,INE036D01028,Karur Vysya Bank Limited,False,False,,excluded_low_promoter,NOT_OWNER,UNKNOWN,2.07,2.1,True,Professional,False,False,False,True,True
KFINTECH,INE138Y01010,Kfin Technologies Limited,False,True,,ambiguous_holding_foreign,NOT_OWNER,UNKNOWN,22.87,0.0,True,Professional,False,False,False,True,True
KIOCL,INE880L01014,KIOCL Limited,False,True,,excluded_state_dominant,NOT_OWNER,STATE,99.03,0.0,True,State,False,False,False,False,False
KTKBANK,INE614B01018,The Karnataka Bank Limited,False,False,,excluded_low_promoter,NOT_OWNER,UNKNOWN,0.0,0.0,True,Professional,False,False,False,False,True
LGEINDIA,INE324D01010,LG Electronics India Limited,False,True,,excluded_no_natural_no_holding,NOT_OWNER,UNKNOWN,85.0,0.0,False,,False,False,True,True,True
LICHSGFIN,INE115A01026,LIC Housing Finance Limited,False,True,,excluded_no_natural_no_holding,NOT_OWNER,UNKNOWN,45.24,0.0,True,State,False,False,True,True,True
LICI,INE0J1Y01017,Life Insurance Corporation Of India,False,True,,excluded_state_dominant,NOT_OWNER,STATE,96.5,0.0,True,State,False,False,False,True,True
LINDEINDIA,INE473A01011,Linde India Limited,False,True,,ambiguous_holding_foreign,NOT_OWNER,UNKNOWN,75.0,0.0,True,MNC,False,False,False,True,True
LT,INE018A01030,Larsen & Toubro Limited,False,False,,excluded_low_promoter,NOT_OWNER,UNKNOWN,0.08,0.08,True,Professional,True,True,True,True,True
LTF,INE498L01015,L&T Finance Limited,False,True,,owner_confirmed_director_only,NOT_OWNER,PROFESSIONAL,66.03,0.03,True,Professional,False,False,True,True,True
LTM,INE214T01019,LTM Limited,False,True,,owner_confirmed_director_only,NOT_OWNER,PROFESSIONAL,68.53,0.1,True,Professional,False,True,True,True,True
LTTS,INE010V01017,L&T Technology Services Limited,False,True,,owner_confirmed_director_only,NOT_OWNER,PROFESSIONAL,73.58,0.49,True,Professional,False,False,False,True,True
MAHABANK,INE457A01014,Bank of Maharashtra,False,True,,excluded_state_dominant,NOT_OWNER,STATE,73.6,0.0,True,State,False,False,False,True,True
MARUTI,INE585B01010,Maruti Suzuki India Limited,False,True,,excluded_no_natural_no_holding,NOT_OWNER,UNKNOWN,58.28,0.0,True,MNC,True,True,True,True,True
MAZDOCK,INE249Z01020,Mazagon Dock Shipbuilders Limited,False,True,,excluded_state_dominant,NOT_OWNER,STATE,81.22,0.0,True,State,False,True,True,True,True
MCX,INE745G01043,JHUNJHUNWALA RAKESH RADHESHYAM,False,False,,excluded_low_promoter,NOT_OWNER,UNKNOWN,0.0,0.0,True,Professional,False,False,True,True,True
MFSL,INE180A01020,Max Financial Services Limited,False,False,,excluded_low_promoter,NOT_OWNER,UNKNOWN,1.25,0.09,True,Owner,False,False,True,True,True
MGL,INE002S01010,Mahanagar Gas Limited,False,True,,excluded_state_dominant,NOT_OWNER,STATE,32.5,0.0,True,State,False,False,False,True,True
MIDHANI,INE099Z01011,Mishra Dhatu Nigam Limited,False,True,,excluded_state_dominant,NOT_OWNER,STATE,74.0,0.0,True,State,False,False,False,False,True
MMTC,INE123F01029,MMTC Limited,False,True,,excluded_state_dominant,NOT_OWNER,STATE,89.93,0.0,True,State,False,False,False,True,True
MOIL,INE490G01020,MOIL Limited,False,True,,excluded_state_dominant,NOT_OWNER,STATE,64.68,0.0,True,State,False,False,False,False,True
MPHASIS,INE356A01018,MphasiS Limited,False,True,,owner_confirmed_director_only,NOT_OWNER,PROFESSIONAL,30.55,0.25,True,Professional,False,False,True,True,True
MRPL,INE103A01014,Mangalore Refinery and Petrochemicals Limited,False,True,,owner_confirmed_director_only,NOT_OWNER,STATE,88.58,0.0,True,State,False,False,False,True,True
MSTCLTD,INE255X01014,Mstc Limited,False,True,,excluded_state_dominant,NOT_OWNER,STATE,64.75,0.0,True,State,False,False,False,False,True
NAM-INDIA,INE298J01013,Nippon Life India Asset Management Limited,False,True,,excluded_no_natural_no_holding,NOT_OWNER,UNKNOWN,72.05,0.09,True,MNC,False,False,False,True,True
NATIONALUM,INE139A01034,National Aluminium Company Limited,False,True,,excluded_state_dominant,NOT_OWNER,STATE,51.28,0.0,True,State,False,False,True,True,True
NBCC,INE095N01031,NBCC (India) Limited,False,True,,excluded_state_dominant,NOT_OWNER,STATE,61.75,0.0,True,State,False,False,False,True,True
NESTLEIND,INE239A01024,Nestle India Limited,False,True,,excluded_no_natural_no_holding,NOT_OWNER,UNKNOWN,62.76,0.0,True,MNC,True,True,True,True,True
NETWORK18,INE870H01013,Network18 Media & Investments Limited,False,True,,owner_confirmed_director_only,NOT_OWNER,PROFESSIONAL,56.89,0.0,True,Professional,False,False,False,False,True
NFL,INE870D01012,National Fertilizers Limited,False,True,,excluded_state_dominant,NOT_OWNER,STATE,74.71,0.0,True,State,False,False,False,False,True
NHPC,INE848E01016,NHPC Limited,False,True,,excluded_state_dominant,NOT_OWNER,STATE,67.4,0.0,True,State,False,False,True,True,True
NIACL,INE470Y01017,The New India Assurance Company Limited,False,True,,excluded_state_dominant,NOT_OWNER,STATE,85.44,0.0,True,State,False,False,False,True,True
NIVABUPA,INE995S01015,Niva Bupa Health Insurance Company Limited,False,True,,excluded_no_natural_no_holding,NOT_OWNER,UNKNOWN,55.36,0.92,False,,False,False,False,True,True
NLCINDIA,INE589A01014,NLC India Limited,False,True,,excluded_state_dominant,NOT_OWNER,STATE,72.2,0.0,True,State,False,False,False,True,True
NMDC,INE584A01023,NMDC Limited,False,True,,excluded_state_dominant,NOT_OWNER,STATE,60.79,0.0,True,State,False,False,True,True,True
NSLNISP,INE0NNS01018,NMDC Steel Limited,False,True,,excluded_state_dominant,NOT_OWNER,STATE,60.79,0.0,True,State,False,False,False,True,True
NTPC,INE733E01010,NTPC Limited,False,True,,excluded_state_dominant,NOT_OWNER,STATE,51.1,0.0,True,State,True,True,True,True,True
NUVAMA,INE531F01023,Nuvama Wealth Management Limited,False,True,,excluded_no_natural_no_holding,NOT_OWNER,UNKNOWN,54.2,0.0,False,,False,False,False,True,True
OFSS,INE881D01027,Oracle Financial Services Software Limited,False,True,,excluded_no_natural_no_holding,NOT_OWNER,UNKNOWN,72.46,0.18,True,MNC,False,False,True,True,True
OIL,INE274J01014,Oil India Limited,False,True,,excluded_state_dominant,NOT_OWNER,STATE,56.66,0.0,True,State,False,False,True,True,True
ONGC,INE213A01029,Oil & Natural Gas Corporation Limited,False,True,,excluded_state_dominant,NOT_OWNER,STATE,58.89,0.0,True,State,True,True,True,True,True
ORKLAINDIA,INE16NZ01023,Orkla India Limited,False,True,,excluded_no_natural_no_holding,NOT_OWNER,UNKNOWN,75.0,0.01,False,,False,False,False,False,True
PAYTM,INE982J01020,One 97 Communications Limited,False,False,,excluded_low_promoter,NOT_OWNER,UNKNOWN,9.28,9.28,True,Professional,False,False,True,True,True
PETRONET,INE347G01014,Petronet LNG Limited,False,True,,owner_confirmed_director_only,NOT_OWNER,STATE,50.0,0.0,True,State,False,False,False,True,True
PFC,INE134E01011,Power Finance Corporation Limited,False,True,,excluded_state_dominant,NOT_OWNER,STATE,55.99,0.0,True,State,False,True,True,True,True
PFIZER,INE182A01018,Pfizer Limited,False,True,,excluded_no_natural_no_holding,NOT_OWNER,UNKNOWN,63.92,0.0,True,MNC,False,False,False,True,True
PGHH,INE179A01014,Procter & Gamble Hygiene and Health Care Limited,False,True,,excluded_no_natural_no_holding,NOT_OWNER,MNC,70.64,0.0,True,MNC,False,False,False,False,False
PGHL,INE199A01012,Procter & Gamble Health Limited,False,True,,ambiguous_holding_foreign,NOT_OWNER,MNC,51.82,0.0,True,MNC,False,False,False,False,False
PINELABS,INE15B701018,Pine Labs Limited,False,False,,excluded_low_promoter,NOT_OWNER,UNKNOWN,2.66,2.66,False,,False,False,False,True,True
PNB,INE160A01022,Punjab National Bank,False,True,,excluded_state_dominant,NOT_OWNER,STATE,70.08,0.0,True,State,False,True,True,True,True
PNBHOUSING,INE572E01012,PNB Housing Finance Limited,False,True,,owner_confirmed_director_only,NOT_OWNER,PROFESSIONAL,28.04,0.01,True,Professional,False,False,False,True,True
POLICYBZR,INE417T01026,PB Fintech Limited,False,False,,excluded_low_promoter,NOT_OWNER,UNKNOWN,5.15,5.15,True,Professional,False,False,True,True,True
POWERGRID,INE752E01010,Power Grid Corporation of India Limited,False,True,,excluded_state_dominant,NOT_OWNER,STATE,51.34,0.0,True,State,True,True,True,True,True
POWERINDIA,INE07Y701011,Hitachi Energy India Limited,False,True,,excluded_no_natural_no_holding,NOT_OWNER,UNKNOWN,71.31,0.0,True,MNC,False,False,True,True,True
PSB,INE608A01012,Punjab & Sind Bank,False,True,,excluded_state_dominant,NOT_OWNER,STATE,93.85,0.0,True,State,False,False,False,False,False
PTC,INE877F01012,PTC India Limited,False,True,,ambiguous_holding_indian,NOT_OWNER,STATE,16.22,0.0,True,State,False,False,False,False,True
RAILTEL,INE0DD101019,Railtel Corporation Of India Limited,False,True,,excluded_state_dominant,NOT_OWNER,STATE,72.84,0.0,True,State,False,False,False,True,True
RALLIS,INE613A01020,Rallis India Limited,False,True,,ambiguous_holding_indian,NOT_OWNER,PROFESSIONAL,55.08,0.0,False,,False,False,False,False,True
RBA,INE07T201019,Restaurant Brands Asia Limited,False,True,,owner_confirmed_director_only,NOT_OWNER,PROFESSIONAL,11.26,0.32,True,Professional,False,False,False,False,True
RBLBANK,INE976G01028,RBL Bank Limited,False,False,,excluded_low_promoter,NOT_OWNER,UNKNOWN,0.08,0.08,True,Professional,False,False,False,True,True
RCF,INE027A01015,Rashtriya Chemicals and Fertilizers Limited,False,True,,excluded_state_dominant,NOT_OWNER,STATE,75.0,0.0,True,State,False,False,False,False,True
RECLTD,INE020B01018,REC Limited,False,True,,owner_confirmed_director_only,NOT_OWNER,STATE,52.63,0.0,True,State,False,True,True,True,True
REDINGTON,INE891D01026,Redington Limited,False,False,,excluded_low_promoter,NOT_OWNER,UNKNOWN,0.03,0.03,True,MNC,False,False,False,True,True
RELIGARE,INE621H01010,Religare Enterprises Limited,False,True,,owner_confirmed_director_only,NOT_OWNER,PROFESSIONAL,26.27,0.0,True,Professional,False,False,False,False,True
RENUKA,INE087H01022,Shree Renuka Sugars Limited,False,True,,excluded_no_natural_no_holding,NOT_OWNER,UNKNOWN,62.48,0.03,True,MNC,False,False,False,False,True
RHIM,INE743M01012,RHI MAGNESITA INDIA LIMITED,False,True,,excluded_no_natural_no_holding,NOT_OWNER,UNKNOWN,56.07,0.01,True,MNC,False,False,False,True,True
RITES,INE320J01015,RITES Limited,False,True,,excluded_state_dominant,NOT_OWNER,STATE,72.2,0.0,True,State,False,False,False,True,True
RVNL,INE415G01027,Rail Vikas Nigam Limited,False,True,,excluded_state_dominant,NOT_OWNER,STATE,72.84,0.0,True,State,False,False,True,True,True
SAGILITY,INE0W2G01015,SAGILITY LIMITED,False,True,,ambiguous_holding_foreign,OWNER_WEAK,UNKNOWN,50.95,0.0,False,,False,False,False,True,True
SAIL,INE114A01011,Steel Authority of India Limited,False,True,,excluded_state_dominant,NOT_OWNER,STATE,65.0,0.0,True,State,False,False,True,True,True
SAMHI,INE08U801020,Samhi Hotels Limited,False,False,,excluded_low_promoter,NOT_OWNER,UNKNOWN,2.14,2.14,False,,False,False,False,False,True
SAMMAANCAP,INE148I01020,Sammaan Capital Limited,False,False,,excluded_low_promoter,NOT_OWNER,UNKNOWN,0.36,0.36,True,Owner,False,False,False,True,True
SANOFI,INE058A01010,Sanofi India Limited,False,True,,ambiguous_holding_foreign,NOT_OWNER,MNC,60.4,0.0,True,MNC,False,False,False,False,False
SANOFICONR,INE0UOS01011,Sanofi Consumer Healthcare India Limited,False,True,,ambiguous_holding_foreign,NOT_OWNER,MNC,71.27,0.0,False,,False,False,False,False,True
SAPPHIRE,INE806T01020,Sapphire Foods India Limited,False,True,,owner_confirmed_director_only,NOT_OWNER,PROFESSIONAL,26.07,0.5,True,Professional,False,False,False,True,True
SBFC,INE423Y01016,SBFC Finance Limited,False,True,,excluded_no_natural_no_holding,NOT_OWNER,UNKNOWN,52.82,3.52,True,Professional,False,False,False,True,True
SBICARD,INE018E01016,SBI Cards and Payment Services Limited,False,True,,owner_confirmed_director_only,NOT_OWNER,STATE,68.58,0.0,True,State,False,False,True,True,True
SBILIFE,INE123W01016,SBI Life Insurance Company Limited,False,True,,owner_confirmed_director_only,NOT_OWNER,STATE,55.34,0.0,True,State,True,True,True,True,True
SBIN,INE062A01020,State Bank of India,False,True,,excluded_state_dominant,NOT_OWNER,STATE,55.5,0.0,True,State,True,True,True,True,True
SCHAEFFLER,INE513A01022,Schaeffler India Limited,False,True,,excluded_no_natural_no_holding,NOT_OWNER,UNKNOWN,74.13,0.0,True,MNC,False,False,False,True,True
SCHNEIDER,INE839M01018,Schneider Electric Infrastructure Limited,False,True,,owner_confirmed_director_only,NOT_OWNER,MNC,75.0,0.0,True,MNC,False,False,False,True,True
SCI,INE109A01011,Shipping Corporation Of India Limited,False,True,,excluded_state_dominant,NOT_OWNER,STATE,63.75,0.0,True,State,False,False,False,True,True
SIEMENS,INE003A01024,Siemens Limited,False,True,,excluded_no_natural_no_holding,NOT_OWNER,UNKNOWN,75.0,0.0,True,MNC,False,True,True,True,True
SJVN,INE002L01015,SJVN Limited,False,True,,excluded_state_dominant,NOT_OWNER,STATE,81.85,0.0,True,State,False,False,False,True,True
SKFINDIA,INE640A01023,SKF India Limited,False,True,,excluded_no_natural_no_holding,NOT_OWNER,UNKNOWN,52.58,0.0,True,MNC,False,False,False,False,True
SKFINDUS,INE2J8701016,SKF India (Industrial) Limited,False,True,,ambiguous_holding_foreign,NOT_OWNER,UNKNOWN,52.58,0.0,False,,False,False,False,False,True
SOUTHBANK,INE683A01023,The South Indian Bank Limited,False,False,,excluded_low_promoter,NOT_OWNER,UNKNOWN,0.0,0.0,True,Professional,False,False,False,False,True
SUDARSCHEM,INE659A01023,Sudarshan Chemical Industries Limited,False,False,,excluded_low_promoter,NOT_OWNER,UNKNOWN,8.19,6.11,False,,False,False,False,False,True
SUMICHEM,INE258G01013,Sumitomo Chemical India Limited,False,True,,excluded_no_natural_no_holding,NOT_OWNER,UNKNOWN,75.0,0.0,False,,False,False,False,True,True
SWIGGY,INE00H001014,Swiggy Limited,False,False,,excluded_low_promoter,NOT_OWNER,UNKNOWN,5.62,5.62,True,Professional,False,False,True,True,True
TATACAP,INE976I01016,Tata Capital Limited,False,True,,owner_confirmed_director_only,NOT_OWNER,PROFESSIONAL,85.41,0.18,False,,False,True,True,True,True
TATACHEM,INE092A01019,Tata Chemicals Limited,False,True,,owner_confirmed_director_only,NOT_OWNER,PROFESSIONAL,37.98,0.0,True,Professional,False,False,False,True,True
TATACOMM,INE151A01013,Tata Communications Limited,False,True,,owner_confirmed_director_only,NOT_OWNER,PROFESSIONAL,58.86,0.0,True,Professional,False,False,True,True,True
TATACONSUM,INE192A01025,TATA CONSUMER PRODUCTS LIMITED,False,True,,owner_confirmed_director_only,NOT_OWNER,PROFESSIONAL,33.84,0.01,True,Professional,True,True,True,True,True
TATAELXSI,INE670A01012,Tata Elxsi Limited,False,True,,owner_confirmed_director_only,NOT_OWNER,PROFESSIONAL,43.9,0.0,True,Professional,False,False,True,True,True
TATAINVEST,INE672A01026,Tata Investment Corporation Limited,False,True,,owner_confirmed_director_only,NOT_OWNER,PROFESSIONAL,73.38,0.07,False,,False,False,True,True,True
TATAPOWER,INE245A01021,Tata Power Company Limited,False,True,,owner_confirmed_director_only,NOT_OWNER,PROFESSIONAL,46.86,0.02,True,Professional,False,True,True,True,True
TATASTEEL,INE081A01020,Tata Steel Limited,False,True,,owner_confirmed_director_only,NOT_OWNER,PROFESSIONAL,33.19,0.02,True,Professional,True,True,True,True,True
TATATECH,INE142M01025,Tata Technologies Limited,False,True,,owner_confirmed_director_only,NOT_OWNER,PROFESSIONAL,55.21,0.0,False,,False,False,False,True,True
TCS,INE467B01029,Tata Consultancy Services Limited,False,True,,owner_confirmed_director_only,NOT_OWNER,PROFESSIONAL,71.77,0.01,True,Professional,True,True,True,True,True
TEJASNET,INE010J01012,Tejas Networks Limited,False,True,,owner_confirmed_director_only,NOT_OWNER,PROFESSIONAL,53.46,0.2,True,Professional,False,False,False,True,True
TENNIND,INE19RI01016,Tenneco Clean Air India Limited,False,True,,ambiguous_holding_foreign,NOT_OWNER,UNKNOWN,74.79,0.0,False,,False,False,False,True,True
THELEELA,INE0AQ201015,Leela Palaces Hotels & Resorts Limited,False,True,,ambiguous_holding_foreign,NOT_OWNER,UNKNOWN,75.91,0.0,False,,False,False,False,True,True
THOMASCOOK,INE332A01027,Thomas Cook  (India)  Limited,False,True,,excluded_no_natural_no_holding,NOT_OWNER,UNKNOWN,63.83,0.09,False,,False,False,False,False,True
THYROCARE,INE594H01019,Thyrocare Technologies Limited,False,True,,owner_confirmed_director_only,NOT_OWNER,PROFESSIONAL,60.92,0.14,False,,False,False,False,False,True
TIMKEN,INE325A01013,Timken India Limited,False,True,,excluded_no_natural_no_holding,NOT_OWNER,UNKNOWN,51.05,0.0,True,MNC,False,False,False,True,True
TITAN,INE280A01028,Titan Company Limited,False,True,,excluded_state_dominant,NOT_OWNER,PROFESSIONAL,52.9,0.02,True,Professional,True,True,True,True,True
TMB,INE668A01016,Tamilnad Mercantile Bank Limited,False,False,,excluded_low_promoter,NOT_OWNER,UNKNOWN,2.12,2.12,True,Professional,False,False,False,False,True
TMCV,INE1TAE01010,Tata Motors Limited,False,True,,owner_confirmed_director_only,NOT_OWNER,PROFESSIONAL,42.56,0.03,False,,False,True,True,True,True
TMPV,INE155A01022,Tata Motors Passenger Vehicles Limited,False,True,,owner_confirmed_director_only,NOT_OWNER,PROFESSIONAL,42.56,0.03,True,Professional,True,True,True,True,True
TRENT,INE849A01020,Trent Limited,False,True,,owner_confirmed_director_only,NOT_OWNER,PROFESSIONAL,37.01,0.27,True,Professional,True,True,True,True,True
TTML,INE517B01013,Tata Teleservices (Maharashtra) Limited,False,True,,owner_confirmed_director_only,NOT_OWNER,PROFESSIONAL,74.36,0.0,True,Professional,False,False,False,True,True
UBL,INE686F01025,United Breweries Limited,False,True,,ambiguous_mnc_jv_candidate,NOT_OWNER,UNKNOWN,70.83,8.08,True,MNC,False,False,False,True,True
UCOBANK,INE691A01018,UCO Bank,False,True,,excluded_state_dominant,NOT_OWNER,STATE,90.95,0.0,True,State,False,False,False,True,True
UJJIVANSFB,INE551W01018,Ujjivan Small Finance Bank Limited,False,False,,excluded_low_promoter,NOT_OWNER,UNKNOWN,0.07,0.07,True,Professional,False,False,False,False,True
UNIONBANK,INE692A01016,Union Bank of India,False,True,,excluded_state_dominant,NOT_OWNER,STATE,74.76,0.0,True,State,False,True,True,True,True
UNITDSPR,INE854D01024,United Spirits Limited,False,True,,ambiguous_mnc_jv_candidate,NOT_OWNER,UNKNOWN,56.67,0.01,True,MNC,False,True,True,True,True
UTIAMC,INE094J01016,UTI Asset Management Company Limited,False,False,,excluded_low_promoter,NOT_OWNER,UNKNOWN,0.06,0.06,True,Professional,False,False,False,True,True
UTKARSHBNK,INE735W01017,Utkarsh Small Finance Bank Limited,False,True,,owner_confirmed_director_only,NOT_OWNER,PROFESSIONAL,42.67,0.06,True,abb,False,False,False,False,False
VIYASH,INE807F01027,Viyash Scientific Limited,False,True,,excluded_no_natural_no_holding,NOT_OWNER,UNKNOWN,61.41,3.2,False,,False,False,False,False,True
VOLTAS,INE226A01021,Voltas Limited,False,True,,ambiguous_holding_indian,NOT_OWNER,PROFESSIONAL,30.3,0.0,True,Professional,False,False,True,True,True
WHIRLPOOL,INE716A01013,Whirlpool of India Limited,False,True,,owner_confirmed_director_only,NOT_OWNER,MNC,39.76,0.01,True,MNC,False,False,False,True,True
YESBANK,INE528G01035,Yes Bank Limited,False,False,,excluded_low_promoter,NOT_OWNER,UNKNOWN,0.0,0.0,True,Professional,False,False,True,True,True
ZEEL,INE256A01028,Zee Entertainment Enterprises Limited,False,False,,excluded_low_promoter,NOT_OWNER,UNKNOWN,3.99,0.49,True,Owner,False,False,False,True,True
ZFCVINDIA,INE342J01019,ZF Commercial Vehicle Control Systems India Limited,False,True,,excluded_no_natural_no_holding,NOT_OWNER,UNKNOWN,60.0,0.01,True,MNC,False,False,False,True,True
,INE001A01036,HOUSING DEVELOPMENT FINANCE,False,False,,rev1_label_only_professional,NOT_OWNER,UNKNOWN,0.0,0.0,True,Professional,False,False,False,False,False
,INE043D01016,IDFC LTD,False,False,,rev1_label_only_professional,NOT_OWNER,UNKNOWN,0.0,0.0,True,Professional,False,False,False,False,False
,INE0BWS23018,ALTIUS TELECOM INFRASTRUCTUR,False,False,,rev1_label_only_professional,NOT_OWNER,UNKNOWN,0.0,0.0,True,Professional,False,False,False,False,False
,INE0FDU25010,BROOKFIELD INDIA REAL ESTATE,False,False,,rev1_label_only_mnc,NOT_OWNER,UNKNOWN,0.0,0.0,True,MNC,False,False,False,False,False
,INE0GGX23010,POWERGRID INFRASTRUCTURE INV,False,False,,rev1_label_only_state,NOT_OWNER,UNKNOWN,0.0,0.0,True,State,False,False,False,False,False
,INE0NDH25011,NEXUS SELECT TRUST,False,False,,rev1_label_only_professional,NOT_OWNER,UNKNOWN,0.0,0.0,True,Professional,False,False,False,False,False
,INE334L01012,UJJIVAN FINANCIAL SERVICES L,False,False,,rev1_label_only_professional,NOT_OWNER,UNKNOWN,0.0,0.0,True,Professional,False,False,False,False,False
,INE493A01027,TATA COFFEE LTD,False,False,,rev1_label_only_professional,NOT_OWNER,UNKNOWN,0.0,0.0,True,Professional,False,False,False,False,False
,INE763G01038,ICICI SECURITIES LTD,False,False,,rev1_label_only_professional,NOT_OWNER,UNKNOWN,0.0,0.0,True,Professional,False,False,False,False,False
,INE041025011,EMBASSY OFFICE PARKS REIT,False,False,,rev1_label_only_owner,OWNER,UNKNOWN,0.0,0.0,True,Owner,False,False,False,False,False
,INE0CCU25019,MINDSPACE BUSINESS PARKS REI,False,False,,rev1_label_only_owner,OWNER,UNKNOWN,0.0,0.0,True,Owner,False,False,False,False,False
,INE140A01024,PIRAMAL ENTERPRISES LTD,False,False,,rev1_label_only_owner,OWNER,UNKNOWN,0.0,0.0,True,Owner,False,False,False,False,False
,INE274G01010,DHANI SERVICES LTD,False,False,,rev1_label_only_owner,OWNER,UNKNOWN,0.0,0.0,True,Owner,False,False,False,False,False
,INE455F01025,JAIPRAKASH ASSOCIATES LTD,False,False,,rev1_label_only_owner,OWNER,UNKNOWN,0.0,0.0,True,Owner,False,False,False,False,False
,INE752P01024,FUTURE RETAIL LTD,False,False,,rev1_label_only_owner,OWNER,UNKNOWN,0.0,0.0,True,Owner,False,False,False,False,False
,INE778U01029,TCNS CLOTHING CO LTD,False,False,,rev1_label_only_owner,OWNER,UNKNOWN,0.0,0.0,True,Owner,False,False,False,False,False
,INE886H01027,TV18 BROADCAST LTD,False,False,,rev1_label_only_owner,OWNER,UNKNOWN,0.0,0.0,True,Owner,False,False,False,False,False
IDEA,INE669E01016,Vodafone Idea Limited,False,True,Birla,excluded_state_dominant,NOT_OWNER,STATE,25.64,0.09,True,State,False,False,True,True,True
