symbol,isin,company_name,is_owner_company,owner_family,owner_flag,owner_flag_final_hybrid,yaml_classification,promoter_total_pct,natural_pct_sum,in_rev1,rev1_category,is_nifty50,is_nifty100,is_nifty200,is_nifty500,is_nifty_total_mkt,nse_fetch_status
20MICRONS,INE144J01027,20 Microns Limited,True,,owner_confirmed_individual,OWNER,UNKNOWN,45.04,20.48,False,,False,False,False,False,False,ok
21STCENMGM,INE253B01015,21st Century Management Services Limited,True,,owner_confirmed_individual,OWNER,UNKNOWN,64.43,64.43,False,,False,False,False,False,False,ok
360ONE,INE466L01038,,True,,owner_confirmed_individual_and_director,OWNER,UNKNOWN,6.24,7.52,True,Owner,False,False,True,True,True,ok
3PLAND,INE105C01023,3P Land Holdings Limited,True,,owner_confirmed_individual_and_director,OWNER,UNKNOWN,73.3,5.16,False,,False,False,False,False,False,ok
5PAISA,INE618L01018,5Paisa Capital Limited,True,,owner_confirmed_individual_and_director,OWNER,UNKNOWN,32.78,33.09,False,,False,False,False,False,False,ok
A2ZINFRA,INE619I01012,A2Z Infra Engineering Limited,True,,owner_confirmed_individual_and_director,OWNER,UNKNOWN,28.14,15.56,False,,False,False,False,False,False,ok
AAATECH,INE0D0U01013,AAA Technologies Limited,True,,owner_confirmed_individual,OWNER,UNKNOWN,34.38,34.38,False,,False,False,False,False,False,ok
AAKASH,INE087Z01024,Aakash Exploration Services Limited,True,,owner_confirmed_individual,OWNER,UNKNOWN,66.54,66.54,False,,False,False,False,False,False,ok
AARTIDRUGS,INE767A01016,Aarti Drugs Limited,True,,owner_confirmed_individual_and_director,OWNER,UNKNOWN,55.03,47.63,True,Owner,False,False,False,False,True,ok
AARTIIND,INE769A01020,Aarti Industries Limited,True,,owner_confirmed_individual_and_director,OWNER,UNKNOWN,42.14,27.9,True,Owner,False,False,False,True,True,ok
AARTIPHARM,INE0LRU01027,Aarti Pharmalabs Limited,True,,owner_confirmed_individual_and_director,OWNER,UNKNOWN,43.1,28.530000000000005,False,,False,False,False,False,True,ok
ABDL,INE552Z01027,Allied Blenders and Distillers Limited,True,,owner_confirmed_individual_and_director,OWNER,UNKNOWN,80.91,77.6,False,,False,False,False,True,True,ok
ACC,INE012A01025,ACC Limited,True,,ambiguous_holding_indian,OWNER,UNKNOWN,56.69,0.0,True,Owner,False,False,False,True,True,ok
ACE,INE731H01025,Action Construction Equipment Limited,True,,owner_confirmed_individual_and_director,OWNER,UNKNOWN,65.42,65.44,True,Owner,False,False,False,True,True,ok
ACI,INE128X01021,Archean Chemical Industries Limited,True,,owner_confirmed_individual_and_director,OWNER,UNKNOWN,53.43,23.01,True,Owner,False,False,False,False,True,ok
ACMESOLAR,INE622W01025,Acme Solar Holdings Limited,True,,owner_confirmed_individual_and_director,OWNER,UNKNOWN,83.29,0.0,False,,False,False,False,True,True,ok
ACUTAAS,INE00FF01025,Acutaas Chemicals Limited,True,,owner_confirmed_individual_and_director,OWNER,UNKNOWN,32.66,33.47,True,Owner,False,False,False,True,True,ok
ADVENZYMES,INE837H01020,Advanced Enzyme Technologies Limited,True,,owner_confirmed_individual_and_director,OWNER,UNKNOWN,43.04,38.59,False,,False,False,False,False,True,ok
AEQUS,INE947N01017,Aequs Limited,True,,owner_confirmed_individual_and_director,OWNER,UNKNOWN,59.08,0.6900000000000001,False,,False,False,False,False,True,ok
AETHER,INE0BWX01014,Aether Industries Limited,True,,owner_confirmed_individual_and_director,OWNER,UNKNOWN,74.95,24.34,True,Owner,False,False,False,False,True,ok
AFCONS,INE101I01011,Afcons Infrastructure Limited,True,,owner_confirmed_individual_and_director,OWNER,UNKNOWN,50.17,0.07,False,,False,False,False,True,True,ok
AFFLE,INE00WC01027,Affle 3i Limited,True,,owner_probable_nri_family,OWNER,UNKNOWN,54.92,0.13,True,Owner,False,False,False,True,True,ok
AGARWALEYE,INE943P01029,Dr. Agarwal's Health Care Limited,True,,owner_confirmed_individual_and_director,OWNER,UNKNOWN,32.36,26.75,False,,False,False,False,False,True,ok
AGI,INE415A01038,AGI Greenpac Limited,True,,owner_confirmed_individual_and_director,OWNER,UNKNOWN,60.24,9.41,True,Owner,False,False,False,False,False,ok
AHLUCONT,INE758C01029,Ahluwalia Contracts (India) Limited,True,,owner_confirmed_individual,OWNER,UNKNOWN,55.32,55.28,False,,False,False,False,False,True,ok
AIAENG,INE212H01026,AIA Engineering Limited,True,,owner_confirmed_individual_and_director,OWNER,UNKNOWN,58.5,58.51,True,Owner,False,False,False,True,True,ok
AIIL,INE206F01022,Authum Investment & Infrastructure Limited,True,,owner_confirmed_individual_and_director,OWNER,UNKNOWN,68.79,65.3,False,,False,False,False,True,True,ok
AJANTPHARM,INE031B01049,Ajanta Pharma Limited,True,,owner_confirmed_individual_and_director,OWNER,UNKNOWN,66.25,56.190000000000005,True,Owner,False,False,False,True,True,ok
AKUMS,INE09XN01023,Akums Drugs and Pharmaceuticals Limited,True,,owner_confirmed_individual_and_director,OWNER,UNKNOWN,75.26,34.47,False,,False,False,False,False,True,ok
ALKEM,INE540L01014,Alkem Laboratories Limited,True,,owner_confirmed_individual_and_director,OWNER,UNKNOWN,51.2,51.2,True,Owner,False,False,True,True,True,ok
ALKYLAMINE,INE150B01039,Alkyl Amines Chemicals Limited,True,,owner_confirmed_individual_and_director,OWNER,UNKNOWN,72.03,62.98,False,,False,False,False,False,True,ok
AMBER,INE371P01015,Amber Enterprises India Limited,True,,owner_confirmed_individual_and_director,OWNER,UNKNOWN,38.19,38.239999999999995,True,Owner,False,False,False,True,True,ok
ANANDRATHI,INE463V01026,Anand Rathi Wealth Limited,True,,owner_confirmed_individual_and_director,OWNER,UNKNOWN,43.11,20.52,True,Owner,False,False,False,True,True,ok
ANANTRAJ,INE242C01024,Anant Raj Limited,True,,owner_confirmed_individual_and_director,OWNER,UNKNOWN,57.41,52.86,True,Owner,False,False,False,True,True,ok
ANGELONE,INE732I01021,Angel One Limited,True,,owner_confirmed_individual_and_director,OWNER,UNKNOWN,28.87,22.29,True,Owner,False,False,False,True,True,ok
ANTHEM,INE0CZ201020,Anthem Biosciences Limited,True,,owner_confirmed_individual_and_director,OWNER,UNKNOWN,74.69,72.67,False,,False,False,False,True,True,ok
ANUP,INE294Z01018,The Anup Engineering Limited,True,,owner_confirmed_individual_and_director,OWNER,UNKNOWN,40.92,0.43,False,,False,False,False,False,True,ok
ANURAS,INE930P01018,Anupam Rasayan India Limited,True,,owner_confirmed_individual_and_director,OWNER,UNKNOWN,59.07,20.97,True,Owner,False,False,False,True,True,ok
APARINDS,INE372A01015,Apar Industries Limited,True,,owner_confirmed_individual_and_director,OWNER,UNKNOWN,57.77,46.09,True,Owner,False,False,False,True,True,ok
APLAPOLLO,INE702C01027,APL Apollo Tubes Limited,True,,owner_confirmed_individual_and_director,OWNER,UNKNOWN,28.27,1.68,True,Owner,False,False,True,True,True,ok
APLLTD,INE901L01018,Alembic Pharmaceuticals Limited,True,,owner_confirmed_individual_and_director,OWNER,UNKNOWN,69.74,6.6899999999999995,False,,False,False,False,False,True,ok
APOLLO,INE713T01028,Apollo Micro Systems Limited,True,,owner_confirmed_individual_and_director,OWNER,UNKNOWN,51.98,53.9,False,,False,False,False,False,True,ok
APOLLOHOSP,INE437A01024,Apollo Hospitals Enterprise Limited,True,,owner_confirmed_individual_and_director,OWNER,UNKNOWN,28.02,9.03,True,Owner,True,True,True,True,True,ok
APOLLOPIPE,INE126J01016,Apollo Pipes Limited,True,,owner_confirmed_individual_and_director,OWNER,UNKNOWN,51.72,53.02,True,Owner,False,False,False,False,False,ok
APOLLOTYRE,INE438A01022,Apollo Tyres Limited,True,,owner_confirmed_individual,OWNER,UNKNOWN,36.93,0.44,True,Owner,False,False,False,True,True,ok
APTUS,INE852O01025,Aptus Value Housing Finance India Limited,True,,owner_confirmed_individual_and_director,OWNER,UNKNOWN,23.87,23.97,True,Owner,False,False,False,True,True,ok
ARE&M,INE885A01032,Amara Raja Energy & Mobility Limited,True,,ambiguous_holding_indian,OWNER,UNKNOWN,32.86,0.0,True,Owner,False,False,False,True,True,ok
ARVIND,INE034A01011,Arvind Limited,True,,owner_confirmed_individual_and_director,OWNER,UNKNOWN,39.53,0.19,True,Owner,False,False,False,False,True,ok
ARVINDFASN,INE955V01021,Arvind Fashions Limited,True,,owner_confirmed_individual_and_director,OWNER,UNKNOWN,35.1,0.56,False,,False,False,False,False,True,ok
ASHAPURMIN,INE348A01023,Ashapura Minechem Limited,True,,owner_confirmed_individual_and_director,OWNER,UNKNOWN,47.88,29.91,True,Owner,False,False,False,False,True,ok
ASHOKA,INE442H01029,Ashoka Buildcon Limited,True,,owner_confirmed_individual_and_director,OWNER,UNKNOWN,54.48,53.28,True,Owner,False,False,False,False,True,ok
ASIANPAINT,INE021A01026,Asian Paints Limited,True,,owner_confirmed_individual_and_director,OWNER,UNKNOWN,52.63,10.48,True,Owner,True,True,True,True,True,ok
ASKAUTOLTD,INE491J01022,ASK Automotive Limited,True,,owner_confirmed_individual,OWNER,UNKNOWN,74.95,74.95,False,,False,False,False,False,True,ok
ASTERDM,INE914M01019,Aster DM Healthcare Limited,True,,owner_probable_nri_family,OWNER,UNKNOWN,40.39,2.08,True,Owner,False,False,False,True,True,ok
ASTRAL,INE006I01046,Astral Limited,True,,owner_confirmed_individual,OWNER,UNKNOWN,54.22,39.13,True,Owner,False,False,True,True,True,ok
ASTRAMICRO,INE386C01029,,True,,owner_confirmed_individual_and_director,OWNER,UNKNOWN,6.54,10.27,True,Owner,False,False,False,False,True,ok
ATHERENERG,INE0LEZ01016,Ather Energy Limited,True,,owner_confirmed_individual_and_director,OWNER,UNKNOWN,40.86,10.13,False,,False,False,False,True,True,ok
ATLANTAELE,INE0Z4F01028,Atlanta Electricals Limited,True,,owner_confirmed_individual_and_director,OWNER,UNKNOWN,87.27,31.27,False,,False,False,False,False,True,ok
ATUL,INE100A01010,Atul Limited,True,,owner_confirmed_individual_and_director,OWNER,UNKNOWN,45.22,2.52,True,Owner,False,False,False,True,True,ok
AUBANK,INE949L01017,AU Small Finance Bank Limited,True,,owner_confirmed_individual_and_director,OWNER,UNKNOWN,22.79,23.17,True,Owner,False,False,True,True,True,ok
AURIONPRO,INE132H01018,Aurionpro Solutions Limited,True,,owner_confirmed_individual_and_director,OWNER,UNKNOWN,26.88,33.370000000000005,False,,False,False,False,False,True,ok
AUROPHARMA,INE406A01037,Aurobindo Pharma Limited,True,,owner_confirmed_individual_and_director,OWNER,UNKNOWN,51.82,15.22,True,Owner,False,False,True,True,True,ok
AVALON,INE0LCL01028,Avalon Technologies Limited,True,,owner_confirmed_individual_and_director,OWNER,UNKNOWN,44.43,32.410000000000004,True,Owner,False,False,False,False,True,ok
AVANTIFEED,INE871C01038,Avanti Feeds Limited,True,,owner_confirmed_individual_and_director,OWNER,UNKNOWN,43.23,13.48,True,Owner,False,False,False,False,True,ok
AVL,INE679V01027,Aditya Vision Limited,True,,owner_confirmed_individual_and_director,OWNER,UNKNOWN,47.14,47.14,True,Owner,False,False,False,False,True,ok
AWFIS,INE108V01019,Awfis Space Solutions Limited,True,,owner_confirmed_individual_and_director,OWNER,UNKNOWN,17.0,18.19,False,,False,False,False,False,True,ok
AZAD,INE02IJ01035,Azad Engineering Limited,True,,owner_confirmed_individual_and_director,OWNER,UNKNOWN,55.84,56.120000000000005,False,,False,False,False,False,True,ok
BALAMINES,INE050E01027,Balaji Amines Limited,True,,owner_confirmed_individual,OWNER,UNKNOWN,54.59,39.79,False,,False,False,False,False,True,ok
BALKRISIND,INE787D01026,Balkrishna Industries Limited,True,,owner_confirmed_individual,OWNER,UNKNOWN,58.29,33.09,True,Owner,False,False,False,True,True,ok
BALRAMCHIN,INE119A01028,Balrampur Chini Mills Limited,True,,owner_confirmed_individual_and_director,OWNER,UNKNOWN,42.85,6.99,True,Owner,False,False,False,True,True,ok
BALUFORGE,INE011E01029,Balu Forge Industries Limited,True,,owner_confirmed_individual,OWNER,UNKNOWN,53.99,53.99,False,,False,False,False,False,True,ok
BANCOINDIA,INE213C01025,Banco Products (I) Limited,True,,owner_confirmed_individual,OWNER,UNKNOWN,67.88,64.96,False,,False,False,False,False,True,ok
BCG,INE425B01027,Brightcom Group Limited,True,,owner_confirmed_individual_and_director,OWNER,UNKNOWN,18.38,3.25,True,Owner,False,False,False,False,False,ok
BECTORFOOD,INE495P01020,Mrs. Bectors Food Specialities Limited,True,,owner_confirmed_individual,OWNER,UNKNOWN,49.04,23.75,False,,False,False,False,False,True,ok
BELRISE,INE894V01022,Belrise Industries Limited,True,,owner_confirmed_individual,OWNER,UNKNOWN,66.46,66.29,False,,False,False,False,True,True,ok
BERGEPAINT,INE463A01038,Berger Paints (I) Limited,True,,owner_confirmed_individual_and_director,OWNER,UNKNOWN,74.98,3.34,True,Owner,False,False,False,True,True,ok
BHARATFORG,INE465A01025,Bharat Forge Limited,True,,owner_confirmed_individual_and_director,OWNER,UNKNOWN,44.07,0.34,True,Owner,False,False,True,True,True,ok
BIKAJI,INE00E101023,Bikaji Foods International Limited,True,,owner_confirmed_individual_and_director,OWNER,UNKNOWN,73.88,73.91,True,Owner,False,False,False,True,True,ok
BIOCON,INE376G01013,Biocon Limited,True,,owner_confirmed_individual_and_director,OWNER,UNKNOWN,44.91,30.76,True,Owner,False,False,True,True,True,ok
BIRLACORPN,INE340A01012,Birla Corporation Limited,True,,owner_confirmed_individual_and_director,OWNER,UNKNOWN,62.9,0.0,True,Owner,False,False,False,False,True,ok
BLACKBUCK,INE0UIZ01018,BLACKBUCK LIMITED,True,,owner_confirmed_individual_and_director,OWNER,UNKNOWN,25.12,25.12,False,,False,False,False,False,True,ok
BLS,INE153T01027,BLS International Services Limited,True,,owner_confirmed_individual_and_director,OWNER,UNKNOWN,70.39,26.65,True,Owner,False,False,False,True,True,ok
BLUEJET,INE0KBH01020,Blue Jet Healthcare Limited,True,,owner_confirmed_individual,OWNER,UNKNOWN,79.81,79.81,False,,False,False,False,True,True,ok
BLUESTARCO,INE472A01039,Blue Star Limited,True,,owner_confirmed_individual_and_director,OWNER,UNKNOWN,36.49,9.99,True,Owner,False,False,True,True,True,ok
BLUESTONE,INE304W01038,BlueStone Jewellery and Lifestyle Limited,True,,owner_confirmed_individual_and_director,OWNER,UNKNOWN,16.36,16.43,False,,False,False,False,False,True,ok
BORORENEW,INE666D01022,BOROSIL RENEWABLES LIMITED,True,,owner_confirmed_individual_and_director,OWNER,UNKNOWN,58.77,9.03,True,Owner,False,False,False,False,True,ok
BRIGADE,INE791I01019,Brigade Enterprises Limited,True,,owner_confirmed_individual_and_director,OWNER,UNKNOWN,41.11,40.739999999999995,False,,False,False,False,True,True,ok
CAMLINFINE,INE052I01032,Camlin Fine Sciences Limited,True,,owner_confirmed_individual_and_director,OWNER,UNKNOWN,48.03,14.21,True,Owner,False,False,False,False,False,ok
CAMPUS,INE278Y01022,Campus Activewear Limited,True,,owner_confirmed_individual_and_director,OWNER,UNKNOWN,72.11,68.14,True,Owner,False,False,False,False,True,ok
CAPILLARY,INE0ILV01024,Capillary Technologies India Limited,True,,owner_confirmed_individual_and_director,OWNER,UNKNOWN,52.23,3.46,False,,False,False,False,False,True,ok
CAPLIPOINT,INE475E01026,Caplin Point Laboratories Limited,True,,owner_confirmed_individual_and_director,OWNER,UNKNOWN,70.57,67.33999999999999,False,,False,False,False,True,True,ok
CARBORUNIV,INE120A01034,Carborundum Universal Limited,True,,owner_confirmed_individual_and_director,OWNER,UNKNOWN,38.9,4.39,True,Owner,False,False,False,True,True,ok
CCAVENUE,INE483S01020,AvenuesAI Limited,True,,owner_confirmed_individual_and_director,OWNER,UNKNOWN,27.29,34.5,True,Owner,False,False,False,False,True,ok
CCL,INE421D01022,CCL Products (India) Limited,True,,owner_confirmed_individual_and_director,OWNER,UNKNOWN,46.11,46.86,True,Owner,False,False,False,True,True,ok
CEATLTD,INE482A01020,CEAT Limited,True,,owner_confirmed_individual_and_director,OWNER,UNKNOWN,47.21,0.38,True,Owner,False,False,False,True,True,ok
CELLO,INE0LMW01024,Cello World Limited,True,,owner_confirmed_individual_and_director,OWNER,UNKNOWN,75.0,57.34,False,,False,False,False,False,True,ok
CENTURYPLY,INE348B01021,Century Plyboards (India) Limited,True,,owner_confirmed_individual_and_director,OWNER,UNKNOWN,71.83,54.17,True,Owner,False,False,False,False,True,ok
CERA,INE739E01017,Cera Sanitaryware Limited,True,,owner_confirmed_individual_and_director,OWNER,UNKNOWN,54.41,21.83,True,Owner,False,False,False,False,True,ok
CGCL,INE180C01042,Capri Global Capital Limited,True,,owner_confirmed_individual_and_director,OWNER,UNKNOWN,59.92,0.0,True,Owner,False,False,False,True,True,ok
CGPOWER,INE067A01029,CG Power and Industrial Solutions Limited,True,,owner_confirmed_individual_and_director,OWNER,UNKNOWN,56.36,0.04,True,Owner,False,True,True,True,True,ok
CHALET,INE427F01016,Chalet Hotels Limited,True,,owner_confirmed_individual_and_director,OWNER,UNKNOWN,67.33,13.14,True,Owner,False,False,False,True,True,ok
CHAMBLFERT,INE085A01013,Chambal Fertilizers & Chemicals Limited,True,,owner_confirmed_individual_and_director,OWNER,UNKNOWN,60.85,6.409999999999999,True,Owner,False,False,False,True,True,ok
CHEMPLASTS,INE488A01050,Chemplast Sanmar Limited,True,,owner_confirmed_individual_and_director,OWNER,UNKNOWN,54.99,0.0,True,Owner,False,False,False,False,False,ok
CHOICEIN,INE102B01014,Choice International Limited,True,,owner_confirmed_individual_and_director,OWNER,UNKNOWN,53.65,46.540000000000006,True,Owner,False,False,False,True,True,ok
CHOLAFIN,INE121A01024,Cholamandalam Investment and Finance Company Limited,True,,owner_confirmed_individual_and_director,OWNER,UNKNOWN,49.72,0.92,True,Owner,False,True,True,True,True,ok
CHOLAHLDNG,INE149A01033,Cholamandalam Financial Holdings Limited,True,,owner_confirmed_individual,OWNER,UNKNOWN,46.38,4.2299999999999995,True,Owner,False,False,False,True,True,ok
CIPLA,INE059A01026,Cipla Limited,True,,owner_confirmed_individual_and_director,OWNER,UNKNOWN,29.21,29.24,True,Owner,True,True,True,True,True,ok
CLEAN,INE227W01023,Clean Science and Technology Limited,True,,owner_confirmed_individual_and_director,OWNER,UNKNOWN,50.96,50.96,True,Owner,False,False,False,True,True,ok
CONCORDBIO,INE338H01029,Concord Biotech Limited,True,,owner_confirmed_individual_and_director,OWNER,UNKNOWN,44.08,39.74,True,Owner,False,False,False,True,True,ok
COROMANDEL,INE169A01031,Coromandel International Limited,True,,owner_confirmed_individual_and_director,OWNER,UNKNOWN,56.86,0.47,True,Owner,False,False,True,True,True,ok
CORONA,INE02ZQ01018,CORONA Remedies Limited,True,,owner_confirmed_individual,OWNER,UNKNOWN,69.0,69.0,False,,False,False,False,False,True,ok
CPPLUS,INE819V01029,Aditya Infotech Limited,True,,owner_confirmed_individual_and_director,OWNER,UNKNOWN,76.91,60.13,False,,False,False,False,True,True,ok
CRAFTSMAN,INE00LO01017,Craftsman Automation Limited,True,,owner_confirmed_individual_and_director,OWNER,UNKNOWN,48.7,48.7,True,Owner,False,False,False,True,True,ok
CRIZAC,INE0S4R01014,Crizac Limited,True,,owner_confirmed_individual,OWNER,UNKNOWN,79.94,79.94,False,,False,False,False,False,True,ok
CUPID,INE509F01029,Cupid Limited,True,,owner_confirmed_individual_and_director,OWNER,UNKNOWN,46.03,33.12,False,,False,False,False,False,True,ok
CYIENT,INE136B01020,Cyient Limited,True,,owner_confirmed_individual_and_director,OWNER,UNKNOWN,23.29,4.35,True,Owner,False,False,False,True,True,ok
DABUR,INE016A01026,Dabur India Limited,True,,owner_confirmed_individual_and_director,OWNER,PROFESSIONAL,66.23,0.4600000000000001,True,Owner,False,False,True,True,True,ok
DALBHARAT,INE00R701025,Dalmia Bharat Limited,True,,owner_confirmed_individual_and_director,OWNER,UNKNOWN,55.84,0.01,True,Owner,False,False,False,True,True,ok
DALMIASUG,INE495A01022,Dalmia Bharat Sugar and Industries Limited,True,,owner_confirmed_individual_and_director,OWNER,UNKNOWN,74.91,0.26,True,Owner,False,False,False,False,False,ok
DATAMATICS,INE365B01017,Datamatics Global Services Limited,True,,owner_confirmed_individual_and_director,OWNER,UNKNOWN,66.33,48.239999999999995,False,,False,False,False,False,True,ok
DATAPATTNS,INE0IX101010,Data Patterns (India) Limited,True,,owner_confirmed_individual_and_director,OWNER,UNKNOWN,42.41,47.26,True,Owner,False,False,False,True,True,ok
DBL,INE917M01012,Dilip Buildcon Limited,True,,owner_confirmed_individual,OWNER,UNKNOWN,63.14,63.14,True,Owner,False,False,False,False,True,ok
DBREALTY,INE879I01012,Valor Estate Limited,True,,owner_confirmed_individual_and_director,OWNER,UNKNOWN,47.45,0.62,True,Owner,False,False,False,False,True,ok
DCAL,INE385W01011,Dishman Carbogen Amcis Limited,True,,owner_confirmed_individual_and_director,OWNER,UNKNOWN,59.32,0.0,True,Owner,False,False,False,False,False,ok
DCMSHRIRAM,INE499A01024,DCM Shriram Limited,True,,owner_confirmed_individual_and_director,OWNER,UNKNOWN,66.52,3.5999999999999996,True,Owner,False,False,False,True,True,ok
DCXINDIA,INE0KL801015,DCX Systems Limited,True,,owner_confirmed_individual_and_director,OWNER,UNKNOWN,52.16,3.75,True,Owner,False,False,False,False,False,ok
DEEPAKFERT,INE501A01019,Deepak Fertilizers and Petrochemicals Corporation Limited,True,,owner_confirmed_individual_and_director,OWNER,UNKNOWN,45.63,0.79,True,Owner,False,False,False,True,True,ok
DEEPAKNTR,INE288B01029,Deepak Nitrite Limited,True,,owner_confirmed_individual_and_director,OWNER,UNKNOWN,49.33,17.23,True,Owner,False,False,False,True,True,ok
DELTACORP,INE124G01033,Delta Corp Limited,True,,owner_confirmed_individual_and_director,OWNER,UNKNOWN,34.47,1.18,True,Owner,False,False,False,False,False,ok
DIACABS,INE989C01038,Diamond Power Infrastructure Limited,True,,owner_confirmed_individual,OWNER,UNKNOWN,84.02,46.49,False,,False,False,False,False,True,ok
DISHTV,INE836F01026,,True,,owner_confirmed_individual_passive,OWNER,UNKNOWN,4.06,0.07,True,Owner,False,False,False,False,False,ok
DIVISLAB,INE361B01024,Divi's Laboratories Limited,True,,owner_confirmed_individual_and_director,OWNER,UNKNOWN,51.88,49.15,True,Owner,False,True,True,True,True,ok
DIXON,INE935N01020,Dixon Technologies (India) Limited,True,,owner_confirmed_individual_and_director,OWNER,UNKNOWN,28.83,12.86,True,Owner,False,False,True,True,True,ok
DLF,INE271C01023,DLF Limited,True,,owner_confirmed_individual_and_director,OWNER,UNKNOWN,74.08,0.96,True,Owner,False,True,True,True,True,ok
DMART,INE192R01011,Avenue Supermarts Limited,True,,owner_confirmed_individual_and_director,OWNER,UNKNOWN,74.65,39.94999999999999,True,Owner,False,True,True,True,True,ok
DODLA,INE021O01019,Dodla Dairy Limited,True,,owner_confirmed_individual_and_director,OWNER,UNKNOWN,58.92,26.18,True,Owner,False,False,False,False,False,ok
DOMS,INE321T01012,DOMS Industries Limited,True,,owner_confirmed_individual_and_director,OWNER,UNKNOWN,70.39,44.37,False,,False,False,False,True,True,ok
DREAMFOLKS,INE0JS101016,Dreamfolks Services Limited,True,,owner_confirmed_individual_and_director,OWNER,UNKNOWN,65.72,65.99,True,Owner,False,False,False,False,False,ok
DRREDDY,INE089A01031,Dr. Reddy's Laboratories Limited,True,,owner_confirmed_individual_and_director,OWNER,UNKNOWN,26.64,6.069999999999999,True,Owner,True,True,True,True,True,ok
DYNAMATECH,INE221B01012,Dynamatic Technologies Limited,True,,owner_confirmed_individual,OWNER,UNKNOWN,41.87,7.71,False,,False,False,False,False,True,ok
EASEMYTRIP,INE07O001026,Easy Trip Planners Limited,True,,owner_confirmed_individual,OWNER,UNKNOWN,47.72,47.72,True,Owner,False,False,False,False,False,ok
ECLERX,INE738I01010,eClerx Services Limited,True,,owner_confirmed_individual_and_director,OWNER,UNKNOWN,54.52,54.57,True,Owner,False,False,False,True,True,ok
EDELWEISS,INE532F01054,Edelweiss Financial Services Limited,True,,owner_confirmed_individual_and_director,OWNER,UNKNOWN,32.69,28.270000000000003,True,Owner,False,False,False,False,True,ok
EICHERMOT,INE066A01021,Eicher Motors Limited,True,,owner_confirmed_individual_and_director,OWNER,UNKNOWN,49.06,3.36,True,Owner,True,True,True,True,True,ok
EIDPARRY,INE126A01031,EID Parry India Limited,True,,owner_confirmed_individual_and_director,OWNER,UNKNOWN,41.44,1.98,True,Owner,False,False,False,True,True,ok
EIEL,INE0LLY01014,Enviro Infra Engineers Limited,True,,owner_confirmed_individual_and_director,OWNER,UNKNOWN,70.13,70.13,False,,False,False,False,False,True,ok
EIHOTEL,INE230A01023,EIH Limited,True,,owner_confirmed_individual,OWNER,UNKNOWN,32.85,2.1,True,Owner,False,False,False,True,True,ok
ELECON,INE205B01031,Elecon Engineering Company Limited,True,,owner_confirmed_individual_and_director,OWNER,UNKNOWN,59.27,4.48,True,Owner,False,False,False,True,True,ok
ELECTCAST,INE086A01029,Electrosteel Castings Limited,True,,owner_confirmed_individual,OWNER,UNKNOWN,46.21,8.57,True,Owner,False,False,False,False,True,ok
ELGIEQUIP,INE285A01027,Elgi Equipments Limited,True,,owner_confirmed_individual_and_director,OWNER,UNKNOWN,31.19,10.95,True,Owner,False,False,False,True,True,ok
ELLEN,INE236E01022,Ellenbarrie Industrial Gases Limited,True,,owner_confirmed_individual,OWNER,UNKNOWN,77.16,77.16,False,,False,False,False,False,True,ok
EMAMILTD,INE548C01032,Emami Limited,True,,owner_confirmed_individual_and_director,OWNER,UNKNOWN,54.84,7.1,True,Owner,False,False,False,True,True,ok
EMBDL,INE069I01010,Embassy Developments Limited,True,,owner_confirmed_individual_and_director,OWNER,UNKNOWN,42.65,1.56,True,Owner,False,False,False,False,True,ok
EMCURE,INE168P01015,Emcure Pharmaceuticals Limited,True,,owner_confirmed_individual_and_director,OWNER,UNKNOWN,77.87,62.739999999999995,False,,False,False,False,True,True,ok
EMMVEE,INE1C6T01020,Emmvee Photovoltaic Power Limited,True,,owner_confirmed_individual_and_director,OWNER,UNKNOWN,80.03,80.03,False,,False,False,False,True,True,ok
ENDURANCE,INE913H01037,Endurance Technologies Limited,True,,owner_confirmed_individual_and_director,OWNER,UNKNOWN,75.0,30.85,True,Owner,False,False,False,True,True,ok
ENTERO,INE010601016,Entero Healthcare Solutions Limited,True,,owner_confirmed_individual_and_director,OWNER,UNKNOWN,52.42,14.41,False,,False,False,False,False,True,ok
ERIS,INE406M01024,Eris Lifesciences Limited,True,,owner_confirmed_individual_and_director,OWNER,UNKNOWN,54.85,54.89,True,Owner,False,False,False,True,True,ok
ETHOSLTD,INE04TZ01018,Ethos Limited,True,,owner_confirmed_individual_and_director,OWNER,UNKNOWN,50.59,0.29,False,,False,False,False,False,True,ok
EXIDEIND,INE302A01020,Exide Industries Limited,True,,owner_probable_nri_family,OWNER,UNKNOWN,45.99,45.99,True,Owner,False,False,True,True,True,ok
FINCABLES,INE235A01022,Finolex Cables Limited,True,,owner_confirmed_individual,OWNER,UNKNOWN,35.86,5.16,True,Owner,False,False,False,True,True,ok
FINEORG,INE686Y01026,Fine Organic Industries Limited,True,,owner_confirmed_individual_and_director,OWNER,UNKNOWN,75.0,75.02,True,Owner,False,False,False,False,False,ok
FINPIPE,INE183A01024,Finolex Industries Limited,True,,owner_confirmed_individual,OWNER,UNKNOWN,52.47,1.11,True,Owner,False,False,False,False,True,ok
FIVESTAR,INE128S01021,Five-Star Business Finance Limited,True,,owner_confirmed_individual_and_director,OWNER,UNKNOWN,18.56,18.98,True,Owner,False,False,False,True,True,ok
FLFL,INE452O01016,Future Lifestyle Fashions Limited,True,,owner_confirmed_individual_and_director,OWNER,UNKNOWN,20.3,0.01,True,Owner,False,False,False,False,False,ok
FLUOROCHEM,INE09N301011,Gujarat Fluorochemicals Limited,True,,owner_confirmed_individual,OWNER,UNKNOWN,61.39,0.05,True,Owner,False,False,False,True,True,ok
FORCEMOT,INE451A01017,FORCE MOTORS LTD,True,,owner_confirmed_individual,OWNER,UNKNOWN,61.63,4.26,True,Owner,False,False,False,True,True,ok
FUSION,INE139R01012,Fusion Finance Limited,True,,ambiguous_mnc_jv_candidate,OWNER,UNKNOWN,54.92,2.89,True,Owner,False,False,False,False,False,ok
GABRIEL,INE524A01029,Gabriel India Limited,True,,owner_confirmed_individual_and_director,OWNER,UNKNOWN,55.0,2.36,True,Owner,False,False,False,True,True,ok
GAEL,INE036B01030,Gujarat Ambuja Exports Limited,True,,owner_confirmed_individual_and_director,OWNER,UNKNOWN,63.84,63.809999999999995,True,Owner,False,False,False,False,True,ok
GALAXYSURF,INE600K01018,Galaxy Surfactants Limited,True,,owner_confirmed_individual_and_director,OWNER,UNKNOWN,70.9,47.61,True,Owner,False,False,False,False,False,ok
GENUSPOWER,INE955D01029,Genus Power Infrastructures Limited,True,,owner_confirmed_individual_and_director,OWNER,UNKNOWN,39.34,19.6,True,Owner,False,False,False,False,False,ok
GESHIP,INE017A01032,The Great Eastern Shipping Company Limited,True,,owner_confirmed_individual_and_director,OWNER,UNKNOWN,30.07,25.47,True,Owner,False,False,False,True,True,ok
GHCL,INE539A01019,GHCL Limited,True,,owner_confirmed_individual_and_director,OWNER,UNKNOWN,19.87,1.68,True,Owner,False,False,False,False,True,ok
GLENMARK,INE935A01035,Glenmark Pharmaceuticals Limited,True,,owner_confirmed_individual,OWNER,UNKNOWN,46.65,1.22,True,Owner,False,False,True,True,True,ok
GLOBUSSPR,INE615I01010,Globus Spirits Limited,True,,owner_confirmed_individual_and_director,OWNER,UNKNOWN,50.75,9.37,True,Owner,False,False,False,False,False,ok
GMMPFAUDLR,INE541A01023,GMM Pfaudler Limited,True,,owner_confirmed_individual,OWNER,UNKNOWN,25.18,8.59,True,Owner,False,False,False,False,True,ok
GMRAIRPORT,INE776C01039,GMR AIRPORTS LIMITED,True,,owner_confirmed_individual_and_director,OWNER,UNKNOWN,66.24,0.09,True,Owner,False,False,True,True,True,ok
GMRP&UI,INE0CU601026,GMR Power and Urban Infra Limited,True,,owner_confirmed_individual_and_director,OWNER,UNKNOWN,46.28,0.31,False,,False,False,False,False,True,ok
GOCOLORS,INE0BJS01011,Go Fashion (India) Limited,True,,owner_confirmed_individual_and_director,OWNER,UNKNOWN,54.2,37.78,True,Owner,False,False,False,False,False,ok
GODFRYPHLP,INE260B01028,Godfrey Phillips India Limited,True,,owner_confirmed_individual_and_director,OWNER,UNKNOWN,72.58,0.16,True,Owner,False,False,True,True,True,ok
GODIGIT,INE03JT01014,Go Digit General Insurance Limited,True,,owner_confirmed_individual_and_director,OWNER,UNKNOWN,73.03,0.05,False,,False,False,False,True,True,ok
GODREJAGRO,INE850D01014,Godrej Agrovet Limited,True,,owner_confirmed_individual_and_director,OWNER,UNKNOWN,67.65,0.73,False,,False,False,False,False,True,ok
GODREJCP,INE102D01028,Godrej Consumer Products Limited,True,,owner_confirmed_individual_and_director,OWNER,UNKNOWN,53.05,0.5900000000000001,True,Owner,False,True,True,True,True,ok
GODREJIND,INE233A01035,Godrej Industries Limited,True,,owner_confirmed_individual_and_director,OWNER,UNKNOWN,74.64,48.529999999999994,True,Owner,False,False,False,True,True,ok
GODREJPROP,INE484J01027,Godrej Properties Limited,True,,owner_confirmed_individual_and_director,OWNER,UNKNOWN,47.17,0.02,True,Owner,False,False,True,True,True,ok
GOKEX,INE887G01027,,True,,owner_confirmed_individual_and_director,OWNER,UNKNOWN,9.15,2.59,True,Professional,False,False,False,False,True,ok
GOKULAGRO,INE314T01033,Gokul Agro Resources Limited,True,,owner_confirmed_individual_and_director,OWNER,UNKNOWN,74.24,60.0,False,,False,False,False,False,True,ok
GPIL,INE177H01039,Godawari Power And Ispat limited,True,,owner_confirmed_individual_and_director,OWNER,UNKNOWN,63.49,49.51,True,Owner,False,False,False,True,True,ok
GRANULES,INE101D01020,Granules India Limited,True,,owner_confirmed_individual_and_director,OWNER,UNKNOWN,38.02,37.98,True,Owner,False,False,False,True,True,ok
GRAPHITE,INE371A01025,Graphite India Limited,True,,owner_confirmed_individual_and_director,OWNER,UNKNOWN,65.34,0.6,True,Owner,False,False,False,True,True,ok
GRAVITA,INE024L01027,Gravita India Limited,True,,owner_confirmed_individual_and_director,OWNER,UNKNOWN,55.88,32.400000000000006,True,Owner,False,False,False,True,True,ok
GRINFRA,INE201P01022,G R Infraprojects Limited,True,,owner_confirmed_individual_and_director,OWNER,UNKNOWN,74.69,38.86,True,Owner,False,False,False,False,False,ok
GROWW,INE0HOQ01053,Billionbrains Garage Ventures Limited,True,,owner_confirmed_individual_and_director,OWNER,UNKNOWN,27.81,26.84,False,,False,False,True,True,True,ok
GRWRHITECH,INE291A01017,Garware Hi-Tech Films Limited,True,,owner_confirmed_individual,OWNER,UNKNOWN,60.72,9.23,False,,False,False,False,False,True,ok
HAPPSTMNDS,INE419U01012,Happiest Minds Technologies Limited,True,,owner_confirmed_individual_and_director,OWNER,UNKNOWN,44.21,33.09,True,Owner,False,False,False,False,True,ok
HARSHA,INE0JUS01029,Harsha Engineers International Limited,True,,owner_confirmed_individual_and_director,OWNER,UNKNOWN,75.0,71.07,True,Owner,False,False,False,False,False,ok
HATSUN,INE473B01035,Hatsun Agro Product Limited,True,,owner_confirmed_individual_and_director,OWNER,UNKNOWN,73.17,75.21000000000001,True,Owner,False,False,False,False,False,ok
HBLENGINE,INE292B01021,HBL Engineering Limited,True,,owner_confirmed_individual,OWNER,UNKNOWN,59.11,7.72,True,Owner,False,False,False,True,True,ok
HCC,INE549A01026,Hindustan Construction Company Limited,True,,owner_confirmed_individual,OWNER,UNKNOWN,16.72,0.1699999999999999,True,Owner,False,False,False,False,True,ok
HCLTECH,INE860A01027,HCL Technologies Limited,True,,owner_confirmed_individual_and_director,OWNER,UNKNOWN,60.81,0.08,True,Owner,True,True,True,True,True,ok
HEG,INE545A01024,HEG Limited,True,,owner_confirmed_individual_and_director,OWNER,UNKNOWN,56.28,0.01,True,Owner,False,False,False,True,True,ok
HERITGFOOD,INE978A01027,Heritage Foods Limited,True,,owner_confirmed_individual_and_director,OWNER,UNKNOWN,41.3,35.82,False,,False,False,False,False,True,ok
HEROMOTOCO,INE158A01026,Hero MotoCorp Limited,True,,owner_confirmed_individual_and_director,OWNER,UNKNOWN,34.73,14.2,True,Owner,False,False,True,True,True,ok
HFCL,INE548A01028,HFCL Limited,True,,owner_confirmed_individual_and_director,OWNER,UNKNOWN,28.29,0.25,True,Owner,False,False,False,True,True,ok
HGINFRA,INE926X01010,H.G. Infra Engineering Limited,True,,owner_confirmed_individual,OWNER,UNKNOWN,71.78,0.0,False,,False,False,False,False,True,ok
HLEGLAS,INE461D01028,HLE Glascoat Limited,True,,owner_confirmed_individual,OWNER,UNKNOWN,65.64,65.64,True,Owner,False,False,False,False,False,ok
HMAAGRO,INE0ECP01024,HMA Agro Industries Limited,True,,owner_confirmed_individual,OWNER,UNKNOWN,75.0,75.0,True,Owner,False,False,False,False,False,ok
HONASA,INE0J5401028,Honasa Consumer Limited,True,,owner_confirmed_individual_and_director,OWNER,UNKNOWN,35.54,35.54,False,,False,False,False,True,True,ok
HSCL,INE019C01026,Himadri Speciality Chemical Limited,True,,owner_confirmed_individual_and_director,OWNER,UNKNOWN,52.5,15.71,True,Owner,False,False,False,True,True,ok
ICIL,INE483B01026,Indo Count Industries Limited,True,,owner_confirmed_individual_and_director,OWNER,UNKNOWN,58.74,9.68,False,,False,False,False,False,True,ok
IDEAFORGE,INE349Y01013,Ideaforge Technology Limited,True,,owner_confirmed_individual_and_director,OWNER,UNKNOWN,33.36,34.120000000000005,True,Owner,False,False,False,False,False,ok
IFBIND,INE559A01017,IFB Industries Limited,True,,owner_confirmed_individual_and_director,OWNER,UNKNOWN,74.96,0.77,False,,False,False,False,False,True,ok
IIFL,INE530B01024,IIFL Finance Limited,True,,owner_confirmed_individual_and_director,OWNER,UNKNOWN,24.85,24.42,True,Owner,False,False,False,True,True,ok
IIFLCAPS,INE489L01022,IIFL Capital Services Limited,True,,owner_confirmed_individual_and_director,OWNER,UNKNOWN,30.93,29.74,False,,False,False,False,False,True,ok
IKS,INE115Q01022,Inventurus Knowledge Solutions Limited,True,,owner_confirmed_individual_and_director,OWNER,UNKNOWN,63.72,16.84,False,,False,False,False,True,True,ok
IMFA,INE919H01018,Indian Metals & Ferro Alloys Limited,True,,owner_confirmed_individual_and_director,OWNER,UNKNOWN,58.69,4.8,False,,False,False,False,False,True,ok
INDIAGLYCO,INE560A01023,India Glycols Limited,True,,owner_confirmed_individual_and_director,OWNER,UNKNOWN,59.63,8.58,False,,False,False,False,False,True,ok
INDIAMART,INE933S01016,Indiamart Intermesh Limited,True,,owner_confirmed_individual_and_director,OWNER,UNKNOWN,49.12,49.18,True,Owner,False,False,False,True,True,ok
INDIASHLTR,INE922K01024,India Shelter Finance Corporation Limited,True,,owner_confirmed_individual_and_director,OWNER,UNKNOWN,47.6,2.54,False,,False,False,False,False,True,ok
INDIGO,INE646L01027,InterGlobe Aviation Limited,True,,owner_confirmed_individual_and_director,OWNER,UNKNOWN,41.58,4.590000000000001,True,Owner,True,True,True,True,True,ok
INDIGOPNTS,INE09VQ01012,Indigo Paints Limited,True,,owner_confirmed_individual_and_director,OWNER,UNKNOWN,53.88,43.53,True,Owner,False,False,False,False,True,ok
INFY,INE009A01021,Infosys Limited,True,,owner_confirmed_individual_and_director,OWNER,UNKNOWN,14.52,14.579999999999998,True,Professional,True,True,True,True,True,ok
INOXGREEN,INE510W01014,Inox Green Energy Services Limited,True,,owner_confirmed_individual_and_director,OWNER,UNKNOWN,56.12,0.03,False,,False,False,False,False,True,ok
INOXINDIA,INE616N01034,INOX India Limited,True,,owner_confirmed_individual_and_director,OWNER,UNKNOWN,75.0,75.25999999999999,False,,False,False,False,False,True,ok
INOXWIND,INE066P01011,Inox Wind Limited,True,,owner_confirmed_individual_and_director,OWNER,UNKNOWN,44.18,1.86,False,,False,False,False,True,True,ok
INTELLECT,INE306R01017,Intellect Design Arena Limited,True,,owner_confirmed_individual_and_director,OWNER,UNKNOWN,29.73,12.98,True,Owner,False,False,False,True,True,ok
IOLCP,INE485C01029,IOL Chemicals and Pharmaceuticals Limited,True,,owner_confirmed_individual_and_director,OWNER,UNKNOWN,57.48,2.05,True,Owner,False,False,False,False,False,ok
IONEXCHANG,INE570A01022,ION Exchange (India) Limited,True,,owner_confirmed_individual_and_director,OWNER,UNKNOWN,25.58,22.28,True,Owner,False,False,False,False,True,ok
IPCALAB,INE571A01038,IPCA Laboratories Limited,True,,owner_confirmed_individual_and_director,OWNER,UNKNOWN,44.72,7.13,True,Owner,False,False,False,True,True,ok
IPL,INE0D6701023,India Pesticides Limited,True,,owner_confirmed_individual,OWNER,UNKNOWN,63.65,53.71,True,Owner,False,False,False,False,False,ok
IRB,INE821I01022,IRB Infrastructure Developers Limited,True,,owner_confirmed_individual,OWNER,UNKNOWN,30.79,0.87,True,Owner,False,False,False,True,True,ok
JAIBALAJI,INE091G01026,Jai Balaji Industries Limited,True,,owner_confirmed_individual_and_director,OWNER,UNKNOWN,64.84,5.779999999999999,True,Owner,False,False,False,False,True,ok
JAICORPLTD,INE070D01027,Jai Corp Limited,True,,owner_confirmed_individual_and_director,OWNER,UNKNOWN,73.92,58.88,True,Owner,False,False,False,False,False,ok
JAINREC,INE0YD401026,Jain Resource Recycling Limited,True,,owner_confirmed_individual,OWNER,UNKNOWN,73.59,73.59,False,,False,False,False,True,True,ok
JAMNAAUTO,INE039C01032,Jamna Auto Industries Limited,True,,owner_confirmed_individual_and_director,OWNER,UNKNOWN,49.93,12.79,True,Owner,False,False,False,False,True,ok
JAYNECOIND,INE854B01010,Jayaswal Neco Industries Limited,True,,owner_confirmed_individual,OWNER,UNKNOWN,55.15,4.6,False,,False,False,False,False,True,ok
JBMA,INE927D01051,JBM Auto Limited,True,,owner_confirmed_individual_and_director,OWNER,UNKNOWN,67.53,2.42,True,Owner,False,False,False,True,True,ok
JISLJALEQS,INE175A01038,Jain Irrigation Systems Limited,True,,owner_confirmed_individual_and_director,OWNER,UNKNOWN,26.68,0.93,True,Owner,False,False,False,False,False,ok
JKCEMENT,INE823G01014,JK Cement Limited,True,,owner_confirmed_individual,OWNER,UNKNOWN,45.66,5.46,True,Owner,False,False,False,True,True,ok
JKLAKSHMI,INE786A01032,JK Lakshmi Cement Limited,True,,owner_confirmed_individual_and_director,OWNER,UNKNOWN,45.12,1.82,True,Owner,False,False,False,False,True,ok
JKPAPER,INE789E01012,JK Paper Limited,True,,owner_confirmed_individual,OWNER,UNKNOWN,52.94,1.95,True,Owner,False,False,False,False,True,ok
JKTYRE,INE573A01042,JK Tyre & Industries Limited,True,,owner_confirmed_individual_and_director,OWNER,UNKNOWN,51.72,2.95,True,Owner,False,False,False,True,True,ok
JLHL,INE682M01012,Jupiter Life Line Hospitals Limited,True,,owner_confirmed_individual_and_director,OWNER,UNKNOWN,40.91,34.06,False,,False,False,False,False,True,ok
JMFINANCIL,INE780C01023,JM Financial Limited,True,,owner_confirmed_individual_and_director,OWNER,UNKNOWN,56.9,19.8,True,Owner,False,False,False,True,True,ok
JSLL,INE0J5801029,Jeena Sikho Lifecare Limited,True,,owner_confirmed_individual,OWNER,UNKNOWN,63.62,63.62,False,,False,False,False,False,True,ok
JTLIND,INE391J01032,JTL INDUSTRIES LIMITED,True,,owner_confirmed_individual,OWNER,UNKNOWN,49.26,49.26,True,Owner,False,False,False,False,False,ok
JUBLFOOD,INE797F01020,Jubilant Foodworks Limited,True,,owner_confirmed_individual_and_director,OWNER,UNKNOWN,40.27,0.04,True,Owner,False,False,True,True,True,ok
JUBLINGREA,INE0BY001018,Jubilant Ingrevia Limited,True,,owner_confirmed_individual_and_director,OWNER,UNKNOWN,45.22,1.23,True,Owner,False,False,False,True,True,ok
JUBLPHARMA,INE700A01033,Jubilant Pharmova Limited,True,,owner_confirmed_individual_and_director,OWNER,UNKNOWN,47.68,1.22,False,,False,False,False,True,True,ok
JUSTDIAL,INE599M01018,Just Dial Limited,True,,owner_confirmed_individual_and_director,OWNER,UNKNOWN,74.15,10.32,True,Owner,False,False,False,False,True,ok
JWL,INE209L01016,Jupiter Wagons Limited,True,,owner_confirmed_individual_and_director,OWNER,UNKNOWN,68.31,10.73,True,Owner,False,False,False,True,True,ok
JYOTHYLAB,INE668F01031,Jyothy Labs Limited,True,,owner_confirmed_individual_and_director,OWNER,UNKNOWN,62.89,16.89,True,Owner,False,False,False,False,True,ok
JYOTICNC,INE980O01024,Jyoti CNC Automation Limited,True,,owner_confirmed_individual_and_director,OWNER,UNKNOWN,62.55,46.47,False,,False,False,False,True,True,ok
KAJARIACER,INE217B01036,Kajaria Ceramics Limited,True,,owner_confirmed_individual_and_director,OWNER,UNKNOWN,47.69,6.8,True,Owner,False,False,False,True,True,ok
KALYANKJIL,INE303R01014,Kalyan Jewellers India Limited,True,,owner_confirmed_individual_and_director,OWNER,UNKNOWN,62.87,60.540000000000006,True,Owner,False,False,True,True,True,ok
KARURVYSYA,INE036D01028,,True,,owner_confirmed_individual_and_director,OWNER,UNKNOWN,2.07,2.1,True,Professional,False,False,False,True,True,ok
KAYNES,INE918Z01012,Kaynes Technology India Limited,True,,owner_confirmed_individual_and_director,OWNER,UNKNOWN,53.46,53.46,True,Owner,False,False,False,True,True,ok
KEC,INE389H01022,KEC International Limited,True,,owner_confirmed_individual_and_director,OWNER,UNKNOWN,50.1,1.91,True,Owner,False,False,False,True,True,ok
KEI,INE878B01027,KEI Industries Limited,True,,owner_confirmed_individual_and_director,OWNER,UNKNOWN,35.0,17.55,True,Owner,False,False,True,True,True,ok
KIMS,INE967H01025,Krishna Institute of Medical Sciences Limited,True,,owner_confirmed_individual_and_director,OWNER,UNKNOWN,34.11,32.4,True,Owner,False,False,False,True,True,ok
KIRLOSBROS,INE732A01036,Kirloskar Brothers Limited,True,,owner_confirmed_individual,OWNER,UNKNOWN,65.95,41.61,False,,False,False,False,False,True,ok
KIRLOSENG,INE146L01010,Kirloskar Oil Engines Limited,True,,owner_confirmed_individual_and_director,OWNER,UNKNOWN,41.08,35.35,True,Owner,False,False,False,True,True,ok
KIRLPNU,INE811A01020,Kirloskar Pneumatic Company Limited,True,,owner_confirmed_individual_and_director,OWNER,UNKNOWN,38.82,29.16,False,,False,False,False,False,True,ok
KITEX,INE602G01020,Kitex Garments Limited,True,,ambiguous_holding_indian,OWNER,UNKNOWN,56.66,0.0,False,,False,False,False,False,True,ok
KNRCON,INE634I01029,KNR Constructions Limited,True,,owner_confirmed_individual,OWNER,UNKNOWN,48.81,48.81,True,Owner,False,False,False,False,True,ok
KOLTEPATIL,INE094I01018,Kolte - Patil Developers Limited,True,,owner_confirmed_individual_and_director,OWNER,UNKNOWN,73.81,33.82,True,Owner,False,False,False,False,False,ok
KOTAKBANK,INE237A01036,Kotak Mahindra Bank Limited,True,,owner_confirmed_individual_and_director,OWNER,UNKNOWN,25.87,26.0,True,Owner,True,True,True,True,True,ok
KPIGREEN,INE542W01025,KPI Green Energy Limited,True,,owner_confirmed_individual_and_director,OWNER,UNKNOWN,49.49,50.370000000000005,False,,False,False,False,False,True,ok
KPIL,INE220B01022,Kalpataru Projects International Limited,True,,owner_confirmed_individual_and_director,OWNER,UNKNOWN,33.57,11.84,True,Owner,False,False,False,True,True,ok
KPITTECH,INE04I401011,KPIT Technologies Limited,True,,owner_confirmed_individual_and_director,OWNER,UNKNOWN,39.42,7.05,True,Owner,False,False,True,True,True,ok
KPRMILL,INE930H01031,K.P.R. Mill Limited,True,,owner_confirmed_individual,OWNER,UNKNOWN,67.52,66.07,True,Owner,False,False,False,True,True,ok
KRBL,INE001B01026,KRBL Limited,True,,owner_confirmed_individual,OWNER,UNKNOWN,60.17,6.71,True,Owner,False,False,False,False,True,ok
KRN,INE0Q3J01015,KRN Heat Exchanger and Refrigeration Limited,True,,owner_confirmed_individual,OWNER,UNKNOWN,69.62,69.62,False,,False,False,False,False,True,ok
KRSNAA,INE08LI01020,Krsnaa Diagnostics Limited,True,,owner_confirmed_individual_and_director,OWNER,UNKNOWN,27.11,26.47,True,Owner,False,False,False,False,False,ok
KSB,INE999A01023,Ksb Limited,True,,owner_confirmed_individual,OWNER,UNKNOWN,69.8,0.44,True,MNC,False,False,False,False,True,ok
KSCL,INE455I01029,Kaveri Seed Company Limited,True,,owner_confirmed_individual_and_director,OWNER,UNKNOWN,60.5,21.29,True,Owner,False,False,False,False,True,ok
LALPATHLAB,INE600L01024,Dr. Lal Path Labs Ltd.,True,,owner_confirmed_individual_and_director,OWNER,UNKNOWN,53.21,53.290000000000006,True,Owner,False,False,False,True,True,ok
LANDMARK,INE559R01029,Landmark Cars Limited,True,,owner_confirmed_individual_and_director,OWNER,UNKNOWN,49.76,50.09,True,Owner,False,False,False,False,False,ok
LATENTVIEW,INE0I7C01011,Latent View Analytics Limited,True,,owner_confirmed_individual_and_director,OWNER,UNKNOWN,65.1,65.14,True,Owner,False,False,False,True,True,ok
LAURUSLABS,INE947Q01028,Laurus Labs Limited,True,,owner_confirmed_individual_and_director,OWNER,UNKNOWN,27.49,3.99,True,Owner,False,False,True,True,True,ok
LEMONTREE,INE970X01018,Lemon Tree Hotels Limited,True,,owner_confirmed_individual_and_director,OWNER,UNKNOWN,22.28,0.46,True,Owner,False,False,False,True,True,ok
LENSKART,INE956O01016,Lenskart Solutions Limited,True,,owner_confirmed_individual_and_director,OWNER,UNKNOWN,17.55,17.57,False,,False,False,True,True,True,ok
LLOYDSENGG,INE093R01011,LLOYDS ENGINEERING WORKS LIMITED,True,,owner_confirmed_individual_and_director,OWNER,UNKNOWN,41.92,0.13,False,,False,False,False,False,True,ok
LLOYDSENT,INE080I01025,Lloyds Enterprises Limited,True,,owner_confirmed_individual_and_director,OWNER,UNKNOWN,62.72,8.26,False,,False,False,False,False,True,ok
LLOYDSME,INE281B01032,Lloyds Metals And Energy Limited,True,,owner_confirmed_individual_and_director,OWNER,UNKNOWN,61.64,6.4399999999999995,False,,False,False,False,True,True,ok
LOTUSDEV,INE0V9Q01010,Sri Lotus Developers and Realty Limited,True,,owner_confirmed_individual,OWNER,UNKNOWN,81.86,72.04,False,,False,False,False,False,True,ok
LTFOODS,INE818H01020,LT Foods Limited,True,,owner_confirmed_individual_and_director,OWNER,UNKNOWN,51.01,14.99,True,Owner,False,False,False,True,True,ok
LUMAXTECH,INE872H01027,Lumax Auto Technologies Limited,True,,owner_confirmed_individual_and_director,OWNER,UNKNOWN,55.98,38.21,False,,False,False,False,False,True,ok
LUPIN,INE326A01037,Lupin Limited,True,,owner_confirmed_individual_and_director,OWNER,UNKNOWN,46.89,1.53,True,Owner,False,False,True,True,True,ok
LUXIND,INE150G01020,Lux Industries Limited,True,,owner_confirmed_individual,OWNER,UNKNOWN,74.19,68.01,True,Owner,False,False,False,False,False,ok
LXCHEM,INE576O01020,Laxmi Organic Industries Limited,True,,owner_confirmed_individual,OWNER,UNKNOWN,69.35,67.92999999999999,True,Owner,False,False,False,False,True,ok
MANAPPURAM,INE522D01027,Manappuram Finance Limited,True,,owner_confirmed_individual_and_director,OWNER,UNKNOWN,31.77,31.78,True,Owner,False,False,False,True,True,ok
MANINFRA,INE949H01023,Man Infraconstruction Limited,True,,owner_confirmed_individual_and_director,OWNER,UNKNOWN,62.44,54.7,True,Owner,False,False,False,False,False,ok
MANKIND,INE634S01028,Mankind Pharma Limited,True,,owner_confirmed_individual_and_director,OWNER,UNKNOWN,72.66,18.15,True,Owner,False,False,True,True,True,ok
MANORAMA,INE00VM01036,Manorama Industries Limited,True,,owner_confirmed_individual,OWNER,UNKNOWN,54.32,54.32,False,,False,False,False,False,True,ok
MANYAVAR,INE825V01034,Vedant Fashions Limited,True,,owner_confirmed_individual,OWNER,UNKNOWN,74.94,17.79,True,Owner,False,False,False,False,True,ok
MAPMYINDIA,INE0BV301023,C.E. Info Systems Limited,True,,owner_confirmed_individual,OWNER,UNKNOWN,51.36,51.36,True,Owner,False,False,False,True,True,ok
MARICO,INE196A01026,Marico Limited,True,,owner_confirmed_individual_and_director,OWNER,UNKNOWN,58.93,57.61,True,Owner,False,False,True,True,True,ok
MARKSANS,INE750C01026,Marksans Pharma Limited,True,,owner_confirmed_individual,OWNER,UNKNOWN,43.87,43.87,True,Owner,False,False,False,False,True,ok
MASTEK,INE759A01021,Mastek Limited,True,,owner_confirmed_individual_and_director,OWNER,UNKNOWN,35.77,40.34,True,Owner,False,False,False,False,True,ok
MAXHEALTH,INE027H01010,Max Healthcare Institute Limited,True,,owner_confirmed_individual_and_director,OWNER,UNKNOWN,23.72,23.75,True,Owner,True,True,True,True,True,ok
MEDPLUS,INE804L01022,Medplus Health Services Limited,True,,owner_confirmed_individual,OWNER,UNKNOWN,40.29,12.81,True,Owner,False,False,False,False,True,ok
MEESHO,INE0VDM01015,Meesho Limited,True,,owner_confirmed_individual_and_director,OWNER,UNKNOWN,16.57,16.6,False,,False,False,False,True,True,ok
METROBRAND,INE317I01021,Metro Brands Limited,True,,owner_confirmed_individual_and_director,OWNER,UNKNOWN,71.8,10.35,True,Owner,False,False,False,False,False,ok
MFSL,INE180A01020,,True,,owner_confirmed_individual_passive,OWNER,UNKNOWN,1.25,0.09,True,Owner,False,False,True,True,True,ok
MINDACORP,INE842C01021,Minda Corporation Limited,True,,owner_confirmed_individual_and_director,OWNER,UNKNOWN,64.84,48.22,True,Owner,False,False,False,True,True,ok
MOTHERSON,INE775A01035,Samvardhana Motherson International Limited,True,,owner_confirmed_individual_and_director,OWNER,UNKNOWN,48.6,13.57,True,Owner,False,True,True,True,True,ok
MOTILALOFS,INE338I01027,Motilal Oswal Financial Services Limited,True,,owner_confirmed_individual_and_director,OWNER,UNKNOWN,67.62,29.96,True,Owner,False,False,True,True,True,ok
MRF,INE883A01011,MRF Limited,True,,owner_confirmed_individual_and_director,OWNER,UNKNOWN,27.77,12.739999999999998,True,Owner,False,False,True,True,True,ok
MSUMI,INE0FS801015,Motherson Sumi Wiring India Limited,True,,owner_confirmed_individual_and_director,OWNER,UNKNOWN,61.73,2.84,True,Owner,False,False,False,True,True,ok
MTARTECH,INE864I01014,Mtar Technologies Limited,True,,owner_confirmed_individual,OWNER,UNKNOWN,30.44,30.4,True,Owner,False,False,False,False,True,ok
MUTHOOTFIN,INE414G01012,Muthoot Finance Limited,True,,owner_confirmed_individual_and_director,OWNER,UNKNOWN,73.35,73.36,True,Owner,False,True,True,True,True,ok
NATCOPHARM,INE987B01026,Natco Pharma Limited,True,,owner_confirmed_individual_and_director,OWNER,UNKNOWN,49.42,28.4,True,Owner,False,False,False,True,True,ok
NAUKRI,INE663F01032,Info Edge (India) Limited,True,,owner_confirmed_individual_and_director,OWNER,UNKNOWN,37.59,34.199999999999996,True,Owner,False,False,True,True,True,ok
NAVA,INE725A01030,NAVA LIMITED,True,,owner_confirmed_individual_and_director,OWNER,UNKNOWN,50.1,16.53,True,Owner,False,False,False,True,True,ok
NAVINFLUOR,INE048G01026,Navin Fluorine International Limited,True,,owner_confirmed_individual_and_director,OWNER,UNKNOWN,27.11,1.55,True,Owner,False,False,False,True,True,ok
NAZARA,INE418L01047,Nazara Technologies Limited,True,,owner_confirmed_individual_and_director,OWNER,UNKNOWN,35.46,11.35,True,Owner,False,False,False,False,True,ok
NCC,INE868B01028,NCC Limited,True,,owner_confirmed_individual,OWNER,UNKNOWN,22.81,7.75,True,Owner,False,False,False,True,True,ok
NEOGEN,INE136S01016,Neogen Chemicals Limited,True,,owner_confirmed_individual_and_director,OWNER,UNKNOWN,51.23,52.55,False,,False,False,False,False,True,ok
NESCO,INE317F01035,Nesco Limited,True,,owner_confirmed_individual,OWNER,UNKNOWN,68.54,26.78,False,,False,False,False,False,True,ok
NEULANDLAB,INE794A01010,Neuland Laboratories Limited,True,,owner_confirmed_individual,OWNER,UNKNOWN,32.63,6.65,False,,False,False,False,True,True,ok
NEWGEN,INE619B01017,Newgen Software Technologies Limited,True,,owner_confirmed_individual_and_director,OWNER,UNKNOWN,53.52,54.46,False,,False,False,False,True,True,ok
NH,INE410P01011,Narayana Hrudayalaya Ltd.,True,,owner_confirmed_individual_and_director,OWNER,UNKNOWN,63.27,63.85,True,Owner,False,False,False,True,True,ok
NOCIL,INE163A01018,NOCIL Limited,True,,owner_confirmed_individual_and_director,OWNER,UNKNOWN,33.76,18.68,True,Owner,False,False,False,False,False,ok
NRBBEARING,INE349A01021,NRB Bearing Limited,True,,owner_confirmed_individual_and_director,OWNER,UNKNOWN,51.2,44.209999999999994,True,Owner,False,False,False,False,False,ok
NTPCGREEN,INE0ONG01011,NTPC Green Energy Limited,True,,owner_confirmed_individual,OWNER,UNKNOWN,89.01,0.0,False,,False,False,False,True,True,ok
NYKAA,INE388Y01029,FSN E-Commerce Ventures Limited,True,,owner_confirmed_individual_and_director,OWNER,UNKNOWN,52.1,0.31,True,Owner,False,False,True,True,True,ok
OBEROIRLTY,INE093I01010,Oberoi Realty Limited,True,,owner_confirmed_individual_and_director,OWNER,UNKNOWN,67.7,58.559999999999995,True,Owner,False,False,True,True,True,ok
OLAELEC,INE0LXG01040,Ola Electric Mobility Limited,True,,owner_confirmed_individual,OWNER,UNKNOWN,34.59,27.83,False,,False,False,False,True,True,ok
OLECTRA,INE260D01016,Olectra Greentech Limited,True,,ambiguous_holding_indian,OWNER,UNKNOWN,50.02,0.0,True,Owner,False,False,False,True,True,ok
OMAXE,INE800H01010,Omaxe Limited,True,,owner_confirmed_individual,OWNER,UNKNOWN,74.14,5.69,True,Owner,False,False,False,False,False,ok
ONESOURCE,INE013P01021,Onesource Specialty Pharma Limited,True,,owner_confirmed_individual_and_director,OWNER,UNKNOWN,29.93,2.06,False,,False,False,False,True,True,ok
OPTIEMUS,INE350C01017,Optiemus Infracom Limited,True,,owner_confirmed_individual_and_director,OWNER,UNKNOWN,72.17,28.49,False,,False,False,False,False,True,ok
ORIENTCEM,INE876N01018,Orient Cement Limited,True,,ambiguous_holding_indian,OWNER,UNKNOWN,72.66,0.0,True,Owner,False,False,False,False,True,ok
OSWALPUMPS,INE0BYP01024,Oswal Pumps Limited,True,,owner_confirmed_individual_and_director,OWNER,UNKNOWN,75.67,12.4,False,,False,False,False,False,True,ok
PAGEIND,INE761H01022,Page Industries Limited,True,,owner_probable_nri_family,OWNER,UNKNOWN,42.89,42.89,True,Owner,False,False,True,True,True,ok
PARADEEP,INE088F01024,Paradeep Phosphates Limited,True,,owner_confirmed_individual_and_director,OWNER,UNKNOWN,57.7,0.36,True,Owner,False,False,False,True,True,ok
PARAGMILK,INE883N01014,Parag Milk Foods Limited,True,,owner_confirmed_individual_and_director,OWNER,UNKNOWN,40.65,40.9,True,Owner,False,False,False,False,False,ok
PARAS,INE045601023,Paras Defence and Space Technologies Limited,True,,owner_confirmed_individual_and_director,OWNER,UNKNOWN,53.2,56.06,True,Owner,False,False,False,False,True,ok
PATELENG,INE244B01030,Patel Engineering Limited,True,,owner_confirmed_individual_and_director,OWNER,UNKNOWN,31.48,3.3299999999999996,True,Owner,False,False,False,False,False,ok
PCJEWELLER,INE785M01021,PC Jeweller Limited,True,,owner_confirmed_individual_and_director,OWNER,UNKNOWN,41.1,35.29,False,,False,False,False,False,True,ok
PDSL,INE111Q01021,PDS Limited,True,,owner_probable_nri_family,OWNER,UNKNOWN,61.37,61.47,True,Owner,False,False,False,False,False,ok
PERSISTENT,INE262H01021,Persistent Systems Limited,True,,owner_confirmed_individual_and_director,OWNER,UNKNOWN,30.29,30.33,True,Owner,False,False,True,True,True,ok
PFOCUS,INE367G01038,Prime Focus Limited,True,,ambiguous_mnc_jv_candidate,OWNER,UNKNOWN,60.77,7.83,False,,False,False,False,False,True,ok
PGIL,INE940H01022,Pearl Global Industries Limited,True,,owner_probable_nri_family,OWNER,UNKNOWN,61.24,61.88,False,,False,False,False,False,True,ok
PHOENIXLTD,INE211B01039,The Phoenix Mills Limited,True,,owner_confirmed_individual_and_director,OWNER,UNKNOWN,47.25,2.6,True,Owner,False,False,True,True,True,ok
PICCADIL,INE546C01010,Piccadily Agro Industries Limited,True,,owner_confirmed_individual,OWNER,UNKNOWN,68.57,21.95,False,,False,False,False,False,True,ok
PIDILITIND,INE318A01026,Pidilite Industries Limited,True,,owner_confirmed_individual_and_director,OWNER,UNKNOWN,69.33,16.04,True,Owner,False,True,True,True,True,ok
PIIND,INE603J01030,PI Industries Limited,True,,owner_confirmed_individual_and_director,OWNER,UNKNOWN,46.09,46.49,True,Owner,False,False,True,True,True,ok
PIRAMALFIN,INE202B01038,Piramal Finance Limited,True,,owner_confirmed_individual_and_director,OWNER,UNKNOWN,46.16,0.37,False,,False,False,False,True,True,ok
PNCINFRA,INE195J01029,PNC Infratech Limited,True,,owner_confirmed_individual_and_director,OWNER,UNKNOWN,56.07,46.46,True,Owner,False,False,False,False,True,ok
PNGJL,INE953R01016,P N Gadgil Jewellers Limited,True,,owner_confirmed_individual,OWNER,UNKNOWN,83.11,0.0,False,,False,False,False,False,True,ok
POLYCAB,INE455K01017,Polycab India Limited,True,,owner_confirmed_individual_and_director,OWNER,UNKNOWN,61.5,50.59,True,Owner,False,False,True,True,True,ok
POLYMED,INE205C01021,Poly Medicure Limited,True,,owner_confirmed_individual_and_director,OWNER,UNKNOWN,62.42,35.26,True,Owner,False,False,False,True,True,ok
POWERMECH,INE211R01019,Power Mech Projects Limited,True,,owner_confirmed_individual_and_director,OWNER,UNKNOWN,58.42,57.73,False,,False,False,False,False,True,ok
PPLPHARMA,INE0DK501011,Piramal Pharma Limited,True,,owner_confirmed_individual_and_director,OWNER,UNKNOWN,34.86,0.21,True,Owner,False,False,False,True,True,ok
PRAJIND,INE074A01025,Praj Industries Limited,True,,owner_confirmed_individual_and_director,OWNER,UNKNOWN,32.81,32.86,True,Owner,False,False,False,False,True,ok
PRAKASH,INE603A01013,Prakash Industries Limited,True,,owner_confirmed_individual_and_director,OWNER,UNKNOWN,44.38,14.54,True,Owner,False,False,False,False,False,ok
PREMIERENE,INE0BS701011,Premier Energies Limited,True,,owner_confirmed_individual_and_director,OWNER,UNKNOWN,63.94,67.94,False,,False,False,True,True,True,ok
PRESTIGE,INE811K01011,Prestige Estates Projects Limited,True,,owner_confirmed_individual,OWNER,UNKNOWN,60.94,8.71,True,Owner,False,False,True,True,True,ok
PRICOLLTD,INE726V01018,Pricol Limited,True,,owner_confirmed_individual_and_director,OWNER,UNKNOWN,38.51,25.38,False,,False,False,False,False,True,ok
PRIVISCL,INE959A01019,Privi Speciality Chemicals Limited,True,,owner_confirmed_individual,OWNER,UNKNOWN,60.6,21.92,False,,False,False,False,False,True,ok
PRSMJOHNSN,INE010A01011,Prism Johnson Limited,True,,owner_confirmed_individual_and_director,OWNER,UNKNOWN,74.87,13.56,False,,False,False,False,False,True,ok
PRUDENT,INE00F201020,Prudent Corporate Advisory Services Limited,True,,owner_confirmed_individual_and_director,OWNER,UNKNOWN,55.31,57.61,True,Owner,False,False,False,False,True,ok
PTCIL,INE596F01018,PTC Industries Limited,True,,owner_confirmed_individual,OWNER,UNKNOWN,59.72,38.3,False,,False,False,False,True,True,ok
PURVA,INE323I01011,Puravankara Limited,True,,owner_confirmed_individual,OWNER,UNKNOWN,75.0,75.0,False,,False,False,False,False,True,ok
PVRINOX,INE191H01014,PVR INOX Limited,True,,owner_confirmed_individual,OWNER,UNKNOWN,27.53,11.24,True,Owner,False,False,False,True,True,ok
PWL,INE0LP301011,Physicswallah Limited,True,,owner_confirmed_individual,OWNER,UNKNOWN,72.3,72.3,False,,False,False,False,True,True,ok
QPOWER,INE0SII01026,Quality Power Electrical Equipments Limited,True,,owner_confirmed_individual,OWNER,UNKNOWN,73.91,49.69,False,,False,False,False,False,True,ok
QUESS,INE615P01015,Quess Corp Limited,True,,owner_confirmed_individual_and_director,OWNER,UNKNOWN,56.88,12.29,True,Owner,False,False,False,False,True,ok
RADICO,INE944F01028,Radico Khaitan Limited,True,,owner_confirmed_individual_and_director,OWNER,UNKNOWN,40.2,0.5,True,Owner,False,False,True,True,True,ok
RAIN,INE855B01025,Rain Industries Limited,True,,owner_confirmed_individual_and_director,OWNER,UNKNOWN,41.35,17.01,True,Owner,False,False,False,False,True,ok
RAINBOW,INE961O01016,Rainbow Childrens Medicare Limited,True,,owner_confirmed_individual_and_director,OWNER,UNKNOWN,49.84,43.7,True,Owner,False,False,False,True,True,ok
RAJESHEXPO,INE343B01030,Rajesh Exports Limited,True,,owner_confirmed_individual,OWNER,UNKNOWN,54.55,54.55,True,Owner,False,False,False,False,False,ok
RAMCOCEM,INE331A01037,The Ramco Cements Limited,True,,owner_confirmed_individual_and_director,OWNER,UNKNOWN,42.56,3.55,True,Owner,False,False,False,True,True,ok
RATEGAIN,INE0CLI01024,Rategain Travel Technologies Limited,True,,owner_confirmed_individual,OWNER,UNKNOWN,48.54,48.54,True,Owner,False,False,False,False,True,ok
RATNAMANI,INE703B01027,Ratnamani Metals & Tubes Limited,True,,owner_confirmed_individual_and_director,OWNER,UNKNOWN,59.77,59.82,True,Owner,False,False,False,False,False,ok
RAYMOND,INE301A01014,Raymond Limited,True,,owner_confirmed_individual_and_director,OWNER,UNKNOWN,48.87,0.01,True,Owner,False,False,False,False,False,ok
RAYMONDLSL,INE02ID01020,Raymond Lifestyle Limited,True,,owner_confirmed_individual_and_director,OWNER,UNKNOWN,58.22,0.04,False,,False,False,False,False,True,ok
REDTAPE,INE0LXT01019,Redtape Limited,True,,owner_confirmed_individual_and_director,OWNER,UNKNOWN,71.83,72.78000000000002,False,,False,False,False,False,True,ok
RELAXO,INE131B01039,Relaxo Footwears Limited,True,,owner_confirmed_individual_and_director,OWNER,UNKNOWN,71.27,71.28,False,,False,False,False,False,True,ok
RESPONIND,INE688D01026,Responsive Industries Limited,True,,owner_confirmed_individual,OWNER,UNKNOWN,59.14,1.36,True,Owner,False,False,False,False,False,ok
RKFORGE,INE399G01023,Ramkrishna Forgings Limited,True,,owner_confirmed_individual_and_director,OWNER,UNKNOWN,43.13,6.15,True,Owner,False,False,False,True,True,ok
ROLEXRINGS,INE645S01024,Rolex Rings Limited,True,,owner_confirmed_individual,OWNER,UNKNOWN,52.24,52.24,True,Owner,False,False,False,False,False,ok
RRKABEL,INE777K01022,R R Kabel Limited,True,,owner_confirmed_individual_and_director,OWNER,UNKNOWN,61.66,57.89,False,,False,False,False,True,True,ok
RTNINDIA,INE834M01019,RattanIndia Enterprises Limited,True,,owner_confirmed_individual_and_director,OWNER,UNKNOWN,74.86,0.13,True,Owner,False,False,False,False,True,ok
RTNPOWER,INE399K01017,RattanIndia Power Limited,True,,ambiguous_holding_indian,OWNER,UNKNOWN,44.06,0.0,True,Owner,False,False,False,False,True,ok
RUBICON,INE506V01022,Rubicon Research Limited,True,,owner_confirmed_individual_and_director,OWNER,UNKNOWN,59.99,23.86,False,,False,False,False,False,True,ok
RUSTOMJEE,INE263M01029,Keystone Realtors Limited,True,,owner_confirmed_individual_and_director,OWNER,UNKNOWN,74.59,72.22,True,Owner,False,False,False,False,False,ok
SAATVIKGL,INE13B501022,Saatvik Green Energy Limited,True,,owner_confirmed_individual_and_director,OWNER,UNKNOWN,75.99,46.48,False,,False,False,False,False,True,ok
SAFARI,INE429E01023,Safari Industries (India) Limited,True,,owner_confirmed_individual_and_director,OWNER,UNKNOWN,44.7,38.57,True,Owner,False,False,False,False,True,ok
SAILIFE,INE570L01029,Sai Life Sciences Limited,True,,owner_confirmed_individual_and_director,OWNER,UNKNOWN,34.7,7.48,False,,False,False,False,True,True,ok
SANDUMA,INE149K01016,Sandur Manganese & Iron Ores Limited,True,,owner_confirmed_individual_and_director,OWNER,UNKNOWN,74.22,3.68,False,,False,False,False,False,True,ok
SANSERA,INE953O01021,Sansera Engineering Limited,True,,owner_confirmed_individual_and_director,OWNER,UNKNOWN,30.18,30.57,True,Owner,False,False,False,False,True,ok
SARDAEN,INE385C01021,Sarda Energy & Minerals Limited,True,,owner_confirmed_individual_and_director,OWNER,UNKNOWN,73.16,19.42,False,,False,False,False,True,True,ok
SENCO,INE602W01027,Senco Gold Limited,True,,owner_confirmed_individual_and_director,OWNER,UNKNOWN,64.46,16.490000000000002,True,Owner,False,False,False,False,True,ok
SFL,INE916U01025,Sheela Foam Limited,True,,owner_confirmed_individual,OWNER,UNKNOWN,65.69,53.56,False,,False,False,False,False,True,ok
SHAILY,INE151G01028,Shaily Engineering Plastics Limited,True,,owner_confirmed_individual_and_director,OWNER,UNKNOWN,43.4,34.05,False,,False,False,False,False,True,ok
SHAKTIPUMP,INE908D01010,Shakti Pumps (India) Limited,True,,owner_confirmed_individual_and_director,OWNER,UNKNOWN,50.34,8.959999999999999,False,,False,False,False,False,True,ok
SHALBY,INE597J01018,Shalby Limited,True,,owner_confirmed_individual,OWNER,UNKNOWN,74.33,10.33,True,Owner,False,False,False,False,False,ok
SHARDACROP,INE221J01015,Sharda Cropchem Limited,True,,owner_confirmed_individual,OWNER,UNKNOWN,74.82,74.82,False,,False,False,False,False,True,ok
SHILPAMED,INE790G01031,Shilpa Medicare Limited,True,,owner_confirmed_individual_and_director,OWNER,UNKNOWN,40.13,40.16,False,,False,False,False,False,True,ok
SHREECEM,INE070A01015,SHREE CEMENT LIMITED,True,,owner_confirmed_individual,OWNER,UNKNOWN,62.55,2.98,True,Owner,False,True,True,True,True,ok
SHRIPISTON,INE526E01018,Shriram Pistons & Rings Limited,True,,owner_confirmed_individual,OWNER,UNKNOWN,43.75,31.09,False,,False,False,False,False,True,ok
SHYAMMETL,INE810G01011,Shyam Metalics and Energy Limited,True,,owner_confirmed_individual,OWNER,UNKNOWN,74.59,9.62,True,Owner,False,False,False,True,True,ok
SKIPPER,INE439E01022,Skipper Limited,True,,owner_confirmed_individual,OWNER,UNKNOWN,66.48,0.16,False,,False,False,False,False,True,ok
SKYGOLD,INE01IU01018,SKY GOLD AND DIAMONDS LIMITED,True,,owner_confirmed_individual,OWNER,UNKNOWN,51.74,51.74,False,,False,False,False,False,True,ok
SMARTWORKS,INE0NAZ01010,Smartworks Coworking Spaces Limited,True,,owner_confirmed_individual,OWNER,UNKNOWN,58.18,0.04,False,,False,False,False,False,True,ok
SOBHA,INE671H01015,Sobha Limited,True,,owner_confirmed_individual_and_director,OWNER,UNKNOWN,52.88,52.879999999999995,True,Owner,False,False,False,True,True,ok
SOLARA,INE624Z01016,Solara Active Pharma Sciences Limited,True,,owner_confirmed_individual_and_director,OWNER,UNKNOWN,42.0,7.09,True,Owner,False,False,False,False,False,ok
SOLARINDS,INE343H01029,Solar Industries India Limited,True,,owner_confirmed_individual_and_director,OWNER,UNKNOWN,73.15,43.92,True,Owner,False,True,True,True,True,ok
SONACOMS,INE073K01018,Sona BLW Precision Forgings Limited,True,,owner_confirmed_individual_and_director,OWNER,UNKNOWN,28.02,0.08,True,Owner,False,False,False,True,True,ok
SONATSOFTW,INE269A01021,Sonata Software Limited,True,,owner_confirmed_individual_and_director,OWNER,UNKNOWN,28.17,27.96,True,Owner,False,False,False,True,True,ok
SPARC,INE232I01014,Sun Pharma Advanced Research Company Limited,True,,owner_confirmed_individual_and_director,OWNER,UNKNOWN,65.67,23.700000000000003,True,Owner,False,False,False,False,True,ok
SPLPETRO,INE663A01033,Supreme Petrochem Limited,True,,owner_confirmed_individual_and_director,OWNER,UNKNOWN,64.24,0.24,False,,False,False,False,True,True,ok
SRF,INE647A01010,SRF Limited,True,,owner_confirmed_individual_and_director,OWNER,UNKNOWN,50.26,0.18,True,Owner,False,False,True,True,True,ok
SSWL,INE802C01033,Steel Strips Wheels Limited,True,,owner_confirmed_individual_and_director,OWNER,UNKNOWN,61.14,35.75,True,Owner,False,False,False,False,False,ok
STAR,INE939A01011,Strides Pharma Science Limited,True,,owner_confirmed_individual_and_director,OWNER,UNKNOWN,27.86,4.56,True,Owner,False,False,False,False,True,ok
STARCEMENT,INE460H01021,Star Cement Limited,True,,owner_confirmed_individual_and_director,OWNER,UNKNOWN,57.62,50.45,False,,False,False,False,False,True,ok
STARHEALTH,INE575P01011,Star Health and Allied Insurance Company Limited,True,,owner_confirmed_individual_and_director,OWNER,UNKNOWN,57.98,17.49,True,Professional,False,False,False,True,True,ok
STYL,INE04VU01023,Seshaasai Technologies Limited,True,,owner_confirmed_individual,OWNER,UNKNOWN,81.8,81.8,False,,False,False,False,False,True,ok
SUBROS,INE287B01021,Subros Limited,True,,owner_confirmed_individual,OWNER,UNKNOWN,36.79,8.56,False,,False,False,False,False,True,ok
SUDEEPPHRM,INE0QPI01025,Sudeep Pharma Limited,True,,owner_confirmed_individual,OWNER,UNKNOWN,76.15,35.81,False,,False,False,False,False,True,ok
SULA,INE142Q01026,Sula Vineyards Limited,True,,owner_probable_nri_family,OWNER,UNKNOWN,24.55,24.57,True,Owner,False,False,False,False,False,ok
SUNDARMFIN,INE660A01013,Sundaram Finance Limited,True,,owner_confirmed_individual_and_director,OWNER,UNKNOWN,37.21,24.61,True,Owner,False,False,False,True,True,ok
SUNPHARMA,INE044A01036,Sun Pharmaceutical Industries Limited,True,,owner_confirmed_individual_and_director,OWNER,UNKNOWN,54.48,11.07,True,Owner,True,True,True,True,True,ok
SUNTECK,INE805D01034,Sunteck Realty Limited,True,,owner_confirmed_individual_and_director,OWNER,UNKNOWN,63.3,1.62,True,Owner,False,False,False,False,True,ok
SUNTV,INE424H01027,Sun TV Network Limited,True,,owner_confirmed_individual_and_director,OWNER,UNKNOWN,75.0,75.0,True,Owner,False,False,False,True,True,ok
SUPREMEIND,INE195A01028,Supreme Industries Limited,True,,owner_confirmed_individual_and_director,OWNER,UNKNOWN,48.96,2.48,True,Owner,False,False,True,True,True,ok
SUPRIYA,INE07RO01027,Supriya Lifescience Limited,True,,owner_confirmed_individual,OWNER,UNKNOWN,68.3,68.3,False,,False,False,False,False,True,ok
SURYAROSNI,INE335A01020,Surya Roshni Limited,True,,owner_confirmed_individual_and_director,OWNER,UNKNOWN,62.89,4.96,True,Owner,False,False,False,False,True,ok
SURYODAY,INE428Q01011,Suryoday Small Finance Bank Limited,True,,owner_confirmed_individual_and_director,OWNER,UNKNOWN,22.44,11.29,True,Owner,False,False,False,False,False,ok
SUVEN,INE495B01038,Suven Life Sciences Limited,True,,owner_confirmed_individual_and_director,OWNER,UNKNOWN,70.15,0.7,True,Owner,False,False,False,False,False,ok
SUZLON,INE040H01021,Suzlon Energy Limited,True,,owner_confirmed_individual_and_director,OWNER,UNKNOWN,11.73,4.4399999999999995,True,Owner,False,False,True,True,True,ok
SWANCORP,INE665A01038,SWAN CORP LIMITED,True,,owner_confirmed_individual,OWNER,UNKNOWN,53.96,0.03,True,Owner,False,False,False,True,True,ok
SWSOLAR,INE00M201021,Sterling and Wilson Renewable Energy Limited,True,,owner_confirmed_individual_and_director,OWNER,UNKNOWN,45.72,6.31,True,Owner,False,False,False,False,True,ok
SYNGENE,INE398R01022,Syngene International Limited,True,,owner_confirmed_individual_and_director,OWNER,UNKNOWN,52.68,0.0699999999999999,True,Owner,False,False,False,True,True,ok
SYRMA,INE0DYJ01015,Syrma SGS Technology Limited,True,,owner_confirmed_individual_and_director,OWNER,UNKNOWN,42.72,7.18,True,Owner,False,False,False,True,True,ok
TANLA,INE483C01032,Tanla Platforms Limited,True,,owner_confirmed_individual_and_director,OWNER,UNKNOWN,46.17,41.23,True,Owner,False,False,False,False,True,ok
TARC,INE0EK901012,TARC Limited,True,,owner_confirmed_individual_and_director,OWNER,UNKNOWN,65.12,65.82000000000001,False,,False,False,False,False,True,ok
TARIL,INE763I01026,Transformers And Rectifiers (India) Limited,True,,owner_confirmed_individual,OWNER,UNKNOWN,64.36,64.36,False,,False,False,False,True,True,ok
TARSONS,INE144Z01023,Tarsons Products Limited,True,,owner_confirmed_individual_and_director,OWNER,UNKNOWN,47.3,47.3,True,Owner,False,False,False,False,False,ok
TATVA,INE0GK401011,Tatva Chintan Pharma Chem Limited,True,,owner_confirmed_individual,OWNER,UNKNOWN,72.02,72.02,True,Owner,False,False,False,False,False,ok
TBOTEK,INE673O01025,TBO Tek Limited,True,,owner_confirmed_individual_and_director,OWNER,UNKNOWN,44.41,22.84,False,,False,False,False,True,True,ok
TCIEXP,INE586V01016,TCI Express Limited,True,,owner_confirmed_individual_and_director,OWNER,UNKNOWN,69.46,18.25,True,Owner,False,False,False,False,False,ok
TDPOWERSYS,INE419M01027,TD Power Systems Limited,True,,owner_confirmed_individual_and_director,OWNER,UNKNOWN,26.87,13.74,False,,False,False,False,False,True,ok
TECHNOE,INE285K01026,Techno Electric & Engineering Company Limited,True,,owner_confirmed_individual,OWNER,UNKNOWN,56.92,0.85,True,Owner,False,False,False,True,True,ok
TEGA,INE011K01018,Tega Industries Limited,True,,owner_confirmed_individual_and_director,OWNER,UNKNOWN,67.27,17.4,True,Owner,False,False,False,True,True,ok
TEXRAIL,INE621L01012,Texmaco Rail & Engineering Limited,True,,owner_confirmed_individual_and_director,OWNER,UNKNOWN,48.34,7.74,True,Owner,False,False,False,False,True,ok
THANGAMAYL,INE085J01014,Thangamayil Jewellery Limited,True,,owner_confirmed_individual,OWNER,UNKNOWN,61.61,54.39,False,,False,False,False,False,True,ok
THERMAX,INE152A01029,Thermax Limited,True,,owner_confirmed_individual_and_director,OWNER,UNKNOWN,61.98,0.01,True,Owner,False,False,False,True,True,ok
TI,INE133E01013,Tilaknagar Industries Limited,True,,owner_confirmed_individual_and_director,OWNER,UNKNOWN,31.71,25.14,False,,False,False,False,False,True,ok
TICL,INE388G01026,,True,,owner_confirmed_individual,OWNER,UNKNOWN,84.06,57.37,True,Professional,False,False,False,False,False,ok
TIINDIA,INE974X01010,Tube Investments of India Limited,True,,owner_confirmed_individual_and_director,OWNER,UNKNOWN,44.05,4.1899999999999995,True,Owner,False,False,True,True,True,ok
TIMETECHNO,INE508G01029,Time Technoplast Limited,True,,owner_confirmed_individual_and_director,OWNER,UNKNOWN,47.51,7.16,True,Owner,False,False,False,False,True,ok
TIPSMUSIC,INE716B01029,Tips Music Limited,True,,owner_confirmed_individual_and_director,OWNER,UNKNOWN,64.15,64.16000000000001,False,,False,False,False,False,True,ok
TITAGARH,INE615H01020,TITAGARH RAIL SYSTEMS LIMITED,True,,owner_confirmed_individual_and_director,OWNER,UNKNOWN,40.46,7.8,True,Owner,False,False,False,True,True,ok
TORNTPHARM,INE685A01028,Torrent Pharmaceuticals Limited,True,,owner_confirmed_individual_and_director,OWNER,PROFESSIONAL,68.31,0.66,True,Owner,False,True,True,True,True,ok
TORNTPOWER,INE813H01021,Torrent Power Limited,True,,owner_confirmed_individual,OWNER,PROFESSIONAL,51.09,0.06,True,Owner,False,False,False,True,True,ok
TRANSRAILL,INE454P01035,Transrail Lighting Limited,True,,owner_confirmed_individual_and_director,OWNER,UNKNOWN,71.12,1.43,False,,False,False,False,False,True,ok
TRAVELFOOD,INE103V01028,Travel Food Services Limited,True,,ambiguous_holding_indian,OWNER,UNKNOWN,86.19,0.0,False,,False,False,False,True,True,ok
TRITURBINE,INE152M01016,Triveni Turbine Limited,True,,owner_confirmed_individual_and_director,OWNER,UNKNOWN,55.84,28.56,True,Owner,False,False,False,True,True,ok
TRIVENI,INE256C01024,Triveni Engineering & Industries Limited,True,,owner_confirmed_individual_and_director,OWNER,UNKNOWN,60.98,24.59,True,Owner,False,False,False,False,True,ok
TSFINV,INE202Z01029,TSF INVESTMENTS LIMITED,True,,owner_confirmed_individual_and_director,OWNER,UNKNOWN,54.99,23.14,False,,False,False,False,False,True,ok
TTKPRESTIG,INE690A01028,TTK Prestige Limited,True,,owner_confirmed_individual_and_director,OWNER,UNKNOWN,70.52,9.95,True,Owner,False,False,False,False,False,ok
TVSMOTOR,INE494B01023,TVS Motor Company Limited,True,,owner_confirmed_individual_and_director,OWNER,UNKNOWN,50.27,0.07,True,Owner,False,True,True,True,True,ok
TVSSCS,INE395N01027,TVS Supply Chain Solutions Limited,True,,owner_confirmed_individual_and_director,OWNER,UNKNOWN,43.03,2.61,True,Owner,False,False,False,False,True,ok
UFLEX,INE516A01017,UFLEX Limited,True,,owner_confirmed_individual_and_director,OWNER,UNKNOWN,44.58,3.24,True,Owner,False,False,False,False,False,ok
UNIPARTS,INE244O01017,Uniparts India Limited,True,,owner_confirmed_individual_and_director,OWNER,UNKNOWN,65.89,33.71000000000001,True,Owner,False,False,False,False,False,ok
UNOMINDA,INE405E01023,UNO Minda Limited,True,,owner_confirmed_individual_and_director,OWNER,UNKNOWN,68.41,37.84,True,Owner,False,False,False,True,True,ok
UPL,INE628A01036,UPL Limited,True,,owner_confirmed_individual_and_director,OWNER,UNKNOWN,33.51,3.15,True,Owner,False,False,True,True,True,ok
URBANCO,INE0CAZ01013,Urban Company Limited,True,,owner_confirmed_individual_and_director,OWNER,UNKNOWN,20.29,20.3,False,,False,False,False,True,True,ok
USHAMART,INE228A01035,Usha Martin Limited,True,,owner_confirmed_individual,OWNER,UNKNOWN,40.52,3.25,True,Owner,False,False,False,True,True,ok
UTLSOLAR,INE12UR01024,Fujiyama Power Systems Limited,True,,owner_confirmed_individual_and_director,OWNER,UNKNOWN,86.77,86.76,False,,False,False,False,False,True,ok
V2RETAIL,INE945H01021,V2 Retail Limited,True,,owner_confirmed_individual_and_director,OWNER,UNKNOWN,51.43,11.19,False,,False,False,False,False,True,ok
VAIBHAVGBL,INE884A01027,Vaibhav Global Limited,True,,owner_confirmed_individual_and_director,OWNER,UNKNOWN,57.11,1.4700000000000002,True,Owner,False,False,False,False,True,ok
VAKRANGEE,INE051B01021,Vakrangee Limited,True,,owner_confirmed_individual_and_director,OWNER,UNKNOWN,40.05,4.8,True,Owner,False,False,False,False,False,ok
VARROC,INE665L01035,Varroc Engineering Limited,True,,owner_confirmed_individual_and_director,OWNER,UNKNOWN,75.0,39.75,True,Owner,False,False,False,False,True,ok
VENKEYS,INE398A01010,Venky's (India) Limited,True,,owner_confirmed_individual,OWNER,UNKNOWN,56.11,56.11,True,Owner,False,False,False,False,False,ok
VENUSPIPES,INE0JA001018,Venus Pipes & Tubes Limited,True,,owner_confirmed_individual,OWNER,UNKNOWN,48.41,48.41,True,Owner,False,False,False,False,False,ok
VGUARD,INE951I01027,V-Guard Industries Limited,True,,owner_confirmed_individual_and_director,OWNER,UNKNOWN,53.28,40.2,True,Owner,False,False,False,False,True,ok
VIJAYA,INE043W01024,Vijaya Diagnostic Centre Limited,True,,owner_confirmed_individual_and_director,OWNER,UNKNOWN,52.51,52.51,True,Owner,False,False,False,True,True,ok
VINATIORGA,INE410B01037,Vinati Organics Limited,True,,owner_confirmed_individual,OWNER,UNKNOWN,74.28,2.59,True,Owner,False,False,False,False,False,ok
VIPIND,INE054A01027,VIP Industries Limited,True,,owner_confirmed_individual_and_director,OWNER,UNKNOWN,42.35,0.95,True,Owner,False,False,False,False,True,ok
VMART,INE665J01013,V-Mart Retail Limited,True,,owner_confirmed_individual_and_director,OWNER,UNKNOWN,44.15,6.46,False,,False,False,False,False,True,ok
VOLTAMP,INE540H01012,Voltamp Transformers Limited,True,,owner_confirmed_individual,OWNER,UNKNOWN,30.0,30.0,True,Owner,False,False,False,False,True,ok
VRLLOG,INE366I01010,VRL Logistics Limited,True,,owner_confirmed_individual_and_director,OWNER,UNKNOWN,60.24,60.24,True,Owner,False,False,False,False,False,ok
VTL,INE825A01020,Vardhman Textiles Limited,True,,owner_confirmed_individual_and_director,OWNER,UNKNOWN,65.09,2.36,False,,False,False,False,True,True,ok
WAAREEENER,INE377N01017,Waaree Energies Limited,True,,owner_confirmed_individual_and_director,OWNER,UNKNOWN,64.19,46.57,True,Owner,False,False,True,True,True,ok
WABAG,INE956G01038,VA Tech Wabag Limited,True,,owner_confirmed_individual_and_director,OWNER,UNKNOWN,19.09,19.110000000000003,False,,False,False,False,False,True,ok
WAKEFIT,INE0E7301029,Wakefit Innovations Limited,True,,owner_confirmed_individual_and_director,OWNER,UNKNOWN,37.03,37.03,False,,False,False,False,False,True,ok
WEBELSOLAR,INE855C01023,Websol Energy System Limited,True,,owner_confirmed_individual,OWNER,UNKNOWN,29.72,8.93,False,,False,False,False,False,True,ok
WESTLIFE,INE274F01020,WESTLIFE FOODWORLD LIMITED,True,,owner_confirmed_individual_and_director,OWNER,UNKNOWN,56.36,2.45,True,Owner,False,False,False,False,True,ok
WEWORK,INE085001019,WeWork India Management Limited,True,,owner_confirmed_individual_and_director,OWNER,UNKNOWN,49.8,0.0,False,,False,False,False,False,True,ok
WIPRO,INE075A01022,Wipro Limited,True,,owner_confirmed_individual_and_director,OWNER,UNKNOWN,72.63,4.42,True,Owner,True,True,True,True,True,ok
WOCKPHARMA,INE049B01025,Wockhardt Limited,True,,owner_confirmed_individual_and_director,OWNER,UNKNOWN,49.08,0.74,True,Owner,False,False,False,True,True,ok
WSTCSTPAPR,INE976A01021,West Coast Paper Mills Limited,True,,owner_confirmed_individual,OWNER,UNKNOWN,56.58,13.46,True,Owner,False,False,False,False,False,ok
YATHARTH,INE0JO301016,Yatharth Hospital & Trauma Care Services Limited,True,,owner_confirmed_individual_and_director,OWNER,UNKNOWN,55.8,55.8,False,,False,False,False,False,True,ok
ZAGGLE,INE07K301024,Zaggle Prepaid Ocean Services Limited,True,,owner_confirmed_individual_and_director,OWNER,UNKNOWN,44.13,40.06,False,,False,False,False,False,True,ok
ZEEL,INE256A01028,,True,,owner_probable_relatives_trust,OWNER,UNKNOWN,3.99,0.49,True,Owner,False,False,False,True,True,ok
ZENSARTECH,INE520A01027,Zensar Technologies Limited,True,,owner_confirmed_individual_and_director,OWNER,UNKNOWN,49.01,0.23,True,Owner,False,False,False,True,True,ok
ZENTEC,INE251B01027,Zen Technologies Limited,True,,owner_confirmed_individual,OWNER,UNKNOWN,48.51,48.51,True,Owner,False,False,False,True,True,ok
ZYDUSLIFE,INE010B01027,Zydus Lifesciences Limited,True,,owner_confirmed_individual_and_director,OWNER,UNKNOWN,75.0,0.07,True,Owner,False,True,True,True,True,ok
ZYDUSWELL,INE768C01028,Zydus Wellness Limited,True,,owner_confirmed_individual_and_director,OWNER,UNKNOWN,69.63,0.06,False,,False,False,False,True,True,ok
,INE041025011,EMBASSY OFFICE PARKS REIT,True,,rev1_label_only_owner,OWNER,UNKNOWN,0.0,0.0,True,Owner,False,False,False,False,False,unresolvable_isin
,INE0CCU25019,MINDSPACE BUSINESS PARKS REI,True,,rev1_label_only_owner,OWNER,UNKNOWN,0.0,0.0,True,Owner,False,False,False,False,False,unresolvable_isin
,INE140A01024,PIRAMAL ENTERPRISES LTD,True,,rev1_label_only_owner,OWNER,UNKNOWN,0.0,0.0,True,Owner,False,False,False,False,False,unresolvable_isin
,INE274G01010,DHANI SERVICES LTD,True,,rev1_label_only_owner,OWNER,UNKNOWN,0.0,0.0,True,Owner,False,False,False,False,False,unresolvable_isin
,INE455F01025,JAIPRAKASH ASSOCIATES LTD,True,,rev1_label_only_owner,OWNER,UNKNOWN,0.0,0.0,True,Owner,False,False,False,False,False,unresolvable_isin
,INE752P01024,FUTURE RETAIL LTD,True,,rev1_label_only_owner,OWNER,UNKNOWN,0.0,0.0,True,Owner,False,False,False,False,False,unresolvable_isin
,INE778U01029,TCNS CLOTHING CO LTD,True,,rev1_label_only_owner,OWNER,UNKNOWN,0.0,0.0,True,Owner,False,False,False,False,False,unresolvable_isin
,INE886H01027,TV18 BROADCAST LTD,True,,rev1_label_only_owner,OWNER,UNKNOWN,0.0,0.0,True,Owner,False,False,False,False,False,unresolvable_isin
ADANIENSOL,INE931S01010,Adani Energy Solutions Limited,True,Adani,owner_confirmed_individual_and_director,OWNER,OWNER,72.73,0.01,True,Owner,False,True,True,True,True,ok
ADANIENT,INE423A01024,Adani Enterprises Limited,True,Adani,owner_confirmed_individual_and_director,OWNER,OWNER,74.67,0.02,True,Owner,True,True,True,True,True,ok
ADANIGREEN,INE364U01010,Adani Green Energy Limited,True,Adani,owner_confirmed_individual_and_director,OWNER,OWNER,62.43,0.03,True,Owner,False,True,True,True,True,ok
ADANIPORTS,INE742F01042,Adani Ports and Special Economic Zone Limited,True,Adani,owner_confirmed_individual_and_director,OWNER,OWNER,68.02,0.02,True,Owner,True,True,True,True,True,ok
ADANIPOWER,INE814H01029,Adani Power Limited,True,Adani,owner_confirmed_individual,OWNER,OWNER,74.96,0.0,True,Owner,False,True,True,True,True,ok
AMBUJACEM,INE079A01024,Ambuja Cements Limited,True,Adani,ambiguous_holding_foreign,OWNER,OWNER,67.68,0.0,True,Owner,False,True,True,True,True,ok
ATGL,INE399L01023,Adani Total Gas Limited,True,Adani,owner_confirmed_individual_and_director,OWNER,OWNER,74.8,0.06,True,Owner,False,False,True,True,True,ok
WELCORP,INE191B01025,Welspun Corp Limited,True,Adani,owner_confirmed_individual_and_director,OWNER,OWNER,49.73,0.6,True,Owner,False,False,False,True,True,ok
WELENT,INE625G01013,Welspun Enterprises Limited,True,Adani,owner_confirmed_individual_and_director,OWNER,OWNER,56.13,1.98,False,,False,False,False,False,True,ok
WELSPUNLIV,INE192B01031,Welspun Living Limited,True,Adani,owner_confirmed_individual,OWNER,OWNER,66.24,0.36,True,Owner,False,False,False,True,True,ok
ALOKINDS,INE270A01029,Alok Industries Limited,True,Ambani,ambiguous_holding_indian,OWNER,OWNER,75.0,0.0,True,Owner,False,False,False,False,True,ok
HATHWAY,INE982F01036,Hathway Cable & Datacom Limited,True,Ambani,owner_confirmed_individual,OWNER,OWNER,75.0,13.61,True,Owner,False,False,False,False,False,ok
JIOFIN,INE758E01017,Jio Financial Services Limited,True,Ambani,owner_confirmed_individual_and_director,OWNER,OWNER,47.12,0.88,True,Owner,True,True,True,True,True,ok
RELIANCE,INE002A01018,Reliance Industries Limited,True,Ambani,owner_confirmed_individual_and_director,OWNER,OWNER,50.01,1.0,True,Owner,True,True,True,True,True,ok
RELINFRA,INE036A01016,Reliance Infrastructure Limited,True,Ambani,owner_confirmed_individual_and_director,OWNER,OWNER,19.05,0.16,True,Owner,False,False,False,False,False,ok
RPOWER,INE614G01033,Reliance Power Limited,True,Ambani,owner_confirmed_individual_and_director,OWNER,OWNER,24.98,0.05,True,Owner,False,False,False,True,True,ok
BAJAJ-AUTO,INE917I01010,Bajaj Auto Limited,True,Bajaj,owner_confirmed_individual_and_director,OWNER,OWNER,54.99,7.95,True,Owner,True,True,True,True,True,ok
BAJAJCON,INE933K01021,Bajaj Consumer Care Limited,True,Bajaj,owner_confirmed_director_only,OWNER,OWNER,42.97,0.01,True,Owner,False,False,False,False,False,ok
BAJAJELEC,INE193E01025,Bajaj Electricals Limited,True,Bajaj,owner_confirmed_individual_and_director,OWNER,OWNER,62.69,16.22,False,,False,False,False,False,True,ok
BAJAJFINSV,INE918I01026,Bajaj Finserv Limited,True,Bajaj,owner_confirmed_individual_and_director,OWNER,OWNER,58.81,7.23,True,Owner,True,True,True,True,True,ok
BAJAJHFL,INE377Y01014,Bajaj Housing Finance Limited,True,Bajaj,owner_confirmed_director_only,OWNER,OWNER,86.7,0.0,False,,False,False,False,True,True,ok
BAJAJHIND,INE306A01021,Bajaj Hindusthan Sugar Limited,True,Bajaj,owner_confirmed_individual_and_director,OWNER,OWNER,13.43,4.75,True,Owner,False,False,False,False,False,ok
BAJAJHLDNG,INE118A01012,Bajaj Holdings & Investment Limited,True,Bajaj,owner_confirmed_individual_and_director,OWNER,OWNER,51.46,7.09,True,Owner,False,True,True,True,True,ok
BAJFINANCE,INE296A01032,Bajaj Finance Limited,True,Bajaj,owner_confirmed_individual_and_director,OWNER,OWNER,54.7,0.19,True,Owner,True,True,True,True,True,ok
EMIL,INE02YR01019,Electronics Mart India Limited,True,Bajaj,owner_confirmed_individual,OWNER,OWNER,65.17,65.17,True,Owner,False,False,False,False,True,ok
MAHSCOOTER,INE288A01013,Maharashtra Scooters Limited,True,Bajaj,owner_confirmed_director_only,OWNER,OWNER,51.0,0.0,False,,False,False,False,False,True,ok
MEDANTA,INE474Q01031,Global Health Limited,True,Bajaj,owner_confirmed_individual_and_director,OWNER,OWNER,33.01,43.849999999999994,True,Owner,False,False,False,True,True,ok
METROPOLIS,INE112L01020,Metropolis Healthcare Limited,True,Bajaj,owner_confirmed_individual_and_director,OWNER,OWNER,48.87,0.42,True,Owner,False,False,False,False,True,ok
NETWEB,INE0NT901020,Netweb Technologies India Limited,True,Bajaj|Lodha,owner_confirmed_individual_and_director,OWNER,OWNER,66.98,66.98,False,,False,False,False,True,True,ok
BANDHANBNK,INE545U01014,Bandhan Bank Limited,True,Bandhan (Ghosh),owner_confirmed_director_only,OWNER,OWNER,39.74,0.0,True,Owner,False,False,False,True,True,ok
ABREL,INE055A01016,Aditya Birla Real Estate Limited,True,Birla,owner_confirmed_director_only,OWNER,OWNER,50.21,0.01,True,Owner,False,False,False,True,True,ok
ABSLAMC,INE404A01024,Aditya Birla Sun Life AMC Limited,True,Birla,owner_confirmed_individual_and_director,OWNER,OWNER,74.82,0.01,True,Owner,False,False,False,True,True,ok
BSOFT,INE836A01035,BIRLASOFT LIMITED,True,Birla,owner_confirmed_director_only,OWNER,OWNER,40.51,0.21,True,Owner,False,False,False,True,True,ok
INDIACEM,INE383A01012,The India Cements Limited,True,Birla (UltraTech),owner_confirmed_director_only,OWNER,OWNER,75.0,0.0,True,Owner,False,False,False,True,True,ok
ABCAPITAL,INE674K01013,Aditya Birla Capital Limited,True,Birla|Bajaj,owner_confirmed_individual_and_director,OWNER,OWNER,68.51,0.18,True,Owner,False,False,True,True,True,ok
ABFRL,INE647O01011,Aditya Birla Fashion and Retail Limited,True,Birla|Bajaj,owner_confirmed_individual_and_director,OWNER,OWNER,46.61,0.26,True,Owner,False,False,False,True,True,ok
ABLBL,INE14LE01019,Aditya Birla Lifestyle Brands Limited,True,Birla|Bajaj,owner_confirmed_individual_and_director,OWNER,OWNER,46.6,0.27,False,,False,False,False,True,True,ok
GRASIM,INE047A01021,Grasim Industries Limited,True,Birla|Bajaj,owner_confirmed_individual_and_director,OWNER,OWNER,43.22,0.45,True,Owner,True,True,True,True,True,ok
HINDALCO,INE038A01020,Hindalco Industries Limited,True,Birla|Bajaj,owner_confirmed_individual_and_director,OWNER,OWNER,34.64,0.1699999999999999,True,Owner,True,True,True,True,True,ok
ULTRACEMCO,INE481G01011,UltraTech Cement Limited,True,Birla|Bajaj,owner_confirmed_individual_and_director,OWNER,OWNER,59.29,0.21,True,Owner,True,True,True,True,True,ok
AXISCADES,INE555B01013,AXISCADES Technologies Limited,True,Chandrasekhar (Jupiter),owner_confirmed_director_only,OWNER,OWNER,58.05,0.0,False,,False,False,False,False,True,ok
CYIENTDLM,INE055S01018,Cyient DLM Limited,True,Cyient (Mohan Reddy),owner_confirmed_director_only,OWNER,OWNER,52.12,0.0,True,Owner,False,False,False,False,False,ok
WAAREERTL,INE299N01021,Waaree Renewable Technologies Limited,True,Doshi (Waaree),owner_confirmed_director_only,OWNER,OWNER,74.32,1.06,False,,False,False,False,False,True,ok
JPPOWER,INE351F01018,Jaiprakash Power Ventures Limited,True,Gaur (Jaypee),owner_probable_relatives_trust,OWNER,OWNER,24.0,0.11,True,Owner,False,False,False,True,True,ok
CESC,INE486A01021,CESC Limited,True,Goenka (RPSG),owner_confirmed_individual_and_director,OWNER,OWNER,52.11,0.21,True,Owner,False,False,False,True,True,ok
FSL,INE684F01012,Firstsource Solutions Limited,True,Goenka (RPSG),owner_confirmed_director_only,OWNER,OWNER,53.66,0.02,True,Owner,False,False,False,True,True,ok
PCBL,INE602A01031,PCBL Chemical Limited,True,Goenka (RPSG),ambiguous_holding_indian,OWNER,OWNER,53.38,0.0,True,Owner,False,False,False,True,True,ok
SAREGAMA,INE979A01025,Saregama India Limited,True,Goenka (RPSG),owner_confirmed_director_only,OWNER,OWNER,60.39,0.88,True,Owner,False,False,False,True,True,ok
GLAND,INE068V01023,Gland Pharma Limited,True,Guo (Fosun),ambiguous_holding_foreign,OWNER,OWNER,51.83,0.0,True,Owner,False,False,False,True,True,ok
ROUTE,INE450U01017,ROUTE MOBILE LIMITED,True,Gupta (Route Mobile),ambiguous_holding_foreign,OWNER,OWNER,74.85,0.0,True,Owner,False,False,False,False,True,ok
ASHOKLEY,INE208A01029,Ashok Leyland Limited,True,Hinduja,excluded_no_natural_no_holding,OWNER,OWNER,51.51,0.01,True,Owner,False,False,True,True,True,ok
INDUSINDBK,INE095A01012,IndusInd Bank Limited,True,Hinduja,owner_confirmed_director_only,OWNER,OWNER,15.82,0.01,True,Owner,False,False,True,True,True,ok
REFEX,INE056I01025,Refex Industries Limited,True,Jain (Refex),owner_confirmed_director_only,OWNER,OWNER,55.8,0.3399999999999999,False,,False,False,False,False,True,ok
DEVYANI,INE872J01023,Devyani International Limited,True,Jindal,owner_confirmed_individual_and_director,OWNER,OWNER,61.37,4.71,True,Owner,False,False,False,True,True,ok
GALLANTT,INE297H01019,Gallantt Ispat Limited,True,Jindal,owner_confirmed_individual_and_director,OWNER,OWNER,69.83,68.95,False,,False,False,False,True,True,ok
JINDALSAW,INE324A01032,Jindal Saw Limited,True,Jindal,owner_confirmed_individual,OWNER,OWNER,63.25,1.18,True,Owner,False,False,False,True,True,ok
JINDALSTEL,INE749A01030,JINDAL STEEL LIMITED,True,Jindal,owner_confirmed_individual_and_director,OWNER,OWNER,62.69,2.1199999999999997,True,Owner,False,True,True,True,True,ok
JSL,INE220G01021,Jindal Stainless Limited,True,Jindal,owner_confirmed_individual_and_director,OWNER,OWNER,62.05,3.7,True,Owner,False,False,False,True,True,ok
JSWCEMENT,INE718I01012,JSW Cement Limited,True,Jindal,owner_confirmed_individual_and_director,OWNER,OWNER,72.33,0.76,False,,False,False,False,True,True,ok
JSWENERGY,INE121E01018,JSW Energy Limited,True,Jindal,owner_confirmed_individual_and_director,OWNER,OWNER,69.27,4.129999999999999,True,Owner,False,False,True,True,True,ok
JSWINFRA,INE880J01026,JSW Infrastructure Limited,True,Jindal,owner_confirmed_individual_and_director,OWNER,OWNER,83.62,0.21,False,,False,False,False,True,True,ok
JSWSTEEL,INE019A01038,JSW Steel Limited,True,Jindal,owner_confirmed_individual_and_director,OWNER,OWNER,45.32,0.61,True,Owner,True,True,True,True,True,ok
MAHSEAMLES,INE271B01025,Maharashtra Seamless Limited,True,Jindal,owner_confirmed_individual_and_director,OWNER,OWNER,70.28,5.42,True,Owner,False,False,False,False,True,ok
SHAREINDIA,INE932X01026,Share India Securities Limited,True,Jindal,owner_confirmed_individual_and_director,OWNER,OWNER,48.62,45.13999999999999,False,,False,False,False,False,True,ok
SIGNATURE,INE903U01023,Signatureglobal (India) Limited,True,Jindal,owner_confirmed_individual_and_director,OWNER,OWNER,69.63,52.69,False,,False,False,False,True,True,ok
VBL,INE200M01039,Varun Beverages Limited,True,Jindal,owner_confirmed_individual_and_director,OWNER,OWNER,59.44,34.36,True,Owner,False,True,True,True,True,ok
VIKRAMSOLR,INE078V01014,Vikram Solar Limited,True,Jindal,owner_confirmed_individual_and_director,OWNER,OWNER,63.01,5.069999999999999,False,,False,False,False,False,True,ok
ALIVUS,INE03Q201024,Alivus Life Sciences Limited,True,Karnavati / Searles,owner_confirmed_director_only,OWNER,OWNER,74.91,0.09,True,Owner,False,False,False,False,True,ok
NUVOCO,INE118D01016,Nuvoco Vistas Corporation Limited,True,Karnavati / Searles,owner_confirmed_individual,OWNER,OWNER,72.02,11.86,True,Owner,False,False,False,True,True,ok
SPANDANA,INE572J01011,Spandana Sphoorty Financial Limited,True,Kedaara Capital (PE-backed),ambiguous_holding_foreign,OWNER,OWNER,48.16,0.0,True,Owner,False,False,False,False,False,ok
VMM,INE01EA01019,Vishal Mega Mart Limited,True,Kedaara Capital (PE-backed),owner_confirmed_director_only,OWNER,OWNER,40.12,0.44,True,Owner,False,False,True,True,True,ok
AWL,INE699H01024,AWL Agri Business Limited,True,Kuok (Wilmar),excluded_no_natural_no_holding,OWNER,OWNER,56.94,0.0,True,Owner,False,False,False,True,True,ok
FIEMIND,INE737H01014,Fiem Industries Limited,True,Lodha,owner_confirmed_individual_and_director,OWNER,OWNER,54.52,53.87,False,,False,False,False,False,True,ok
LODHA,INE670K01029,Lodha Developers Limited,True,Lodha,owner_confirmed_director_only,OWNER,OWNER,71.85,0.03,True,Owner,False,True,True,True,True,ok
ASAHIINDIA,INE439A01020,Asahi India Glass Limited,True,Mahindra,owner_confirmed_individual,OWNER,OWNER,51.57,16.6,True,Owner,False,False,False,True,True,ok
M&M,INE101A01026,Mahindra & Mahindra Limited,True,Mahindra,owner_confirmed_individual_and_director,OWNER,OWNER,18.44,0.63,True,Owner,True,True,True,True,True,ok
M&MFIN,INE774D01024,Mahindra & Mahindra Financial Services Limited,True,Mahindra,owner_confirmed_director_only,OWNER,OWNER,52.49,0.0,True,Owner,False,False,True,True,True,ok
MAHLIFE,INE813A01018,,True,Mahindra,owner_confirmed_director_only,OWNER,OWNER,52.41,0.02,True,Owner,False,False,False,False,False,ok
SMLMAH,INE294B01019,SML Mahindra Limited,True,Mahindra,ambiguous_holding_indian,OWNER,OWNER,58.97,0.0,False,,False,False,False,False,True,ok
TECHM,INE669C01036,Tech Mahindra Limited,True,Mahindra,owner_confirmed_director_only,OWNER,OWNER,34.98,0.07,True,Owner,True,True,True,True,True,ok
AEGISLOG,INE208C01025,Aegis Logistics Limited,True,Malhotra (Aegis),excluded_no_natural_no_holding,OWNER,OWNER,58.1,5.05,True,Owner,False,False,False,True,True,ok
AEGISVOPAK,INE0INX01018,Aegis Vopak Terminals Limited,True,Malhotra (Aegis),owner_confirmed_director_only,OWNER,OWNER,86.93,0.08,False,,False,False,False,True,True,ok
BHARTIARTL,INE397D01024,Bharti Airtel Limited,True,Mittal,owner_confirmed_director_only,OWNER,OWNER,48.87,0.02,True,Owner,True,True,True,True,True,ok
BHARTIHEXA,INE343G01021,Bharti Hexacom Limited,True,Mittal,ambiguous_holding_indian,OWNER,OWNER,70.0,0.0,False,,False,False,False,True,True,ok
INDUSTOWER,INE121J01017,Indus Towers Limited,True,Mittal,owner_confirmed_director_only,OWNER,OWNER,51.03,0.0,True,Owner,False,False,True,True,True,ok
ESCORTS,INE042A01014,Escorts Kubota Limited,True,Nanda,ambiguous_mnc_jv_candidate,OWNER,OWNER,68.04,1.29,True,Owner,False,False,False,True,True,ok
PATANJALI,INE619A01035,Patanjali Foods Limited,True,Patanjali,owner_confirmed_director_only,OWNER,OWNER,68.26,0.0,True,Owner,False,False,True,True,True,ok
POONAWALLA,INE511C01022,Poonawalla Fincorp Limited,True,Poonawalla,owner_confirmed_director_only,OWNER,OWNER,63.93,0.06,True,Owner,False,False,False,True,True,ok
HAVELLS,INE176B01034,Havells India Limited,True,Rai Gupta (Havells),owner_confirmed_director_only,OWNER,OWNER,59.38,0.25,True,Owner,False,False,True,True,True,ok
PARKHOSPS,INE119201023,Park Medi World Limited,True,Rai Gupta (Havells),owner_confirmed_individual_and_director,OWNER,OWNER,82.89,82.89,False,,False,False,False,False,True,ok
PGEL,INE457L01029,PG Electroplast Limited,True,Rai Gupta (Havells),owner_confirmed_individual_and_director,OWNER,OWNER,43.41,43.58,True,Owner,False,False,False,True,True,ok
TRIDENT,INE064C01022,Trident Limited,True,Rajinder Gupta (Trident),owner_confirmed_director_only,OWNER,OWNER,73.68,0.0,True,Owner,False,False,False,True,True,ok
STYRENIX,INE189B01011,Styrenix Performance Materials Limited,True,Shiva Performance Materials (Vadodara independent),owner_confirmed_director_only,OWNER,OWNER,46.24,0.0,False,,False,False,False,False,True,ok
SHRIRAMFIN,INE721A01047,Shriram Finance Limited,True,Shriram,owner_confirmed_director_only,OWNER,OWNER,20.3,0.01,True,Owner,True,True,True,True,True,ok
GREAVESCOT,INE224A01026,Greaves Cotton Limited,True,Thapar,owner_confirmed_director_only,OWNER,OWNER,55.8,0.0,True,Owner,False,False,False,False,True,ok
HINDZINC,INE267A01025,Hindustan Zinc Limited,True,Vedanta,excluded_state_dominant,OWNER,OWNER,61.84,0.0,True,Owner,False,True,True,True,True,ok
STLTECH,INE089C01029,Sterlite Technologies Limited,True,Vedanta,owner_confirmed_individual_and_director,OWNER,OWNER,44.44,0.58,True,Owner,False,False,False,False,True,ok
VEDL,INE205A01025,Vedanta Limited,True,Vedanta,ambiguous_mnc_jv_candidate,OWNER,OWNER,56.38,0.0,True,Owner,False,True,True,True,True,ok
BBTC,INE050A01025,The Bombay Burmah Trading Corporation Limited,True,Wadia,owner_confirmed_individual,OWNER,OWNER,74.05,10.05,True,Owner,False,False,False,True,True,ok
BOMDYEING,INE032A01023,Bombay Dyeing & Mfg Company Limited,True,Wadia,owner_confirmed_individual,OWNER,OWNER,53.57,2.28,True,Owner,False,False,False,False,False,ok
BRITANNIA,INE216A01030,Britannia Industries Limited,True,Wadia,ambiguous_mnc_jv_candidate,OWNER,OWNER,50.55,0.01,True,Owner,False,True,True,True,True,ok
3MINDIA,INE470A01017,3M India Limited,False,,excluded_no_natural_no_holding,NOT_OWNER,UNKNOWN,75.0,0.0,True,MNC,False,False,False,True,True,ok
AADHARHFC,INE883F01010,Aadhar Housing Finance Limited,False,,excluded_no_natural_no_holding,NOT_OWNER,PROFESSIONAL,64.9,0.41,False,,False,False,False,True,True,ok
AAVAS,INE216P01012,Aavas Financiers Limited,False,,owner_confirmed_director_only,NOT_OWNER,PROFESSIONAL,48.95,0.93,True,Professional,False,False,False,True,True,ok
ABB,INE117A01022,ABB India Limited,False,,ambiguous_holding_foreign,NOT_OWNER,UNKNOWN,75.0,0.0,True,MNC,False,True,True,True,True,ok
ABBOTINDIA,INE358A01014,Abbott India Limited,False,,ambiguous_holding_foreign,NOT_OWNER,UNKNOWN,74.99,0.0,True,MNC,False,False,False,True,True,ok
AKZOINDIA,INE133A01011,Akzo Nobel India Limited,False,,ambiguous_holding_indian,NOT_OWNER,UNKNOWN,61.2,0.0,False,,False,False,False,True,True,ok
AXISBANK,INE238A01034,,False,,excluded_no_natural_no_holding,NOT_OWNER,UNKNOWN,8.14,0.0,True,Professional,True,True,True,True,True,ok
BALMLAWRIE,INE164A01016,,False,,excluded_no_natural_no_holding,NOT_OWNER,UNKNOWN,0.0,0.0,True,State,False,False,False,False,False,ok
BANKBARODA,INE028A01039,Bank of Baroda,False,,excluded_state_dominant,NOT_OWNER,STATE,63.97,0.0,True,State,False,True,True,True,True,ok
BANKINDIA,INE084A01016,Bank of India,False,,excluded_state_dominant,NOT_OWNER,STATE,73.38,0.0,True,State,False,False,True,True,True,ok
BATAINDIA,INE176A01028,Bata India Limited,False,,excluded_no_natural_no_holding,NOT_OWNER,UNKNOWN,50.16,0.0,True,MNC,False,False,False,True,True,ok
BAYERCROP,INE462A01022,Bayer Cropscience Limited,False,,ambiguous_holding_indian,NOT_OWNER,UNKNOWN,68.7,0.0,True,MNC,False,False,False,True,True,ok
BBOX,INE676A01027,Black Box Limited,False,,excluded_no_natural_no_holding,NOT_OWNER,UNKNOWN,70.49,1.6,False,,False,False,False,False,True,ok
BDL,INE171Z01026,Bharat Dynamics Limited,False,,excluded_state_dominant,NOT_OWNER,STATE,74.93,0.0,True,State,False,False,True,True,True,ok
BEL,INE263A01024,Bharat Electronics Limited,False,,excluded_state_dominant,NOT_OWNER,STATE,51.14,0.0,True,State,True,True,True,True,True,ok
BEML,INE258A01024,BEML Limited,False,,excluded_state_dominant,NOT_OWNER,STATE,54.03,0.0,True,State,False,False,False,True,True,ok
BHEL,INE257A01026,Bharat Heavy Electricals Limited,False,,excluded_state_dominant,NOT_OWNER,STATE,58.17,0.0,True,State,False,False,True,True,True,ok
BLUEDART,INE233B01017,Blue Dart Express Limited,False,,excluded_no_natural_no_holding,NOT_OWNER,UNKNOWN,75.0,0.0,False,,False,False,False,True,True,ok
BOSCHLTD,INE323A01026,Bosch Limited,False,,ambiguous_holding_foreign,NOT_OWNER,UNKNOWN,70.54,0.0,True,MNC,False,True,True,True,True,ok
BPCL,INE029A01011,Bharat Petroleum Corporation Limited,False,,excluded_state_dominant,NOT_OWNER,STATE,52.98,0.0,True,State,False,True,True,True,True,ok
BSE,INE118H01025,BSE LTD,False,,rev1_label_only_professional,NOT_OWNER,UNKNOWN,0.0,0.0,True,Professional,False,False,True,True,True,phase4_failed_xbrl
CAMS,INE596I01020,,False,,owner_confirmed_director_only,OWNER_WEAK,UNKNOWN,0.0,0.22,True,Professional,False,False,False,True,True,ok
CANBK,INE476A01022,Canara Bank,False,,excluded_state_dominant,NOT_OWNER,STATE,62.93,0.0,True,State,False,True,True,True,True,ok
CANFINHOME,INE477A01020,Can Fin Homes Limited,False,,owner_confirmed_director_only,NOT_OWNER,STATE,29.99,0.0,True,State,False,False,False,True,True,ok
CANHLIFE,INE01TY01017,Canara HSBC Life Insurance Company Limited,False,,owner_confirmed_director_only,NOT_OWNER,STATE,62.0,0.0,False,,False,False,False,True,True,ok
CARTRADE,INE290S01011,,False,,owner_confirmed_director_only,OWNER_WEAK,UNKNOWN,0.0,2.89,True,Professional,False,False,False,True,True,ok
CASTROLIND,INE172A01027,Castrol India Limited,False,,excluded_no_natural_no_holding,NOT_OWNER,UNKNOWN,51.0,0.0,True,MNC,False,False,False,True,True,ok
CDSL,INE736A01011,Central Depository Services (India) Limited,False,,owner_confirmed_director_only,NOT_OWNER,PROFESSIONAL,15.0,0.0,True,Professional,False,False,False,True,True,ok
CEMPRO,INE686A01026,Cemindia Projects Limited,False,,excluded_no_natural_no_holding,NOT_OWNER,UNKNOWN,67.46,0.0,True,MNC,False,False,False,True,True,ok
CENTRALBK,INE483A01010,Central Bank of India,False,,excluded_state_dominant,NOT_OWNER,STATE,89.27,0.0,True,State,False,False,False,True,True,ok
CHENNPETRO,INE178A01016,Chennai Petroleum Corporation Limited,False,,excluded_state_dominant,NOT_OWNER,STATE,67.29,0.0,True,State,False,False,False,True,True,ok
CIEINDIA,INE536H01010,CIE Automotive India Limited,False,,excluded_no_natural_no_holding,NOT_OWNER,UNKNOWN,65.7,0.81,True,MNC,False,False,False,False,True,ok
CIGNITITEC,INE675C01017,Cigniti Technologies Limited,False,,ambiguous_holding_indian,NOT_OWNER,UNKNOWN,54.0,0.0,False,,False,False,False,False,True,ok
CMSINFO,INE925R01014,,False,,owner_confirmed_director_only,OWNER_WEAK,UNKNOWN,0.0,6.5,True,Professional,False,False,False,False,True,ok
COALINDIA,INE522F01014,Coal India Limited,False,,excluded_state_dominant,NOT_OWNER,STATE,63.13,0.0,True,State,True,True,True,True,True,ok
COCHINSHIP,INE704P01025,Cochin Shipyard Limited,False,,excluded_state_dominant,NOT_OWNER,STATE,67.91,0.0,True,State,False,False,True,True,True,ok
COFORGE,INE591G01025,,False,,owner_confirmed_director_only,OWNER_WEAK,UNKNOWN,0.0,0.22,True,MNC,False,False,True,True,True,ok
COHANCE,INE03QK01018,Cohance Lifesciences Limited,False,,ambiguous_holding_foreign,NOT_OWNER,UNKNOWN,57.49,0.0,True,Professional,False,False,False,True,True,ok
COLPAL,INE259A01022,Colgate Palmolive (India) Limited,False,,ambiguous_holding_foreign,NOT_OWNER,UNKNOWN,51.0,0.0,True,MNC,False,False,True,True,True,ok
CONCOR,INE111A01025,Container Corporation of India Limited,False,,excluded_state_dominant,NOT_OWNER,STATE,54.8,0.0,True,State,False,False,True,True,True,ok
CRAMC,INE218I01013,Canara Robeco Asset Management Company Limited,False,,ambiguous_holding_foreign,NOT_OWNER,STATE,75.0,0.0,False,,False,False,False,False,True,ok
CREDITACC,INE741K01010,CREDITACCESS GRAMEEN LIMITED,False,,excluded_no_natural_no_holding,NOT_OWNER,UNKNOWN,66.28,0.03,True,Professional,False,False,False,True,True,ok
CRISIL,INE007A01025,CRISIL Limited,False,,excluded_no_natural_no_holding,NOT_OWNER,UNKNOWN,66.64,0.06,False,,False,False,False,True,True,ok
CROMPTON,INE299U01018,,False,,owner_confirmed_director_only,OWNER_WEAK,UNKNOWN,0.0,0.18,True,Professional,False,False,False,True,True,ok
CSBBANK,INE679A01013,CSB Bank Limited,False,,ambiguous_holding_foreign,NOT_OWNER,UNKNOWN,40.0,0.0,True,Professional,False,False,False,False,True,ok
CUB,INE491A01021,,False,,owner_confirmed_director_only,OWNER_WEAK,UNKNOWN,0.0,2.61,True,Professional,False,False,False,True,True,ok
CUMMINSIND,INE298A01020,Cummins India Limited,False,,excluded_no_natural_no_holding,NOT_OWNER,UNKNOWN,51.0,0.0,True,MNC,False,True,True,True,True,ok
DCBBANK,INE503A01015,DCB Bank Limited,False,,owner_confirmed_director_only,NOT_OWNER,PROFESSIONAL,16.24,0.17,True,Professional,False,False,False,False,True,ok
DELHIVERY,INE148O01028,,False,,owner_confirmed_director_only,OWNER_WEAK,UNKNOWN,0.0,4.56,True,Professional,False,False,False,True,True,ok
ENGINERSIN,INE510A01028,Engineers India Limited,False,,excluded_state_dominant,NOT_OWNER,STATE,51.32,0.0,True,State,False,False,False,True,True,ok
ENRIN,INE1NPP01017,Siemens Energy India Limited,False,,ambiguous_holding_foreign,NOT_OWNER,UNKNOWN,75.0,0.0,False,,False,True,True,True,True,ok
EPL,INE255A01020,EPL Limited,False,,owner_confirmed_director_only,NOT_OWNER,MNC,26.38,0.23,True,MNC,False,False,False,False,True,ok
EQUITASBNK,INE063P01018,,False,,owner_confirmed_director_only,OWNER_WEAK,UNKNOWN,0.0,0.34,True,Professional,False,False,False,False,True,ok
ETERNAL,INE758T01015,,False,,owner_confirmed_director_only,OWNER_WEAK,UNKNOWN,0.0,4.53,True,Professional,True,True,True,True,True,ok
EUREKAFORB,INE0KCE01017,Eureka Forbes Limited,False,,ambiguous_holding_foreign,NOT_OWNER,UNKNOWN,62.56,0.0,False,,False,False,False,False,True,ok
FACT,INE188A01015,Fertilizers and Chemicals Travancore Limited,False,,excluded_state_dominant,NOT_OWNER,STATE,90.0,0.0,True,State,False,False,False,True,True,ok
FEDERALBNK,INE171A01029,,False,,owner_confirmed_director_only,OWNER_WEAK,UNKNOWN,0.0,0.09,True,Professional,False,False,True,True,True,ok
FEDFINA,INE007N01010,Fedbank Financial Services Limited,False,,owner_confirmed_director_only,NOT_OWNER,PROFESSIONAL,60.81,0.28,False,,False,False,False,False,True,ok
FINOPB,INE02NC01014,,False,,owner_confirmed_director_only,NOT_OWNER,STATE,75.0,0.02,True,Professional,False,False,False,False,False,ok
FORTIS,INE061F01013,Fortis Healthcare Limited,False,,ambiguous_holding_foreign,NOT_OWNER,UNKNOWN,31.17,0.0,True,MNC,False,False,True,True,True,ok
GAIL,INE129A01019,GAIL (India) Limited,False,,excluded_state_dominant,NOT_OWNER,STATE,51.88,0.0,True,State,False,True,True,True,True,ok
GICRE,INE481Y01014,General Insurance Corporation of India,False,,excluded_state_dominant,NOT_OWNER,STATE,82.4,0.0,True,State,False,False,False,True,True,ok
GILLETTE,INE322A01010,Gillette India Limited,False,,owner_confirmed_director_only,NOT_OWNER,MNC,75.0,0.0,True,MNC,False,False,False,True,True,ok
GLAXO,INE159A01016,GlaxoSmithKline Pharmaceuticals Limited,False,,excluded_no_natural_no_holding,NOT_OWNER,UNKNOWN,75.0,0.0,False,,False,False,False,True,True,ok
GMDCLTD,INE131A01031,Gujarat Mineral Development Corporation Limited,False,,excluded_state_dominant,NOT_OWNER,UNKNOWN,74.0,0.0,True,state,False,False,False,True,True,ok
GNFC,INE113A01013,Gujarat Narmada Valley Fertilizers and Chemicals Limited,False,,ambiguous_holding_indian,NOT_OWNER,STATE,41.3,0.0,True,State,False,False,False,False,True,ok
GPPL,INE517F01014,Gujarat Pipavav Port Limited,False,,owner_confirmed_director_only,NOT_OWNER,MNC,44.01,0.0,True,MNC,False,False,False,False,True,ok
GRSE,INE382Z01011,Garden Reach Shipbuilders & Engineers Limited,False,,excluded_state_dominant,NOT_OWNER,STATE,74.5,0.0,True,State,False,False,False,True,True,ok
GSFC,INE026A01025,Gujarat State Fertilizers & Chemicals Limited,False,,owner_confirmed_director_only,NOT_OWNER,STATE,37.84,0.0,True,State,False,False,False,False,True,ok
GSPL,INE246F01010,Gujarat State Petronet Limited,False,,ambiguous_holding_indian,NOT_OWNER,STATE,37.63,0.0,True,State,False,False,False,True,True,ok
GUJALKALI,INE186A01019,,False,,ambiguous_holding_indian,NOT_OWNER,STATE,47.28,0.0,True,State,False,False,False,False,False,ok
GUJGASLTD,INE844O01030,,False,,ambiguous_holding_indian,NOT_OWNER,STATE,60.89,0.0,True,State,False,False,False,False,False,ok
GVT&D,INE200A01026,GE Vernova T&D India Limited,False,,owner_confirmed_director_only,NOT_OWNER,MNC,51.0,0.0,False,,False,False,True,True,True,ok
HAL,INE066F01020,Hindustan Aeronautics Limited,False,,excluded_state_dominant,NOT_OWNER,STATE,71.64,0.0,True,State,False,True,True,True,True,ok
HCG,INE075I01017,Healthcare Global Enterprises Limited,False,,ambiguous_mnc_jv_candidate,NOT_OWNER,PROFESSIONAL,64.21,9.86,False,,False,False,False,False,True,ok
HDBFS,INE756I01012,HDB Financial Services Limited,False,,owner_confirmed_director_only,NOT_OWNER,PROFESSIONAL,74.15,0.16,False,,False,False,False,True,True,ok
HDFCAMC,INE127D01025,HDFC Asset Management Company Limited,False,,owner_confirmed_director_only,NOT_OWNER,PROFESSIONAL,52.38,0.19,True,Professional,False,True,True,True,True,ok
HDFCBANK,INE040A01034,,False,,owner_confirmed_director_only,OWNER_WEAK,UNKNOWN,0.0,0.2,True,Professional,True,True,True,True,True,ok
HDFCLIFE,INE795G01014,HDFC Life Insurance Company Limited,False,,owner_confirmed_director_only,NOT_OWNER,PROFESSIONAL,50.21,0.06,True,Professional,True,True,True,True,True,ok
HEMIPROP,INE0AJG01018,Hemisphere Properties India Limited,False,,excluded_state_dominant,NOT_OWNER,STATE,51.12,0.0,False,,False,False,False,False,True,ok
HEXT,INE093A01041,Hexaware Technologies Limited,False,,excluded_no_natural_no_holding,NOT_OWNER,UNKNOWN,74.3,0.48,False,,False,False,False,True,True,ok
HINDCOPPER,INE531E01026,Hindustan Copper Limited,False,,excluded_state_dominant,NOT_OWNER,STATE,66.14,0.0,True,State,False,False,False,True,True,ok
HINDPETRO,INE094A01015,Hindustan Petroleum Corporation Limited,False,,owner_confirmed_director_only,NOT_OWNER,STATE,54.9,0.0,True,State,False,False,True,True,True,ok
HINDUNILVR,INE030A01027,Hindustan Unilever Limited,False,,excluded_no_natural_no_holding,NOT_OWNER,UNKNOWN,61.9,0.01,True,MNC,True,True,True,True,True,ok
HOMEFIRST,INE481N01025,,False,,owner_confirmed_director_only,OWNER_WEAK,UNKNOWN,6.99,0.99,True,Professional,False,False,False,True,True,ok
HONAUT,INE671A01010,Honeywell Automation India Limited,False,,ambiguous_holding_foreign,NOT_OWNER,UNKNOWN,75.0,0.0,True,MNC,False,False,False,True,True,ok
HUDCO,INE031A01017,Housing & Urban Development Corporation Limited,False,,excluded_state_dominant,NOT_OWNER,STATE,75.0,0.0,True,State,False,False,True,True,True,ok
HYUNDAI,INE0V6F01027,Hyundai Motor India Limited,False,,excluded_no_natural_no_holding,NOT_OWNER,UNKNOWN,82.5,0.0,True,MNC,False,True,True,True,True,ok
ICICIAMC,INE346A01027,ICICI Prudential Asset Management Company Limited,False,,excluded_no_natural_no_holding,NOT_OWNER,PROFESSIONAL,87.59,0.0,False,,False,False,True,True,True,ok
ICICIBANK,INE090A01021,,False,,owner_confirmed_director_only,OWNER_WEAK,UNKNOWN,0.0,0.05,True,Professional,True,True,True,True,True,ok
ICICIGI,INE765G01017,ICICI Lombard General Insurance Company Limited,False,,owner_confirmed_director_only,NOT_OWNER,PROFESSIONAL,51.31,0.05,True,Professional,False,False,True,True,True,ok
ICICIPRULI,INE726G01019,ICICI Prudential Life Insurance Company Limited,False,,owner_confirmed_director_only,NOT_OWNER,PROFESSIONAL,72.88,0.0,True,Professional,False,False,False,True,True,ok
IDBI,INE008A01015,IDBI Bank Limited,False,,excluded_state_dominant,NOT_OWNER,STATE,94.71,0.0,True,State,False,False,False,True,True,ok
IDFCFIRSTB,INE092T01019,,False,,owner_confirmed_director_only,NOT_OWNER,STATE,0.0,0.83,True,Professional,False,False,True,True,True,ok
IEX,INE022Q01020,,False,,owner_confirmed_director_only,OWNER_WEAK,UNKNOWN,0.0,0.04,True,Professional,False,False,False,True,True,ok
IFCI,INE039A01010,IFCI Limited,False,,excluded_state_dominant,NOT_OWNER,STATE,72.57,0.0,True,State,False,False,False,True,True,ok
IGIL,INE0Q9301021,International Gemmological Institute (India) Limited,False,,excluded_no_natural_no_holding,NOT_OWNER,PROFESSIONAL,76.55,0.0,False,,False,False,False,True,True,ok
IGL,INE203G01027,Indraprastha Gas Limited,False,,ambiguous_holding_indian,NOT_OWNER,STATE,45.0,0.0,True,State,False,False,False,True,True,ok
INDHOTEL,INE053A01029,The Indian Hotels Company Limited,False,,owner_confirmed_director_only,NOT_OWNER,PROFESSIONAL,38.12,0.01,True,Professional,False,True,True,True,True,ok
INDIANB,INE562A01011,Indian Bank,False,,excluded_state_dominant,NOT_OWNER,STATE,73.84,0.0,True,State,False,False,True,True,True,ok
IOB,INE565A01014,Indian Overseas Bank,False,,excluded_state_dominant,NOT_OWNER,STATE,92.44,0.0,True,State,False,False,False,True,True,ok
IOC,INE242A01010,Indian Oil Corporation Limited,False,,excluded_state_dominant,NOT_OWNER,STATE,51.5,0.0,True,State,False,True,True,True,True,ok
IRCON,INE962Y01021,Ircon International Limited,False,,excluded_state_dominant,NOT_OWNER,STATE,65.17,0.0,True,State,False,False,False,True,True,ok
IRCTC,INE335Y01020,Indian Railway Catering And Tourism Corporation Limited,False,,excluded_state_dominant,NOT_OWNER,STATE,62.4,0.0,True,State,False,False,True,True,True,ok
IREDA,INE202E01016,Indian Renewable Energy Development Agency Limited,False,,excluded_state_dominant,NOT_OWNER,STATE,71.76,0.0,False,,False,False,True,True,True,ok
IRFC,INE053F01010,Indian Railway Finance Corporation Limited,False,,excluded_state_dominant,NOT_OWNER,STATE,84.65,0.0,True,State,False,True,True,True,True,ok
ITC,INE154A01025,,False,,owner_confirmed_director_only,OWNER_WEAK,UNKNOWN,0.0,0.02,True,Professional,True,True,True,True,True,ok
ITCHOTELS,INE379A01028,ITC Hotels Limited,False,,owner_confirmed_director_only,NOT_OWNER,PROFESSIONAL,39.85,0.02,False,,False,False,False,True,True,ok
ITI,INE248A01017,ITI Limited,False,,excluded_state_dominant,NOT_OWNER,STATE,90.02,0.0,True,State,False,False,False,True,True,ok
J&KBANK,INE168A01041,The Jammu & Kashmir Bank Limited,False,,excluded_state_dominant,NOT_OWNER,UNKNOWN,59.4,0.0,True,State,False,False,False,True,True,ok
JBCHEPHARM,INE572A01036,JB Chemicals & Pharmaceuticals Limited,False,,owner_confirmed_director_only,NOT_OWNER,PROFESSIONAL,48.78,0.0,True,Professional,False,False,False,True,True,ok
JSFB,INE953L01027,Jana Small Finance Bank Limited,False,,owner_confirmed_director_only,NOT_OWNER,PROFESSIONAL,21.85,0.68,False,,False,False,False,False,True,ok
KANSAINER,INE531A01024,Kansai Nerolac Paints Limited,False,,ambiguous_holding_foreign,NOT_OWNER,UNKNOWN,74.98,0.0,True,MNC,False,False,False,False,True,ok
KFINTECH,INE138Y01010,Kfin Technologies Limited,False,,ambiguous_holding_foreign,NOT_OWNER,UNKNOWN,22.87,0.0,True,Professional,False,False,False,True,True,ok
KIOCL,INE880L01014,,False,,excluded_state_dominant,NOT_OWNER,STATE,99.03,0.0,True,State,False,False,False,False,False,ok
KTKBANK,INE614B01018,,False,,excluded_no_natural_no_holding,NOT_OWNER,UNKNOWN,0.0,0.0,True,Professional,False,False,False,False,True,ok
LGEINDIA,INE324D01010,LG Electronics India Limited,False,,excluded_no_natural_no_holding,NOT_OWNER,UNKNOWN,85.0,0.0,False,,False,False,True,True,True,ok
LICHSGFIN,INE115A01026,LIC Housing Finance Limited,False,,excluded_no_natural_no_holding,NOT_OWNER,UNKNOWN,45.24,0.0,True,State,False,False,True,True,True,ok
LICI,INE0J1Y01017,Life Insurance Corporation Of India,False,,excluded_state_dominant,NOT_OWNER,STATE,96.5,0.0,True,State,False,False,False,True,True,ok
LINDEINDIA,INE473A01011,Linde India Limited,False,,ambiguous_holding_foreign,NOT_OWNER,UNKNOWN,75.0,0.0,True,MNC,False,False,False,True,True,ok
LT,INE018A01030,,False,,owner_confirmed_director_only,OWNER_WEAK,UNKNOWN,0.0,0.08,True,Professional,True,True,True,True,True,ok
LTF,INE498L01015,L&T Finance Limited,False,,owner_confirmed_director_only,NOT_OWNER,PROFESSIONAL,66.03,0.03,True,Professional,False,False,True,True,True,ok
LTM,INE214T01019,LTM Limited,False,,owner_confirmed_director_only,NOT_OWNER,PROFESSIONAL,68.53,0.1,True,Professional,False,True,True,True,True,ok
LTTS,INE010V01017,L&T Technology Services Limited,False,,owner_confirmed_director_only,NOT_OWNER,PROFESSIONAL,73.58,0.49,True,Professional,False,False,False,True,True,ok
MAHABANK,INE457A01014,Bank of Maharashtra,False,,excluded_state_dominant,NOT_OWNER,STATE,73.6,0.0,True,State,False,False,False,True,True,ok
MARUTI,INE585B01010,Maruti Suzuki India Limited,False,,excluded_no_natural_no_holding,NOT_OWNER,UNKNOWN,58.28,0.0,True,MNC,True,True,True,True,True,ok
MAZDOCK,INE249Z01020,Mazagon Dock Shipbuilders Limited,False,,excluded_state_dominant,NOT_OWNER,STATE,81.22,0.0,True,State,False,True,True,True,True,ok
MCX,INE745G01043,JHUNJHUNWALA RAKESH RADHESHYAM,False,,excluded_no_natural_no_holding,NOT_OWNER,UNKNOWN,0.0,0.0,True,Professional,False,False,True,True,True,ok
MGL,INE002S01010,Mahanagar Gas Limited,False,,excluded_state_dominant,NOT_OWNER,STATE,32.5,0.0,True,State,False,False,False,True,True,ok
MIDHANI,INE099Z01011,Mishra Dhatu Nigam Limited,False,,excluded_state_dominant,NOT_OWNER,STATE,74.0,0.0,True,State,False,False,False,False,True,ok
MMTC,INE123F01029,MMTC Limited,False,,excluded_state_dominant,NOT_OWNER,STATE,89.93,0.0,True,State,False,False,False,True,True,ok
MOIL,INE490G01020,MOIL Limited,False,,excluded_state_dominant,NOT_OWNER,STATE,64.68,0.0,True,State,False,False,False,False,True,ok
MPHASIS,INE356A01018,MphasiS Limited,False,,owner_confirmed_director_only,NOT_OWNER,PROFESSIONAL,30.59,0.21,True,Professional,False,False,True,True,True,ok
MRPL,INE103A01014,Mangalore Refinery and Petrochemicals Limited,False,,owner_confirmed_director_only,NOT_OWNER,STATE,88.58,0.0,True,State,False,False,False,True,True,ok
MSTCLTD,INE255X01014,Mstc Limited,False,,excluded_state_dominant,NOT_OWNER,STATE,64.75,0.0,True,State,False,False,False,False,True,ok
NAM-INDIA,INE298J01013,Nippon Life India Asset Management Limited,False,,excluded_no_natural_no_holding,NOT_OWNER,UNKNOWN,72.05,0.09,True,MNC,False,False,False,True,True,ok
NATIONALUM,INE139A01034,National Aluminium Company Limited,False,,excluded_state_dominant,NOT_OWNER,STATE,51.28,0.0,True,State,False,False,True,True,True,ok
NBCC,INE095N01031,NBCC (India) Limited,False,,excluded_state_dominant,NOT_OWNER,STATE,61.75,0.0,True,State,False,False,False,True,True,ok
NESTLEIND,INE239A01024,Nestle India Limited,False,,excluded_no_natural_no_holding,NOT_OWNER,UNKNOWN,62.76,0.0,True,MNC,True,True,True,True,True,ok
NETWORK18,INE870H01013,Network18 Media & Investments Limited,False,,owner_confirmed_director_only,NOT_OWNER,PROFESSIONAL,56.89,0.0,True,Professional,False,False,False,False,True,ok
NFL,INE870D01012,National Fertilizers Limited,False,,excluded_state_dominant,NOT_OWNER,STATE,74.71,0.0,True,State,False,False,False,False,True,ok
NHPC,INE848E01016,NHPC Limited,False,,excluded_state_dominant,NOT_OWNER,STATE,67.4,0.0,True,State,False,False,True,True,True,ok
NIACL,INE470Y01017,The New India Assurance Company Limited,False,,excluded_state_dominant,NOT_OWNER,STATE,85.44,0.0,True,State,False,False,False,True,True,ok
NIVABUPA,INE995S01015,Niva Bupa Health Insurance Company Limited,False,,excluded_no_natural_no_holding,NOT_OWNER,UNKNOWN,55.36,0.92,False,,False,False,False,True,True,ok
NLCINDIA,INE589A01014,NLC India Limited,False,,excluded_state_dominant,NOT_OWNER,STATE,72.2,0.0,True,State,False,False,False,True,True,ok
NMDC,INE584A01023,NMDC Limited,False,,excluded_state_dominant,NOT_OWNER,STATE,60.79,0.0,True,State,False,False,True,True,True,ok
NSLNISP,INE0NNS01018,NMDC Steel Limited,False,,excluded_state_dominant,NOT_OWNER,STATE,60.79,0.0,True,State,False,False,False,True,True,ok
NTPC,INE733E01010,NTPC Limited,False,,excluded_state_dominant,NOT_OWNER,STATE,51.1,0.0,True,State,True,True,True,True,True,ok
NUVAMA,INE531F01023,Nuvama Wealth Management Limited,False,,excluded_no_natural_no_holding,NOT_OWNER,UNKNOWN,54.2,0.0,False,,False,False,False,True,True,ok
OFSS,INE881D01027,Oracle Financial Services Software Limited,False,,excluded_no_natural_no_holding,NOT_OWNER,UNKNOWN,72.46,0.18,True,MNC,False,False,True,True,True,ok
OIL,INE274J01014,Oil India Limited,False,,excluded_state_dominant,NOT_OWNER,STATE,56.66,0.0,True,State,False,False,True,True,True,ok
ONGC,INE213A01029,Oil & Natural Gas Corporation Limited,False,,excluded_state_dominant,NOT_OWNER,STATE,58.89,0.0,True,State,True,True,True,True,True,ok
ORKLAINDIA,INE16NZ01023,Orkla India Limited,False,,excluded_no_natural_no_holding,NOT_OWNER,UNKNOWN,75.0,0.01,False,,False,False,False,False,True,ok
PAYTM,INE982J01020,,False,,owner_confirmed_director_only,OWNER_WEAK,UNKNOWN,0.0,9.28,True,Professional,False,False,True,True,True,ok
PETRONET,INE347G01014,Petronet LNG Limited,False,,owner_confirmed_director_only,NOT_OWNER,STATE,50.0,0.0,True,State,False,False,False,True,True,ok
PFC,INE134E01011,Power Finance Corporation Limited,False,,excluded_state_dominant,NOT_OWNER,STATE,55.99,0.0,True,State,False,True,True,True,True,ok
PFIZER,INE182A01018,Pfizer Limited,False,,excluded_no_natural_no_holding,NOT_OWNER,UNKNOWN,63.92,0.0,True,MNC,False,False,False,True,True,ok
PGHH,INE179A01014,,False,,ambiguous_holding_foreign,NOT_OWNER,MNC,70.64,0.0,True,MNC,False,False,False,False,False,ok
PGHL,INE199A01012,,False,,ambiguous_holding_foreign,NOT_OWNER,MNC,51.82,0.0,True,MNC,False,False,False,False,False,ok
PNB,INE160A01022,Punjab National Bank,False,,excluded_state_dominant,NOT_OWNER,STATE,70.08,0.0,True,State,False,True,True,True,True,ok
PNBHOUSING,INE572E01012,PNB Housing Finance Limited,False,,owner_confirmed_director_only,NOT_OWNER,PROFESSIONAL,28.04,0.01,True,Professional,False,False,False,True,True,ok
POLICYBZR,INE417T01026,,False,,owner_confirmed_director_only,OWNER_WEAK,UNKNOWN,0.0,5.15,True,Professional,False,False,True,True,True,ok
POWERGRID,INE752E01010,Power Grid Corporation of India Limited,False,,excluded_state_dominant,NOT_OWNER,STATE,51.34,0.0,True,State,True,True,True,True,True,ok
POWERINDIA,INE07Y701011,Hitachi Energy India Limited,False,,excluded_no_natural_no_holding,NOT_OWNER,UNKNOWN,71.31,0.0,True,MNC,False,False,True,True,True,ok
PSB,INE608A01012,,False,,excluded_state_dominant,NOT_OWNER,STATE,93.85,0.0,True,State,False,False,False,False,False,ok
PTC,INE877F01012,PTC India Limited,False,,ambiguous_holding_indian,NOT_OWNER,STATE,16.22,0.0,True,State,False,False,False,False,True,ok
RAILTEL,INE0DD101019,Railtel Corporation Of India Limited,False,,excluded_state_dominant,NOT_OWNER,STATE,72.84,0.0,True,State,False,False,False,True,True,ok
RALLIS,INE613A01020,Rallis India Limited,False,,ambiguous_holding_indian,NOT_OWNER,PROFESSIONAL,55.08,0.0,False,,False,False,False,False,True,ok
RBA,INE07T201019,Restaurant Brands Asia Limited,False,,owner_confirmed_director_only,NOT_OWNER,PROFESSIONAL,11.26,0.32,True,Professional,False,False,False,False,True,ok
RBLBANK,INE976G01028,,False,,owner_confirmed_director_only,OWNER_WEAK,UNKNOWN,0.0,0.08,True,Professional,False,False,False,True,True,ok
RCF,INE027A01015,Rashtriya Chemicals and Fertilizers Limited,False,,excluded_state_dominant,NOT_OWNER,STATE,75.0,0.0,True,State,False,False,False,False,True,ok
RECLTD,INE020B01018,REC Limited,False,,owner_confirmed_director_only,NOT_OWNER,STATE,52.63,0.0,True,State,False,True,True,True,True,ok
REDINGTON,INE891D01026,,False,,owner_confirmed_director_only,OWNER_WEAK,UNKNOWN,0.0,0.03,True,MNC,False,False,False,True,True,ok
RELIGARE,INE621H01010,Religare Enterprises Limited,False,,owner_confirmed_director_only,NOT_OWNER,PROFESSIONAL,26.27,0.0,True,Professional,False,False,False,False,True,ok
RENUKA,INE087H01022,Shree Renuka Sugars Limited,False,,excluded_no_natural_no_holding,NOT_OWNER,UNKNOWN,62.48,0.03,True,MNC,False,False,False,False,True,ok
RHIM,INE743M01012,RHI MAGNESITA INDIA LIMITED,False,,excluded_no_natural_no_holding,NOT_OWNER,UNKNOWN,56.07,0.01,True,MNC,False,False,False,True,True,ok
RITES,INE320J01015,RITES Limited,False,,excluded_state_dominant,NOT_OWNER,STATE,72.2,0.0,True,State,False,False,False,True,True,ok
RVNL,INE415G01027,Rail Vikas Nigam Limited,False,,excluded_state_dominant,NOT_OWNER,STATE,72.84,0.0,True,State,False,False,True,True,True,ok
SAGILITY,INE0W2G01015,SAGILITY LIMITED,False,,ambiguous_holding_foreign,NOT_OWNER,UNKNOWN,50.95,0.0,False,,False,False,False,True,True,ok
SAIL,INE114A01011,Steel Authority of India Limited,False,,excluded_state_dominant,NOT_OWNER,STATE,65.0,0.0,True,State,False,False,True,True,True,ok
SAMMAANCAP,INE148I01020,,False,,owner_confirmed_director_only,OWNER_WEAK,UNKNOWN,0.0,0.36,True,Owner,False,False,False,True,True,ok
SANOFI,INE058A01010,,False,,ambiguous_holding_foreign,NOT_OWNER,MNC,60.4,0.0,True,MNC,False,False,False,False,False,ok
SAPPHIRE,INE806T01020,Sapphire Foods India Limited,False,,owner_confirmed_director_only,NOT_OWNER,PROFESSIONAL,26.07,0.5,True,Professional,False,False,False,True,True,ok
SBFC,INE423Y01016,SBFC Finance Limited,False,,excluded_no_natural_no_holding,NOT_OWNER,UNKNOWN,52.82,3.52,True,Professional,False,False,False,True,True,ok
SBICARD,INE018E01016,SBI Cards and Payment Services Limited,False,,owner_confirmed_director_only,NOT_OWNER,STATE,68.58,0.0,True,State,False,False,True,True,True,ok
SBILIFE,INE123W01016,SBI Life Insurance Company Limited,False,,owner_confirmed_director_only,NOT_OWNER,STATE,55.34,0.0,True,State,True,True,True,True,True,ok
SBIN,INE062A01020,State Bank of India,False,,excluded_state_dominant,NOT_OWNER,STATE,55.5,0.0,True,State,True,True,True,True,True,ok
SCHAEFFLER,INE513A01022,Schaeffler India Limited,False,,excluded_no_natural_no_holding,NOT_OWNER,UNKNOWN,74.13,0.0,True,MNC,False,False,False,True,True,ok
SCHNEIDER,INE839M01018,Schneider Electric Infrastructure Limited,False,,owner_confirmed_director_only,NOT_OWNER,MNC,75.0,0.0,True,MNC,False,False,False,True,True,ok
SCI,INE109A01011,Shipping Corporation Of India Limited,False,,excluded_state_dominant,NOT_OWNER,STATE,63.75,0.0,True,State,False,False,False,True,True,ok
SIEMENS,INE003A01024,Siemens Limited,False,,excluded_no_natural_no_holding,NOT_OWNER,UNKNOWN,75.0,0.0,True,MNC,False,True,True,True,True,ok
SJVN,INE002L01015,SJVN Limited,False,,excluded_state_dominant,NOT_OWNER,STATE,81.85,0.0,True,State,False,False,False,True,True,ok
SKFINDIA,INE640A01023,SKF India Limited,False,,excluded_no_natural_no_holding,NOT_OWNER,UNKNOWN,52.58,0.0,True,MNC,False,False,False,False,True,ok
SKFINDUS,INE2J8701016,SKF India (Industrial) Limited,False,,ambiguous_holding_foreign,NOT_OWNER,UNKNOWN,52.58,0.0,False,,False,False,False,False,True,ok
SOUTHBANK,INE683A01023,,False,,excluded_no_natural_no_holding,NOT_OWNER,UNKNOWN,0.0,0.0,True,Professional,False,False,False,False,True,ok
SUMICHEM,INE258G01013,Sumitomo Chemical India Limited,False,,excluded_no_natural_no_holding,NOT_OWNER,UNKNOWN,75.0,0.0,False,,False,False,False,True,True,ok
SWIGGY,INE00H001014,,False,,owner_confirmed_director_only,OWNER_WEAK,UNKNOWN,0.0,5.62,True,Professional,False,False,True,True,True,ok
TATACAP,INE976I01016,Tata Capital Limited,False,,owner_confirmed_director_only,NOT_OWNER,PROFESSIONAL,85.41,0.18,False,,False,True,True,True,True,ok
TATACHEM,INE092A01019,Tata Chemicals Limited,False,,owner_confirmed_director_only,NOT_OWNER,PROFESSIONAL,37.98,0.0,True,Professional,False,False,False,True,True,ok
TATACOMM,INE151A01013,Tata Communications Limited,False,,owner_confirmed_director_only,NOT_OWNER,PROFESSIONAL,58.86,0.0,True,Professional,False,False,True,True,True,ok
TATACONSUM,INE192A01025,TATA CONSUMER PRODUCTS LIMITED,False,,owner_confirmed_director_only,NOT_OWNER,PROFESSIONAL,33.84,0.01,True,Professional,True,True,True,True,True,ok
TATAELXSI,INE670A01012,Tata Elxsi Limited,False,,owner_confirmed_director_only,NOT_OWNER,PROFESSIONAL,43.9,0.0,True,Professional,False,False,True,True,True,ok
TATAINVEST,INE672A01026,Tata Investment Corporation Limited,False,,owner_confirmed_director_only,NOT_OWNER,PROFESSIONAL,73.38,0.07,False,,False,False,True,True,True,ok
TATAPOWER,INE245A01021,Tata Power Company Limited,False,,owner_confirmed_director_only,NOT_OWNER,PROFESSIONAL,46.86,0.02,True,Professional,False,True,True,True,True,ok
TATASTEEL,INE081A01020,Tata Steel Limited,False,,owner_confirmed_director_only,NOT_OWNER,PROFESSIONAL,33.19,0.02,True,Professional,True,True,True,True,True,ok
TATATECH,INE142M01025,Tata Technologies Limited,False,,owner_confirmed_director_only,NOT_OWNER,PROFESSIONAL,55.21,0.0,False,,False,False,False,True,True,ok
TCS,INE467B01029,Tata Consultancy Services Limited,False,,owner_confirmed_director_only,NOT_OWNER,PROFESSIONAL,71.77,0.01,True,Professional,True,True,True,True,True,ok
TEJASNET,INE010J01012,Tejas Networks Limited,False,,owner_confirmed_director_only,NOT_OWNER,PROFESSIONAL,53.46,0.2,True,Professional,False,False,False,True,True,ok
TENNIND,INE19RI01016,Tenneco Clean Air India Limited,False,,ambiguous_holding_foreign,NOT_OWNER,UNKNOWN,74.79,0.0,False,,False,False,False,True,True,ok
THELEELA,INE0AQ201015,Leela Palaces Hotels & Resorts Limited,False,,ambiguous_holding_foreign,NOT_OWNER,UNKNOWN,75.91,0.0,False,,False,False,False,True,True,ok
THOMASCOOK,INE332A01027,Thomas Cook  (India)  Limited,False,,excluded_no_natural_no_holding,NOT_OWNER,UNKNOWN,63.83,0.09,False,,False,False,False,False,True,ok
THYROCARE,INE594H01019,Thyrocare Technologies Limited,False,,owner_confirmed_director_only,NOT_OWNER,PROFESSIONAL,60.92,0.14,False,,False,False,False,False,True,ok
TIMKEN,INE325A01013,Timken India Limited,False,,excluded_no_natural_no_holding,NOT_OWNER,UNKNOWN,51.05,0.0,True,MNC,False,False,False,True,True,ok
TITAN,INE280A01028,Titan Company Limited,False,,excluded_state_dominant,NOT_OWNER,PROFESSIONAL,52.9,0.02,True,Professional,True,True,True,True,True,ok
TMB,INE668A01016,,False,,owner_confirmed_director_only,OWNER_WEAK,UNKNOWN,0.0,2.12,True,Professional,False,False,False,False,True,ok
TMCV,INE1TAE01010,Tata Motors Limited,False,,owner_confirmed_director_only,NOT_OWNER,PROFESSIONAL,42.56,0.03,False,,False,True,True,True,True,ok
TMPV,INE155A01022,Tata Motors Passenger Vehicles Limited,False,,owner_confirmed_director_only,NOT_OWNER,PROFESSIONAL,42.56,0.03,True,Professional,True,True,True,True,True,ok
TRENT,INE849A01020,Trent Limited,False,,owner_confirmed_director_only,NOT_OWNER,PROFESSIONAL,37.01,0.27,True,Professional,True,True,True,True,True,ok
TTML,INE517B01013,Tata Teleservices (Maharashtra) Limited,False,,owner_confirmed_director_only,NOT_OWNER,PROFESSIONAL,74.36,0.0,True,Professional,False,False,False,True,True,ok
UBL,INE686F01025,United Breweries Limited,False,,ambiguous_mnc_jv_candidate,NOT_OWNER,UNKNOWN,70.83,8.08,True,MNC,False,False,False,True,True,ok
UCOBANK,INE691A01018,UCO Bank,False,,excluded_state_dominant,NOT_OWNER,STATE,90.95,0.0,True,State,False,False,False,True,True,ok
UJJIVANSFB,INE551W01018,,False,,owner_confirmed_director_only,OWNER_WEAK,UNKNOWN,0.0,0.07,True,Professional,False,False,False,False,True,ok
UNIONBANK,INE692A01016,Union Bank of India,False,,excluded_state_dominant,NOT_OWNER,STATE,74.76,0.0,True,State,False,True,True,True,True,ok
UNITDSPR,INE854D01024,United Spirits Limited,False,,ambiguous_mnc_jv_candidate,NOT_OWNER,UNKNOWN,56.67,0.01,True,MNC,False,True,True,True,True,ok
UTIAMC,INE094J01016,,False,,owner_confirmed_director_only,OWNER_WEAK,UNKNOWN,0.0,0.06,True,Professional,False,False,False,True,True,ok
UTKARSHBNK,INE735W01017,,False,,owner_confirmed_director_only,NOT_OWNER,PROFESSIONAL,42.67,0.06,True,abb,False,False,False,False,False,ok
VIYASH,INE807F01027,Viyash Scientific Limited,False,,excluded_no_natural_no_holding,NOT_OWNER,UNKNOWN,61.41,3.2,False,,False,False,False,False,True,ok
VOLTAS,INE226A01021,Voltas Limited,False,,ambiguous_holding_indian,NOT_OWNER,PROFESSIONAL,30.3,0.0,True,Professional,False,False,True,True,True,ok
WHIRLPOOL,INE716A01013,Whirlpool of India Limited,False,,owner_confirmed_director_only,NOT_OWNER,MNC,39.76,0.0,True,MNC,False,False,False,True,True,ok
YESBANK,INE528G01035,,False,,excluded_no_natural_no_holding,NOT_OWNER,UNKNOWN,0.0,0.0,True,Professional,False,False,True,True,True,ok
ZFCVINDIA,INE342J01019,ZF Commercial Vehicle Control Systems India Limited,False,,excluded_no_natural_no_holding,NOT_OWNER,UNKNOWN,60.0,0.01,True,MNC,False,False,False,True,True,ok
,INE001A01036,HOUSING DEVELOPMENT FINANCE,False,,rev1_label_only_professional,NOT_OWNER,UNKNOWN,0.0,0.0,True,Professional,False,False,False,False,False,unresolvable_isin
,INE043D01016,IDFC LTD,False,,rev1_label_only_professional,NOT_OWNER,UNKNOWN,0.0,0.0,True,Professional,False,False,False,False,False,unresolvable_isin
,INE0BWS23018,ALTIUS TELECOM INFRASTRUCTUR,False,,rev1_label_only_professional,NOT_OWNER,UNKNOWN,0.0,0.0,True,Professional,False,False,False,False,False,unresolvable_isin
,INE0FDU25010,BROOKFIELD INDIA REAL ESTATE,False,,rev1_label_only_mnc,NOT_OWNER,UNKNOWN,0.0,0.0,True,MNC,False,False,False,False,False,unresolvable_isin
,INE0GGX23010,POWERGRID INFRASTRUCTURE INV,False,,rev1_label_only_state,NOT_OWNER,UNKNOWN,0.0,0.0,True,State,False,False,False,False,False,unresolvable_isin
,INE0NDH25011,NEXUS SELECT TRUST,False,,rev1_label_only_professional,NOT_OWNER,UNKNOWN,0.0,0.0,True,Professional,False,False,False,False,False,unresolvable_isin
,INE334L01012,UJJIVAN FINANCIAL SERVICES L,False,,rev1_label_only_professional,NOT_OWNER,UNKNOWN,0.0,0.0,True,Professional,False,False,False,False,False,unresolvable_isin
,INE493A01027,TATA COFFEE LTD,False,,rev1_label_only_professional,NOT_OWNER,UNKNOWN,0.0,0.0,True,Professional,False,False,False,False,False,unresolvable_isin
,INE763G01038,ICICI SECURITIES LTD,False,,rev1_label_only_professional,NOT_OWNER,UNKNOWN,0.0,0.0,True,Professional,False,False,False,False,False,unresolvable_isin
IDEA,INE669E01016,Vodafone Idea Limited,False,Birla,excluded_state_dominant,NOT_OWNER,STATE,25.64,0.09,True,State,False,False,True,True,True,ok
