symbol,company_name,isin,owner_flag,owner_flag_final,owner_flag_final_hybrid,yaml_classification,yaml_matched_detail,judge,in_rev1,rev1_category,rev1_company_name,promoter_total_pct,natural_pct_sum,hufi_pct,dir_pct,kmp_pct,rel_pct,trust_pct,other_indian_pct,other_foreign_pct,foreign_non_govt_pct,govt_pct,ai_review_needed,owner_flag_ai,ai_confidence,ai_reasoning,promoter_names_full_list
3PLAND,,INE105C01023,owner_confirmed_individual_and_director,OWNER,OWNER,UNKNOWN,,rev1_outside,False,,,73.3,5.16,5.16,0.0,0.0,0.0,0.0,68.14,0.0,0.0,0.0,False,,,,YASHVARDHAN JATIA TRUST- TRUSTEES-ARUNKUMAR MAHABIRPRASAD JATIA AND GAUTAM N JAJODIA|VRINDA JATIA TRUST-TRUSTEES-ARUNKUMAR MAHABIRPRASAD JATIA AND GAUTAM N JAJODIA|VASUDHA JATIA TRUST-TRUSTEES-ARUNKUMAR MAHABIRPRASAD JATIA AND GAUTAM N JAJODIA|THACKER AND COMPANY LIMITED|SUMA COMMERCIAL PRIVATE LIMITED|QUALITY TISSUE CONVERTING COMPANY PRIVATE LIMITED|PUDUMJEE PAPER PRODUCTS LIMITED|MOSSMARK LLP|MAHABIRPRASAD JATIA FAMILY TRUST|DIPPER HEALTH CARE PRIVATE LIMITED|CHEM MACH PRIVATE LIMITED|BIODEGRADABLE PRODUCTS INDIA LIMITED|ARUN JATIA HUF|AMJ REALTY LIMITED|AMJ LAND HOLDINGS LIMITED|AMJ LAND DEVELOPERS|VRINDA JATIA|VASUDA JATIA|YASHVARDHAN JATIA|ARUNKUMAR MAHABIR PRASAD JATIA
5PAISA,,INE618L01018,owner_confirmed_individual_and_director,OWNER,OWNER,UNKNOWN,,rev1_outside,False,,,32.78,33.09,32.27,0.0,0.03,0.79,0.0,0.51,0.0,0.0,0.0,False,,,,Orpheus Trading Private Limited|Ardent Impex Private Limited|Venkataraman Rajamani|Nirmal Bhanwarlal Jain|Mansukhlal Jain & Pritesh Mehta (in their capacity as Trustee of Nirmal Madhu Family Private Trust)|Madhu N Jain|Harshita Nirmal Jain|Aditi Avinash Athavankar (in the capacity as Trustee of Kalki Family Private Trust)|Aditi Athavankar
A2ZINFRA,,INE619I01012,owner_confirmed_individual_and_director,OWNER,OWNER,UNKNOWN,,rev1_outside,False,,,28.14,15.56,15.54,0.02,0.0,0.0,0.0,12.61,0.0,0.0,0.0,False,,,,MESTRIC CONSULTANTS PRIVATE LIMITED|DEVDHAR TRADING AND CONSULTANTS PVT. LTD.|PRIYA GOEL|DIPALI MITTAL|AMIT MITTAL
AARTIPHARM,,INE0LRU01027,owner_confirmed_individual_and_director,OWNER,OWNER,UNKNOWN,,rev1_outside,False,,,43.1,28.53,28.35,0.01,0.0,0.0,0.0,14.58,0.0,0.0,0.01,False,,,,Valiant Organics Limited|TULIP FAMILY TRUST (Gloire Trusteeship Services Private Limited)|Safechem Enterprises Private Limited|ORCHID FAMILY TRUST(Relacion Trusteeship Services Private Limited)|Nikhil Holdings Private Limited|MANOMAYA BUSINESS TRUST(Alabhya Trusteeship Private Limited)|LOTUS FAMILY TRUST(Gloire Trusteeship Services Private Limited)|LABDHI BUSINESS TRUST(Saswat Trusteeship Private Limited)|JASMINE FAMILY TRUST(Relacion Trusteeship Services Private Limited)|Heena Family Private Trust(Barclays Wealth Trustees India Private Limited)|Gogri Finserv Pvt. Ltd.|Dilesh Roadlines Pvt Ltd|Bhavna Family Private Trust(Barclays Wealth Trustees India Pvt Ltd)|Anushakti Enterprise Private Limited|Alchemie Finserv Pvt. Ltd.|Alchemie Financial Services Limited|AASHYAV BUSINESS TRUST(Alabhya Trusteeship Private Limited)|Bhanu Pradip Savla|Tarla Parimal Desai|Shreya Suneja|Shantilal Tejshi Shah Huf[Karta-Nehal Garewal]|Sarla Shantilal Shah|Renil Rajendra Gogri|Ratanben Premji Gogri|Rashesh Chandrakant Gogri|Rajendra Vallabhaji Gogri (Huf)[Karta-Rajendra Vallabhaji Gogri]|Rajendra Vallabhaji Gogri|Prasadi Yogesh Banatwala|Pooja Renil Gogri|Parimal Hasmukhlal Desai|Nikhil Parimal Desai|Nehal Garewal|Monisha Bhatia|Mirik Rajendra Gogri|Manisha Rashesh Gogri|Mananjay Singh Garewal|Krisha Yogesh Nahar|Jayesh Shah|Jaya Chandrakant Gogri|Indira Madan Dedhia|Hetvi Rohan Ghalla|Hetal Gogri Gala|Heena Bhatia|Gunavanti Navin Shah|Dinesh Devchand Ghalla|Chandrakant Vallabhaji Gogri|Bhavna Shah Lalka|Arti Rajendra Gogri|Aashay Rashesh Gogri|Aarnav Rashesh Gogri
ABDL,,INE552Z01027,owner_confirmed_individual_and_director,OWNER,OWNER,UNKNOWN,,rev1_outside,False,,,80.91,77.6,77.6,0.0,0.0,0.0,0.0,3.31,0.0,0.0,0.0,False,,,,Woodpecker Properties Private Limited|Woodpecker Investments Private Limited|Tripureshwari Properties Private Limited|Tracstar Investments Private Limited|Tracstar Distilleries Private Limited|Sureshwar Realtors Private Limited|Starvoice Trading Private Limited|Starvoice Properties Private Limited|Starvoice Investments Private Limited|Someswar Realtors Private Limited|Shree Emati Investment Private Limited|Sangmeshwar Realtors Private Limited|S T Holdings Private Limited|Royal Spirits Private Limited|Resham Family Trust|Rayonyarns Import Company Private Limited|Ranibai Realtors Private Limited|Rajaram Properties Private Limited|Raja Radios - Proprietorship concern|Power Brands Enterprises India Private Limited|Oriental Radios Pvt Ltd|Officers Choice Spirits Private Limited|Netravathi Estates Private Limited|Neesha Family Trust|Nebraska Enterprises Private Limited|Matangi Realtors Private Limited|Marleshwar Properties Private Limited|Marengo Trading And Properties Private Limited|Marengo Investment & Trading Company Private Limited|Manoharlal Realtors Private Limited|Madhvi Properties Private Limited|Luminary Properties Private Limited|Lajwanti Properties Private Limited|Lachmandas Properties Private Limited|Krabon Enterprises Private Limited|Kedareshwar Properties Private Limited|Kartik Finance And Investments Private Limited|Karbon Enterprises Private Limited|Kapardi Finvest Private Limited|Kamla Realtors Private Limited|Jive Properties And Trading Company Private Limited|Iconiq Spirits India Private Limited|Iconiq Brands India Private Limited|Giribala Properties Private Limited|Dropadi Estates Private Limited|Borank Ventures LLP|Borank Enterprises Private Limited|Bina Chhabria Enterprises Private Limited|Benco Properties Private Limited|Ballet Properties And Trading Private Limited|BKC Trading Private Limited|BKC Family Trust – II|BKC Family Trust – I|BKC Estates Private Limited|BKC Enterprises Private Limited|BKC Dwellings Private Limited|BKC Abode Private Limited|BDA Private Limited|Ashoka Liquors Private Limited|Amar Ghanasingh (Partnership Concern)|ABD Realtors Private Limited|ABD Homes Private Limited|ABD Estates Private Limited|A. G. Hospitality|Shyam Luthria|Resham Chhabria J Hemdev|Rajni K Chhabria|Preeti Shah|Om Jeetendra Hemdev|Neesha Kishore Chhabria|Kishore Rajaram Chhabria|Jeetendra A Hemdev|Bina Kishore Chhabria|Anju Amar Hemdev|Amar Ghanasingh Hemdev
ABLBL,,INE14LE01019,owner_confirmed_individual_and_director,OWNER,OWNER,OWNER,"OWNER=[KUMAR MANGALAM BIRLA(Birla),Birla Group Holdings(Birla),Bajaj(Bajaj)]",rev1_outside,False,,,46.6,0.27,0.2,0.07,0.0,0.0,0.0,46.4,0.0,0.0,0.0,False,,,,Pilani Investment And Industries|Igh Holdings Private Limited|Hindalco Industries Limited|Grasim Industries Ltd|ECE Industries|Birla Industrial Investments India Limited|Birla Industrial Finance  India Limited|Birla Group Holdings Private Limited|Birla Consultants Limited|Abnl Investment Limited|Vasavadatta Bajaj|Rajashree Birla|Neerja Birla|Kumar Mangalam Birla|Aditya Vikram Kumarmangalam Birla HUF|ARYAMAN VIKRAM BIRLA
ACMESOLAR,,INE622W01025,owner_confirmed_individual_and_director,OWNER,OWNER,UNKNOWN,,rev1_outside,False,,,83.29,0.0,0.0,0.0,0.0,0.0,0.0,83.29,0.0,0.0,0.0,False,,,,Yogesh Power Private Limited|VRS INFOTECH PVT LTD (Nominee of ACSPL)|Upadhyay Financial Ventures LLP|Upadhyay Family Trust|Sunworld Innovations Private Limited|Shakrish Healthcare LLP|Scoria Power Private Limited|Sampkarya Services Private Limited|SMSW Lab & Research Centre LLP|Renewtech Real Estate Private Limited|Moolchand Industrial Estate Private Limited|Mahisagar Power Private Limited|MKU HOLDINGS PVT LTD (Nominee of ACSPL)|Dubey Energy Private Limited|Dayanidhi Realty Private Limited|Banola Power Private Limited|ACME Wind Power (TENKASI) Pvt. Ltd. (formerly known as Reliance Big Pvt Ltd)|ACME Wind Power (TENKASI) One Pvt. Ltd. (formerly known as Reliance Infrastructure Consulting and Engineers Pvt Ltd)|ACME NU Technologies Private Limited|ACME NU Renewables Private Limited|ACME NU Industries Private Limited|ACME NU Energy Storage Solution Private Limited|ACME Greentech Urja Private Limited|ACME Greentech Foods Private Limited|ACME Green Metals Private Limited|ACME Green Hydrogen and Chemicals Private Ltd|ACME Green Hydrogen Two Private Limited|ACME Green Hydrogen One Private Limited|ACME Global Green Hydrogen Private Limited|ACME Delta Urja Private Limited|ACME Clean Energy Private Limited|ACME CLEANTECH SOLUTIONS PVT LTD|ACME Akshay Energy Private Limited|Sustainable Superfoods (UK) Pvt Ltd|Oman Green Solutions (UK) Pvt Ltd|Oman Green Hydrogen & Chemicals (UK) Pvt Ltd|Gulf Energy Tech FZE|Green Hydrogen and Chemicals SAOC|ESF Equipment Trading FZCO|CleanTech Solutions LLC|Acme Tele Power (Mauritius) Pvt Ltd|Acme GreenTech Ventures FZCO|ACME Services (Tanzania) Limited|ACME GreenTech Ventures LLC|ACME GreenTech Ventures Americas Inc.|ACME Green Hydrogen One LLC|ACME Green Hydrogen & Chemicals (UK) Pvt Ltd|ACME Cleantech Ventures (UK) Pvt Ltd|Namrata Mishra|Shel Kumari|Ram Bilash Mishra|Pratima Mishra|Pragya Mishra|Neelam Pandey|Medha Upadhyay|MANOJ KUMAR UPADHYAY (Nominee of ACSPL)|MAMTA UPADHYAY (Nominee of ACSPL)|Krishna Milan Upadhyay|Bhawana Mishra|Aum Upadhyay
ADVENZYMES,,INE837H01020,owner_confirmed_individual_and_director,OWNER,OWNER,UNKNOWN,,rev1_outside,False,,,43.04,38.59,1.95,1.7,0.16,0.39,0.0,0.0,6.7,6.7,0.0,False,,,,Atharva Green Ecotech LLP|Advenza Global Limited|Vasant and Prabha Rathi Generation Trust|Vasant  Rathi|Reshma Namita Rathi|Rasika Vasant Rathi|Rachana Vasant Rathi|Prabhavati Vasant Rathi|Sunil Ramdayal Attal|Snehal Shamsunder Soni|Shruti Sharad Dhamdhere|Savita Chandrakumar Rathi|Radhika Ashish Pujara|Pratik Prakash Kokane|Pramila Shamsunder Soni|Piyush Chandrakumar Rathi|Payal Akshay Kulkarni|Megha  Jhawar|Madhusudan Kabra|Kishor Laxminarayan Rathi HUF|Kishor Laxminarayan Rathi|Jayesh Madhusudan Soni|Dhanyakumar Kishor Gadiya|Chandrakumar Laxminarayan Rathi|Mukund Madhusudan Kabra
AEQUS,,INE947N01017,owner_confirmed_individual_and_director,OWNER,OWNER,UNKNOWN,,rev1_outside,False,,,59.08,0.69,0.28,0.11,0.03,0.0,0.0,14.98,43.55,43.55,0.0,False,,,,Naveen Developers and Builders|Nandi Estate Developers and Builders|Melligeri Private Family Foundation ( Melligeri Family Trustee Services Private Limited)|MFRE Properties Private Trust|MFO Advisory Services LLP|Let’s Service Automotive Technologies Private Limited|Jayaalaxmi Mineral Private Limited|The Melligeri Foundation|Melligeri Investments LLC|Melligeri Family Trust|Melligeri Family Irrevocable Trust|Mayflower Investments LLC|MFRE Texas Holdings LLC|MFRE Taris LLC|Ask Air Lease LLC|Arabian Private Adventure Co. LLC|Aequs Manufacturing Investments Private Limited|Aequs Inc|Nikhil Aravind Melligeri|Megha Aravind Melligeri|Aravind Shivaputrappa Melligeri|Akkamahadevi Aravind Melligeri|Akhil Aravind Melligeri|VIJAYA BASAVRAJ SUGANDHI|VENKATESH SHIVAPUTRAPPA MELLIGERI|LEELA B NAIKAR|JAGADISH  MELLIGERI|BASAVANT APPANNA PATIL|BABASAHEB APPANA PATIL
AFCONS,,INE101I01011,owner_confirmed_individual_and_director,OWNER,OWNER,UNKNOWN,,rev1_outside,False,,,50.17,0.07,0.0,0.07,0.0,0.0,0.0,50.17,0.0,0.0,0.0,False,,,,Western Trading|West Star Finance And Investments Private Limited|West Coast Liquid Terminal Private Limited|Volkart Fleming Shipping and Services Limited|United Motors (India) Private Limited|Trend Setter Realty Private Limited|Synapse Motors Private Limited|Sunny Recreational Property Developers Private Limited|Sundock Investment Private Limited|Stonebricks Property Development Private Limited|Stonebricks Developers Private Limited|Sterling and Wilson Security Systems Private Limited|Sterling and Wilson Property Developers Private Limited|Sterling and Wilson Private Limited|Sterling and Wilson Jindun Consortium|Sterling and Wilson Enel X e-Mobility Private Limited|Sterling Viking Power Private Limited|Sterling Motors|Sterling Investment Corporation Private Limited|Sterling Green Power Solutions Private Limited|Sterling And Wilson Co-Gen Solutions Private Limited|Steppe Developers Private Limited|Space Square Developers Private Limited|Sovereign Pharma Private Limited|Simar Port Private Limited|Silver Stream Realty Private Limited|Silver Streak Investments Private Limited|Shayrus Ventures Private Limited|Shatranj Properties Private Limited|Sharus Steel Products Private Limited|Shapoorji Pallonjii Pandoh Takoli Highways Private Limited|Shapoorji Pallonji Water & Enviro Infra Private Limited|Shapoorji Pallonji Rural Solutions Private Limited|Shapoorji Pallonji Projects Private Limited|Shapoorji Pallonji Ports Private Limited|Shapoorji Pallonji Oil and Gas Godavari Private Limited|Shapoorji Pallonji Metamix Private Limited|Shapoorji Pallonji Investment Advisors Private Limited|Shapoorji Pallonji Infrastructure Capital Company Private Limited|Shapoorji Pallonji Homes Private Limited|Shapoorji Pallonji Forbes Shipping Private Limited|Shapoorji Pallonji Finance Private Limited|Shapoorji Pallonji Estate Developers Private Limited|Shapoorji Pallonji Energy Private Limited|Shapoorji Pallonji Energy Integrated Solutions Private Limited|Shapoorji Pallonji Energy (Gujarat) Private Limited|Shapoorji Pallonji ESG Assets Private Limited|Shapoorji Pallonji Development Managers Private Limited|Shapoorji Pallonji Defence and Marine Engineering Private Limited|Shapoorji Pallonji Cement (Gujarat) Private Limited|Shapoorji Pallonji And Company Private Limited|Shapoorji Pallonji And Co - KIPL Sewerage|Shapoorji Pallonji And Co - KIPL JV|Shapoorji Hotels Private Limited|Shapoorji Data Processing Private Limited|Shapoorji - AECOS Construction Private Limited|Shachin Real Estates Private Limited|Seaward Realty Private Limited|Satori Property Developers Private Limited|Sashwat Energy Private Limited|Samalpatti Power Company Private Limited|Sagar Premi Builders and Developers Private Limited|SP-NMJ Project Private Limited|SP Trading|SP Port Maintenance Private Limited|SP Imperial Star Private Limited|SP Finance Private Limited|SP Aluminium Systems Private Limited|SP Advanced Engineering Materials Private Limited|SMCM Holdings Private Limited|S.P. Engineering Services Pte. Ltd.|S. D. Town Development Private Limited|S. C. Motors|S. C. Impex Private Limited|S P Fabricators Private Limited|S P Architectural Coatings Private Limited|S D Recreational Services Private Limited|S D Powai Redevelopment Private Limited|S D Corporation Holdings Private Limited|S C Motors Private Limited|S C Finance and Investments Private Limited|S & C Corporation|Roxanna Consultancy Services Private Limited|Rihand Floating Solar Private Limited|Renaissance Commerce Private Limited|Range Consultants Private Limited|Ramili Investments Private Limited|Porteast Investment  Private  Limited|Pallonji Shapoorji And Company Private Limited|Ostendo Consultancy Services Private Limited|Ogbridge Investment Private Limited|Nuevo Consultancy Services Private Limited|Next Gen Publishing Private Limited|Newtech Planners & Consultancy Services Private Limited|Neil Properties Private Limited|Nandadevi Infrastructure Private Limited|Mydream Properties Private Limited|Mistry Ventures LLP|Mistry Advanced Nutrition Centre Private Limited|Mirth Property Developers Private Limited|Minaean Habitat India Private Limited|Mileage Properties Private Limited|Mazson Builders and Developers Private Limited|Manor Stud Farm Private Limited|Manjri Horse Breeders’ Farm Private Limited|Mangalesh Ventures Private Limited|Magpie Finance Private Limited|Kutch Sea Water Desalination Private Limited|Kanpur River Management Private Limited|Jaykali Developers Private Limited|Intellus Investment Private Limited|Hix Trading|Hermes Commerce Private Limited|Hampus Consultancy Services Private Limited|Green Lawn Finance and Investments Private Limited|Greatdesign Realty Private Limited|Greatbuild Realty Private Limited|Goswami Infratech Private Limited|Gokak Textiles Limited|Gokak Power & Energy Limited|Gir Somnath Desalination Private Limited|Gallops Developers Private Limited|G.S. Enterprises|Forvol International Services Limited|Forbes Technosys Limited|Forbes Precision Tools and Machine Parts Limited|Forbes Macsa Private Limited|Forbes Cambell Finance Limited|Forbes & Company Limited|Flotilla Finance Private Limited|Floreat Investments Private Limited|Floral Finance Private Limited|Flooraise Developers Private Limited|Flamboyant Developers Private Limited|Filippa Farms Private Limited|Fayland Estates Private Limited|Evangelos Ventures Private Limited|Elfbridge Investment Private Limited|Elaine Renewable Energy Private Limited|Egni Generation Private Limited|ESP Port Solutions Private Limited|ESP Diabolical Private Limited|Dwarka Sea Water Desalination Private Limited|Dhan Gaming Solution (India) Private Limited|Devine Realty and Construction Private Limited|Delna Finance and Investments Private Limited|Day Star Trading Private Limited|Cyrus Investments Private Limited|Cyrus Engineers Private Limited|Cyrus Chemicals Private Limited|Capespan Investment Private Limited|Campbell Properties and Hospitality Services Limited|Callidora Farms Private Limited|CPM Nexgen Ventures LLP|Buildglobe Infrastructure Private Limited|Buildbazaar Technologies (India) Private Limited|Blue Ribbon Finance & Investments Private Limited|Blue Riband Properties Private Limited|Blue Arrow Finance Company Private Limited|Blessing Properties Private Limited|Bhavnagar Desalination Private Limited|Bengal Shapoorji Infrastructure Development Private Limited|Belva Farms Private Limited|Behold Space Developers Private Limited|Bangalore Streetlighting Private Limited|Balgad Power Company Private Limited|Awesome Properties Private Limited|Aurinko Energy Private Limited|Atnu Solar Private Limited|Arna Immuno Ingredients Private Limited|Arina Solar Private Limited|Arena Stud Farm Private Limited|Archaic Properties Private Limited|Anand Agencies Private Limited|Alkimos Consultancy Services Private Limited|Advance Tech Energy Additives Private Limited|Acreage Farms Private Limited|Ace Richesse (India) Private Limited|Abhipreet Trading Private Limited|Surya Power One (Pvt) Ltd.|Sunrise Energy (Pvt) Ltd.|Sunrays Power One (Pvt) Ltd.|Sun Energy One (Pvt) Ltd.|Sterling and Wilson RDC SAS|Sterling and Wilson Powergen FZE|Sterling and Wilson Power Systems Inc.|Sterling and Wilson Nigeria Limited|Sterling and Wilson Nigeria FZE|Sterling and Wilson Middle East WLL|Sterling and Wilson Middle East Electromechanical (Bahrain) WLL|Sterling and Wilson International FZE|Sterling and Wilson Industrial Safety and Power Solutions Sole Proprietorship LLC (formerly Sterling and Wilson Power Solutions LLC)|Sterling and Wilson Cogen Solutions LLC|Sterling and Wilson Cogen Solutions AG|Sterling and Wilson Australia Pty. Limited|Shapoorji Pallonji UK Ltd|Shapoorji Pallonji Technologies FZE|Shapoorji Pallonji Qatar WLL|Shapoorji Pallonji Properties LLC|Shapoorji Pallonji Nigeria Limited|Shapoorji Pallonji Nigeria FZE|Shapoorji Pallonji Mideast L.L.C.|Shapoorji Pallonji Malta Limited|Shapoorji Pallonji Libya Company For General Construction|Shapoorji Pallonji Lanka (Pvt) Ltd|Shapoorji Pallonji Kazakhstan LLC|Shapoorji Pallonji International FZE|Shapoorji Pallonji International FZC|Shapoorji Pallonji Ghana Ltd.|Shapoorji Pallonji General Trading For Construction Company WLL|Shapoorji Pallonji Facility Management Service Company Limited|Shapoorji Pallonji Europe Ltd.|Shapoorji Pallonji Egypt LLC|Shapoorji Pallonji Do Brasil Energy Ltda.|Shapoorji Pallonji Consulting Services DMCC|Shapoorji Pallonji 98/2 Company Pte. Ltd.|Shapoorji Holdings Limited|Sarl SP Algeria|STC Power S.R.L.|SPM 5 Investment L.L.C|SPI Nowa Energia SP. Z.O.O|SPCL Holdings Pte. Limited|SP Sierra Joint Venture (Pvt) Ltd|SP Properties Holdings Limited|SP Lanka Properties Private Limited|SP International Property Developers LLC|SP International|S.P. Oil & Gas Malaysia Sdn. Bhd.|S&P Energy Solutions Plc|S P Global Operations Limited|P. T. Gokak Indonesia|Nutan Bidyut (Bangladesh) Ltd.|Natural Oil Ventures Co. Limited|Musandam Rock LLC|Minaean SP Construction Corporation|Minaean Building Solutions Inc.|Minaean (Ghana) Ltd.|Global Resource and Logistics Pte. Ltd.|Global Infra FZCO|Global Energy Ventures Mauritius|Global Energy Projects Holdings|Global Bulk Minerals FZ LLC|GCO Australia Pty. Ltd.|Fine Energy Solar (Pvt) Ltd.|ESPI Holdings Mauritius Limited|EFL Mauritius Limited|Dynamic Sun Energy Private Limited|Cebarco Shapoorji Pallonji Co W.L.L.|Bisho Infra Projects Limited|Aspire Properties Holdings Limited|Arme Investment Company Limited|Zahan Cyrus Mistry|Shapoorji Pallonji Mistry|Firoz Cyrus Mistry|Tanya Mistry|Rohiqa Mistry|Patsy Mistry|Pallon Shapoorji Mistry|Behroze Mistry
AGARWALEYE,,INE943P01029,owner_confirmed_individual_and_director,OWNER,OWNER,UNKNOWN,,rev1_outside,False,,,32.36,26.75,26.71,0.0,0.04,0.0,0.0,5.64,0.0,0.0,0.0,False,,,,"PRINTRACK|ORBIT INTERNATIONAL|MY HAPPY PLACE PRIVATE LIMITED|MAYA FURNITURE PRIVATE LIMITED|MAATRUM TECHNOLOGIES AND LEGAL VENTURES PRIVATE LIMITED|LINENDOTS DESIGN CONSULTANTS PRIVATE LIMITED|GRF BIO PRIVATE LIMITED|FAB INFINITY CONSULTANCY (OPC) PRIVATE LIMITED|EYE RESEARCH CENTRE FOUNDATION|ELISAR LIFE SCIENCES PRIVATE LIMITED|DR. AGARWAL'S EYE INSTITUTE (P) LIMITED|DR. AGARWAL'S ENTERPRISE|CHESTNUT STOREYS PRIVATE LIMITED|CENTAUR HEALTHTECH LLC - USA|CENTAUR BILLING PRIVATE LIMITED|ANOSH AGARWAL HOLDING ON BEHALF OF DR. ASHVIN AGARWAL FAMILY TRUST|ANOSH AGARWAL HOLDING ON BEHALF OF DR. ASHAR AGARWAL FAMILY TRUST|ANOSH AGARWAL HOLDING ON BEHALF OF DR. ANOSH AGARWAL FAMILY TRUST|ANOSH AGARWAL HOLDING ON BEHALF OF DR. AMAR AGARWAL FAMILY TRUST|ANOSH AGARWAL HOLDING ON BEHALF OF DR. ADIL AGARWAL FAMILY TRUST|ADIL AGARWAL, ANOSH AGARWAL, ASHVIN AGARWAL|ACE ASSOCIATES|TEJESHWAR SETH|SUNITHA RANA AGARWAL|SHAKIRA AHMED|SAHIBA SADIQ|RAMBHA SETH|RAJESH KUMAR KAKKAR|PANKAJ SONDHI|P G THOMAS|NEENA THOMAS|MUKTHA SETH|MAQSOOD AHMED|KOUSER BASHEER|KAMALESH KUMAR SETH|KAAMNA KAKKAR|GEORGE PT|GEETA KAKKAR|FOUZIA KHAN|FIAZ AHMED|FARAH AGARWAL|AZAI AGARWAL|AYESHA FAZILATH FIAZ|ATHIYA AGARWAL|ASHVIN AGARWAL HUF|ASHVIN AGARWAL|ASHAR AGARWAL|ARICK AGARWAL|ANOSH AGARWAL|ANEIRA AGARWAL|ANANYA SETH AGARWAL|AMAR AGARWAL|AMAARAH AGARWAL|AIRA AGARWAL|AGASTYA AGARWAL|ADIL AGARWAL|AANCHAL KAKKAR|A URMILA"
AGL,,INE1YPB01014,owner_confirmed_individual_and_director,OWNER,OWNER,UNKNOWN,,rev1_outside,False,,,63.28,60.35,60.25,0.06,0.0,0.04,0.0,3.03,0.0,0.0,0.0,False,,,,Shashi Kiran Shetty|Priya Adarsh Hegde|Arathi Shetty|Adarsh Sudhakar Hegde
AIIL,,INE206F01022,owner_confirmed_individual_and_director,OWNER,OWNER,UNKNOWN,,rev1_outside,False,,,68.79,65.3,65.3,0.0,0.0,0.0,0.0,3.49,0.0,0.0,0.0,False,,,,MENTOR CAPITAL LIMITED|SANJAY SOUMITRA DANGI|DRUHI DANGI|DIVY DANGI|Alpana Sanjay Dangi
AKUMS,,INE09XN01023,owner_confirmed_individual_and_director,OWNER,OWNER,UNKNOWN,,rev1_outside,False,,,75.26,34.47,34.47,0.0,0.0,0.0,0.0,40.79,0.0,0.0,0.0,False,,,,Welcure Pharmaceuticals Private Limited|Sandeep Jain Trust (Sandeep Jain)|Parke Davis Healthcare Limited|May & Baker Pharmaceuticals Limited|Hygosap Pharma Private Limited|Dhanwantri Vedaresearch LLP|Delcure Lifesciences Limited|Avha Lifesciences Private Limited|American Remedies Lifesciences Limited|Amazing Research & Laboratories Limited|Akums Foundation|Akum Impex LLP|Akome Lifecare Private Limited|AUSL Trust (Sanjeev Jain)|AKUMS MASTER TRUST (Sanjeev Jain and Sandeep Jain)|Sudha Jain|Neerja Gupta|Umang Jain|Shivangi Jain|Sanjeev Jain|Sandeep Jain|Rajiv Mittal|Rajesh Sharma|Manan Jain|Lata Jain|Kusum Jain|Kiran Jain|Kanishk Jain|Arushi Jain|Archana Jain|Anuradha Pal|Anita Jain
ALKYLAMINE,,INE150B01039,owner_confirmed_individual_and_director,OWNER,OWNER,UNKNOWN,,rev1_outside,False,,,72.03,62.98,62.47,0.1,0.29,0.0,0.0,9.44,0.0,0.0,0.0,False,,,,SYK TRADING AND CONSULTANCY LLP|PURJEEKO TRADING & CONSULTANCY LLP|NIYOKO TRADING AND CONSULTANCY LLP|ANJYKO INVESTMENTS PVT LTD|ANJALI Y KOTHARI|YOGESH MATHRADAS KOTHARI|SUNEET YOGESH KOTHARI|SHUCHI HEMENDRA KOTHARI|NINI YOGESH KOTHARI|KUNJLATA N SHAH|HEMENDRA MATHRADAS KOTHARI|DEVANGANA JAYANT DESAI|ADITI KOTHARI DESAI
ANTHEM,,INE0CZ201020,owner_confirmed_individual_and_director,OWNER,OWNER,UNKNOWN,,rev1_outside,False,,,74.69,72.67,72.66,0.0,0.01,0.0,0.0,2.03,0.0,0.0,0.0,False,,,,VIRA TRUST|SWARA TRUST(Trustee is K C RAVINDRA)|SUMUKHAYA TRUST|RAVISIKA HOSPITALITY LLP|KEERTHI TRUST(Trustee is K C RAVINDRA)|HERAMBAYA TRUST|CHERRYPICK INVESTOR|ANTHEM BIO PHARMA PRIVATE LIMITED|SWATHI RAVINDRA|SASIREKHA|SAMBASIVAM HARIHARAN|S. SATHYALAKSHMI|S. LOKESH|S VIJAYALAKSHMI|MADHAVI JAYANTI|KRITHIKA GANESH|KEERTHANA RAVINDRA|KC SRINIVAS|KC NIRMALA|KC HEMAVATHI|K C RAVINDRA|JYOTSNA BHARDWAJ|ISHAAN BHARDWAJ|GANESH SAMBASIVAM|CHANDRAMMA D N|ARUNA GANESH|ARTI BHARDWAJ|ARCHANA MATHUR|AJAY BHARDWAJ|ADITYA NARIAN CAPOOR
ANUP,,INE294Z01018,owner_confirmed_individual_and_director,OWNER,OWNER,UNKNOWN,,rev1_outside,False,,,40.92,0.43,0.39,0.0,0.04,0.0,0.0,40.53,0.0,0.0,0.0,False,,,,Swati Siddharth Lalbhai (Trustee of Siddharth Family Trust)|Style Audit LLP|Sanjaybhai Shrenikbhai Lalbhai (As a Reprentative trustee of Discretionary Trust)|Rudolf Atul Chemicals Limited|Kastur Bhai Lalbhai Museum (India) Private Limited (Formerly Shruti Trade Link Private Limited)|JP Trunkshow LLP|Aura Weaving Private Limited (Formerly known as Achal Weaving Private Limited)|Aura Securities Pvt Ltd|Aura Securities Private Limited|Aura Merchandise Pvt. Ltd.|Aura Business Ventures LLP|Aura Business Enterprise Pvt Ltd|Atul Limited|Atul Finserv Limited|Atul Bioscience Limited|Arvind SmartSpaces Limited|Arvind Limited|Arvind Fashions Limited|Arvind Farms Pvt Ltd|Aroh Enterprise Private Limited (Formerly White Ocean Smartspaces Private Limited)|Anusandhan Investments Limited|Anukul Investments Private Limited|Anchor Adhesives Private Limited|Amplus Capital Advisors Private Limited|Amardeep Holdings Private Limited|Amal Limited|Akshita Holdings Private Limited|Advait Merchandise Private Limited (Formerly Advait Merchandise Limited)|Adore Investments Private Limited|Adhvesh Weaving Private Limited|Adhinami Investments Private Limited|Aayojan Resources Private Ltd|Aagam Holdings Private Limited|Aagam Agencies Private Limited (Formerly Adhigam Investments Private Limited)|Vimla  S  Lalbhai|Taral S  Lalbhai|Swati S  Lalbhai|Sunil Siddharth (Karta)|Sunil  Siddharth  Lalbhai|Snehal Mohta|Saumya Samvegbhai Lalbhai|Sanjaybhai Shrenikbhai Lalbhai|Samvegbhai Arvindbhai Lalbhai|Samvegbhai Arvindbhai (Karta)|Ruhani Punit Lalbhai|Punit Sanjaybhai|Poorva Punitbhai Lalbhai|Manini Rajiv Badlani|Late Hansa Niranjanbhai|Kulin Sanjaybhai|Kalpana Shripal Morakhia|Jayshreeben Sanjaybhai Lalbhai|Jaina Kulin Lalbhai|Ishaan Punit Lalbhai|Astha  Lalbhai|Ananyaa Kulin Lalbhai|Anamikaben Samveghbhai Lalbhai
APLLTD,,INE901L01018,owner_confirmed_individual_and_director,OWNER,OWNER,UNKNOWN,,rev1_outside,False,,,69.74,6.69,4.96,1.22,0.0,0.0,0.0,64.27,0.0,0.0,0.0,False,,,,Virsad Family Trust (Pranav Chirayu Amin)|Viramya Packlight LLP|Vidyanidhi Trust (Malika Chirayu Amin)|Utkarsh Vidyakendra  (Malika Chirayu Amin)|Ujjval Vidyalaya (Malika Chirayu Amin)|Uday Education Society (Biniti Trivedi)|Shreno Publications Limited|Shreno Limited|Shreno Engineering Limited|Satori Trust (Chirayu Ramanbhai Amin)|Paushak Limited|Nirayu Private Limited|Laksh Trust (Chirayu Ramanbhai Amin)|Laburnum Family Trust (Chirayu Ramanbhai Amin)|Grace Star Trust (Shaunak Chirayu Amin)|Gallup Trust (Pranav Chirayu Amin)|CRA Family Trust (Chirayu Ramanbhai Amin)|Bhailal Amin General Hospital (Chirayu Ramanbhai Amin)|Arogyavardhini Society (Malika Chirayu Amin)|Alembic Limited|Alembic City Limited|Udit Chirayu Amin|Tishya Udit Amin|Shaunak Chirayu Amin|Samira Pranav Amin|Ranvir Pranav Amin|Pranav Chirayu Amin|Naintara Shaunak Amin|Malika Chirayu Amin|Krupa Shaunak Amin|Inaaya Shaunak Amin|Chirayu Ramanbhai Amin HUF|Chirayu Ramanbhai Amin|Barkha Pranav Amin
APOLLO,,INE713T01028,owner_confirmed_individual_and_director,OWNER,OWNER,UNKNOWN,,rev1_outside,False,,,51.98,53.9,51.98,1.81,0.11,0.0,0.0,0.0,0.0,0.0,0.0,False,,,,SRILAKSHMI REDDY VANGETI|KARUNAKAR REDDY BADDAM|KANISHKA REDDY BADDAM|CHANAKYA REDDY BADDAM
ARVINDFASN,,INE955V01021,owner_confirmed_individual_and_director,OWNER,OWNER,UNKNOWN,,rev1_outside,False,,,35.1,0.56,0.01,0.55,0.0,0.0,0.0,35.1,0.0,0.0,0.0,False,,,,The Anup Engineering Limited|Swati Siddharth Lalbhai (trustee of  Siddharth Family Trust)|Style Audit LLP|Sona Lank Investment and Trading LLP|Sanjaybhai Shrenikbhai Lalbhai (as representative trustee of discretionary trust)|Rudolf Atul Chemicals Limited|Kastur Bhai Lalbhai Museum (India) Private Ltd (Earlier known as Shruti Trade Link Private Ltd)|J P Trunkshow LLP|Aura Weaving Private Ltd (Formerly known as Achal Weaving Private Ltd)|Aura Securities Pvt Ltd|Aura Securities Private Limited|Aura Merchandise Pvt. Ltd.|Aura Business Ventures LLP|Aura Business Enterprise Pvt Ltd|Atul Limited|Atul Finserve Ltd (Formerly Known as Ameer Trading Corporation Ltd)|Atul Bioscience Limited|Arvind SmartSpaces Limited|Arvind Limited|Aroh Enterprise Private Ltd (Formerly known as White Ocean Smartspace Private Ltd)|Anusandhan Investments Limited|Anukul Investments Private Limited|Anchor Adhesives Private Limited|Amplus Capital Advisors Private Limited|Amal Limited|Akshita Holdings Private Limited|Advait Merchandise Private Ltd (Earlier known as Advait Merchandise Ltd)|Adhvesh Weaving Private Limited|Adhinami Investments Private Limited|Aayojan Resources Private Ltd|Aagam Holdings Private Limited|Aagam Agencies Private Ltd (Formerly known as Adhigam Investments Private Ltd)|Vimlaben S Lalbhai|Taral S  Lalbhai|Swati S  Lalbhai|Sunil  Siddharth  Lalbhai|Sunil  Siddharth|Sanjaybhai Shrenikbhai Lalbhai|Sanjay Shrenik Lalbhai HUF|Ruhani Punit Lalbhai|Punit Sanjaybhai|Lalbhai Poorva Punitbhai|Kulin S Lalbhai|Kalpana Shripal Morakhia|Jayshreeben Sanjaybhai Lalbhai|Jaina Kulin Lalbhai|Ishaan Punit Lalbhai|Bhadrasheela Rajan Harivallabhdas|Astha  Lalbhai|Ashutosh Kumudchandra Mahadevia|Ananyaa Kulin Lalbhai
ATHERENERG,,INE0LEZ01016,owner_confirmed_individual_and_director,OWNER,OWNER,UNKNOWN,,rev1_outside,False,,,40.86,10.13,10.09,0.0,0.04,0.0,0.0,30.77,0.0,0.0,0.0,False,,,,Tarun Swarna Family Trust (Represented by Tarun Sanjay Mehta)|Swapnil Jain Family Trust (Represented by Swapnil Babanlal Jain)|Mehta Family Trust (Represented by Tarun Sanjay Mehta)|Jain Family Trust (Represented by Swapnil Babanlal Jain)|Hero Motocorp Limited|Hero FinCorp Limited|HMCL MM Auto Limited|Bentinck Fashions LLP|Bahadur Chand Investments Private Limited|Hero Tech Center Germany GmBH|HMCL Niloy Bangladesh Limited|HMCL Netherlands B.V.|HMCL Colombia S.A.S.|HMCL Americas Inc.|HERO MOTOCORP DO BRASIL LTDA|Vinod Srimal|Tarun Sanjay Mehta|Swarna Srimal Mehta|Swapnil Babanlal Jain|Sumangala HS|Shivika Srimal|Shikha Srimal|Sanjay Surajraj Mehta|Sangeeta Sanjay Mehta|Renukaradhya CS|Rajulmati Babanlal Jain|Divya Mehta|Chitra C R|Chirashree CR|Babanlal Girdharilal Jain|Aarohi Mehta
ATLANTAELE,,INE0Z4F01028,owner_confirmed_individual_and_director,OWNER,OWNER,UNKNOWN,,rev1_outside,False,,,87.27,31.27,31.27,0.0,0.0,0.0,0.0,56.01,0.0,0.0,0.0,False,,,,Tanmay Patel Family Trust|Patel Family Trustee Private Limited|Niral Patel Family Trust|Narharibhai S. Patel Family Trust|NEPTUNE INVESTMENTS|NEPTUNE GLOBAL|NEPTUNE ASSOCIATES|NEOMI WOMEN'S HOSPITAL|KISAN INVESTMENTS|Atlanta UHV Transformers LLP|Amish Patel Family Trust|VIKAS ASHWINBHAI PATEL|VIANA AMISH PATEL|VARSHABEN SURENDRABHAI PATEL|VANDANA UPENDRA PATEL|UPENDRA THAKORBHAI PATEL HUF|SUSHMA SHAILESH PATEL|SMITABEN KRUPESHBHAI PATEL|SHAILESHBHAI RATILAL PATEL HUF|SHAILESHBHAI RATILAL PATEL|SARTHAK SHAILESHBHAI PATEL|RIVAAN AMISH PATEL|RIPA AMISH PATEL|RIMA BHAVIN PATEL|REYA NIRAL PATEL|RASHIP UPENDRABHAI PATEL|POOJA NIRAL PATEL|PATEL TANMAY|PATEL RASHIP UPENDRABHAI HUF|PATEL NIRAL|PATEL KAYAAN|PATEL KAVYA|NIRUBEN ASHWINBHAI PATEL|MAAHI NIRAL PATEL|LATE PATEL KRUPESHBHAI|HIMALI SURENDRABHAI PATEL|EKTA SURENDRABHAI PATEL|DIMPLEBEN SHAILESHBHAI PATEL|CHAITALI TANMAY PATEL|AMISH KRUPESHBHAI PATEL
AURIONPRO,,INE132H01018,owner_confirmed_individual_and_director,OWNER,OWNER,UNKNOWN,,rev1_outside,False,,,26.88,33.37,6.15,11.4,0.35,0.0,0.0,0.0,5.26,5.26,0.0,False,,,,KAIROLEAF HOLDINGS PTE LTD|PARESH CHANDULAL ZAVERI|KAVITA PARESH ZAVERI|RAMESH LALLUBHAI SHETH|NIHARIKA B ZAVERI|NALINI RAMESH SHETH|HITESH CHANDULAL ZAVERI|BHAVESH ZAVERI|ASHISH RAMESH SHETH|AMIT SHETH|ASHISH  RAI|AJAY DILKUSH SARUPRIA
AWFIS,,INE108V01019,owner_confirmed_individual_and_director,OWNER,OWNER,UNKNOWN,,rev1_outside,False,,,17.0,18.19,17.0,0.64,0.55,0.0,0.0,0.0,0.0,0.0,0.0,False,,,,Learning Edge Academy of Professionals Private Limited|Alza Interiors Private Limited|Soar Ventures LLC|BLR Investments|Vipin Ramani|Prem Devnani|Nitesh Devnani|MONEESHA RAMANI|Lakshmi Kewal Ramani|Kewal Ramani Bhagwan|Deepa Devnani|Anya Ramani|AMIT RAMANI
AZAD,,INE02IJ01035,owner_confirmed_individual_and_director,OWNER,OWNER,UNKNOWN,,rev1_outside,False,,,55.84,56.12,55.84,0.15,0.13,0.0,0.0,0.0,0.0,0.0,0.0,False,,,,SUNITA WALIA|SATWIK CHOPDAR|RAKESH CHOPDAR|JYOTI CHOPDAR|ELLA WALIA|DEEPAK  CHOPDAR|CHOPDAR KARTIK|BABITA SHRIPALSINGH SULHYAN|AMIT WALIA
BAJAJELEC,,INE193E01025,owner_confirmed_individual_and_director,OWNER,OWNER,OWNER,"OWNER=[Bajaj(Bajaj),DEEPA BAJAJ(Bajaj)]",rev1_outside,False,,,62.69,15.28,15.18,0.0,0.01,0.0,0.94,47.43,0.0,0.0,0.0,False,,,,Vanraj Bajaj Trust (Kiran Bajaj as a Trustee)|Siddhant Trust|Siddhant Family Trust (Sanjivnayan Bajaj as a Trustee)|Shekhar Holdings Private Limited|Sanraj Nayan Investments Private Limited|Sanjiv Trust|Sanjali Trust|Sanjali Family Trust (Sanjivnayan Bajaj as a Trustee)|Rupa Equities Private Limited|Rishab Trust|Rishab Family Trust (Rajivnayan Bajaj as a Trustee)|Rajiv Trust|Rahul Securities Private Limited|RDR Ventrues LLP|Nirvaan Trust|Nirvaan Family Trust|Niravnayan Trust (Niraj Bajaj as a Trustee)|Niravnayan Bajaj Family Trust (Niraj Bajaj as a Trustee)|Nirav Trust|Niraj Holdings Private Limited|Nimisha Trust|Nimisha Jaipuria Family Trust (Nimisha Jaipuria as a Trustee)|Nimisha Bajaj Family Trust (Kumud Bajaj as a Trustee)|Neelima Bajaj Swamy Family Trust (Neelima Bajaj Swamy as a Trustee)|Neelima Bajaj Family Trust (Kumud Bajaj as a Trustee)|Madhur Securities Private Limited|Madhur Nimisha Family Trust (Kumud Bajaj as a Trustee)|Madhur Neelima Family Trust (Kumud Bajaj as a Trustee)|Kumud Nimisha Family Trust (Neelima Bajaj Swamy as a Trustee)|Kumud Neelima Family Trust (Nimisha Jaipuria as a Trustee)|Kriti Bajaj Family Trust (Minal Niraj Bajaj as a Trustee)|Kamalnayan Investments And Trading Private Limited|Jamnalal Sons Private Limited|Hind Musafir Agency Limited|Hercules Hoists Limited|Geetika Shekhar Bajaj Trust (Shekhar Bajaj as a Trustee)|Estate of Rahulkumar Bajaj|Deepa Trust|Baroda Industries Private Limited|Bajaj Trading Company|Bajaj Sevashram Private Limited|Bajaj Investment Trust|Bajaj International Private Limited|Bajaj Holdings And Investment Limited|Bachhraj Factories Private Limited|Bachhraj & Company Private Limited|Aryan Nayan Realty LLP|Aryaman Trust|Aryaman Family Trust|Anant Bajaj Trust|Mast. Aryaman Kejriwal|Kriti Bajaj|Vanraj Bajaj|Suman Jain|Siddhant Bajaj|Shekhar Bajaj|Shefali Bajaj|Sheetal Bajaj|Sanjivnayan Bajaj HUF|Sanjivnayan Bajaj|Sanjali Bajaj|Rishabnayan Bajaj|Rajivnayan Bajaj HUF|Rajivnayan Bajaj|Pooja Bajaj|Niravnayan Bajaj|Niraj Bajaj|Nimisha Jaipuria|Neelima Bajaj Swamy|Minal Bajaj|Master Vihaan Jaipuria|Master Aarav Swamy|Mast. Nirvaan Kejriwal|Manish Santoshkumar Kejriwal|Kumud Bajaj|Kiran Bajaj|Geetika Bajaj|Deepa Bajaj
BLACKBUCK,,INE0UIZ01018,owner_confirmed_individual_and_director,OWNER,OWNER,UNKNOWN,,rev1_outside,False,,,25.12,25.12,25.12,0.0,0.0,0.0,0.0,0.0,0.0,0.0,0.0,False,,,,ZZ Logistics Solutions Private Limited|TZF Logistics Solutions Private Limited|Iorta Technology Solutions Private Limited|Iorta TechNXT Corp APAC|Inquisitive Years Private Limited|Blackbuck Finserve Private Limited|204 Ventures|YABAJI  RAJKUMARI|Vishali Ramasubramaniam|Urmil Jain|Sri Lakshmi Yabaji|Sivagnanam Aramvlarthanathan|Shirin Jain|Rishi Yabaji|Rayaan Yabaji|RAMASUBRAMANIAN  BALASUBRAMANIAM|RAJESH KUMAR NAIDU YABAJI|Neha Hridaya|Madhavi Yabaji|Jayalakshmi Thummala|Indira Ramasubramaniam|Indira B Eswaramoorthy|Chinnam Naidu Yabaji|Chayanika Singh|Chandrasekhara Naidu Thummala|Chaitanya Tummala|CHANAKYA HRIDAYA|Bhupendra Kumar Jain|Bhagya Lakshmi Yabaji|Balasubramaniam Ramasubramanian|Balasubramaniam Easwaramurthy|Arumugam Pillai Aramvalarthanathan|Apurva Jain|Anusha Thummala|Amurugam A Aramvalarthanathan
BLUESTONE,,INE304W01038,owner_confirmed_individual_and_director,OWNER,OWNER,UNKNOWN,,rev1_outside,False,,,16.36,16.43,16.36,0.0,0.07,0.0,0.0,0.0,0.0,0.0,0.0,False,,,,Archana Tomar|Shivraj Singh Kushwaha|Prashant Singh Kushwaha|Prabha Kushwaha|Nivaan Singh Kushwaha|Mina Tomar|Kayna Singh Kushwaha|GAURAV SINGH KUSHWAHA|Arvind Pratap Singh Tomar|Anurag Tomar|ARPITA TOMAR
BRIGADE,,INE791I01019,owner_confirmed_individual_and_director,OWNER,OWNER,UNKNOWN,,rev1_outside,False,,,41.11,40.74,38.54,2.19,0.01,0.0,0.0,2.57,0.0,0.0,0.0,False,,,,MYSORE HOLDINGS PRIVATE LIMITED|PAVITRA  SHANKAR|NIRUPA SHANKAR|MYSORE RAMACHANDRASETTY JAISHANKAR (HUF)|MYSORE RAMACHANDRASETTY JAISHANKAR|MYSORE RAMACHANDRA SETTY KRISHNAKUMAR|M R SHIVRAM (HUF)|M R SHIVRAM|GURUMURTHY.M.R|GITHA SHANKAR|A R RUKMINI
CAPILLARY,,INE0ILV01024,owner_confirmed_individual_and_director,OWNER,OWNER,UNKNOWN,,rev1_outside,False,,,52.23,3.46,2.29,0.0,1.17,0.0,0.0,0.0,49.94,49.94,0.0,False,,,,Reasoning Global Eapplications Private Limited|Preston Developers LLP|MS Industries & Spirits Private Limited|MS Biotech Private Limited|M&S Bottling Company Private Limited|Gowthami Agro Industries Private Limited|Cyber Garden Hotels & Resorts Private Limited|Pandora Holdings|Neytiri Holdings|Capillary Technologies International Pte Ltd|AVP I Fund|Pavani Pulla Reddy|Mohan Boddu Reddy|Edula Nakshtra Reddy|Edula Dhruv Reddy|Boddu Prarthna Reddy|Boddu Aruna Reddy|Aneesh Reddy Boddu|Amireddy Sneha Reddy|Amireddy Rama Reddy|Amireddy Jaipal Reddy|Aditya Reddy Boddu
CAPLIPOINT,,INE475E01026,owner_confirmed_individual_and_director,OWNER,OWNER,UNKNOWN,,rev1_outside,False,,,70.57,67.34,67.1,0.01,0.16,0.07,0.0,3.47,0.0,0.0,0.0,False,,,,MAY INDIA PROPERTY PRIVATE LIMITED|KIRAVIZ PROPERTIES AND CONSULTANCY LLP|FIRST DIMENSION HOLDINGS PRIVATE LIMITED|VISALATCHI P|SOUNDARI B|PARTHEEBAN VIVEK SIDDARTH|PAARTHIPAN C C|P  VIJAYALAKSHMI|KOTTESWARI B|CHELLAPPAN POOVALAMBEDU KANDASAMY|ASHOK GORKEY PARTHEEBAN
CELLO,,INE0LMW01024,owner_confirmed_individual_and_director,OWNER,OWNER,UNKNOWN,,rev1_outside,False,,,75.0,57.34,57.34,0.0,0.0,0.0,0.0,17.66,0.0,0.0,0.0,False,,,,Pankaj Ghisulal Rathod|Cello Pens And Stationery Pvt. Ltd.|Babita Pankaj Rathod|Sneha Jigar Ajmera|Sangeeta Pradeep Rathod|Ruchi Gaurav Rathod|Pradeep Ghisulal Rathod|Malvika P. Rathod|Karishma Harsh Parekh|Gaurav Pradeep Rathod
CPPLUS,,INE819V01029,owner_confirmed_individual_and_director,OWNER,OWNER,UNKNOWN,,rev1_outside,False,,,76.91,60.13,60.13,0.0,0.0,0.0,0.0,16.78,0.0,0.0,0.0,False,,,,Trendsetters Infoservices LLP|Trend Setter Promoters LLP|Tirupati Structurals Limited|Tirumala Jewels|TSL Piping Solutions Private Limited|TAK Buildtech Private Limited|SVR International Private Limited (formerly known as Techzzler International Private Limited)|Riddhi Steel and Tube Limited|Pooja S Designs (partnership firm)|Kruti Pipes Limited|Kalpataru Housefin & Trading Private Limited|Hari Khemka Private Family Trust|Hari Khemka Business Family Trust|Elysiann Beautificatiion Private Limited|Delhi Sales Plywoods (partnership firm)|Delhi Sales Corporation (proprietorship firm)|Atma Ram Parma Nand (partnership firm)|Arcee Ispat Udyog Private Limited|Alvaro Oil Resources LLP|Alvaro Hospitality Ventures LLP|Alvaro Boards & Panels India Private Limited|Alexis Marketing LLP|Advanced Reality Solutions LLP|Advance Ispat India Limited|Advance Enterprises Private Limited|Aditya Security & Safety LLP|Aditya Promoters Limited|Aditya Khemka Business Family Trust|Aditya Infosolutions Private Limited|Aditya Colonizers LLP|ARK Tech Innovation Private Limited|ARK Infosolutions Private Limited|ARK Business Prosperity Trust|ARK Tech Innovation LLC (USA)|ARK Tech Holdings Ltd (UAE)|ARK Infosolutions Asia Pte. Limited|ARK Infosolutions (Thailand) Company Limited|Vatsal Agarwal|Surendra Kumar Khemka (HUF)|Surendra Kumar Khemka|Sneha Sharma|Shweta Goyal|Shradha Khemka|Ruchi Khemka|Rishi Khemka (HUF)|Rishi Khemka|Ramesh Chander Gupta|R C Gupta (HUF)|Preeti Rajeshkumar Mittal|Pooja Singhal|Pooja Agarwal|Nirmal Agarwal|Neha Gupta|Mukesh Bansal|Meenu Halwasiya|Laxmi Agarwal|Krishna Gupta|Hari Shanker Khemka  HUF|Hari Shanker Khemka|Deoki Nandan Agarwal (HUF)|Deoki Nandan Agarwal|Deepika Gupta|Chitra Goyal|Atharva Khemka|Ananmay Khemka|Anand Kumar Khemka (HUF)|Anand Kumar Khemka|Akshat Gupta|Advay Khemka|Aditya Khemka HUF|Aditya Khemka
CUPID,,INE509F01029,owner_confirmed_individual_and_director,OWNER,OWNER,UNKNOWN,,rev1_outside,False,,,46.03,33.12,33.08,0.0,0.04,0.0,0.0,12.95,0.0,0.0,0.0,False,,,,Universal Petrochemicals Limited|COLUMBIA PETRO CHEM PRIVATE LIMITED|Adar Hotels Private Limited|JAIDEEP HALWASIYA|EKTA HALWASIYA|ANKITA JAIN HALWASIYA|AJAY KUMAR HALWASIYA|ADITYA KUMAR HALWASIYA
DATAMATICS,,INE365B01017,owner_confirmed_individual_and_director,OWNER,OWNER,UNKNOWN,,rev1_outside,False,,,66.33,48.24,48.22,0.0,0.01,0.01,0.0,18.11,0.0,0.0,0.0,False,,,,"VIKRANT TRUST (LALIT SURAJMAL KANODIA, PRIYADARSHNI RAHUL KANODIA - TRUSTEES)|SHUBHLAKSHMI DANI|SAMEER LALIT KANODIA|RASHMI YOGENDRA KANODIA|RAHUL LALIT KANODIA|PRIYADARSHINI KANODIA|LALIT SURAJMAL KANODIA|CHANDRAVATI S KANODIA|ASHA LALIT KANODIA|ANEESHA ADITYA DALMIA|AMRITA VIDUR BHOGILAL"
DOMS,,INE321T01012,owner_confirmed_individual_and_director,OWNER,OWNER,UNKNOWN,,rev1_outside,False,,,70.39,44.37,44.37,0.0,0.0,0.0,0.0,0.0,26.01,26.01,0.0,False,,,,"S Tech Industries|Revanta Hotels and Resorts Private Limited|Rasiklal and Mansukhlal Corporate Advisors LLP|Rajani Metal & Engineering Works|R.R. Industries – Jammu|R.R. Industries|PP Industries|Moms Pick Foods Private Limited|Man Visionaries LLP|MRR Industries|M/s. Ram Handicrafts|Lotus Studio|Kika V-Comm Private Limited|J D Fine Art|Inxon Pens & Stationery Private Limited|Fixy Adhesives Private Limited|Darzi Boutique|Commander Products|Xinjiang F.I.L.A.-Dixon Plantation Company Ltd.|Wood S.r.l.|St. Cuthberts Mill Limited|St. Cuthberts Holding Limited|Renoir Topco Ltd|Renoir Midco Ltd|Renoir Bidco Ltd|Princeton Hong Kong Co. Ltd.|Pencil S.r.l.|PT. Lyra Akrelux|Lyra Bleistiftfabrik GmbH|Lodi 12 SAS|Industria Maimeri S.p.A.|Grupo FILA PERU S.A.C.|Grupo F.I.L.A.-Dixon, S.A. de C.V.|Fila Specialty Paper LLC|Fila Polska Sp. Z.o.o|Fila Iberia S. L.|Fila Hellas Single Member S.A.|Fila Group Australia PTY LTD|Fila Canson Do Brasil Produtos de Artes e Escolar Ltda|Fila Arches SAS|Fila - Fabbrica Italiana Lapis Ed Affini Spa|FILA Stationary and Office Equipment Industry Ltd. Co.|FILA SA PTY LTD|FILA Dixon Stationery (Kunshan) Co., Ltd.|FILA Benelux SA|FILA Art and Craft Ltd|FILA Art Products AG|FILA Argentina S.A.|F.I.L.A. Nordic AB|F.I.L.A. Chile Ltda|Dixon Ticonderoga Company|Dixon Ticonderoga ART ULC|Dixon Canadian Holding Inc.|Daler Rowney Ltd|Daler Rowney GmbH|Canson SAS|Canson Qingdao Paper Products Co., Ltd.|Canson Art & Craft Yixing Co., Ltd.|Brideshore srl|Beijing F.I.L.A.-Dixon Stationery Company Ltd.|Vijay Somaiya HUF|Vijay Somaiya|Vidhi Rajani|Urmila Khandedia|Uday Somaiya|Shilpa Ketan Rajani|Sheetal Hiren Parpani|Sharadaben Gadhiya|Sejal Santosh Raveshia|Santosh Rasiklal Raveshia HUF|Santosh Rasiklal Raveshia|Sanjay Mansukhlal Rajani HUF|Sanjay Mansukhlal Rajani|Rutvi Rajani|Rutu Barot|Rasiklal Amritlal Raveshia HUF|Pravina Mansukhlal Rajani|Prakash Mashru|Om Santosh Raveshia|Muskan Parikh|Muktaben Mashru|Mansukhlal Jamnadas Rajani HUF|Maitri Rajani|Ketan Mansukhlal Rajani HUF|Ketan Mansukhlal Rajani|Jagruti Kataria|Ila Sanjay Rajani|Hemal Vithlani|Disha Tanna|Dipakbhai Gadhiya|Dineshbhai Gadhiya|Chandani Vijay Somaiya|Alpa Unadkat"
EIEL,,INE0LLY01014,owner_confirmed_individual_and_director,OWNER,OWNER,UNKNOWN,,rev1_outside,False,,,70.13,70.13,70.13,0.0,0.0,0.0,0.0,0.0,0.0,0.0,0.0,False,,,,SMR Projects Private Limited|Enviro Vatsalya Foundation|Enviro Infra Engineers Limited Employees Group Gratuity Trust|VEENA JAIN|SURJEET KUMAR JAIN|SNEH JAIN|SHACHI  JAIN|SANJAY JAIN (HUF)|SANJAY JAIN|RITU  JAIN|REKHA JAIN|R K JAIN (HUF)|PIYUSH  JAIN|MANOJ JAIN|MANISH JAIN (HUF)|MANISH  JAIN|GUNJAN BANSAL|ARNAV JAIN|ABHIGYA  JAIN
EMCURE,,INE168P01015,owner_confirmed_individual_and_director,OWNER,OWNER,UNKNOWN,,rev1_outside,False,,,77.87,62.74,62.33,0.16,0.02,0.0,0.0,15.31,0.0,0.0,0.0,False,,,,"Uth Beverage Factory Private Limited|Unity Trust (Shares held by Sunil Rajanikant Mehta with Kamini Sunil Mehta, as trustees)|Tulsi Trust|Thapar Vision LLP|Thapar Ventures Private Limited|Sassy Stories|Sapphire Trust|Menlo Trust|Indus Trust|Incredible Ventures Private Limited|Incredible Ideas Private Limited|Himalayan Trust|Heritage Pharma Holdings Inc.|H. M. Sales Corporation|Everest Trust (Shares held by Sanjay
Rajanikant Mehta with Sonali Sanjay Mehta,as trustees)|Cayuga Trust|Avet Lifesciences Private Limited|Surekha Umakant Shah|Girishchandr Harrai Maganlal Desai|Vir Vikas Thapar|Vikas M Thapar|Swati Hetalkumar Shah|Sunil Rajanikant Mehta|Sunidhi Samit Mehta|Suhasinee Saumil Shah|Smita Paresh Shah|Shobhna Desai|Shaurya Samit Mehta|Shaila Sharad Gujar|Satish R Mehta|Sanjay Rajanikant Mehta|Samit S Mehta|Rutav Sunil Mehta|Ranjanakumari Mukeshbhai Desai|Pushpa Rajnikant Mehta|Niraj Sunil Mehta|Namita Vikas Thapar|Kamini Sunil Mehta|Jai Vikas Thapar|Bhavana Satish Mehta|Abhilasha Samit Mehta"
EMMVEE,,INE1C6T01020,owner_confirmed_individual_and_director,OWNER,OWNER,UNKNOWN,,rev1_outside,False,,,80.03,80.03,80.03,0.0,0.0,0.0,0.0,0.0,0.0,0.0,0.0,False,,,,Sumanth Donthi Family Trust|Suhas Donthi Family Trust|SHUBHA DONTHI FAMILY TRUST (TRUSTEE MANJUNATHA DONTHI VENKATARATHNAIAH )|MANJUNATHA DONTHI FAMILY TRUST (TRUSTEE MANJUNATHA DONTHI VENKATARATHNAIAH )|Emmvee Technologies Private Limited|Emmvee Solar Systems Private Limited|Emmvee Green Power Private Limited|Emmvee Foundation|Donthi Capital Partners|Clean Max Ganga Private Limited|Saroja Attriguppe|SUMANTH MANJUNATHA DONTHI|SUHAS  DONTHI MANJUNATHA|SHUBHA MANJUNATHA DONTHI|SHREIYA SUHAS DONTHI|Roopa|Prabha Prasad|Nagappasetty Ravishankar HUF|N Ravishankar HUF|N Ravishankar|N R Nivedita|MANJUNATHA DONTHI VENKATARATHNAIAH|Harish Babu K N|Eshaani Donthi|D V Sridhar|Atharva Donthi|Anitha Manjunatha|Adithya Nagaraj N R
ENTERO,,INE010601016,owner_confirmed_individual_and_director,OWNER,OWNER,UNKNOWN,,rev1_outside,False,,,52.42,14.41,14.41,0.0,0.0,0.0,0.0,0.0,38.01,38.01,0.0,False,,,,"Uquifa Sciences UK Ltd|Uquifa Sciences SLU Spain|Uquifa Sciences Mascarene Ltd Mauritius|Uquifa Mexico SA Mexico|Uquifa India Limited|Union Quimico Farmaceutica SAU Spain|Technomax Infosolutions|Soneas Chemicals Hungary|Orbimed Asia III Mauritius Limited|OrbiMed Asia Partners III, L.P.|Holliday International Ltd|Vikas Sethi|Vihaana Sethi|Vedaansh Sethi|Shweta Adlakha|Richa Agarwal|Prem Sethi|Prabhat Agrawal|Payal Agrawal|Neha Agrawal|Lubna Sethi|Kunjbehari lal Agrawal|Kunal Mittal|Komal Gupta|Kanav Sethi|Jaibhagwan Mittal|Asha Agrawal|Arti Mittal"
ETHOSLTD,,INE04TZ01018,owner_confirmed_individual_and_director,OWNER,OWNER,UNKNOWN,,rev1_outside,False,,,50.59,0.29,0.09,0.0,0.0,0.0,0.0,50.29,0.0,0.0,0.0,False,,,,VBL INNOVATIONS PRIVATE LIMITED|VARDHAN PROPERTIES AND INVESTMENT PRIVATE LIMITED|SABOO VENTURES LLP|SABOO HOUSING PROJECTS LLP|MAHEN DISTRIBUTION LIMITED|KDDL LIMITED|DREAM DIGITAL TECHNOLOGY PRIVATE LIMITED|JAI VARDHAN SABOO|YASHOVARDHAN SABOO|USHA DEVI SABOO|SATVIKA SURI|RAJENDRA KUMAR SABOO|PUSHPA MANJARI NARENDRA MOHATTA|PRANAV SHANKAR SABOO|NARENDRA KUMAR S MOHATTA|ANURADHA  SABOO|ALOK MOHATTA
FIEMIND,,INE737H01014,owner_confirmed_individual_and_director,OWNER,OWNER,OWNER,OWNER=[Lodha(Lodha)],rev1_outside,False,,,54.52,53.87,53.87,0.0,0.0,0.0,0.0,0.64,0.0,0.0,0.0,False,,,,Fiem Applied Technologies Private Limited|Vasudha Lodha|Seema Jain|Rahul Jain|Paras Mal Lodha|Pallavi Jain|Madhu Lodha|Lavanya Jain|Jagjeevan Kumar Jain (Huf) .|Jagjeevan Kumar Jain|Asha Gupta|Agastya Vardhan Jain|Abhay Kumar Jain|Abha Aggarwal|Aanchal Jain
GALLANTT,,INE297H01019,owner_confirmed_individual_and_director,OWNER,OWNER,OWNER,OWNER=[Jindal(Jindal)],rev1_outside,False,,,69.83,68.95,68.93,0.02,0.0,0.0,0.0,0.9,0.0,0.0,0.0,False,,,,GALLANTT UDHYOG PRIVATE LIMITED|GALLANTT INDUSTRY PRIVATE LIMITED|UMA AGRAWAL|SUMESH KUMAR AGARWAL|SUBODH KUMAR JALAN HUF|SMRITI AGRAWAL|SHYAMA AGRAWAL|SHRUTI KANDOI|SHARDA DEVI JALAN|SANTOSH KUMAR AGRAWAL HUF|SANTOSH KUMAR AGRAWAL|PRIYANKA GUPTA|PRIYANKA DAS|PRIYA SARAFF|PREM PRAKASH AGRAWAL HUF|PREM PRAKASH AGRAWAL|PALLAVI AGRAWAL|OM PRAKASH JALAN|NITIN KANDOI|NIDHI JALAN|NARESH CHANDRA AGARWAL|NARAIN PRASAD AJITSARIA|MAYANK AGRAWAL|MADHU AGRAWAL|MAANAAV DINESHKUMAR AGARWAL|KUSUM JALAN|KARUNA JINDAL|DINESH KUMAR AGARWAL|CHANDRA PRAKASH AGRAWAL HUF|CHANDRA PRAKASH AGRAWAL|BRIJ MOHAN JOSHI|ASHUTOSH AGRAWAL|ASHU GOEL|ANUPAM AGARWAL
GMRP&UI,,INE0CU601026,owner_confirmed_individual_and_director,OWNER,OWNER,UNKNOWN,,rev1_outside,False,,,46.28,0.17,0.13,0.04,0.0,0.0,0.0,46.15,0.0,0.0,0.0,False,,,,Vijay Nivas Real Estates Private Limited|Varalakshmi Sports Private Limited|VARALAKSHMI ENTERPRISES LLP|Sukreeda Sports and Entertainment LLP|Sri Vedalakshmi Talkies|Sri Varalakshmi Jute Twine Mills Private Limited|Shravana Creations LLP|Shiviring Greens LLP|Salvia Real Estates Private Limited|SRINIVAS BOMMIDALA TRUST|Rosewood Realty Solutions LLP|Purak Infrastructure Services Private Limited|PUSHYAMI REALITY AND SERVICES LLP|Neozone Properties Private Limited|Namitha Real Estate Private Limited|Meghalaya Hotels Private Limited|MALLIKARJUNA RAO GRANDHI TRUST|Kothavalasa Infraventures Private Limited|Kirthi Timbers Private Limited|KIRANKUMAR GRANDHI TRUST|Hridhaan Estates LLP|Hiranya Elite Ventures LLP (Formerly known as Stratshine Growth Partners LLP )|Hindustan Tobacco Company|HYDERABAD JABILLI PROPERTIES PRIVATE LIMITED|Grandhi Enterprises Private Limited|GMR Technologies Private Limited|GMR Sports Venture Private Limited|GMR Solar Energy Private Limited|GMR Salem Logistics Private Limited|GMR Real Estates Private Limited|GMR Property Developers Private Limited|GMR Logistics Private Limited|GMR Infratech Private Limited|GMR Infra Projects Private Limited|GMR Infra Build Private Limited|GMR INFRA VENTURES LLP|GMR INFRA ENTERPRISES PRIVATE LIMITED|GMR Hoskote Logistics Private Limited|GMR ESTATE MANAGEMENT PRIVATE LIMITED|GMR ENTERPRISES PRIVATE LIMITED|GMR Coimbatore Logistics Private Limited|GMR Bannerghatta Properties Private Limited|GMR BUSINESS AND CONSULTANCY LLP|GKR Holdings Private Limited|GBS Holdings Private Limited|Fabcity Properties Private Limited|Enigmatic BizSolutions LLP|Dynastygrowth Partners LLP|Dhruva Enterprises|Corporate Infrastructure Services Private Limited|Cadence Enterprises Private Limited|BUCHISANYASI RAJU GRANDHI TRUST|BSR Holdings Private Limited|B S R Ramadevi Ventures LLP|B S R Infrastructure LLP|Aero Investment Management Private Limited|Aadyashri Enterprises|ANAHATA CREATIONS LLP|AMG Healthcare Destination Private Limited|Indo Taush Trading FZCO (formerly Known as Indo Taush Trading DMCC)|GVL Realty Pte. Ltd|GVL Investments Pvt. Ltd|GVL Investments Ltd|GVL Investment Holdings Private Limited|GVL International (UK) Ltd|GVL INVESTMENTS SPV PVT. LTD|GVL Global Holdings Pvt. Ltd|GVL Capital Pte Ltd|GMR Technologies Singapore Pte Ltd|GMR Holdings (Overseas) Limited|GMR Holdings (Mauritius) Limited|GMR Global Pte Ltd|Cruiser Sports and Events FZCO|VARALAKSHMI GRANDHI|SRINIVAS BOMMIDALA HUF|SRINIVAS BOMMIDALA|MALLIKARJUNA RAO GRANDHI|KIRANKUMAR GRANDHI HUF|KIRANKUMAR GRANDHI|GRANDHI SMITHA RAJU|GRANDHI RAGINI|GRANDHI MALLIKARJUNA RAO HUF|GRANDHI BUTCHI SANYASI RAJU HUF|G B S RAJU|B RAMADEVI
GODIGIT,,INE03JT01014,owner_confirmed_individual_and_director,OWNER,OWNER,UNKNOWN,,rev1_outside,False,,,73.03,0.05,0.01,0.0,0.04,0.0,0.0,73.01,0.0,0.0,0.0,False,,,,Valueattics Reinsurance Limited|Oben Ventures LLP|Oben Enterprises LLP|Go Digit Solutions Private Limited|Go Digit Life Insurance Limited|Go Digit Infoworks Services Private Limited|VFin Corporation Limited|Thaifin Co Limited|Falcon Insurance Public Company Limited|Fairfax Financial Holdings Limited|Fairfax Asia Limited|Fairfax (Barbados) International Corp|FFHL Group Ltd.|FAL Corporation|ANT Success Company Limited|VAIBHAV GOYAL|KANIKA GUPTA|KAMESH GOYAL|ANUSHKA GOYAL|Vivek Gupta|Shippra Mittal|Pooja Gupta|Anjana Gupta|Amrish  Goyal|Aadesh Goyal
GODREJAGRO,,INE850D01014,owner_confirmed_individual_and_director,OWNER,OWNER,UNKNOWN,,rev1_outside,False,,,67.65,0.73,0.59,0.02,0.12,0.0,0.0,67.06,0.0,0.0,0.0,False,,,,"Wonder City Buildcon Limited|Vyuhan Developers Private Limited|TANYA DUBASH AND PIROJSHA GODREJ (TRUSTEES OF TAD FAMILY TRUST)|TANYA DUBASH AND PIROJSHA GODREJ (TRUSTEES OF TAD CHILDREN TRUST)|Shaula Real Estates Private Limited|Salina Enterprise LLP|Rock Honey Films Private Limited|REDCO Consultancies LLC|Pearlshine Home Developers Private Limited|PRAVIZ DEVELOPERS PRIVATE LIMITED|PRAKRITIPLAZA FACILITES MANAGEMENT PRIVATE LIMITED|PIROJSHA GODREJ AND NISABA GODREJ (TRUSTEES OF PG LINEAGE TRUST)|PIROJSHA GODREJ AND NISABA GODREJ (TRUSTEES OF PG FAMILY TRUST)|PIROJSHA GODREJ AND NISABA GODREJ (TRUSTEES OF PG CHILDREN TRUST)|OXFORD REALTY LLP|OASIS LANDMARKS LLP|NISABA GODREJ & PIROJSHA GODREJ (TRUSTEES OF NG FAMILY TRUST)|NISABA GODREJ & PIROJSHA GODREJ (TRUSTEES OF NG CHILDREN TRUST)|NBG ENTERPRISE LLP|NADIR GODREJ, HORMAZD GODREJ & SOHRAB GODREJ (TRUSTEES OF SNG LINEAGE TRUST)|NADIR GODREJ, HORMAZD GODREJ & RATI GODREJ (TRUSTEES OF SNG SUCCESSOR TRUST)|NADIR GODREJ, HORMAZD GODREJ & RATI GODREJ (TRUSTEES OF SNG FAMILY TRUST)|NADIR GODREJ, HORMAZD GODREJ & RATI GODREJ (TRUSTEES OF RNG FAMILY TRUST)|NADIR GODREJ, HORMAZD GODREJ & RATI GODREJ (TRUSTEES OF NBG FAMILY TRUST)|NADIR GODREJ, HORMAZD GODREJ & RATI GODREJ (TRUSTEES OF HNG FAMILY TRUST)|NADIR GODREJ, HORMAZD GODREJ & RATI GODREJ (TRUSTEES OF BNG SUCCESSOR TRUST)|NADIR GODREJ, HORMAZD GODREJ & RATI GODREJ (TRUSTEES OF BNG FAMILY TRUST)|NADIR GODREJ, HORMAZD GODREJ & BURJIS GODREJ (TRUSTEES OF BNG LINEAGE TRUST)|Manjari Housing Projects LLP|Mahalunge Township Developers Private Limited|Maan-Hinje Township Developers Private Limited|MOSIAC LANDMARKS LLP|M S RAMAIAH VENTURES LLP|Lusitano Real Estate LLP|KARUKACHAL DEVELOPERS PRIVATE LIMITED|INNOVIA MULTIVENTURES LLP|Godrej Vestamark LLP|Godrej Township Development Limited|Godrej Reserve LLP|Godrej Real Estate Distribution Company Private Limited|Godrej Living Private Limited|Godrej Irismark LLP|Godrej Highview LLP|Godrej Amitis Developers Private Limited|GODVET AGROCHEM LIMITED|GODREJ VENTURES AND INVESTMENT ADVISERS PRIVATE LIMITED|GODREJ SSPDL GREEN ACRES PRIVATE LIMITED|GODREJ SKYVIEW LLP|GODREJ SKYLINE DEVELOPERS LIMITED|GODREJ SEEDS & GENETICS LIMITED|GODREJ RESIDENCY PRIVATE LIMITED|GODREJ REDEVELOPERS (MUMBAI) PRIVATE LIMITED|GODREJ REALTY PRIVATE LIMITED|GODREJ PROPERTIES LIMITED|GODREJ PROJECTS NORTH LLP|GODREJ PROJECTS DEVELOPMENT LIMITED|GODREJ PROJECTS (SOMA) LLP|GODREJ PROJECT DEVELOPERS & PROPERTIES PRIVATE LIMITED|GODREJ PRAKRITI FACILITES PRIVATE LIMITED|GODREJ ONE PREMISES MANAGEMENT PRIVATE LIMITED|GODREJ OLYMPIA LLP|GODREJ MUSEUM OF ART AND CULTURE LLP|GODREJ INTERNATIONAL TRADING & INVESTMENT PTE. LTD|GODREJ INTERNATIONAL LIMITED|GODREJ INDUSTRIES LIMITED|GODREJ HOUSING PROJECTS LLP|GODREJ HOUSING FINANCE LIMITED|GODREJ HOME DEVELOPERS PRIVATE LIMITED|GODREJ HILLSIDE PROPERTIES PRIVATE LIMITED|GODREJ HIGHRISES REALTY LLP|GODREJ HIGHRISES PROPERTIES PRIVATE LIMITED|GODREJ GREEN WOODS PRIVATE LIMITED|GODREJ GREEN PROPERTIES LLP|GODREJ GENESIS FACILITES MANAGEMENT PRIVATE LIMITED|GODREJ GARDEN CITY PROPERTIES PRIVATE LIMITED|GODREJ FOODS LIMITED|GODREJ FLORENTINE PRIVATE LIMITED|GODREJ FINANCE LIMITED|GODREJ CONSUMER PRODUCTS LIMITED|GODREJ CITY FACILITES MANAGEMENT LLP|GODREJ CATTLE GENETICS PRIVATE LIMITED|GODREJ CAPITAL LIMITED|GODREJ BUILDWELL PROJECTS LLP|GODREJ ATHENMARK LLP|Evrotas Real Estate LLP|Embellish Houses Private Limited|DREAM WORLD LANDMARKS LLP|CREAMLINE DAIRY PRODUCTS LIMITED|COMERCIALIZADORA AGRICOLA AGROASTRACHEM CIA LIMITED|CITYSTAR INFRAPROJECTS LIMITED|CERES DEVELOPERS PRIVATE LIMITED|CAROA PROPERTIES LLP|BEHRAM CHEMICALS PRIVATE LIMITED|Ashank Land & Building Private Limited|Amari Real Estate LLP|ATNP Enterprise LLP|ASTEC LIFESCIENCES LIMITED|ASHANK PROJECTS DEVELOPMENT LLP|ASHANK FACILITY MANAGEMENT LLP|AREL ENTERPRISES LLP|ANBG ENTERPIRSE LLP|ANAMUDI REAL ESTATES LLP|ADI GODREJ, TANYA DUBASH, NISABA GODREJ, PIROJSHA GODREJ (TRUSTEES OF ABG FAMILY TRUST)|TANYA ARVIND DUBASH|SOHRAB NADIR GODREJ|SASHA GODREJ|RATI NADIR GODREJ|PIROJSHA ADI GODREJ|NISABA GODREJ|NADIR BARJORJI GODREJ|LANA GODREJ|KARLA BOOKMAN|HORMAZD NADIR GODREJ|FRENY MODY|BURJIS NADIR GODREJ|BEHRAM VAGHAIWALLA|AZAAR ARVIND DUBASH|ARYAAN ARVIND DUBASH|ARMAITY VAGHAIWALLA|ALOO VAGHAIWALLA|ADI BARJORJI GODREJ"
GOKULAGRO,,INE314T01033,owner_confirmed_individual_and_director,OWNER,OWNER,UNKNOWN,,rev1_outside,False,,,74.24,60.0,59.99,0.0,0.01,0.0,0.0,14.25,0.0,0.0,0.0,False,,,,Ritika Infracon Private Limited|Jashodaben Commodities Llp|Nilesh Kanubhai Thakkar|Manjulaben Kanubhai Thakker|Kanubhai Jivatram Thakkar|Jayeshkumar K Thakkar|Dipakkumar Kanubhai Thakkar|Bhavna Dipakkumar Harwani
GROWW,,INE0HOQ01053,owner_confirmed_individual_and_director,OWNER,OWNER,UNKNOWN,,rev1_outside,False,,,27.81,26.84,26.84,0.0,0.0,0.0,0.0,0.97,0.0,0.0,0.0,False,,,,Village Crafts India|VCI Exports Private Limited|Thousand Oaks Trust|Tanya Gupta (Ikigai Family Trust)|Stargazer Inc.|Stargazer Growth LLP|Sandeep and Sandeep Associates|Ritu Parmar (Sangam Family Trust)|Premium Solar Deed|Nupur Jain (Aarambh Family Trust)|N.B. Agrotech|Mufasa Trust|Inkandoak Book Ventures Private Limited|Hindustan Feeds|Hero Petro Products|Golden Oak Trust|Gloww Skin Care Sciences Private Limited|Fortune First Trust|Floret Global Infratech Private Limited|Chandu Mal Cotton Factory|Bansal Cold Store|Anagha Kapse (Fortune Family Trust)|A. K. Enterprises|Vikas Singh|Tanya Gupta|Swati Bhadouria|Sumit Keshre|Shiva Kumari Bhadoria|Santoshi Keshre|Sandeep Kumar HUF|Sandeep Kumar|Sahil Bansal|Rohit Ramlal Parmar|Rohit Kapse|Rohit Jain|Ritu Parmar|Ritika Bohra|Richa Gang|Rashmi Jain|Ramlal Parmar|Ramesh Kumar Jain|Ramesh Kumar HUF|Ramdhani Singh|Rakesh Jain|Prakash Kapse|Nupur Jain|Neeraj Singh|Minakshi Devi|Mina Kumari|Megha Kapse|Lalit Keshre|Kiran Parmar|Kailash Chandra Keshre|Jyoti Jain|Ivaann Jain|Ishan Bansal|Inaya Bansal|Hina Mohnot|Harsh Jain HUF|Harsh Jain|Bharti Gupta|Avni Singh|Avani Keshre|Anagha Kapse|Alka Kapse|Ajay Gupta|Advit Singh|Aashna Gupta|Aarav Jain
HERITGFOOD,,INE978A01027,owner_confirmed_individual_and_director,OWNER,OWNER,UNKNOWN,,rev1_outside,False,,,41.3,35.82,35.71,0.0,0.11,0.0,0.0,5.59,0.0,0.0,0.0,False,,,,MEGABID FINANCE AND INVESTMENT PRIVATE LIMITED|V NAGA RAJA NAIDU|RAMAKRISHNA NANDAMURI|NARA LOKESH|N BALAKRISHNA|DEVAANSH NARA|BRAHMANI NARA|BHUVANESWARI NARA
HONASA,,INE0J5401028,owner_confirmed_individual_and_director,OWNER,OWNER,UNKNOWN,,rev1_outside,False,,,35.54,35.54,35.54,0.0,0.0,0.0,0.0,0.0,0.0,0.0,0.0,False,,,,VARUN ALAGH (As a trustee of Varun Alagh Trust)|UNDERNEAT CLOTHING PRIVATE LIMITED|RAK FITNESS CONSUMER PRIVATE LIMITED|PRINTECH INDIA|GHAZAL ALAGH LLP|GHAZAL ALAGH (As a trustee of Ghazal Alagh Trust)|AYAAGA VENTURES LLP|VARUN ALAGH|SUNITA SAHNI|SAHIBA CHAUHAN|MUKESH ALAGH|KAILASH SAHNI & FAMILY HUF|KAILASH SAHANI|JASPAL ALAGH|GHAZAL ALAGH|CHIRAG SAHANI|AYAAN ALAGH|AGASTYA ALAGH
ICIL,,INE483B01026,owner_confirmed_individual_and_director,OWNER,OWNER,UNKNOWN,,rev1_outside,False,,,58.74,9.68,6.96,0.07,0.0,0.0,0.0,17.82,31.31,31.31,0.0,False,,,,Yarntex Exports Ltd|Slab Promoters Private Limited|Rini Investment And Finance Private Limited|Margo Finance Limited|Indocount Securities Limited|Sandridge Investments Limited|Shikha Jain|Sunita Jaipuria|Shivani Patodia|Neha Singhvi|Mohit Anilkumar Jain|Gayatri Devi Jain|Anil Kumar Jain Huf|Anil Kumar Jain
IFBIND,,INE559A01017,owner_confirmed_individual_and_director,OWNER,OWNER,UNKNOWN,,rev1_outside,False,,,74.96,0.77,0.72,0.05,0.0,0.0,0.0,74.24,0.0,0.0,0.0,False,,,,Zim Properties Private Limited|Windsor Marketiers Private Limited|Special Drinks Private Limited|Shubh Engineering Limited|Nurpur Gases Private Limited|Mac Consultants Private Limited|Lupin Agencies Private Limited|IFB Automotive Private Limited|IFB Agro Industries Limited|CPL Projects Limited|CPL Industries Limited|Asansol Bottling & Packaging Company Private Limited|Preombada Nag|Bikramjit Nag
IIFLCAPS,,INE489L01022,owner_confirmed_individual_and_director,OWNER,OWNER,UNKNOWN,,rev1_outside,False,,,30.93,29.74,28.77,0.05,0.01,0.91,0.0,2.16,0.0,0.0,0.0,False,,,,Orpheus Trading Pvt Ltd|Ardent Impex Pvt Ltd|Venkataraman Rajamani|Nirmal Bhanwarlal Jain|Mansukhlal Jain & Pritesh Mehta (in their capacity as Trustee of Nirmal Madhu Family Private Trust)|Madhu N Jain|Aditi Avinash Athavankar (in the capacity as Trustee of Kalki Family Private Trust)|Aditi Athavankar
IKS,,INE115Q01022,owner_confirmed_individual_and_director,OWNER,OWNER,UNKNOWN,,rev1_outside,False,,,63.72,16.84,2.53,4.08,0.0,0.0,0.0,50.96,0.0,0.0,0.0,False,,,,"Zenex Animal Health India Private Limited|Zen Super Structure LLP|Yashrey|Wing World Ground Services Private Limited|Vasundhara Dempo Family Private Trust|Vassudeva Dempo Family Private Trust|Timblo Shipyards Private Limited|Timblo Printers Private Limited|Timblo Drydocks Private Limited|Syska LED Lights Private Limited|Syska E Retails LLP|Synergy Drilling Fluids Private Limited|Sudha Children Trust|Star Health and Allied Insurance Company Limited|Snehal Packaging Private Limited|Shree Sant Kripa Intellectual|Shree Ratnasagar Developers|Shraddha Communication Private Limited|Saidale Development Corporation LLP|SNV Aviation Private Limited|Ruia Builders & Developers|Ruia Agro Farms|Resitex|Renu Ruia Trust|Ratnasagar Developers LLP|Rare Shares & Stock Private Limited|Rare Investments|Rare Family Foundation|Rare Equity Private Limited|RARE Enterprises (Partner-Rekha Rakesh Jhunjhunwala)|Pegasus Group one Trust 41|Pegasus Group Thirty Nine Trust 2|Pegasus Group Thirty Nine Trust 1|Pegasus Group Nine Trust 3|Pegasus Group Nine Trust 2|Pegasus Group Forty one Trust 1|Pegasus Group Eleven Unicorp Trust I|Pegasus Assets Reconstruction Private Limited|Pegasus 2023 Trust 9|Pegasus 2023 Trust 3|Pegasus 2023 Trust 2|Pathfinders Preschool LLP|Pathfinders Early LLP|Parvati Realtors LLP|Park Developers|Onex Systems Private Limited|One by Three Film Production LLP|OHM Educom Foundation Private Limited|Noopur Family Trust|Nitya's Welfare Trust|Nistha Jhunjhunwala Discretionary Trust|Nishtha Jhunjhunwala New Income Trust|Neumec Developer & Builders|Minosha Print Solutions Pvt Ltd|Minosha India Limited|Manveer Associates LLP|Maanya Enterprises|MEL Training & Assessments Limited|Les Concierges Services Private Limited|Kinnteisto LLP|John Energy Limited|John Drilling Services Private Limited|Jhunjhunwala Family Trust|Jalaram Baba Children’s Nest Education Private Limited|JCB Salons Private Limited|J&J Buildcon Private Limited|Interics|Insync Capital Partners LLP|Industrial Glass Fiber Industries|Inayas Welfare Trust|IDC Electronics Limited|Hope Film Makers Private Limited|Hope Entertainment LLP|Harmonybright Education LLP|Gutz Feel Film Production LLP|Goldcrest Advisors LLP|Girija Dempo Family Private Trust|Fast Zone Kit LLP|FRIN Beauty Private Limited|E-Phoria Technologies Private Limited|Devashri Nirman LLP|Concord Biotech Limited|Capris Advisors LLP|Bombay Goods Freight Carriages|Big Banner Entertainment and Media LLP|Bhumi Realty Ventures LLP|BGFC Logistic LLP|Associate Enterprises|Ashra Family Trust|Aryavir Jhunjhunwala New Income Trust|Aryavir Jhunjhunwala Discretionary Trust|Aryaman Jhunjhunwala New Income Trust|Aryaman Jhunjhunwala Discretionary Trus|Arti Family Trust|Arayas Welfare Trust|Aptech Limited|Aptech Investments|Alchemy Investment - Advisory Services Private Limited|Alchemy Capital Management Private Limited|ABC Enterprises|Rocheffort Investments Singapore Pte. Ltd|John Energy International DMCC|Concord Biotech Japan K.K.|Aptech Ventures Limited, Mauritius|Aptech Training Limited FZE, Dubai|AGLSM SDN BHD, Malaysia|Sachin Gupta|Sushila Gupta|Sunil Seksaria HUF|Sudha Gupta|Sarvesh Timblo|Sara Sachin Gupta|Roopal Ravi Gupta|Renu Ruia|Rekha Timblo|Rekha Rakesh Jhunjhunwala|Rajeshkumar Radheshyam Jhunjhunwala|Rajeev Purshottamdas Gupta|Pallavi Dempo|Nishtha Jhunjhunwala|Mahendra Timblo|Madhu Seksaria|Chandan Bandekar|Ashwini Gupta|Aryavir Jhunjhunwala|Aryaman Jhunjhunwala|Joseph Charles Benardello"
IMFA,,INE919H01018,owner_confirmed_individual_and_director,OWNER,OWNER,UNKNOWN,,rev1_outside,False,,,58.69,4.8,3.6,0.0,0.0,0.0,0.0,53.89,0.0,0.0,0.0,False,,,,"SUBHRAKANT PANDA, TRUSTEE, B PANDA TRUST|SUBHRAKANT PANDA, MANAGING TRUSTEE, SHAISAH FOUNDATION|BP DEVELOPERS PRIVATE LTD|NIVEDITA GANAPATHI|SUBHRAKANT PANDA|PARAMITA PANDA|BAIJAYANT PANDA"
INDIAGLYCO,,INE560A01023,owner_confirmed_individual_and_director,OWNER,OWNER,UNKNOWN,,rev1_outside,False,,,59.63,8.58,8.58,0.0,0.0,0.0,0.0,51.05,0.0,0.0,0.0,False,,,,SUKHVARSHA DISTRIBUTORS PVT. LTD.|LUND & BLOCKLEY PVT. LTD.|KASHIPUR HOLDINGS LIMITED|JB COMMERCIAL COMPANY PRIVATE LIMITED|J BOSECK & CO. PRIVATE LIMITED|HINDUSTAN WIRES LIMITED|FACIT COMMOSALES PRIVATE LIMITED|AJAY COMMERCIAL CO. PVT. LTD.|UMA SHANKAR BHARTIA|PRAGYA BHARTIA BARWALE|POOJA JHAVER|JAYSHREE BHARTIA|EXECUTORS TO THE ESTATE OF LATE SAJANI DEVI BHARTIA
INDIASHLTR,,INE922K01024,owner_confirmed_individual_and_director,OWNER,OWNER,UNKNOWN,,rev1_outside,False,,,47.6,2.54,1.45,0.6,0.49,0.0,0.0,0.0,46.15,46.15,0.0,False,,,,"Wealth India Financial Services Private Limited|Vini Cosmetics Private Limited|Sunny Crop Private Limited|Safecrop Investments India LLP|SafeTree Nurture LLP|Sabziwagon Ventures Private Limited|Pragara Sitecraft Private Limited|MMPL Trust|Kuhoo Technology Services Private Limited|Kuhoo Tech Innovations Private Limited|Kuhoo Finance Private Limited|Koyna Mart Private Limited|Konark Trust|Kiwi General Insurance Company Limited|KPN Farm Fresh Private Limited|Indiqube Spaces Limited (Formerly known as Innovent Spaces Private Limited)|Finfactor Technologies Private Limited|Enrich Hair and Skin Solutions Private Limited|Ebo Mart Private Limited|EBONO Private Limited|Crossland Real Estate Developers Private Limited|Crossland Parts Private Limited|Crossland Granites Private Limited|Crossland Glo Private Limited|Crossland Equipo Private Limited|Crossland Earth Movers Private Limited|Crossland Cars Private Limited|Aptus Value Housing Finance India Limited|WestBridge Crossover Tranche V, LLC|WestBridge Crossover Tranche III, LLC|WestBridge Capital Management, LLC|WestBridge AIF Master Fund, LLC|WestBridge AIF I|WESTBRIDGE CROSSOVER FUND, LLC|WCF Treasury Holdings, LLC|Uptime Inc.|Turing Enterprises, Inc.|Tessel Inc.  (US Co)|TACOMA, LLC|Shoreline Labs Inc.|Setu AIF Trust|MIH Investment Holdings|Kamet Investment Holdings|JIH II, LLC|HyperTrack Inc|GreenCore PTE Ltd|Goldcast Inc.|Biz2Credit Inc.|Benson, LLC|ARAVALI INVESTMENT HOLDINGS|VIPULA SURANA|ADIT MEHTA|SHALABH MEHTA|SANJEEVA BHARGAVA|ANJALI MEHTA|ANIL MEHTA|ADITI MEHTA|Mathey Investment Holdings|Jwalamukhi Investment Holdings"
INOXGREEN,,INE510W01014,owner_confirmed_individual_and_director,OWNER,OWNER,UNKNOWN,,rev1_outside,False,,,56.12,0.03,0.0,0.0,0.03,0.0,0.0,56.12,0.0,0.0,0.0,False,,,,Inox Wind Limited|Inox Leasing and Finance Limited|Devansh Trademart LLP|Vivek Kumar Jain|Mukesh Patni|Devansh Jain
INOXINDIA,,INE616N01034,owner_confirmed_individual_and_director,OWNER,OWNER,UNKNOWN,,rev1_outside,False,,,75.0,75.26,75.0,0.24,0.02,0.0,0.0,0.0,0.0,0.0,0.0,False,,,,Widescreen Holdings Private Limited|Triumph Trading Limited|Spartan Trade Holdings LLP|Sonargaon Properties LLP|Sinnar Steels Private Limited|Siddho Mal Trading LLP|Roongta Cine Corporation Private Limited|Refron Valves Private Limited|Priyam Associates LLP|Pratitha Multitrading Private Limited|Kyoorius Aqua Culture LLP|Kheruka Properties LLP|INOX Infrastructure Limited|INOX Chemicals LLP|Hotz Industries Limited|Gujarat Fusion Glass LLP|General Magnets LLP|GFL Limited|Ficus Trading LLP|Cycas Trading LLP|Curry Me Up Private Limited|Coronet Holdings Private Limited|Borosil Limited|Azalea Trading LLP|Associated Fabricators LLP|Varenyaa Jain|Shreyasi Goenka|SIDDHARTH JAIN|Pradeep Kheruka|PAVAN KUMAR JAIN|Nairiti Jain|NAYANTARA JAIN|Minal Somany|MANJU JAIN|LATE DEVENDRA KUMAR JAIN|LATA MADHUSUDAN RUNGTA|Kusum Mittal|Kiran Kheruka|ISHITA JAIN|Chandralekha Roongta|Arunkumar Roongta (HUF)|Araadhya Jain
INOXWIND,,INE066P01011,owner_confirmed_individual_and_director,OWNER,OWNER,UNKNOWN,,rev1_outside,False,,,44.18,1.86,1.86,0.0,0.0,0.0,0.0,42.32,0.0,0.0,0.0,False,,,,Inox Leasing And Finance Limited|Devansh Trademart LLP|Aryavardhan Trading LLP|Vivek Kumar Jain|Nandita Jain|Late Devendra Kumar Jain|Devansh Jain
JLHL,,INE682M01012,owner_confirmed_individual_and_director,OWNER,OWNER,UNKNOWN,,rev1_outside,False,,,40.91,34.06,32.21,1.85,0.0,0.0,0.0,8.7,0.0,0.0,0.0,False,,,,"WISDOM VILLAGE DEVELOPMENT LLP|WESTERN MEDICAL SOLUTIONS LLP|SULCUS PRIVATE LIMITED|RAVI IMAGING PRIVATE LIMITED|MAJESTY ERECTORS LLP|Jupiter Wellness Private Limited|Jupiter Scan and Imaging Centre
 Private Limited|JUPITER HEART SCAN LLP|JUPITER FOUNDATION|JAY CLINIC LLP|Indian Medical Foundation|ENTISI HOSPITALITY PRIVATE LIMITED|CIRCLE HOUSING LLP|SANJAY THAKKER|ROOPA GANATRA|NIKITA ANKIT THAKKER|NEETA DEVANG GANDHI|NEERA JAIN|KIRTIKA AJAY THAKKER|HITESH GANDHI|DEVANG VASANTLAL GANDHI HUF|DEVANG VASANTLAL GANDHI|AVI THAKKER|ANKITA JAIN|ANKIT AJAY THAKKER|AMIT JAIN|AJAY PRATAP THAKKER|AJAY P THAKKER HUF|ABHINAV JAIN"
JSWCEMENT,,INE718I01012,owner_confirmed_individual_and_director,OWNER,OWNER,OWNER,OWNER=[Jindal(Jindal)],rev1_outside,False,,,72.33,0.76,0.76,0.0,0.0,0.0,0.0,71.58,0.0,0.0,0.0,False,,,,Windsor Residency Private Limited|Vipra Infraprojects Private Limited|Vinamra Properties Private Limited|VIRTUOUS TRADECORP PRIVATE LIMITED|VINAMRA CONSULTANCY PVT LTD|Ukiyo Properties Private Limited|Tasha Multitrading Private Limited|Tarini Jindal Family Trust|Tanvi Jindal Family Trust|TV Realty Private Limited|TCPL Packaging Limited|TCPL Halma Pvt. Ltd|Systran Multiventures Private Limited|Svamaan Financial Services Private Limited|Studio Momentum Private Limited|Strata Multiventures Pvt. Ltd.|Stainless Trust|Southern Bulk Terminals Private Limited|South West Port Limited|South West Mining Limited|Sonabheel Tea Ltd.|Saubhagya Investors & Dealers Pvt ltd|Sapphire Airlines Private Limited|Sangita Jindal Family Trust|Samridhi Holding Private Limited|Sajjan Jindal Lineage Trust|Sajjan Jindal Foundation|Sajjan Jindal Family Trust|Sahyog Holdings Pvt. Ltd.|SIDDESHWARI TRADEX PRIVATE LIMITED|Rungta House Development Private Limited|Rohit Tower Building Limited|Rightgem Reality Private Limited|Realcom Reality Private Limited|Radius Multiventures Pvt. Ltd.|REYNOLD TRADERS PRIVATE LIMITED|R House Realty Private Limited|Portfolio Fashions Private Limited|Parth Jindal Family Trust|Paradip East Quay Cold Terminal Private Limited|PRJ family Management Co Pvt Limited|PRJ Holdings Private Trust|PNP Maritime Services Private Limited|Oyster Renewable Energy Private Limited (earlier as Abenergia Renewables Private Limited)|Oyster Renewable Energy Holding PTE Ltd|Opelina Sustainable Services|OPJ Trading Pvt. Ltd.|OPJ Steel Trading Pvt. Ltd.|OPJ Metals & Minerals Private Limited|OP Jindal Foundation|Nyri Coal Tar Pitch Private Limited|Nexbest Real Estate Private Limited|Neotrex Steel Wires Pvt. Ltd.|Near View Reality Private Limited|Navkar Corporation Limited|Narmada Fintrade Pvt. Ltd.|Nalwa Sons Investment Limited|Nalwa Investments Limited|Nalwa Engineering Co. Ltd.|MuSo D Innovation Lab Private Limited|Mill Store Company (Bombay) Private Limited|Micromedia Reality Private Limited|Marmoris Arts LLP|Mangalore Coal Terminal Private Limited|Magnilliant Multiventures Private Limited|Magnilliant Consultancy Services Private Limited|Macrolite Infraprojects Private Limited|MAGNIFICIENT MERCHANDISE AND ADVISORY SERVICES PRIVATE LIMITED|Logactive Infraprojects Private Limited|Laptev Trading Private Limited|Jukyo Housing Pvt Ltd|Jsw Tuticorin Multipurpose Terminal Private Limited  (Formerly Known As JSW Shipyard Private Limited)|Jindal Strips Limited|Jindal Steel Limited|Jindal Saw Limited|Jindal Rex Exploration Pvt Ltd|Jindal Nandanavana Kendra Private Limited|Jindal Industries Private Limited|Jindal Industries Hissar Pvt Ltd|Jindal Global Capability Centre Private Limited|Jindal Education Trust|Jindal Cor Private Limited|Jindal Consultancy Services Pvt. Ltd.|Jindal Advisory Services Pvt Ltd (previously known as JSP Group Advisory Pvt Ltd)|Jasani Realty Pvt.Ltd|Jaigarh digni Rail Limited|JTPM Metal Traders Private Limited|JSW Ventures Trustee Pvt Ltd|JSW Ventures Fund Managers LLP|JSW UAV Limited|JSW UAS Limited|JSW Techno Projects Management Limited|JSW Sports Ventures Private Limited|JSW Sports Private Limited|JSW Shipping & Logistics Private Limited|JSW Sarbloh Motors Private Limited|JSW Recharge Sports Private Limited|JSW Realty Private Limited|JSW Realty & Infrastructure Private Limited|JSW Rail Infra Logistics Private Limited|JSW Projects Limited|JSW Processors and Traders Private Limited|JSW Port Logistics Private Limited|JSW Paradip Terminal Private Limited|JSW Paints Limited (Formerly JSW Paints Private Limited)|JSW Organics Private Limited|JSW New Age Private Limited|JSW Murbe Port Private Limited|JSW Motors Limited (formerly known as JSW Mobility Limited)|JSW Minerals Trading Private Limited|JSW Minerals Rail Logistics Private Limited|JSW Metaliks Private Limited|JSW Mangalore Container Terminal Private Limited|JSW Living Private Limited|JSW Kolkata Container Terminal Private Limited|JSW Keni Port Private Limited (Earlier known as Masad Infra Services Private Limited)|JSW Jatadhar Marine Services Private Limited|JSW Jaigarh Port Limited|JSW JNPT Liquid Terminal Private Limited|JSW Infrastructure Limited|JSW Industrial Park Limited ( Formerly known as 'JSW Aluminium Limited')|JSW IP Holdings Private Limited|JSW INVESTMENTS PRIVATE LIMITED|JSW Holdings Limited|JSW Group Employees Trust (Parth Jindal)|JSW Group Companies Equity Trust (Anurag Kumar Agarwal)|JSW Greentech Limited|JSW Green Private Limited|JSW Green Mobility Limited|JSW Global Business Solutions Limited|JSW Gecko Motors Private Limited|JSW Foundation|JSW Energy Ltd.|JSW Dharamtar Port Private Limited|JSW Defence Pvt Limited (JSW Multiventures Private Limited)|JSW Copper and Metals Limited|JSW Bengaluru Football Club Private Limited|JSW Autocomp Limited|JSW Art India Foundation|JSW Airflows Limited|JSW (South) Rail Logistics Private Limited|JSP Sports Private Limited|JSL LIMITED|JITF Urban Infrastructure Services Limited|JITF Infralogistics Limited|Inspire Institute of Sports|Innox Global Multiventures Private Limited|Indusglobe Multiventures Pvt. Ltd.|Hexa Tradex Limited|Heritage Trust|Handa Family Trust|Hampi Foundation|Global Wisdom Trust|Global Vision Trust|Global Growth Trust|Genovo Multisolutions Private Limited|Gecomo Smv Private Limited|Gagan Infraenergy Limited|Everbest Multiservices One Private Limited|Epsilon Holdings Private Limited|Epsilon Foundation|Epsilon Carbon Private Limited|Epsilon Carbon Ashoka Private Limited|Epsilon Aerospace Private Limited|Epsilon Advanced Materials Private Limited (Formerly known as Nyri Synthetics Private Limited)|Ennore Coal Terminals Private Limited|Ennore Bulk Terminals Private Limited|Echelon Real Estate Private Limited|Echelon Multiventures Private Limited|EVERBEST CONSULTANCY SERVICES PVT LTD|E House Realty Private Limited|Divino Multiventures Pvt. Ltd.|Descon Private Limited|Colorado Trading Co. Ltd.|Centre Court Capital Investment Managers Private Limited|Centre Court Capital Fund Managers IFSC LLP|Burnet Investments Private Limited|Blue Stone Properties Pvt. Ltd|Bir Plantations Private Limited|BMM Ispat Ltd.|Art India Publishing Co. Pvt. Ltd|Argil Properties Private Limited|Ambitious Cement Private Limited|Ambitious Asset Pvt Ltd|Ambit Operations & Management Services Private Limited|Akshay Developers (Sion) Pvt.Ltd|Aequo Galerie Private Limited|Accuraform Private Limited|Accura Technik  Pvt. Ltd|Accura Inks Pvt. Ltd|ADARSH ADVISORY SERVICES PVT LTD|Vivaan Jindal|URMILA KANORIA|URMILA BHUWALKA|UDAY INDUKUMAR JASANI|TARINI JINDAL HANDA|TANVI SHETE|Seema Jajodia|Savitri Devi Jindal|SAROJ BHARTIA|SARIKA JHUNJHNUWALA|SANGITA JINDAL|SAKET KANORIA .|SAJJAN JINDAL|S K Jindal & Sons HUF|Ratan Jindal|R K Jindal & Sons HUF|Prithavi Raj Jindal|PARTH JINDAL|P R Jindal HUF|Naveen Jindal & Sons HUF|Naveen Jindal|NUNU UDAY JASANI|NIRMALA GOEL|Kailash Kanoria|KK Bhartia HUF|Ayana Jindal|ANUSHREE PARTH JINDAL
JSWINFRA,,INE880J01026,owner_confirmed_individual_and_director,OWNER,OWNER,OWNER,OWNER=[Jindal(Jindal)],rev1_outside,False,,,83.62,0.21,0.0,0.21,0.0,0.0,0.0,83.61,0.0,0.0,0.0,False,,,,"Worldone Private Limited|Windsor Residency Private Limited|Vividh Finvest Private Limited|Virtuous Tradecorp Private Limited|Vipra Infraprojects Private Limited|Vinamra Properties Private Limited|Vinamra Consultancy Private Limited|Vasind Farm & Dairy Products Private Limited|Utkarsh Transport  Private Limited|Ukiyo Properties Private Limited|Tranquil Homes & Holdings Private Limited|Templar Investment Limited|Tasha Multitrading Private Limited|Tarini Jindal Family Trust|Tanvi Jindal Family Trust|TV Realty Private Limited|TCPL Packaging Limited|TCPL Halma Private Limited|Systran Multiventures Private Limited|Svamaan Financial Services Private Limited|Strata Multiventures Private Limited|Springway Mining Private limited|South West Mining Limited|Sonabheel Tea Limited|Sigmatech Inc|Siddeshwari Tradex Private Limited|Shiva Cement Limited|Saubhagya Investors & Dealers Private Limited|Sapphire Airlines Private Limited|Sangita Jindal Family Trust|Samridhi Holding Private Limited|Salonah Tea Private Limited|Sajjan Jindal Lineage Trust|Sajjan Jindal Foundation|Sajjan Jindal , Sangita Jindal (Trustees of Sajjan Jindal Family Trust)|Sahyog Holdings Private Limited|Rungta House Development Private Limited|Rightgem Reality Private Limited|Reynold Traders Private Limited|Realcom Reality Private Limited|Radius Multiventures Private Limited|R House Realty Private Limited|Portfolio Fashions Private Limited|Ponmala Multitrading Private Limited|Pinnacle Consolidated Private Limited|Parth Jindal Family Trust|PRJ family Management Co.Private Limited|PRJ Holdings Private Trust|Opelina Sustainable Services Private Limited|OPJ Trading Private Limited|OPJ Steel Trading Private Limited|O P Jindal Foundation|Nyri Coal Tar Pitch Private Limited|Neotrex Steel Wires Private Limited|Near View Reality Private Limited|Narmada Fintrade Private Limited|Nalwa Sons Investments Limited|Nalwa Investments Limited|Nalwa Engineering Co. Limited|Nacho Investments Limited|NKJ Mining Private Limited|MuSo D Innovation Lab Private Limited|Micromedia Reality Private Limited|Mendeza Holdings Limited|Marmoris Arts LLP|Magnilliant Multiventures Private Limited|Magnilliant Consultancy Services Private Limited|Magnificient Merchandise and Advisory Services Private Limited|Macrolite Infraprojects Private Limited|Maaran Multitrading Private Limited|Logactive Infraprojects Private Limited|Lexapar Analytics Private Limited|LICO Materials Private Limited|Jotirdhar Trading Private Limited|Jindal Steel Power Limited|Jindal Saw Limited|Jindal Rex Exploration Private Limited|Jindal Nandwana Kendra Private limited|Jindal Industries Private Limited|Jindal Industries Hissar Private Limited|Jindal Ferrous Limited|Jindal Education Trust|JTPM Metal Traders Private Limited|JSW Ventures Trustee Private Limited|JSW Ventures Fund Managers LLP|JSW Techno Projects Management Limited|JSW Sports Ventures Private Limited|JSW Sports Private Limited|JSW South Rail Logistics Private Limited|JSW Shipping & Logistics Private Limited|JSW Recharge Sports Private Limited|JSW Realty Private Limited|JSW Realty & Infrastructure Private Limited|JSW Rail Infra Logistics Private Limited|JSW Projects Limited|JSW Processors and Traders Private Limited|JSW Paints Private Limited|JSW Organics Private Limited|JSW New Age Private Limited|JSW Multiventures Private Limited|JSW Minerals Trading Private Limited|JSW Minerals Rail Logistics Private Limited|JSW Living Private Limited|JSW Investments Private Limited|JSW Industrial Park Limited|JSW IP Holdings Private Limited|JSW Holdings Limited|JSW Green Private Limited|JSW Green Mobility Limited|JSW Green Cement Private limited|JSW Global Business Solutions Limited|JSW Foundation|JSW Energy Limited|JSW Cement Limited|JSW Bengaluru Football Club Private Limited|JSP Group Advisory Services Private Limited|JSL Limited|JITF Infralogistics Limited|Inspire Institute of Sports|Innox Global Multiventures Private Limited|Indusglobe Multiventures Private Limited|IOTA Finance Private Limited|Hexa Tradex Limited|Heritage Trust|Handa Family Trust|Hampi Foundation|Gopal Traders Private Limited|Global Wisdom Trust|Global Vision Trust|Global Growth Trust|Genovo Multisolutions Private Limited|Gagan Infraenergy Limited|Fruiteye Reality Private Limited|Four Seasons Investments Limited|Everbest Consultancy Services Private Limited|Estrela Investment Company Limited|Epsilon Foundation|Epsilon Carbon Private Limited|Epsilon Carbon Ashoka Private Limited|Epsilon CAM Private Limited|Epsilon Aerospace Private Limited|Epsilon Advanced Materials Private Limited|Echelon Properties Private Limited|Echelon Multiventures Private Limited|E House Realty Private Limited|Divino Multiventures Private Limited|Dhamankhol Engineering & Construction Co Private Limited|Descon Private Limited|Dasmaya Multitrading Private Limited|Colorado Trading Private Co. Limited|Centre Court Capital Investment Managers Private Limited|Centre Court Capital Fund Managers IFSC LLP|Burnet Investments Private Limited|Brahmani River Pellets Limited|Bir Plantation Private Limited|BMM Ispat Limited|Art India Publishing Co. Private Limited|Argil Properties Private Limited|Anbeeco Investments Limited|Ambitious Cement Private Limited|Ambitious Asset Private Limited|Ambit Operations & Management Services Private Limited|Aequo Galerie Private Limited|Adarsh Advisory Services Private Limited|Accura Inks Private Limited|Accura Form Private Limited|Abenergia Renewables Private Limited|Urmila Kanoria|Urmila Bhuwalka|Tarini Jindal Handa|Tanvi Shete|Seema Jindal|Savitri Devi Jindal|Saroj Bhartia|Sarika Jhunjhunwala|Sangita Jindal|Saket Kanoria|Sajjan Jindal|S K Jindal & Sons HUF|Ratan Jindal|R K Jindal & Sons HUF|Prithvi Raj Jindal|Parth Jindal|P R Jindal HUF|Nirmala Goel|Naveen Jindal & Sons HUF|Naveen Jindal|Kailash Kanoria|KK Bhartia HUF"
JUBLPHARMA,,INE700A01033,owner_confirmed_individual_and_director,OWNER,OWNER,UNKNOWN,,rev1_outside,False,,,47.68,1.22,1.19,0.0,0.03,0.0,0.0,43.2,3.28,3.28,0.0,False,,,,VAM HOLDINGS LIMITED|SPB TRUSTEE COMPANY PVT LTD|NIKITA RESOURCES PRIVATE LIMITED|MAV MANAGEMENT ADVISORS LLP|JUBILANT ENPRO PRIVATE LIMITED|JUBILANT CONSUMER PRIVATE LIMITED|JUBILANT ADVISORS LLP|JAYTEE PRIVATE LIMITED|HSB TRUSTEE COMPANY PVT LTD|TORINO OVERSEAS LIMITED|RANCE INVESTMENT HOLDINGS LIMITED|MILLER HOLDINGS PTE LTD|CUMIN INVESTMENTS LIMITED|SHYAM SUNDER BHARTIA|SHAMIT BHARTIA|PRIYAVRAT BHARTIA|KAVITA BHARTIA|HARI SHANKER BHARTIA
JYOTICNC,,INE980O01024,owner_confirmed_individual_and_director,OWNER,OWNER,UNKNOWN,,rev1_outside,False,,,62.55,46.47,46.39,0.0,0.08,0.0,0.0,16.16,0.0,0.0,0.0,False,,,,Jyoti International LLP|Vikramsinh Raghuvirsinh Rana|Vijaysinh Pravinsinh Zala|Sahdevsinh Lalubha Jadeja|Parakramsinh Ghanshyamsinh Jadeja|Narendrashinh Raghuvirshinh Rana|Anilkumar Bhikhabhai Virani
KIRLPNU,,INE811A01020,owner_confirmed_individual_and_director,OWNER,OWNER,UNKNOWN,,rev1_outside,False,,,38.82,29.16,28.88,0.25,0.03,0.0,0.0,9.94,0.0,0.0,0.06,False,,,,"VikramGeet Investments and Holdings Private Limited|VSK Holdings Pvt Ltd (Under Liquidation)|Tor.ai Limited (Formerly known as Kloudq Technologies Limited)|The Kolhapur Steel Limited|Snow Leopard Technology Ventures LLP|Snow Leopard Momentum LLP|Snow Leopard Momentum II LLP|Snow Leopard Lever Boost LLP|Snow Leopard Infrastructure1 LLP|Snow Leopard Global Technology LLP|Snow Leopard Global Technology III - LLP|Shri Harihareshwara Finance and Investments Private Limited|Saucelito Ventures|Samarth Udyog Technology Forum|S.L. Kirloskar CSR Foundation|Rykenthorus Ventures LLP|Prakar Investments Private Limited|Navsai Opportunities Private  Limited (Formerly known as Navsai Investments Private Limited)|Navasasyam Dandekar Private Limited|Mahila Udyog Limited  [under Corporate Insolvency Resolution Process (CIRP)]|La-Gajjar Machineries Private Limited|Kirloskar Trading SA (PTY) Limited (Formerly known as Joburg Industrial Trading (SA) (PTY) Limited )|Kirloskar Systems Private Limited (Formerly Kirloskar Systems Limited)|Kirloskar South East Asia Company Limited|Kirloskar Solar Technologies Private Limited|Kirloskar Proprietary Limited|Kirloskar Oil Engines Limited|Kirloskar Management Services Private Limited|Kirloskar International ME FZE|Kirloskar Integrated Technologies Private Limited|Kirloskar Industries Ltd|Kirloskar Ferrous Industries Limited|Kirloskar Energen Private Limited|Kirloskar DMCC|Kirloskar Corrocoat Private Limited|Kirloskar Chillers Private Limited|Kirloskar Chillers Middle East LLC|Kirloskar Brothers Limited|Kirloskar Americas Corp USA (Formerly : KOEL Americas Corp., USA)|KiARA LifeSpaces Private Limited|Karad Projects and Motors Limited|Kairi Investments LLC|KC Ventures LLP|Indifour Consult Private Limited|Green Tek Systems (India) Private Limited|G. G. Dandekar Properties Limited (formerly known as G.G. Dandekar Machine Works Limited)|Cephalopod Teknik LLP (Earlier known as Snow Leopard Global Technology II - LLP)|Cephalopod Teknik III LLP|Cephalopod Teknik II LLP|Cees Investments And Consultants Private Limited  (Under Liquidation)|Binaza Consult Private Limited|Better Value Holdings Private Limited|Beluga Whale Capital Management Pte. Ltd.|Avante Spaces Limited|Asara Sales & Investments Private Limited|Arka Investment Advisory Services Private Limited|Arka Fincap Limited|Arka Financial Holdings Private Limited|Alpak Investments Private Limited|Alotoxl Ventures LLP|Actin Technologies India Private Limited|Achyut And Neeta Holdings And Finance Pvt Ltd|Suman Chandrakant Kirloskar as individual and as a Trustee of C. S. Kirloskar Testamentary Trust|Sanjay Chandrakant Kirloskar as individual and as a Trustee of C. S. Kirloskar Testamentary Trust|Rama Sanjay Kirloskar|Rahul Chandrakant Kirloskar as individual, as a Karta of Rahul C Kirloskar HUF and as a Trustee of C. S. Kirloskar Testamentary Trust|Pratima Sanjay Kirloskar|Nihal Gautam Kulkarni|Ms.Anoushka Akshay Sahni|Ms. Sneha Jain-Kirloskar|Ms. Pia Christopher Kolenaty|Ms. Maya Christopher Kolenaty|Ms. Manasi Vikram Kirloskar|Ms. Gargi Nihal Kulkarni|Ms. Anika Nihal Kulkarni|Mrs.Geetanjali Vikram Kirloskar|Mrs. Shruti Nihal Kulkarni|Mrs. Roopa Jayant Gupta|Mrs. Komal Ambar Kulkarni|Mr. Christopher Kolenaty|Mr. Akshay Sahni|Mr Aman Rahul Kirloskar|Master Talen Ambar Kulkarni|Master Arjun Sahni|Jyotsna Gautam Kulkarni|Gauri Atul Kirloskar|Atul Chandrakant Kirloskar as individual and as a Karta of Atul C. Kirloskar HUF|Arti Atul Kirloskar|Ambar Gautam Kulkarni|Alpana Rahul Kirloskar|Alok Sanjay Kirloskar|Alika Rahul Kirloskar|Aditi Atul Kirloskar"
KPIGREEN,,INE542W01025,owner_confirmed_individual_and_director,OWNER,OWNER,UNKNOWN,,rev1_outside,False,,,49.49,50.37,48.68,1.67,0.02,0.0,0.0,0.81,0.0,0.0,0.0,False,,,,QUYOSH ENERGIA PRIVATE LIMITED|VAHIDABANU FARUK PATEL|RASHIDA GULAM PATEL|GULAMMAHMAD ALIBHAI PATEL|FARUKBHAI GULAMBHAI PATEL|AFFAN FARUK PATEL|AAYESHA FARUKBHAI PATEL|DHIMANTRAI CHANDRASHANKER JOSHI
LENSKART,,INE956O01016,owner_confirmed_individual_and_director,OWNER,OWNER,UNKNOWN,,rev1_outside,False,,,17.55,17.57,17.55,0.0,0.02,0.0,0.0,0.0,0.0,0.0,0.0,False,,,,Sourya Software LLP|PB LK Family Trust|NB LK Family Trust|Kudrat Security Private Limited|Kaps Services Private Limited|Fundscoop Advisors Private Limited|Darkins Chocolate Private Limited|Culture Cap LLP|Brite Lighting LLP|Bansal Insulation Products Private Limited|A Chaudhary and Co|Sushila Chaudhary|Surinder Paul Singla|Sumeet Kapahi|Sneh Lata Mittal|Shiv Shankar Mittal|Seema Kapahi|Santosh Singla|Richa Chaudhary|Reema Kunar|Rashmi Talwar|Rajendra Prasad Kunar|Rajeev Kunar|Peyush Bansal|Nilima Kunar|Nidhi Mittal Bansal|Neha Bansal|Neeraj Nagpal|Murli Dhar Chaudhary|Manu Singhal HUF|Manu Singal|Kiran Bansal|Kartik Kapahi|Kanika Gupta|Ivaan Bansal|Bal Kishan Bansal HUF|Bal Kishan Bansal|Ankit Chaudhary|Amit Mittal|Amit Chaudhary
LLOYDSENGG,,INE093R01011,owner_confirmed_individual_and_director,OWNER,OWNER,UNKNOWN,,rev1_outside,False,,,41.92,0.05,0.02,0.0,0.0,0.03,0.01,41.9,0.0,0.0,0.0,False,,,,LLOYDS METALS AND MINERALS TRADING LLP|LLOYDS ENTERPRISES LIMITED|AEON TRADING LLP|RENU RAJESH GUPTA|RAVI  AGARWAL|RAJESH RAJNARAYAN GUPTA|MUKESH RAJNARAYAN GUPTA|ABHA GUPTA
LLOYDSENT,,INE080I01025,owner_confirmed_individual_and_director,OWNER,OWNER,UNKNOWN,,rev1_outside,False,,,62.72,8.26,8.26,0.0,0.0,0.0,0.0,54.46,0.0,0.0,0.0,False,,,,TEAMWORK PROPERITIES DEVELOPMENTS LLP|CROSSLINK FOOD AND FARMS PRIVATE LIMITED|BLOSSOM TRADE & INTERCHANGE LLP|RAVI BABULAL AGARWAL|RAJESH RAJNARAYAN GUPTA|POOJA RAVI AGARWAL|KIRAN AGARWAL|ABHA GUPTA
LLOYDSME,,INE281B01032,owner_confirmed_individual_and_director,OWNER,OWNER,UNKNOWN,,rev1_outside,False,,,61.64,6.44,6.35,0.0,0.02,0.07,0.0,55.3,0.0,0.0,0.0,False,,,,THRIVENI EARTHMOVERS PRIVATE LIMITED|TEAMWORK PROPERTIES DEVELOPMENTS LLP|SKY UNITED LLP|PLUTUS TRADE AND COMMODITIES LLP|LLOYDS METALS & MINERALS TRADING LLP|LLOYDS ENTERPRISES LIMITED|CROSSLINK FOOD AND FARMS PRIVATE LIMITED|BLOSSOM TRADE & INTERCHANGE LLP|SHREEKRISHNA MUKESH GUPTA|RENU RAJESH GUPTA|RAVI BABULAL AGARWAL|RAJESH RAJNARAYAN GUPTA|PRIYANKA RAJESH GUPTA|MUKESH RAJNARAYAN GUPTA|MADHUR RAJESH GUPTA|DIPTI AKHIL MUNDHRA|BALASUBRAMANIAN PRABHAKARAN|BABULAL AGARWAL|ABHA GUPTA
LUMAXTECH,,INE872H01027,owner_confirmed_individual_and_director,OWNER,OWNER,UNKNOWN,,rev1_outside,False,,,55.98,38.21,38.21,0.0,0.0,0.0,0.0,17.77,0.0,0.0,0.0,False,,,,LUMAX FINANCE PRIVATE LIMITED|Shivani Jain|Dhanesh Kumar Jain Family Trust (Managing Trustee Dhanesh Kumar Jain)|Dhanesh Kumar Jain|Deepak Jain|D.K. Jain & Sons (HUF) (Karta Dhanesh Kumar Jain)|Anmol Jain
MEESHO,,INE0VDM01015,owner_confirmed_individual_and_director,OWNER,OWNER,UNKNOWN,,rev1_outside,False,,,16.57,16.6,16.57,0.0,0.03,0.0,0.0,0.0,0.0,0.0,0.0,False,,,,"Tekarch Interiors LLP|Navakari Family Private Trust
(SANJEEV KUMAR AND SHALVI RAJ)|Madein Private Limited|Kalpa Family Private Trust
(MINU MARGERET MENACHERY AND VIDIT AATREY)|Ekaam Family Private Trust
(MINU MARGERET MENACHERY AND VIDIT AATREY)|Blissclub Fitness Private Limited|Arovan Family Private Trust
(SHALVI RAJ AND SANJEEV KUMAR)|Vidit Aatrey|Shreyansh Saurav|Shikher Aatrey|Shalvi Raj|Sebi John Menachery|Santosh Kumar Barnwal|Sanjeev Kumar|Ravi Datt Sharma|Ram Kumar|Prasoon Sharma|Nisi Ann Mary Menachery|Minu Margeret|Mamta Devi|Karnika Raj|Ira Margeret Aatrey|Chandramohan Prasad|Avyaan Barnwal|Ashika Raj|Annie Sebi Menachery|Ahilya Devi"
NEOGEN,,INE136S01016,owner_confirmed_individual_and_director,OWNER,OWNER,UNKNOWN,,rev1_outside,False,,,51.23,52.55,47.44,1.33,0.0,0.0,0.0,0.0,0.0,0.0,0.0,False,,,,Sustainable Products LLP|Cadamba Solutions Private Limited|Pallika Haridas Kanani|Vanita Madhwani|Samika Kanani|Rashmikant Krishnalal Gandhi|R K Gandhi HUF|Pratik Kishor Malia|Mihika Kanani|Malia Harshida Kishor|Jesal Harin Kanani|Harin Haridas Kanani|Haridas Thakarshi Kanani|Haridas Kanani Family Trust (Beena Haridas Kanani and Harin Haridas Kanani)|Hargovind Kanani|H T Kanani Family Trust (Beena Haridas Kanani and Pallika Haridas Kanani)|Charulata Bharatkumar Reshamwala|Beena Kanani Family Trust (Haridas Thakarshi Kanani and Harin Haridas Kanani)|Beena Haridas Kanani|Asha Deepak Dalal|Arun Krishnalal Gandhi|Arun Gandhi HUF|Amritlal Thakarsi Kanani
NETWEB,,INE0NT901020,owner_confirmed_individual_and_director,OWNER,OWNER,OWNER,"OWNER=[Bajaj(Bajaj),Lodha(Lodha)]",rev1_outside,False,,,66.98,66.98,66.98,0.0,0.0,0.0,0.0,0.0,0.0,0.0,0.0,False,,,,Vivek Lodha|Vikash Kumar Bajoria|Vedika Lodha|Tyrone Systems Private Limited|Sweta  Lodha|Sky-Lus Computer Private Limited|Skandh Consultancy Private Limited|Scoreme Account Aggregation Solutions Private Limited|Sanjay Lodha|Sandeep Lodha (HUF)|Sandeep Lodha|Sajjan Kumar Khaitan (HUF)|Sajjan Kumar Khaitan|Resurgent Properties Ventures Private Limited|Resurgent India Limited|Ram Kishore Gadia (HUF)|Ram Kishore Gadia|Rahul Khaitan|Rahul Khaitaan (HUF)|Raghav Lodha|Puspa Devi Khaitan|Pushpa Devi Gadia|Priya Agrawal|Pritianuja Technologies Private Limited|Priti  Lodha|Pramod Kumar Sikaria (HUF)|Pramod Kumar Sikaria|Parmeshwari Bajoria|Paraass Centre Auto Private Limited|PT Netweb Teknologi Indonesia|Om Navdurga Motors Private Limited|Nisha  Lodha|Niraj Loda|Nikunj Lodha|Netweb Pte. Limited|Netweb Global Solutions Inc|Navin Lodha|Navdurga Wheels Private Limited|Nandan Lodha|Nand Kishore Bajoria|NIS-SW Technologies Private Limited|Mukund Lodha|Mahesh Sikaria (HUF)|Mahesh Kumar Sikaria|Madhuri Lodha|Lawaily Private Limited|Krishna Car World Private Limited|Kkrishna Vaahan Private Limited|Keshav Lodha|Jyoti Prakash Gadia (HUF)|Jyoti Prakash Gadia|Bipin Kumar Bajoria|Association of Financial Advisors of India|Ashoka Bajaj Automobiles LLP|Anuja  Lodha
NEWGEN,,INE619B01017,owner_confirmed_individual_and_director,OWNER,OWNER,UNKNOWN,,rev1_outside,False,,,53.52,54.46,53.52,0.0,0.94,0.0,0.0,0.0,0.0,0.0,0.0,False,,,,Sosaley Australasia Pty Limited|SOSALEY TECHNOLOGIES PRIVATE LIMITED|JNANAADRI TECHNOVATIONS PRIVATE LIMITED|JNANAADRI INNOVATIONS LLP|V. VIDULA|V. DIVYA|USHA VARADARAJAN|UJJWAL VARADARAJAN|TIRUMALAI SUNDARAJA IYENGAR VARADARAJAN|T.S.S. DESHIKAN|T.S. DEVANATHAN|T.S. AMRUTHAVALLI|SUDHA SAIRAJ|SONALI NIGAM|SHUBHI NIGAM|S. SRIKANTH|PRIYADARSHINI NIGAM|NADADUR SRINIVASA VARADAN SAROJA|N.S. KRISHNAMACHARY|MEENAKSHI NIGAM ISSAR|DIWAKAR NIGAM
ONESOURCE,,INE013P01021,owner_confirmed_individual_and_director,OWNER,OWNER,UNKNOWN,,rev1_outside,False,,,29.93,2.06,1.01,1.05,0.0,0.0,0.0,28.92,0.0,0.0,0.0,False,,,,TENSHI PHARMACEUTICALS PRIVATE LIMITED|PRONOMZ VENTURES LLP|KARUNA BUSINESS SOLUTIONS LLP|ARCO LAB PRIVATE LIMITED|VINEETHA MOHANAKUMAR PILLAI|SAJITHA PILLAI|RAJITHA GOPALAKRISHNAN|PADMAKUMAR KARUNAKARAN PILLAI|HEMALATHA PILLAI|ARUN KUMAR PILLAI|ADITYA ARUN KUMAR
OPTIEMUS,,INE350C01017,owner_confirmed_individual_and_director,OWNER,OWNER,UNKNOWN,,rev1_outside,False,,,72.17,28.49,28.49,0.0,0.0,0.0,0.0,43.68,0.0,0.0,0.0,False,,,,G R A Enterprises Private Limited|Renu Gupta|Rekha Gupta|Neetesh Gupta|Mukesh Kumar Gupta|Deepesh Gupta|Ashok Gupta
OSWALPUMPS,,INE0BYP01024,owner_confirmed_individual_and_director,OWNER,OWNER,UNKNOWN,,rev1_outside,False,,,75.67,12.4,12.4,0.0,0.0,0.0,0.0,63.27,0.0,0.0,0.0,False,,,,Sunvet Healthcare|Singh Engcon Private Limited|Shorya Trading Company Private Limited|Salus Pharmaceuticals|Prem Padam Sewa Nyas|Patanjali Yog Peeth Nyas|Parmanand Trust|P S Traders|P S Sales Corporation|P S Mega Store|P S Arogya Trading Co.|Organia Fastfoods Private Limited|Om Arogya Trading Co.|Goela Marketing|Goela Electric Co.|GEC Trading Co.|Ess Aar Corporate Services Private Limited|Carevision|Biosans Lifecare|Arvinutrients Healthcare Private Limited|Arvincare Pharma Private Limited|Arvincare Foundation|Arvin Care|Academy of Skills Development LLP|Vrinda Garg|Vivek Gupta HUF|Vivek Gupta|Vishal Goela|Vikas Goela|Veena Goela|Shivam Gupta|Renu Goyal|Rajev Gupta HUF|Rajev Gupta|Radhika Gupta|Prem Lata|Padam Sain Gupta HUF|Padam Sain Gupta|Narinder Nath Goela HUF|Narinder Nath Goela|NC Goel HUF|Deepika Garg|Atul Garg|Amulya Gupta|Abhinav Garg
PARKHOSPS,,INE119201023,owner_confirmed_individual_and_director,OWNER,OWNER,OWNER,OWNER=[Aditya Gupta(Rai Gupta (Havells))],rev1_outside,False,,,82.89,82.89,82.89,0.0,0.0,0.0,0.0,0.0,0.0,0.0,0.0,False,,,,Usha Gupta Memorial Educational & Social Welfare Trust|Shri Amar Charitable Trust|Health Organisation for Public Equality|Healplus Labs Private Limited|Healplus Health Services Private Limited|Healcare Health Infra Private Limited|Girdhari Lal Saini Memorial Health Society|Concepts International India Private Limited|Ajisha Infra Private Limited|Usha Aggarwal|Shagun Govila|Rajni Gupta|Preeti Jain|Nidhi Gupta|Madhu Gupta|Bina Gupta|Apoorva Gupta|Ankit Gupta|Ajit Gupta HUF|Ajit Gupta|Aditya Gupta|Abhishek Aggarwal
PCJEWELLER,,INE785M01021,owner_confirmed_individual_and_director,OWNER,OWNER,UNKNOWN,,rev1_outside,False,,,41.1,35.29,35.26,0.02,0.01,0.0,0.0,5.83,0.0,0.0,0.0,False,,,,NEW TRACK GARMENTS PRIVATE LIMITED|SOUMIL GARG|SHIVANI GUPTA|SACHIN GUPTA|POOJA GARG|PADAM CHAND GUPTA (HUF)|NITIN GUPTA|MURTI GUPTA|KRISHNA DEVI|ISHITA GARG|BALRAM GARG (HUF)|BALRAM GARG
PIRAMALFIN,,INE202B01038,owner_confirmed_individual_and_director,OWNER,OWNER,UNKNOWN,,rev1_outside,False,,,46.16,0.37,0.26,0.11,0.0,0.0,0.0,45.9,0.0,0.0,0.0,False,,,,"V3 Designs LLP|Topzone Mercantile Private Limited (Formerly known as Topzone Mercantile Company LLP )|The Sri Krishna Trust (through its Trustee Mr. Ajay G Piramal and Dr. (Mrs.) Swati Piramal)|The Sri Hari Trust|The Sri Govinda Trust|The Sri Gopikrishna Trust|The Piramal Art Foundation|The Gulita Trust|The Ajay G. Piramal Foundation (through its Trustee Mr. Ajay G Piramal and Dr. (Mrs.) Swati Piramal)|Swati Piramal Trust|Semplice Corporate Solutions Private Limited (Formerly known as AASAN Corporate Solutions Pvt. Ltd)|Propiedades Realties Private Limited|Piramal Welfare Trust|Piramal Water Private Limited|Piramal Udgam Data Management Solutions|Piramal Trusteeship Services Private Limited|Piramal Retail Private Limited|Piramal Realty & Developers Private Limited|Piramal Real Estates Private Limited (formerly known as PRL Infraconstructions & Developers Private Limited)|Piramal Pharma Limited|Piramal Metals Private Limited|Piramal Investment Advisory Services Private Limited|Piramal International Consultants Private Limited|Piramal Glass Private Limited|Piramal Fund Management Limited|Piramal Foundation for Education Leadership|Piramal Foundation|Piramal Corporate Tower Private Limited (Formerly known as Piramal Consumer Products Pvt. Ltd.)|Piramal Corporate Services Private Limited|Piramal Corporate & Management Services Private Limited|Piramal Commercial Estates Private Limited|Piramal Biotech Private Limited|Piramal Agastya Offices Private Limited (formerly known as PRL Agastya Pvt. Ltd.)|Paladin Consultancy Private Limited (Formerly known as India Resurgence ARC Private Limited)|PRPL Enterprises Private Limited|PRL Realtors LLP|PRL Properties LLP|PRL Developers Private Limited|PRL Agastya Buildcon Private Limited|PEPL Developers Private Limited (formerly known as Piramal Estates Private Limited )|PEL Management Services Private Limited|PDL Realty Private Limited|PCE Developers Private Limited|Nival Developers Private Limited|Nithyam Realty Private Limited|Nandini Piramal Trust  (through its Trustee Mr. Ajay G Piramal, Dr. (Mrs.) Swati Piramal and Ms. Nandini Piramal)|Montane Ventures Private Limited|Kaivalya Education Foundation|IndiaVenture Advisors Private Limited|India Resurgence Asset Management Business Private Limited|Glider Buildcon Realtors Private Limited|E & E Enterprises Limited (Formerly known as The Swastik Safe Deposit and Investments Limited)|Anutham Realty Private Limited|Anand Piramal Trust (through its Trustee Mr. Ajay G Piramal, Dr. (Mrs.) Swati Piramal and Mr. Anand Piramal)|Ms. Nandini Piramal|Ms. Anya Piramal DeYoung|Mr. Peter DeYoung|Mr. Anand Piramal|Mr. Ajay G. Piramal (Karta of Ajay G. Piramal HUF)|Mr. Ajay G. Piramal|Master Dev Piramal DeYoung|Late Mrs. Lalita G. Piramal|Dr. (Mrs.) Swati A. Piramal"
POWERMECH,,INE211R01019,owner_confirmed_individual_and_director,OWNER,OWNER,UNKNOWN,,rev1_outside,False,,,58.42,57.73,57.73,0.0,0.0,0.0,0.0,0.68,0.0,0.0,0.0,False,,,,POWER MECH INFRA PRIVATE LIMITED|VIGNATHA SAJJA|UMA DEVI  KOYI|SUBHASHINI KANTETI|SIVARAMAKRISHNA PRASAD SAJJA|SIREESHA GOGINENI|SHRIVI NEKKANTI|SEKHAR GOGINENI|SAJJA ROHIT|SAJJA KISHORE BABU (HUF)|SAJJA KISHORE BABU|SAI MALLESWARA RAO SAJJA|NEKKANTI VIDHARTH|LAKSHMI SAJJA|KIARA SAJJA|BABU GOGINENI|AMAIRA SAJJA|AISHWARYA KURRA
PREMIERENE,,INE0BS701011,owner_confirmed_individual_and_director,OWNER,OWNER,UNKNOWN,,rev1_outside,False,,,63.94,67.94,63.94,3.96,0.04,0.0,0.0,0.0,0.0,0.0,0.0,False,,,,"WATER TECH ENGINEERS|Sunali International|SURENDERPAL SALUJA TRUST 
rep by Surender Pal Singh Saluja|Premier Tirupati Solar Private Limited|Premier Stainless-Steel Wires Private Limited|KVR CONSTRUCTIONS|CHIRANJEEV SALUJA TRUST 
rep by Surenderpal Singh Saluja|VIVANA SALUJA|VISANNYA C SALUJA|SUSHANK VERMA|SURINDER KAUR SALUJA|SURENDERPAL SINGH SALUJA HUF|SURENDERPAL SINGH SALUJA|RAJENDER SINGH SALUJA|MOOHIT VERMA|MANJEET KAUR SALUJA|MANJEET KAUR GUJRAL|KULDIP SINGH SALUJA|KRISHANKK SINGH SALUJA|JASVEEN KAUR SALUJA|DILJIT SINGH CHHABRA|CHIRANJEEV SINGH SALUJA HUF|CHIRANJEEV SINGH SALUJA|CHARANJEET CHOWDHARY|CHARANDEEP SINGH SALUJA|BIPINDEEP SINGH SALUJA|AUMITA VERMA|ANILKUMAR VERMA|Sudhir Moola"
PRICOLLTD,,INE726V01018,owner_confirmed_individual_and_director,OWNER,OWNER,UNKNOWN,,rev1_outside,False,,,38.51,25.38,25.36,0.0,0.0,0.02,0.0,13.15,0.0,0.0,0.0,False,,,,VM INTERNATIONAL PTE LIMITED|VM INTERNATIONAL L.L.C - FZ|SHRIMAY ENTERPRISES PVT LTD|PRICOL LOGISTICS PRIVATE LIMITED|PRICOL HOLDINGS PRIVATE LIMITED|PRICOL EXPERIA PRIVATE LIMITED (FORMERLY PRICOL TRAVE PRIVATE LIMITED)|PRICOL ENGINEERING INDUSTRIES PRIVATE LIMITED|PRICOL DURAPACK PRIVATE LIMITED (FORMERLY PPL ENTERPRISES PRIVATE LIMITED)|LIBRA INDUSTRIES|HAUTE CUISINE AND ENTERTAINMENT LLP|VIREN MOHAN|VIKRAM MOHAN (HUF)|VIKRAM MOHAN|VIJAY MOHAN|VANITHA MOHAN|MANASA MOHAN|MADHURA MOHAN|LAKSHMI N MOHAN
PRSMJOHNSN,,INE010A01011,owner_confirmed_individual_and_director,OWNER,OWNER,UNKNOWN,,rev1_outside,False,,,74.87,13.56,13.56,0.0,0.0,0.0,0.0,61.31,0.0,0.0,0.0,False,,,,MATSYAGANDHA INVESTMENT PRIVATE LIMITED|HATHWAY INVESTMENTS PRIVATE LIMITED|BLOOMINGDALE INVESTMENT & FINANCE PRIVATE LIMITED|SATISH B RAHEJA|VIREN RAJAN RAHEJA|SUMAN R RAHEJA|RAJAN BEHARILAL RAHEJA|AKSHAY RAJAN RAHEJA
RAYMONDLSL,,INE02ID01020,owner_confirmed_individual_and_director,OWNER,OWNER,UNKNOWN,,rev1_outside,False,,,59.53,0.04,0.02,0.02,0.0,0.0,0.0,59.5,0.0,0.0,0.0,False,,,,Smt Sunitidevi Singhania Hospital Trust|Raymond Limited|Polar Investments Limited|J K Sports Foundation|J K Investors (Bombay) Limited|J K Investo Trade (India) Limited|J K Helene Curtis Limited|Nisa Gautam Singhania|Niharika Gautam Singhania|Nawaz Singhania|Late Vijaypat Singhania|Gautam Hari Singhania
REDTAPE,,INE0LXT01019,owner_confirmed_individual_and_director,OWNER,OWNER,UNKNOWN,,rev1_outside,False,,,71.83,72.78,36.02,0.0,0.0,0.95,0.0,0.0,0.0,0.0,0.0,False,,,,YASMIN MIRZA|RASHID AHMED MIRZA|YUSRA MIRZA|TAUSEEF AHMAD MIRZA|TASNEEF AHMAD MIRZA|SHUJA MIRZA|SHAHID AHMAD MIRZA|SARAH MIRZA|NIDA MIRZA|MUSTAFA MIRZA|IRAM MIRZA|HIBA MIRZA|HAYA MIRZA|FIRDAUS AMIN|FAUZIA MIRZA|FARZAN MIRZA|FARAZ MIRZA|AMAAN MIRZA
RELAXO,,INE131B01039,owner_confirmed_individual_and_director,OWNER,OWNER,UNKNOWN,,rev1_outside,False,,,71.27,71.28,71.27,0.0,0.01,0.0,0.0,0.0,0.0,0.0,0.0,False,,,,USHA DUA|SHASHI MEHRA|SAKSHI DUA|RITESH DUA|RAMESH KUMAR DUA (HUF) (RAMESH KUMAR DUA - KARTA)|RAMESH KUMAR DUA|RAHUL DUA|PUSHPA JUNEJA|NITIN DUA|NIKHIL DUA|MUKAND LAL DUA (HUF) (MUKAND LAL DUA - KARTA)|MUKAND LAL DUA|LALITA DUA|GAURAV KUMAAR DUA
RRKABEL,,INE777K01022,owner_confirmed_individual_and_director,OWNER,OWNER,UNKNOWN,,rev1_outside,False,,,61.66,57.89,51.96,5.92,0.0,0.01,0.0,9.69,0.0,0.0,0.0,False,,,,World Electrical Hub Private Limited|Upper Edge Media Solutions Private Limited|TMG Global FZCO|Shree Salasar Balaji Venture LLP|SCUBES Venture LLP|Ram Ratna Research and Holdings Private Limited|Ram Ratna International LLP|Ram Ratna International|Ram Ratna Infrastructure Private Limited|RR Busduct Private Limited|R R Parkon Private Limited|Parkab Venture LLP|Paarth Clothing Private Limited|OZ HRMS Solution Private Limited|NAV Wireless Technologies Private Limited|MSH VENTURE LLP|M-Spark Venture LLP|Kirtishree Venture LLP|Kabel Buildcon Solutions Private Limited|KRIAM Venture LLP|KGR Worldwide Solutions LLP|KGR Electro-Build Private Limited|KGR 360 Solutions LLP|KABEL BUILDCON REALTY LLP|Jag-Bid Finvest Private Limited|Hemlata Home Solutions Private Limited|Gallery Retail LLP|Experiences Club LLP|Esses Shares Family Private Trust (Through Trustee Mahendrakumar Rameshwarlal Kabra)|Esses Family Private Trust (Through Trustee Sumeet Kabra)|D-Luxe Precious Metals LLP|BGAUSS Auto Private Limited|Tribhuvanprasad Rameshwarlal Kabra|Sumeet Kabra|Shreegopal Rameshwarlal Kabra|Sarita Jhawar|Saraswatidevi Satyanarayan Loya|Rajesh Kabra|Priti Saboo|Mahhesh Kabra|Mahendrakumar Kabra|Kishori Dinesh Modani|Kirtidevi Shreegopal Kabra|Kabra Shreegopal Rameshwarlal HUF|Hemant Kabra|G S Loya|Asha Muchhal|Anant  S.  Loya|Vvidhi Mahhesh Kabra|Monal Rajesh Kabra
RUBICON,,INE506V01022,owner_confirmed_individual_and_director,OWNER,OWNER,UNKNOWN,,rev1_outside,False,,,59.99,23.86,23.71,0.0,0.15,0.0,0.0,0.31,35.97,35.97,0.0,False,,,,Workamp Spaces Private Limited|Terentia Venture Partners|Slate Workspaces Private Limited|Pushpak Plastics and Engineering LLP|Otrio Ventures Private Limited|Medone Pharma Labs|Gala Precision Engineering Limited|General Atlantic Singapore Rr Pte Ltd|General Atlantic Singapore Interholdco Ltd.|General Atlantic Singapore Fund Pte. Ltd.|Sushma Gunjal|Vishanji H Gala HUF|Surabhi Parag Sancheti|Sumant Pilgaonkar|Suganchand Sancheti HUF|Suganchand Gendulal Sancheti|Sudhir Dhirendra Pilgaonkar HUF|Sudhir D Pilgaonkar|Smeet Gala|Sheela Suganchand Sancheti|Sancheti Parag Suganchand HUF|Saloni Pilgaonkar|Rumie Gala|Pratibha Sudhir Pilgaonkar|Prashant Pilgaonkar|Parag Suganchand Sancheti|Kirit Vishanji Gala|Kirit V Gala HUF|Kimaya Sumant Pilgaonkar|Ira Parag Sancheti|Ananya Parag Sancheti
SAATVIKGL,,INE13B501022,owner_confirmed_individual_and_director,OWNER,OWNER,UNKNOWN,,rev1_outside,False,,,75.99,46.48,37.7,0.0,8.78,0.0,0.0,38.29,0.0,0.0,0.0,False,,,,UV SOLAR ENERGY PROJECT ONE PRIVATE LIMITED|ULTRAVIBRANT SOLAR ENERGY PROJECT TWO PRIVATE LIMITED|SPG TRUST|SP HOLDINGS|SHREE TIRUPATI SALES|SHREE GANESH FATS PRIVATE LIMITED|SHIB CHARAN DASS INDUSTRIES PRIVATE LIMITED|SAATVIK VISION VENTURE PRIVATE LIMITED|SAATVIK SOCIAL FOUNDATION|SAATVIK PV PRIVATE LIMITED|SAATVIK ENERGY INFRA PRIVATE LIMITED|SAATVIK AGRO PROCESSORS PRIVATE LIMITED|NMG PRIME TRUST|MA FAMILY BOND TRUST|M K PROTEINS LIMITED|KAMLA ORGANICS PRIVATE LIMITED|KAMLA OLEO PRIVATE LIMITED|KAMLA HI-TECH LLP|KAMLA FINVEST PRIVATE LIMITED|KAMLA ENTERPRISES|KAMLA ASSOCIATES|GAPBRIDGE SOFTWARE SERVICES PRIVATE LIMITED|ARBIT TECHNOLOGIES PRIVATE LIMITED|SPRINT TRUST|SP HOLDCO LIMITED|S PURE PRODUCTS FZE|AXION HOLDING LIMITED|PRASHANT  MATHUR|TANMAY AGNIHOTRI|SUNITA GARG|SUNILA GARG|SANDEEP KUMAR HUF|SANDEEP KUMAR GARG|RAJESH KUMAR AGNIHOTRI|PARMOD KUMAR|NEELESH GARG HUF|NEELESH GARG|MANIK GARG HUF|MANIK GARG|MANAVIKA GARG|AYUSHI AGNIHOTRI|ATHERVH GARG|ARCHANA AGNIHOTRI
SAILIFE,,INE570L01029,owner_confirmed_individual_and_director,OWNER,OWNER,UNKNOWN,,rev1_outside,False,,,34.7,7.48,5.3,0.0,0.51,0.0,0.0,27.73,0.0,0.0,0.0,False,,,,TULIP FAMILY TRUST|SWATHI AQUA CULTURE PRIVATE LIMITED|SUNFLOWER FAMILY TRUST|SUDARSAN INTERNATIONAL|SOUTH INDIA RESEARCH INSTITUTE PRIVATE|SIRIS IMPEX|SIRIS HERBEX|SIRI PHARMA|SCKRIVETS|SAI QUEST SYN PRIVATE LIMITED|SAI INTERNATIONAL|RANMYT TRADING PRIVATE LIMITED|RANGA RAJU KANUMURI Partner of Sunflower Partners (Partnership Firm)|RANGA RAJU KANUMURI Partner of Lily Partners (Partnership Firm)|PRATHIMA AQUA CULTURE PRIVATE LIMITED|ORCHID PARTNERS|ORCHID FAMILY TRUST|MYTREYI KANUMURI Partner of Tulip Partners (Partnership Firm)|MYTREYI KANUMURI Partner of Marigold Partners (Partnership Firm)|MYTREYI AQUA CULTURE PRIVATE LIMITED|MARIGOLD FAMILY TRUST|LILY FAMILY TRUST|LAKSHMI ACQUA CULTURE PRIVATE LIMITED|JRV PROPERTIES LLP|HUTANSA|GOKARAJU AQUA FARMS|CONTINENTAL WINES P LTD|CHRYSANTHEMUM PARTNERS|CHRYSANTHEMUM FAMILY TRUST|CHEMRICH FINE CHEMICALS PRIVATE LIMITED|SUDHA KANUMURI .|KRISHNAM RAJU KANUMURI .|VENKATASIVARAMA RAJU GOKARAJU|VARUN KANUMURI|SARADA GOKARAJU|RANGA RAJU KANUMURI|PRATHIMA KANUMURI|MYTREYI KANUMURI|KUNAPARAJU PADMAVATHI|KANUMURI RANGARAJU HUF|KANUMURI BAPI RAJU HUF|KANUMURI ANIKA|KALIDINDI BANGARAYAMMA|GOKARAJU VENKATA SIVARAMA RAJU HUF|GOKARAJU SUBBA RAJU|GOKARAJU LAKSHMI TANUJA|BAPI RAJU KANUMURI|AKHIL KANUMURI
SANDUMA,,INE149K01016,owner_confirmed_individual_and_director,OWNER,OWNER,UNKNOWN,,rev1_outside,False,,,74.22,3.68,3.66,0.02,0.0,0.0,0.0,70.56,0.0,0.0,0.0,False,,,,SKAND PRIVATE LIMITED|MOHAMMED ABDUL SALEEM|LOHAGIRI INDUSTRIALS PRIVATE LIMITED|YASHODARA DEVI SHIVA RAO GHORPADE|SURYAPRABHA A GHORPADE|S Y GHORPADE|EKAMBAR AJAI GHORPADE|DHANANJAI SHIVRAO GHORPADE|BAHIRJI AJAI GHORPADE|AJAI MURAR RAO GHORPADE|ADITYA SHIVRAO GHORPADE
SARDAEN,,INE385C01021,owner_confirmed_individual_and_director,OWNER,OWNER,UNKNOWN,,rev1_outside,False,,,73.16,19.42,19.16,0.04,0.0,0.22,0.0,54.0,0.0,0.0,0.0,False,,,,"Uma Sarda - Trustee to K K Sarda Family Trust|Sarda Agriculture & Properties Pvt. Ltd.|Prachi Agriculture & Properties Pvt. Ltd.|K.K. Sarda - Trustee to Uma Sarda Family Trust|Chhattisgarh Investments Ltd. (Firm - CIL, SAPPL and PAPPL)|Chhattisgarh Investments Ltd.|Vyom Sarda|Vivaan Sarda|Vipula Sarda|Vanshika Sarda|Uma Sarda|Sonal Sarda|Shashi Rathi|Saurabh Rathi|Raghav Sarda|Pankaj Sarda|Neeraj Sarda|Manish J Sarda|Mallika Shreenarayan Baheti|Kamal Kishore Sarda|Jugal Kishore Sarda (HUF)|Ishanvi Sarda|Ghanshyam Sarda|Avyaan Sarda|Anvika Sarda|Ankita Aditya Sarda|Anant Sarda|Anagh Sarda|Akanksha Sarda|Aditya Ghanshyam Sarda|Aditi Sarda"
SHAILY,,INE151G01028,owner_confirmed_individual_and_director,OWNER,OWNER,UNKNOWN,,rev1_outside,False,,,43.4,34.05,28.95,0.0,0.0,0.0,0.0,9.34,0.0,0.0,0.0,False,,,,RAMESH H SHAH|PURNIMA MOHANLAL SHAH|KALPANA LAXMAN SANGHVI|JAYESSH MOHANLAL SHAH|VANITA L NAGDA|SHAILY MAHENDRA SANGHVI|RASHMI SANGHVI|RAJEN BHARAT SANGHVI|LAX NAGDA|LATE BHARAT BHOGILAL SANGHVI|TILOTTAMA SANGHVI|MAHENDRA BHOGILAL SANGHVI|LAXMAN SANGHVI|AMIT MAHENDRA SANGHVI
SHAKTIPUMP,,INE908D01010,owner_confirmed_individual_and_director,OWNER,OWNER,UNKNOWN,,rev1_outside,False,,,50.34,8.96,8.59,0.37,0.0,0.0,0.0,41.75,0.0,0.0,0.0,False,,,,VINTEX TOOLS & MACHINERIES PRIVATE LIMITED|SHAKTI SONS TRUST|SHAKTI IRRIGATION INDIA LIMITED|SHAKTI FUTURE TRUST|SHAKTI BROTHERS TRUST|SUNIL MANOHARLAL PATIDAR|SEEMA PATIDAR|PALLAVI PATIDAR|INDIRA PATIDAR|GEETA PATIDAR|DINESH PATIDAR|ANKIT PATIDAR|AISHWARYA SHARMA
SHAREINDIA,,INE932X01026,owner_confirmed_individual_and_director,OWNER,OWNER,OWNER,OWNER=[Jindal(Jindal)],rev1_outside,False,,,48.62,45.14,36.69,8.15,0.3,0.0,0.0,11.93,0.0,0.0,0.0,False,,,,VISION PARTNERS|SKYWEALTH SOLUTIONS|SKYVEIL TRADE SOLUTIONS LLP|SHARE INDIA COMMODITY BROKERS PRIVATE LIMITED|RS FUTURES LLP|RISING FUTURES|R S SECURITIES|PETFLAKES POYMERS INDIA PRIVATE LIMITED|N.R. MERCHANTS PRIVATE LIMITED|MODTECH INFRAVENTURES PRIVATE LIMITED|LAXMI TRADE SOLUTIONS|KALYAN CAPITALS LIMITED|IDHYAH FUTURES|GROW WELL SOLUTIONS|DMA CUBE 5 ANALYTICS PRIVATE LIMITED|ANMOL FINANCIAL SERVICES LIMITED|ANANYA INFRAVENTURES PRIVATE LIMITED|AGRO TRADE SOLUTIONS|AGGARWAL FINANCE COMPANY|AGGARWAL ENTERPRISES|YASH PAL HUF(YASH PAL GUPTA)|YASH PAL GUPTA|VINOD KUMAR GARG|VIJAY GARG|VANDANA GUPTA|TRIPTI GUPTA|SUNITA GARG|SUMAN GUPTA|SUKRITI GUPTA|SONAM GUPTA|SHEETAL AGARWAL|SAURABH GUPTA HUF(SAURABH GUPTA)|SAURABH GUPTA|SAROJ GUPTA|SACHIN GUPTA HUF(SACHIN GUPTA)|SACHIN GUPTA|ROHIN GUPTA HUF(ROHIN GUPTA)|ROHIN GUPTA|RICHA GOYAL|REKHA GUPTA|RAVI JAIN|RAJESH KUMAR HUF(RAJESH GUPTA)|RAJESH GUPTA|RAJ KUMAR GARG|RADHA RANI|RACHIT GUPTA HUF|RACHIT GUPTA|PRERNA GUPTA|PRACHI GUPTA|PAWAN KUMAR HUF (PAWAN KUMAR)|PARVEEN GUPTA HUF(PARVEEN GUPTA)|PARVEEN GUPTA|NEETU GUPTA|NEERU AGGARWAL|NEELAM JINDAL|NARINDER MITTAL|MEERA GUPTA|MEENAKSHI GUPTA|GOPAL DASS GUPTA HUF(YASH PAL GUPTA)|ASHA GOYAL|ARIKA GUPTA|AMIT GOYAL|AGAM GUPTA HUF(AGAM GUPTA)|AGAM GUPTA|ABHINAV GUPTA HUF(ABHINAV GUPTA)|ABHINAV GUPTA|AARNA GUPTA|VIJAY GIRDHARLAL VORA|NITA KAMLESH SHAH|KAMLESH VADILAL SHAH|KAMLESH V SHAH HUF
SHILPAMED,,INE790G01031,owner_confirmed_individual_and_director,OWNER,OWNER,UNKNOWN,,rev1_outside,False,,,40.13,40.16,40.13,0.03,0.0,0.0,0.0,0.0,0.0,0.0,0.0,False,,,,VISHNUKANTH C BHUTADA .|VISHNUKANTA INANI|VISHNUKANT CHATURBHUJ BHUTADA|TRIVENI INANI|TARADEVI INNANI|SHAKUNTALABAI INNANI|SAGAR INNANI|RAVI KUMAR INNANI|RAMAKANT INNANI|OM PRAKASH INANI|NATAMAL INNANI|NAMRATA BHUTADA|MANJULATHA INNANI|MADHAV VISHNUKANT BHUTADA|KESHAV BHUTADA|KEERTI INNANI|KANTADEVI INANI|KAMALKISHORE INNANI|DHARMAVATI BHUTADA|DEEPAK KUMAR INNANI|BRIJGOPAL INNANI
SIGNATURE,,INE903U01023,owner_confirmed_individual_and_director,OWNER,OWNER,OWNER,OWNER=[Jindal(Jindal)],rev1_outside,False,,,69.63,52.69,52.3,0.0,0.39,0.0,0.0,17.33,0.0,0.0,0.0,False,,,,Shree Bankey Bihari Multi Trade Private Limited|Sarvpriya Securities Pvt Ltd|Raghav Sharan Rattan Lal & Sons|Land Global Infra Private Limited|Kriditya Jewel LLP|Vedanshi Aggarwal|Suresh Chand|Suraj Jindal & Sons HUF (Suraj Jindal)|Suraj Jindal|Shivansh Aggarwal|Shilpa Aggarwal|Shelly Aggarwal|Ravi Aggarwal Huf (Ravi Aggarwal)|Ravi Aggarwal|Rattan Lal|Rashmi Aggarwal|Ramesh Chand and Sons HUF (Kishan Bansal)|Ramesh Chand Bansal|Ram Niwas Jindal|Rajni Aggarwal|R N Gupta & Sons HUF (Ram Niwas Jindal)|Priya Mittal|Pradeep Kumar HUF (Pradeep Kumar)|Pradeep Kumar Aggarwal Huf (Pradeep Kumar Aggarwal)|Pradeep Kumar Aggarwal|Pradeep Garg|Payal Aggarwal|Padam Chand HUF (Pradeep Kumar Aggarwal)|Nikunj Aggarwal|Nikhil Aggarwal|Nidhi Aggarwal|Naresh Mittal HUF (Naresh Mittal)|Maya Devi|Manoj Kumar HUF (Manoj Kumar)|Manoj Kumar|Manish Jindal & Sons HUF (Manish Jindal)|Manish Jindal|Madhu Aggarwal|Lalit Kumar Aggarwal Huf (Lalit Kumar Aggarwal)|Lalit Kumar Aggarwal|Lal Chand Bansal|Lal Chand & Sons (HUF) (Lal Chand Bansal)|Jai Narayan HUF (Jai Narayan)|Jai Narayan|Geeta Devi Aggarwal|Garvit Aggarwal|Devender Aggarwal Huf (Devender Aggarwal)|Devender Aggarwal|Bhawana Aggarwal|Bharti Aggarwal|Bajrang Lal Bansal HUF (Bajrang Lal Bansal)|Bajrang Lal Bansal|Aruti Goel|Anand Kumar HUF (Anand Kumar)|Anand Garg
SPLPETRO,,INE663A01033,owner_confirmed_individual_and_director,OWNER,OWNER,UNKNOWN,,rev1_outside,False,,,64.24,0.24,0.0,0.22,0.02,0.0,0.0,64.24,0.0,0.0,0.09,False,,,,VENKTESH INVESTMENT AND TRADING COMPANY PVT. LTD.|THE SUPREME INDUSTRIES LIMITED|R RAHEJA INVESTMENTS PRIVATE LIMITED|MATSYAGANDHA INVESTMENT AND FINANCE PRIVATE LIMITE|JOVIAL INVESTMENT AND TRADING COMPANY PVT. LTD|HATHWAY INVESTMENTS PRIVATE LIMITED|BOON INVESTMENT AND TRADING COMPANY PRIVATE LIMITED|BLOOMINGDALE INVESTMENT & FINANCE PRIVATE LIMITED|VIREN RAJAN RAHEJA|SUMAN R RAHEJA|RAJAN B RAHEJA|AKSHAY RAJAN RAHEJA
STARCEMENT,,INE460H01021,owner_confirmed_individual_and_director,OWNER,OWNER,UNKNOWN,,rev1_outside,False,,,57.62,50.45,45.78,4.4,0.0,0.0,0.0,11.57,0.0,0.0,0.0,False,,,,SUMANGAL INTERNATIONAL PVT LTD|SUMANGAL BUSINESS PVT LTD|SRI RAM VANIJYA PVT LTD|SRI RAM MERCHANTS PVT LTD|SANJAY NIKITA FAMILY TRUST|DIVYA MANJARIE FAMILY TRUST|BRIJDHAM MERCHANTS PVT LTD|AUROVILLE INVESTMENTS PVT LTD|SHRADDHA  AGARWAL|YASH BALA BHAJANKA|VINAY AND COMPANY|VANSHIKA  AGARWAL|TUSHAR BHAJANKA|TANUJ CHAMARIA|TANISHQA AGARWAL|SUMITRA DEVI AGARWAL|SUCHITA  AGARWAL|SONU KAJARIA|SNIGDHA CHAMARIA|SNEH LOHIA|SAROJ  KEJRIWAL|SARIKA JALAN|SANTOSH  BHAJANKA|SANJAY AGARWAL|SAJJAN KUMAR BHAJANKA HUF (KARTA-SAJJAN BHAJANKA)|SAJJAN BHAJANKA|SACHIN CHAMARIA|RISHI RAJ SHAH|RENU CHAMARIA|RATNA CHAMARIA|RAMSAWARUP DAS SAJJAN KUMAR BHAJANKA HUF (KARTA- SAJJAN BHAJANKA)|RAJESH KUMAR AGARWAL|RAJENDRA UDYOG HUF|RAJENDRA CHAMARIA|RAHUL CHAMARIA|PUSHPA AGARWALA|PREM KUMAR BHAJANKA|PRAHLAD RAI CHAMARIA(G S CHAMARIA AND SONS HUF)|PRAHLAD RAI CHAMARIA (PRAHLAD RAI VINAY KUMAR HUF)|PRAHLAD RAI CHAMARIA|PAYAL AGRAWAL|NIKITA BANSAL|NANCY  CHOUDHARY|MUKUND CHAMARIA|MANSI BHAJANKA|MANJRIE AGARWALA|LAXMI CHAMARIA|KOMAL CHAMARIA|KESHAV BHAJANKA|KAMAKHYA CHAMARIA|KAILASH PRASAD CHAMARIA|JAGDISH PRASAD SHAH|HARI PRASAD AGARWALA AND OTHERS|HARDEO DAS KAMAKHYA PRASAD HUF|GOURI SHANKAR KAILASH PRASAD HUF|GAYATRI CHAMARIA|DIVYA AGARWAL|BHAWNA AGARWAL|AMRITANSH CHAMARIA|AMIT AGARWAL|MAHABIR PRASAD AGARWAL & SONS|BRIJ BHUSAN AGARWAL & SONS
TARC,,INE0EK901012,owner_confirmed_individual_and_director,OWNER,OWNER,UNKNOWN,,rev1_outside,False,,,65.12,65.82,65.12,0.7,0.0,0.0,0.0,0.0,0.0,0.0,0.0,False,,,,SUNAINI GUPTA|SHARDA SARIN|SALONI MUNJAL|RAJ KUMARI (HUF)|MUSKAAN SARIN|ANIL SARIN (HUF)|ANIL SARIN|AMAR SARIN
TBOTEK,,INE673O01025,owner_confirmed_individual_and_director,OWNER,OWNER,UNKNOWN,,rev1_outside,False,,,44.41,22.84,22.8,0.0,0.04,0.0,0.0,21.6,0.0,0.0,0.0,False,,,,"YB Software Private Limited|Voltar Green Vehicles Private Limited 
(Formerly known as Adiguru Textiles Private
Limited)|The Shivalika Rugs|Synergylabs Technology Private Limited|Sulit Media Private Limited|Readwhere Digital DMCC|Nuts for Us Private Limited|Nijhawan Travel Service Private Limited|Nijhawan Retail Private Limited|NUT WORLD FZ-LLC|NB Technologies Private Limited|Mediology Software Private Limited|LAP Travel Private Limited|Kisho Capital Advisors Private Limited|KR Bhatia Group Real Estate Private Limited|Jaya Bhatnagar Charitable Trust|ELEV8 Representation and Consulting DMCC|Yash Bhatnagar|Vijay Bhatnagar|Varsha Dhingra|Usha Kiran|Udayraj Nijhawan|Tanvi Sharma|Tanvi Bhatia Gupta|Tania Nijhawan|Shiv Nijhawan|Sham Nijhawan|Satinder Leekha|Saahir Dhingra|Reyaansh Dhingra|Rajesh Bhatia|Rahul Leekha|Radha Raman Agarwal|Pushpa Bhatnagar|Priyanka Nijhawan|Palak Bhatnagar|Ojas Bhatnagar|Neelam Bhatia|Nandita Dhingra|Mayank Sharma|Manju Sharma|Manish Dhingra|Lalita Nijhawan|Kushraj Bhatia|Kirti Dhingra|Gaurav Bhatnagar|Ashok Dhingra|Arjun Nijhawan|Ariana Nijhawan|Ankush Nijhawan|Anjali Agarwal|Aadya Nijhawan"
TDPOWERSYS,,INE419M01027,owner_confirmed_individual_and_director,OWNER,OWNER,UNKNOWN,,rev1_outside,False,,,26.87,13.74,8.3,0.17,0.19,0.0,0.0,13.49,0.0,0.0,0.0,False,,,,Sofia Mohib Khericha|Saphire Finman Services Llp|Sagir Mohib Khericha|Chartered Capital & Investment Ltd|Aarya Sankaran Kumar|Hitoshi  Matsuo|Nikhil Kumar|Mohib Nomanbhai Khericha
TI,,INE133E01013,owner_confirmed_individual_and_director,OWNER,OWNER,UNKNOWN,,rev1_outside,False,,,31.71,25.14,24.98,0.11,0.03,0.02,0.0,6.73,0.0,0.0,0.0,False,,,,M L DAHANUKAR AND CO PVT LTD|ARUNODAY INVESTMENTS PVT LTD|SHIVANI AMIT DAHANUKAR|PRIYADARSHINI A DAHANUKAR|Amit Dahanukar|ANUPAMA ARUN DAHANUKAR
TIPSMUSIC,,INE716B01029,owner_confirmed_individual_and_director,OWNER,OWNER,UNKNOWN,,rev1_outside,False,,,64.15,64.16,64.15,0.0,0.01,0.0,0.0,0.0,0.0,0.0,0.0,False,,,,Varsha Ramesh Taurani|Sneha Ramesh Taurani|Shyam M Lakhani|Renu Kumar Taurani|Raveena Ramesh Taurani|Ramesh S Taurani|Kunal Kumar Taurani|Kumar S Taurani|Krsna Girish Taurani|Jaya Ramesh Taurani|Girish Kumar Taurani
TRANSRAILL,,INE454P01035,owner_confirmed_individual_and_director,OWNER,OWNER,UNKNOWN,,rev1_outside,False,,,71.12,1.43,1.21,0.22,0.0,0.0,0.0,69.91,0.0,0.0,0.0,False,,,,Vyom Vahini Private Limited|The FresyssinetPrestressed Concrete Company Limited|Skytex Unmanned Aerial Solutions Private Limited|Skat Vyom Private Limited|RMH Ventures Private Limited|Marine Project Services Limited|K R Eduventure LLP|Digambar Bagde Ventures LLP|Burberry InfraPrivate Limited|Ajanma Holdings Private Limited|Vijay Koul|Vardhan Verma|Sanjay Kumar Verma|Sandhya Digambar Bagde|Ruchi DigambarBagde|Ravi Kaul|Pradeep Kumar Verma|Meenakshi Koul|Digambar Chunilal Bagde|Chanderkala Koul|Anika Verma
TSFINV,,INE202Z01029,owner_confirmed_individual_and_director,OWNER,OWNER,UNKNOWN,,rev1_outside,False,,,54.99,23.14,22.74,0.03,0.0,0.0,0.0,31.88,0.0,0.0,0.0,False,,,,UTHIRATTADHI SRIRAM HOLDINGS PRIVATE LTD|TRICHUR SUNDARAM SANTHANAM & FAMILY PRIVATE LIMITED|SUNDARAM FINANCE LIMITED|SILVER OAK HOLDINGS PRIVATE LIMITED|ROHINI HOLDINGS PRIVATE LIMITED|REVATHI HOLDINGS PRIVATE LIMITED|RAGHUVAMSA HOLDINGS PRIVATE LIMITED|PADMALAKSHMI HOLDINGS PRIVATE LIMITED|MAHAM HOLDINGS PRIVATE LIMITED|AZORIOUS HOLDINGS PRIVATE LIMITED|ALLEGRO HOLDINGS PRIVATE LIMITED|TULSI S RAMANUJAM|MS VEENA RAGHAVAN|MRS SASHI  PARTHASARATHI|MRS DANGETY KRISHNAKUMARI .|MR SRINIVAS RAGHAVAN|MR AKSHAY KRISHNAN|VISHNU VIJAYARAGHAVAN|VIMALA RANGASWAMY|VIJAYA RANGARAJAN|THANJAM RAVINDRAN|TARIKA RAM|T.T. VENKATRAGHAVAN|T.T. SRINIVASARAGHAVAN TRUST|T.T. SRINIVASARAGHAVAN|T.T. SRINIVASA RAGHAVAN HUF|T.T. SAMITINJAYAN|T.T. RANGASWAMY HUF|T.T. NARENDRAN TRUST|T.T. NARENDRAN HUF|T.T. NARENDRAN|SUMANTH RAMANUJAM|SRIVATS RAM HUF|SRIVATS RAM|SRIRAM VIJI|SRINIVASAN RAVINDRAN|SRIKANTH RAMANUJAM HUF|SRIKANTH RAMANUJAM|SHRIRAM VIJAYARAGHAVAN HUF|SHREYAS RAVINDRAN|SHREEN RAGHAVAN HUF|SHREEN RAGHAVAN|SHARATH VIJAYARAGHAVAN HUF|SHARATH VIJAYARAGHAVAN|SANJANA TARA RAMANUJAM|S. VIJI HUF 2|S. VIJI HUF 1|S. VIJI|S. RAM|S. RAGHAVAN|S. HEMA|S RAVINDRAN HUF|S RAM AND MR S VIJI  TRUST|RUPA SRIKANTH|RANJAN AMBIRAJAN|RAMA SRIDHARAN|R.RAMANUJAM AND MR R. SRIKANTH TRUST|R. RAMANUJAM HUF|R RAMANUJAM|PADMINI NARENDRAN|P. SIDDHARTHA JEEVAN MINOR|NIVEDITA RAM|NARAYANAN RAMJI HUF|NARAYANAN RAMJI|NAKSHATRA HAYAGREEVAN MINOR|N.KRISHNAN HUF|N.KRISHNAN|MR ANANTH RAMANUJAM .|LILY VIJAYARAGHAVAN|LATE PREMA RAMANUJAM|LAKSHMI VIJAYARAGHAVAN|LAKSHMI VASUDEVAN|KISHORE S|KAVITHA GORUR KESHAV|K VASUDEVAN|INDIRA KRISHNASWAMI|HARSHA VIJI|GITANJALI JEEVAN JOSE MINOR|GITA RAM|DAYA AMBIRAJAN|CHOODAMANI NARAYANAN|CHITRA VIJI|C B SRINIVASAN|BAGYAM RAGHAVAN|BADRI VIJAYARAGHAVAN|ASHWATHANARAYAN RAMJI|ARUNA SANKARANARAYANAN|ARJUN RANGARAJAN|ANURADHA RAGHAVAN|ANUPAMA LAKSHMI RANGARAJAN|ANANTH KRISHNAN|ADITYA S. RAMANUJAM|A.M. SRINIVASAN|INDIA MOTOR PARTS & ACCESSORIES LIMITED
URBANCO,,INE0CAZ01013,owner_confirmed_individual_and_director,OWNER,OWNER,UNKNOWN,,rev1_outside,False,,,20.29,20.3,20.28,0.02,0.0,0.0,0.0,0.01,0.0,0.0,0.0,False,,,,Varun Khaitan|Raghav Chandra|Kanwar Nursing Home Private Limited|Jai Balaji Packaging|Dreamy Atoms Consumer Private Limited|Ascent Eduvision Private Limited|Abhiraj Singh Bhal|Shipra Bhal|Anvi Ved|Ved Bharatkumar Vithaldas|Ved Anjani Bharatkumar|Varun  Khaitan|Urvi Bharatkumar Ved|Sunita Bhal|Shyam Sunder Kanwar Sons HUF|Sarita Khaitan|Roopa Shah|Rohit Musaddi HUF|Rohit Musaddi|Rhea Chandra|Raj Kumari Singh|Radhika Dudhwewala|Prerna Musaddi|Pankhuri Kanwar|Palash Kanwar|Neeta Kanwar|Narendra Khaitan|Monika Singh|Manali Singh|Ira Singh Bhal|Har Sharan Singh|Dev Khaitan|Deepak Kanwar & Sons HUF|Deepak Kanwar|Deepa Shah|Ashok Bhal
UTLSOLAR,,INE12UR01024,owner_confirmed_individual_and_director,OWNER,OWNER,UNKNOWN,,rev1_outside,False,,,86.77,86.76,77.79,0.0,0.0,0.0,0.0,0.0,0.0,0.0,0.0,False,,,,Sunil  Kumar|Madhvi Bhatia|Yogesh  Dua|Sunita Rani|Sumit Bansal|Shiv Kumar Garg|Satnarayan . .|Sandeep Dua .|Rita  Garg|Renu Bala Bansal .|Rakhi Gupta|Rajendra Kumar Bansal|Pawan Kumar Garg|Meenu Gupta .|Kamlesh Rani|Ishan Garg|Isha Garg|Harsh Bala Dua|Anju Bala|Anisha .|Ajay Kumar
V2RETAIL,,INE945H01021,owner_confirmed_individual_and_director,OWNER,OWNER,UNKNOWN,,rev1_outside,False,,,51.43,11.19,10.49,0.0,0.67,0.03,0.0,40.94,0.0,0.0,0.0,False,,,,Vishal Waterworld Pvt Ltd|V2 Conglomerate Limited|Ricon Commodities Private Limited|Uma Agarwal|Shreya AgarwaL|Ramchandra Agarwal HUF|Ram Chandra Agarwal|Akash Agarwal
VIKRAMSOLR,,INE078V01014,owner_confirmed_individual_and_director,OWNER,OWNER,OWNER,OWNER=[Jindal(Jindal)],rev1_outside,False,,,63.01,5.07,5.06,0.01,0.0,0.0,0.0,57.95,0.0,0.0,0.0,False,,,,Yashvi Holdings Private Limited|Yashvi Chaudhary Benefit Trust|Yashvi Art Foundation|Vikram Polyesters Private Limited|Vikram Nuvotech India Private Limited|Vikram India Limited|Vikram Financial Services Limited|Vikram Capital Management Private Limited|Vikram Bio Fuels Private Limited|Viki.Ai Private Limited|VSL Ventures Private Limited|VSL Renewable Solution Private Limited (Formerly VP Utilities & Services Private Limited)|VSL Re Power Private Limited|VSL Logistics Solutions Private Limited|VCMPL Power Ventures Private Limited|Utility Constructions Private Limited|Universal Infraworld LLP|Universal Ecogreen Services|Trident Design and Build|Tatva Infratech|Swaraj Syntex Private Limited|Sunview Enclave Private Limited|Steriattire India Private Limited|Splendor Realtors Private Limited|Sololink Solar Power Private Limited|Silverline Nirman Private Limited|Silver Eastern Infratech|Seabird Commercial Private Limited|SV Solar Private Limited|SNJP FAMILY TRUST|SG Infratech|Racconti Products Private Limited|RG Infra|RG Enterprises|Prohygix India Private Limited|Navi Hygiene & Healthcare Private Limited|Navi Consumer Healthcare Private Limited|Nav Green Solar Power Private Limited|Maurti Nouveauknits Private Limited|Maruti Apparels Private Limited|Mahalakshmi Real Estates|Konark Infratech Private Limited|Konark Gujarat PV Private Limited|Jindal Products Private Limited|Jayshree Enterprise|Ivory Vanijya Private Limited|Hutch Industries Private Limited|Hutch India Private Limited|Gyanesh Chaudhary Family Trust|GC Family Trust|Excelpro Vyapaar Private Limited|Excel Tea Machinery Private Limited|Energext Solutions Private Limited (Formerly Vikram Power Ventures Private Limited)|Eastern Associates|Diagram Commercial Private Limited|Dhansri Vyapaar Private Limited|Carbex Technologies Private Limited|Bahal Power Projects Private Limited|BRCM Power Infrastructures Private Limited|B.K. Goel Charitable Trust|Anil Chaudhary Family Trust|Alankar Nirman Private Limited|Agastya Vikram Chaudhary Benefit Trust|Adishakti Trexim Private Limited|Aarav Tea|Vikram Solar Energy Solutions GMBH|Yashvi Chaudhary|Urmila Chaudhary|Tina Modi|Prerna Rungta|Pratibha  Agarwal|Pragya  Jindal|Nilam  Chaudhary|Meenakshi  Chaudhary|Kusum Goel|Krishna Modi & Sons HUF|K K Rawalwasia And ORS HUF|Hari Krishna Chaudhary|Gyanesh  Chaudhary|Gaurav Goel (HUF)|Gaurav Goel|B.K. Goel & Sons HUF|Anil Chaudhary|Agastya Vikram Chaudhary
VMART,,INE665J01013,owner_confirmed_individual_and_director,OWNER,OWNER,UNKNOWN,,rev1_outside,False,,,44.15,6.46,6.43,0.0,0.03,0.0,0.0,37.72,0.0,0.0,0.0,False,,,,VAKRATUNDA PROJECTS PRIVATE LIMITED|SHREEMAN SHREEMATI|QUEEN'S COLLECTION LLP|PRMA IMPEX PRIVATE LIMITED|CONQUEST BUSINESS SERVICES PVT LTD|VARIN AGARWAL|URMILA SHAH|UMA DEVI AGARWAL|SUNITA SNEHAL SHAH|SUMAN JHUNJHUNWALA|SANGEETA AGARWAL|SAJAN KUMAR AGARWAL|RUCHI DHELIA|RAHUL JHUNJHUNWALA|RAGHAV AGARWAL|PUSHPA DEVI AGARWAL|PAWAN KUMAR AGARWAL|NIDHI GOENKA|NEELAM JAJODIA|NARENDRA MADANLAL JATIA|MURARI LAL JATIA|MURALIDHAR AGARWAL|MAHESH KUMAR JHUNJHUNWALA|MADAN GOPAL AGARWAL HUF|MADAN GOPAL AGARWAL|LATE SHYAM SUNDAR KANDOI|LATE SAJJAN KUMAR AGGARWAL|LATE RAJ KUMAR AGARWAL|LALIT M AGARWAL HUF|LALIT AGARWAL|LAKSHIT AGARWAL|GOPAL AGARWAL|DITYA AGARWAL|BANWARILAL JATIA|BALDEO DAS AGARWAL|ASHOK KUMAR AGARWAL
VTL,,INE825A01020,owner_confirmed_individual_and_director,OWNER,OWNER,UNKNOWN,,rev1_outside,False,,,65.09,2.36,2.34,0.0,0.02,0.0,0.0,62.75,0.0,0.0,0.0,False,,,,"VTL INVESTMENTS LIMITED|VARDHMAN HOLDINGS LIMITED|SP Oswal Trust (Shri Paul Oswal, Trustee)|SANTON FINANCE AND INVESTMENT COMPANY LIMITED|RAMANIYA FINANCE AND INVESTMENT COMPANY LIMITED|Mrs. Shakun Oswal Trust (Shri Paul Oswal, Trustee)|MAHAVIR SPINNING MILLS PRIVATE LIMITED|FLAMINGO FINANCE AND INVESTMENT COMPANY LIMITED|DEVAKAR INVESTMENT AND TRADING COMPANY PRIVATE LIMITED|ADISHWAR ENTERPRISES LLP|SUCHITA JAIN|SOUMYA JAIN|SHRI PAUL OSWAL, PARTNER, PARAS SYNDICATE|SHRI PAUL OSWAL, PARTNER, NORTHERN TRADING COMPANY|SHRI PAUL OSWAL, PARTNER, AMBER SYNDICATE|SHRI PAUL OSWAL|SHAKUN OSWAL, PARTNER, EASTERN TRADING COMPANY|SHAKUN OSWAL|SAGRIKA VIR|SACHIT JAIN"
WABAG,,INE956G01038,owner_confirmed_individual_and_director,OWNER,OWNER,UNKNOWN,,rev1_outside,False,,,19.09,19.11,3.51,0.0,0.01,0.0,0.0,0.0,0.0,0.0,0.0,False,,,,RAJIV MITTAL|VARADARAJAN S
WAKEFIT,,INE0E7301029,owner_confirmed_individual_and_director,OWNER,OWNER,UNKNOWN,,rev1_outside,False,,,37.03,37.03,37.03,0.0,0.0,0.0,0.0,0.0,0.0,0.0,0.0,False,,,,Sri Maruthi Warehousing|Siri Agro|Chaitanya Ramalingegowda Family Trust|Ankit Garg Family Trust|Aisiri Enterprise|Yanni Agrwal|Vivek Agarwal|Virendra Kumar|Ved Garg|Urmila Garg|Sunita Agarwal|Siddharth Chaitanya|Shalini Agarwal|Satya Prakash Agrawal|Sachin M R|Ramalinge Gowda Javaregowda|Nidhi Garg|M B Rajashekhar|Gowramma|Gayathridevi G|Dolly Agarwal|Chaitanya Ramalingegowda|Anupama MR|Ankit Garg|Anaaya Garg
WELENT,,INE625G01013,owner_confirmed_individual_and_director,OWNER,OWNER,OWNER,OWNER=[Adani(Adani)],rev1_outside,False,,,56.13,1.98,0.0,1.98,0.0,0.0,0.0,56.13,0.0,0.0,0.0,False,,,,"Yura Realties Private Limited|Yash Mandawewala|YRM Estates Private Limited|Welsteel Enterprises Private Limited|Welspun Wasco Coatings Private Limited|Welspun USA Inc|Welspun UK Ltd, UK|Welspun Tubular LLC|Welspun Transformation Services Limited|Welspun Tradings Limited|Welspun Steel Resources Private Limited|Welspun Steel Limited|Welspun Specialty Solutions Ltd|Welspun Smartops Limited|Welspun Sattanathapuram Nagapattinam Road Private Limited|Welspun Sabarmati NH3 Private Limited (formerly known as Mahi Renewable Private Limited)|Welspun Sabarmati GH2 Private Limited|Welspun Renewable Energy Private Limited(Formely known as Abhivrdh Realty Private Limited)|Welspun Realty Private Limited|Welspun Real Estate Ventures LLP|Welspun Projects (Himmatnagar Bypass) Private Limited|Welspun Pipes Inc.|Welspun Pipes Company|Welspun One Private Limited|Welspun One Investment Management Private Limited|Welspun Nexgen Inc (USA)|Welspun Newgen Limited|Welspun New Energy Private Limited (Formely known as Welspun New Energy Limited)|Welspun Narmada Private Limited|Welspun Multiventures LLP|Welspun Michigan Engineers  Limited(Formerly Known as Welspun Michigan Engineers Private Limited)|Welspun Mauritius Holdings Limited|Welspun Mauritius Enterprises Limited|Welspun Mahanadi GH2 Private Limited|Welspun Logistics Limited|Welspun Logistic LLC|Welspun Living Limited|Welspun Investments And Commercials Limited|Welspun Home Textiles UK Ltd, UK|Welspun Home Textiles Limited|Welspun Home Solutions Limited|Welspun Holdings Private Limited, Cyprus|Welspun Godavari Private Limited|Welspun Godavari GH2 Private Limited|Welspun Global Trade LLC|Welspun Global Services Limited|Welspun Global IFSC Limited|Welspun Global Holdings Limited|Welspun Global Brands Limited|Welspun Girnar Renewable Private Limited|Welspun Financial Services Ltd|Welspun Europe S.A|Welspun Energy Thermal Pvt Ltd|Welspun Energy Orissa Pvt. Ltd.|Welspun EDAC JV Private Limited|Welspun DI Pipes Limited|Welspun Corp Limited|Welspun Chaudwar Logistics Park Private Limited|Welspun Captive Power Generation Limited|Welspun Bhargavi Private Limited|Welspun BAPL Private Limited|Welspun Aunta-Simaria Project Private Limited|Welspun Anjar SEZ Limited|Weetek Plastic Private Limited|Vivarta Realcon LLP|Vishwakarma Realty Private Limited|Veremente Enterprises Pvt Ltd|Vanshika Goenka Trust|Vanshika Goenka|Trueguard Realcon Private Limited|Totsol Commercial Private Limited|Texreal Private Limited|Tapi Renewable Private Limited|Taipan Estates Private Limited|TMG (Americas) LLC, USA|Sritika Real Estate Projects LLP|Sintex-BAPL Limited|Sintex Prefab and Infra Limited|Sintex Holdings B.V.|Sintex Advance Plastics Limited|Sequence Apartments Pvt Ltd|Satpura Renewable Private Limited|Sabarmati Green Energy Private Limited|Rank Real Estate & Infra Developers Pvt Ltd|Ramesh Mandawewala|Rajlok Infra Developers Private Limited (Formerly Known as Rajlok Diagnostic Systems Pvt Ltd)|Rajesh Mandawewala HUF|Radhika Goenka Trust|Radhika Goenka|RRM Realty Trader Private Limited|RRM Family Trust|RRM Enterprises Private Limited|Prospereal Infra Developers LLP|Propgenie Infra Developers LLP|Pratima Mandawewala|Paschim Sagar Properties Private Limited|Opuluxe Real Infra Private Limited|Nxt-Infra MCP Highways Private Limited (Formerly Known as Welspun Infrafacility Private Limited )|Novelty Home Textiles SA de CV, Mexico|Nauyaan Shipyard Private Limited|Mundra Industrial & Business Parks Pvt. Ltd.|Mounting Renewable Power Limited|Methodical Investment and Trading Co. Pvt Ltd|Mertz Estates Limited|Maxlit Properties Private Limited|Mandawewala Enterprises Limited|Mahanadi Renewable Energy Private Limited|MGN Estates Private Limited|MGN Agro Properties Private Limited|Koolkanya Private Limited|Kedar Renewable Energy Private Limited|Innovative Yarns LLC|Infrastellar Realty Private Limited|Infra Developer Trust|Indivara Realty Private Limited|Honest Vastunirman Private Limited|Grenoble Infrastructure Private Limited|Godavari Green Energy Private Limited|Gladiator Plastic Products Private Limited|Giant Realty Private Limited|Gangaveda Renewable Private Limited|Friends Connections Pvt Ltd|Franco Agencies|First Rank LLP|Finetone Realtors Pvt Ltd|Elitekey Properties Private Limited|East Pipes Integrated Co. for Industry|ER Kingsley (Textiles) Ltd, UK|Dipali Goenka Trust|Dipali B. Goenka|Diameter Trading Pvt Ltd|Dhansiri Green Energy Private Limited|Dewas Waterprojects Works Private Limited|Dahej Infrastructure Pvt Ltd|DME Infra Private Limited|DBG Multiventures LLP|DBG Estates Private Limited|DBG Estates Holdings LLP|Connective Infrasructure Private Limited|Clean Max Thanos Private Limited|Clean Max Dhyuthi Private Limited|Christy Welspun GMBH, Germany|Christy UK Ltd, UK|Christy Home Textiles Ltd, UK|Christy Home Inc Delaware|Christy 2004 Ltd, UK|CHT Holding Ltd, UK|Bhargavi Renewable Private Limited|Balkrishan Goenka trustee of Welspun Group Master Trust|Balkrishan Goenka Foundation|Babasu Realty Private Limited|BKG HUF|BKG Family Trust|BAPL Rototech Private Limited|B. K. Goenka Ventures LLP|B. K. Goenka Family Trust (Balkrishan Goenka)|Aryabhat Vyapar Private Limited|Arah Realties Private Limited|Anjar TMT Steel Pvt. Ltd.|Angel Power and Steel Private Limited|Alphaclarte Trading Private Limited|Alphaclarte Multiventures Private Limited|Adani Welspun Exploration Limited|Abhishek Mandawewala HUF|Abhishek Mandawewala|AYM Textiles Private Limited|AYM Syntex Limited|ARSS Bus Terminal Private Limited|Sitadevi Rameshkumar Mandawewala|Rajesh R Mandawewala|Balkrishan Gopiram Goenka|Sandeep  Garg"
WEWORK,,INE085001019,owner_confirmed_individual_and_director,OWNER,OWNER,UNKNOWN,,rev1_outside,False,,,49.8,0.0,0.0,0.0,0.0,0.0,0.0,49.8,0.0,0.0,0.0,False,,,,YSP Agritech Private Limited|YM Motors Private Limited|Wisdomworld Projects Private Limited|Vistababbler Automation Solutions LLP|Virwani NextGen Trust|Udhyaman Investments Private Limited|Terranova Investment Management Services Private Limited|Swire Tech-Park Projects Private Limited|Stonehill Education Foundation|Stonehill Cesy Foundation|Starwood Properties Private Limited|Sporthorse Studbook (India) LLP|Snap Offices Private Limited|Sharayu Security Services LLP|Sharayu Infra Development Private Limited|Sharayu Foundation|Sharayu Automobiles Private Limited|Sharayu Autolinks Private Limited|Sharayu Agro Industries Limited|Saphire Realtors Private Limited|Samsara Finance Private Limited|Saltire Estate and Resorts LLP|SAP Holdings & Leasing Private Limited|Ramakrishna & Company|RG Lakeside Properties Private Limited|Pathredi Projects Logistics Parks Private Limited|Oakwood Developers Private Limited|OMR Investments LLP|Next Level Experiences LLP|Nam Investments Private Limited|NV Family Trust|Moreshwar Trading Company Private Limited|More-Finanshare Investments Private Limited|Miracle Coatings Private Limited|M.D. Realtors Private Limited|Lyrus Fitness LLP|Kan Power Projects LLP|KV Family Trust|KASR Reality Ventures|KANJ Realty Ventures LLP|Jitu Family Trust|Jakan Power Projects LLP|JVNSR Realty Services LLP|JVKV Property Developers Private Limited|JVKV City Developers Private Limited|JV Holding Private Limited|JSM Corporation Private Limited|Golflink-Embassy Business Park Management Services LLP|Golflink - Embassy Business Park Management Services Private Limited|Global Façade Solutions|FMR Healthy Harvest Marketing Private Limited|Embassy Shelters Private Limited|Embassy Services Private Limited|Embassy RR Projects Private Limited|Embassy Property Developments Private Limited|Embassy Motion Pictures LLP|Embassy Leisure and Entertainment Projects LLP|Embassy Knowledge Infrastructure Projects Private Limited|Embassy Development Corporation|Embassy Classic Private Limited|Embassy Buildcon LLP ( EBLLP)|Embassy Brindavan Developers|Donata Developers|Donata Constructions (Proprietorship concern of Sonu Sanjeev Wahi)|Ditrita Developers Private Limited|Deogiri Transport|Concept Real Estate Developers Private Limited|Collaborative Workspace Consultants LLP|CBE Developers LLP|Book and Marks Hospitality Private Limited|Bellanza Developers Private Limited|Babbler Marketing Private Limited|Arpee Consultants Private Limited|Anemone Ventures LLP|Alara Properties LLP|AV Family Trust|Yugendra Shrinivas Pawar|Vandana Virwani|Sonu Sanjeev Wahi|Shrinivas Anantrao Pawar|Sharmila Shrinivas Pawar|Raj Mohandas Virwani|Neel Virwani|Mithila Pawar Virwani|Karan Virwani|Jitendra Virwani HUF|Jitendra Mohandas Virwani|Jaikishen Virwani|Aditya Virwani|Aarav Virwani
YATHARTH,,INE0JO301016,owner_confirmed_individual_and_director,OWNER,OWNER,UNKNOWN,,rev1_outside,False,,,55.8,55.8,55.8,0.0,0.0,0.0,0.0,0.0,0.0,0.0,0.0,False,,,,Neena Tyagi|Manju Tyagi|Kapil Kumar|Ajay Kumar Tyagi
ZAGGLE,,INE07K301024,owner_confirmed_individual_and_director,OWNER,OWNER,UNKNOWN,,rev1_outside,False,,,44.13,40.06,40.04,0.0,0.02,0.0,0.0,4.09,0.0,0.0,0.0,False,,,,RAN VENTURES PRIVATE LIMITED|QUADIGO VENTURES LLP|RAJ P NARAYANAM|AVINASH RAMESH GODKHINDI
ZYDUSWELL,,INE768C01028,owner_confirmed_individual_and_director,OWNER,OWNER,UNKNOWN,,rev1_outside,False,,,69.63,0.06,0.03,0.03,0.0,0.0,0.0,69.61,0.0,0.0,0.0,False,,,,"Zynext Ventures USA LLC|Zynext Ventures Pte. Ltd.|Zylidac Bio LLC|Zydus Worldwide DMCC|Zydus Wellness Products Limited|Zydus Wellness International DMCC|Zydus Wellness (BD) Pvt Limited|Zydus VTEC Limited|Zydus Therapeutics Inc.|Zydus Strategic Investments Limited|Zydus Pharmaceuticals UK Ltd.|Zydus Pharmaceuticals Mexico Services Company S.A. De C.V.|Zydus Pharmaceuticals Mexico S.A. De C.V.|Zydus Pharmaceuticals Limited|Zydus Pharmaceuticals (USA) Inc.|Zydus Pharmaceuticals (Canada) Inc.|Zydus Nikkho Farmaceutica Ltda.|Zydus Netherlands B.V.|Zydus Medtech Private Limited|Zydus Medtech (France) SAS|Zydus Lifesciences Limited|Zydus Lifesciences Global FZE|Zydus Lanka (Pvt) Limited|Zydus International Private Limited|Zydus Hospitals and Healthcare Research Private Limited|Zydus Hospital LLP|Zydus Healthcare S.A. (Pty) Ltd|Zydus Healthcare Philippines Inc.|Zydus Healthcare Limited|Zydus Healthcare (USA) LLC|Zydus France|Zydus Foundation|Zydus Family Trust(Trustee:Mr. Pankaj R. Patel,Smt. Pritiben P. Patel, Dr. Sharvil P. Patel)|Zydus Animal Health and Investments Limited|ZyVet Animal Health Inc.|Zenila Ventures LLP|Zandra Infrastructure LLP|Zandra Herbs and Plantations LLP|Yelena Hospitals LLP|Western Ahmedabad Effluent Conveyance Company Private Limited|Viona Pharmaceuticals Inc.|Violio Healthcare Limited|Vertius LLP|Taraben Patel Family Will Trust(Trustee:Mr Pankaj R Patel Dr Sharvil P Patel)|Sentynl Therapeutics Inc.|Script Management Services (Pty) Ltd.|SCI SOFAB FALLA|SCI Les Tilleuls|Rajnigandha Developers LLP|R B Patel Will Pankaj Trust(Trustee:Mr. Pankaj R. Patel,Smt. Pritiben P. Patel, Dr. Sharvil P. Patel)|Pripan Investment Private Limited|Orthosante|Naturell Inc.|Naturell (India) Private Limited|Medsolutions (Europe) Limited|Liva Nutritions Limited|Liva Investment Limited|LiqMeds Worldwide Limited|LiqMeds Limited|LiqMeds Lifecare Limited|Laboratorios Combix S.L.U|LM Manufacturing India Private Limited|L M Manufacturing Limited|German Remedies Pharmaceuticals Private Limited|Etna Biotech S.R.L.|Duotech Amplitude SAS|Dialforhealth Unity Limited|Dialforhealth Greencross Limited|Comfort Click Softech Private Limited|Comfort Click Limited|Comfort Click LLC|Cadmach Machinery Company Private Limited|Cadila Lifesciences Private Limited|Cadila Laboratories Private Limited|Biochem Pharmaceutical Private Limited|Amplitude Surgical SA|Amplitude Surgical|Amplitude Suisse SA|Amplitude South Africa Pty. Limited|Amplitude SUD SAS|Amplitude SAS|Amplitude Orthopedics Corporation|Amplitude New Zealand Limited|Amplitude NORD SAS|Amplitude Latin America|Amplitude Ile de France|Amplitude GmbH|Amplitude Benelux|Amplitude Australia Pty Ltd|Ampliman 2|Ampliman 1|Alidac UK Limited|Alidac Pharmaceuticals SA (Pty) Ltd|Alidac Healthcare (Myanmar) Limited|Aleta Hospitals LLP|Veda Sharvil Patel|Shivani Pankajbhai Patel|Shaurya Sharvil Patel|Sharvil Pankajbhai Patel|Sharvil P. Patel (HUF,Karta:Mr. Sharvil P. Patel)|Samar Babubhai Patel|Ritaben Yatinbhai Desai|Pritiben Pankajbhai Patel|Prashant Babubhai Patel|Pankajbhai Ramanbhai Patel(SmallerHUF,Karta:Mr. Pankaj R. Patel)|Pankajbhai Ramanbhai Patel(HUF,Karta:Mr. Pankaj R. Patel)|Pankajbhai Ramanbhai Patel|Meha Sharvil Patel|Ketkiben Mukeshbhai Patel|Jasodaben Babubhai Patel|Gira Vijay Patel|Ayushi Rajiv Mehta jointly with Arati Rajiv Mehta|Arati Rajiv Mehta jointly with Rajiv Vastupal Mehta"
20MICRONS,,INE144J01027,owner_confirmed_individual,OWNER,OWNER,UNKNOWN,,rev1_outside,False,,,45.04,20.48,20.48,0.0,0.0,0.0,0.0,24.56,0.0,0.0,0.0,False,,,,IONIX ADVANCED MATERIALS PRIVATE LIMITED|VEDIKA RAJESH PARIKH|RAJESH CHANDRESH PARIKH|ILABEN CHANDRESH PARIKH|ATIL CHANDRESH PARIKH
21STCENMGM,,INE253B01015,owner_confirmed_individual,OWNER,OWNER,UNKNOWN,,rev1_outside,False,,,64.43,64.43,64.43,0.0,0.0,0.0,0.0,0.0,0.0,0.0,0.0,False,,,,VANAJA SUNDAR IYER|SUNDAR IYER|SIDDHARTH IYER|SHRIDHAR P IYER|KRISHNAN M|KARTHIK SUNDAR|EBRAHIM Y RANGOONWALA
AAATECH,,INE0D0U01013,owner_confirmed_individual,OWNER,OWNER,UNKNOWN,,rev1_outside,False,,,34.38,34.38,34.38,0.0,0.0,0.0,0.0,0.0,0.0,0.0,0.0,False,,,,Vineet Dhoot|Venugopal M Dhoot|Shobha Dhoot|Ruchi Anjay Agarwal|Kanak Anjay Agarwal|Archana Anjay Agarwal|Anjay Ratanlal Agarwal|Anirudh Dhoot
AAKASH,,INE087Z01024,owner_confirmed_individual,OWNER,OWNER,UNKNOWN,,rev1_outside,False,,,66.54,66.54,66.54,0.0,0.0,0.0,0.0,0.0,0.0,0.0,0.0,False,,,,Vipul N. Haria - HUF|Vihan Vipul Haria|Vasumati Pravin Haria|VIPUL NAVINCHANDRA HARIA|URVI  HEMANG  HARIA|SNEHA KRUNAL HARIA|Pravin Varshibhai Haria|Pragnesh Devchandra Shah|Neha Himanshu Haria|Navin V. Haria - HUF|NAVINCHANDRA VERSHIBHAI HARIA|Krutika Pragnesh Shah|Krunal P. Haria - HUF|Kahaan Hemang Haria|KRUNAL PRAVIN HARIA|Jitendra Thakersinh Soni|Himanshu Navinchandra Haria|Hemang N. Haria - HUF|HEMANG  NAVINBHAI  HARIA|Ekaansh Krunal Haria|Devni Hemang Haria|Chaitali Jitendra Soni|BIJAL VIPUL HARIA
AHLUCONT,,INE758C01029,owner_confirmed_individual,OWNER,OWNER,UNKNOWN,,rev1_outside,False,,,55.32,55.28,55.28,0.0,0.0,0.0,0.0,0.04,0.0,0.0,0.0,False,,,,Tidal Securities Private Limited|Vikas Ahluwalia|Sudershan Walia|Shobhit Uppal|Rohini Ahluwalia|Rachna Uppal|Mukta Ahluwalia|Bikramjit Ahluwalia
ASKAUTOLTD,,INE491J01022,owner_confirmed_individual,OWNER,OWNER,UNKNOWN,,rev1_outside,False,,,74.95,74.95,74.95,0.0,0.0,0.0,0.0,0.0,0.0,0.0,0.0,False,,,,Vijaylaxmi Infrabuild Private Limited|Vijaylaxmi Infra Projects Private limited|Vijaylaxmi Farms Private Limited|Planet Agro Farms Private Limited|L.Y. Developers Private Limited|KVP Hotels & Resorts Private Limited|KSR Reality Private Limited|KSR Landholding Projects Private Limited|Fresh Air Farms Private Limited|Adhunik Realty Private Limited|Adhunik Agrotech Private Limited|A. P. Automotives Private Limited|Vimla Chaudhary|Vijeta  Rathee|Vijay Rathee|Sushila Rathee|Sarla  Chahal|Prashant Rathee|Kuldip Singh Rathee|Kanika  Rathee|KS Rathee & Son HUF|Asha Rani sood|Anil Kumar Agastya|Aman Rathee HUF|Aman Rathee
BALAMINES,,INE050E01027,owner_confirmed_individual,OWNER,OWNER,UNKNOWN,,rev1_outside,False,,,54.59,39.79,39.58,0.0,0.0,0.21,0.0,15.01,0.0,0.0,0.0,False,,,,SMT GADDAM SUSHILA RAJA REDDY FOUNDATION|APR HOLDING AND INVESTMENTS LLP|TANMAI REDDY GADDAM|RAM REDDY DUNDURAPU|NOMULA SARITA|NOMULA EESHAN REDDY|N RAJESHWAR REDDY|LAASYA GADDAM|KOMALI GADDAM|HEMANTH REDDY GADDAM|GADDAM MADHUMATHI|DUNDURAPU VANDANA|DEEPTI RAJESHWAR REDDY NOMULA|ANDE SRINIVAS REDDY|ANDE PRATHAP REDDY|ACHANTA ANNAPURNA|A MEENA DEVI
BALUFORGE,,INE011E01029,owner_confirmed_individual,OWNER,OWNER,UNKNOWN,,rev1_outside,False,,,53.99,53.99,53.99,0.0,0.0,0.0,0.0,0.0,0.0,0.0,3.81,False,,,,TRIMAAN JASPALSINGH CHANDOCK|SHIVAPUTRA G BELLAD|PRASHANT SHIVPUTRA BELLAD|JASPALSINGH PREHLADSINGH CHANDOCK|JAIKARAN JASPALSINGH CHANDOCK|ENFORCEMENT DIRECTORATE RAIPUR
BANCOINDIA,,INE213C01025,owner_confirmed_individual,OWNER,OWNER,UNKNOWN,,rev1_outside,False,,,67.88,64.96,2.35,0.0,0.0,0.0,0.0,0.99,1.93,1.93,0.0,False,,,,Pritty Vimal Patel|Banco Aluminium Private Limited|Shivam Mehul Patel|Overseas Pearl Ltd|Monal Samirbhai Patel|Gayatri Mehul Patel|Vimal Kanubhai Patel|Samir Kanubhai Patel|Mehul Kanubhai Patel|Sharan Mehul Patel|Hasumati Kanubhai Patel
BECTORFOOD,,INE495P01020,owner_confirmed_individual,OWNER,OWNER,UNKNOWN,,rev1_outside,False,,,49.04,23.75,23.75,0.0,0.0,0.0,0.0,25.29,0.0,0.0,0.0,False,,,,Suvir Bector (SB Family Trust)|Ishaan Bector (IB Family Trust)|Anoop Bector (AB Family Trust)|Uday Rameshkumar Aggarwal|Suvir  Bector|Rashmi  Bector|Neena Ramesh Aggarwal|Ishaan  Bector|Anoop Bector Huf|Anoop Bector|Abhay Rameshkumar Aggarwal
BELRISE,,INE894V01022,owner_confirmed_individual,OWNER,OWNER,UNKNOWN,,rev1_outside,False,,,66.46,66.29,66.29,0.0,0.0,0.0,0.0,0.17,0.0,0.0,0.0,False,,,,Zoom Info Solutions Private Limited|United For Nature Foundation|Swastid Engineering Private Limited|Swami Ashirwad Engimech Private Limited|Supriya S Badve Business Trust|Sumedh Tools Private Limited|Suchaitanya Techno Solutions LLP|Starkenn technologies Private Limited|Starkenn Sports Private Limited|Shrikant S Badve Business Trust|Shreyas Services|Shreeyash Enterprises|Shreepriya Stamping and Tooling Private Limited|Shreepriya Auto Parts Private Limited|Shree Samarth Industries|Sharp Pressings Private Limited|SVB Land Development and Construction Private Limited|SB Transport|Prakritik Infrastructure Private Limited|Phoenix Engineering|Optima Auto Products Private Limited|Manas Automotive Systemes Limited|KS Suspension Engineering Technology|H-One India Private Limited|Fores Enterprises|Five Ess Auto Parts Private Limited|Fenace Auto Limited|Eximius Investments Private Limited|Eximius Infra Tech Solutions Private Limited|Eximiius Autocomps Private Limited|Emkay Automobile Industries Limited|Creative Tools & Press Components Private Limited|Belrise Defence & Aerospace Private Limited|Badve Sons Private Limited|Badve Realty Private Limited|Badve Overseas Trading Private Limited|Badve Overseas Private Limited|Badve Leasing Private Limited|Badve Housing Private Limited|Badve Holdings Private Limited|Badve Helmets India Private Limited|Badve Global Private Limited|Badve Fincorp Private Limited|Badve Autotech Private Limited|Badve Autocomps Private Limited|Artiegenius Edtech LLP|Amit Engineers And Tools Private Limited|Amit Engineers|Belrise UK Holdings Limited|Belrise SDM|Badve Global General Trading LLC|Badve Engineering Trading FZE|Yojana Bhawalkar|Swastid Shrikant Badve|Supriya Shrikant Badve|Sunil Vasant Savarkar|Sumedh Shrikant Badve|Shrikant Shankar Badve|Sanjay Shankar Badve|Sanjay Badve HUF|Sandhya Nitin Burkule|Rajiv Vasant Savarkar|Kumud Shankar Badve|Badve Shankar Prabhakar HUF
BLUEJET,,INE0KBH01020,owner_confirmed_individual,OWNER,OWNER,UNKNOWN,,rev1_outside,False,,,79.81,79.81,79.81,0.0,0.0,0.0,0.0,0.0,0.0,0.0,0.0,False,,,,Shiven Akshay Arora|Archana Akshay Arora|Anisha  Juneja|Amit Dhawan|Alka Rakesh Bakshi|Akshay Bansarilal Arora
CORONA,,INE02ZQ01018,owner_confirmed_individual,OWNER,OWNER,UNKNOWN,,rev1_outside,False,,,69.0,69.0,69.0,0.0,0.0,0.0,0.0,0.0,0.0,0.0,0.0,False,,,,NKM Nextgen LLP|KLNext Enterprise LLP|Vasumatiben Kirtibhai Shah|Yogeshbhai Harilal Shah|Vishwa Ankur Mehta|Vanshaj Niravkumar Mehta|Subodhbhai Vrajlal Parikh|Shardaben Subodhbhai Parikh|Pritesh Subodhbhai Parikh|Nemish Harilal Shah|Nehal Devang Vora|NIRAV KIRTIKUMAR MEHTA|MINAXI KIRTIKUMAR MEHTA|Ketan Harilal Shah|Kanakben Arvindbhai Shah|KIRTIKUMAR LAXMIDAS MEHTA|Jitendrakumar Champaklal Vora|Jainam Ankur Mehta|Hetvi Nirav Mehta|Heti Darshan Kothari|DIPABEN NIRAVKUMAR MEHTA|Chandrika Jitendrakumar Vora|BRINDA ANKUR MEHTA|ANKURBHAI K MEHTA
CRIZAC,,INE0S4R01014,owner_confirmed_individual,OWNER,OWNER,UNKNOWN,,rev1_outside,False,,,79.94,79.94,79.94,0.0,0.0,0.0,0.0,0.0,0.0,0.0,0.0,False,,,,UCOL Services Private Limited|Shakun Charitable Trust|Rajshree Enterprises|Purav Enterprises|Nandaram Flour Mill|Manshim Technologies Private Limited|M/s WEB STYLIO|M/s Shree Laxmi Hardware Sanitary|M/s Agarwal Motors|Gyan Bharti Educational Trust|Crizac Technologies Private Limited|Crizac Informatics Private Limited|Altis Projects LLP|Vikash Agarwal HUF|Vikash Agarwal|Usha Agarwal|Sneha Agarwal|Shyam Agarwal HUF|Shimla Agrawal|Shakuntala Devi|Sarita Kedia|Raunak Agarwal|Rajesh Kumar Agarwal|Rajesh Agrawal|Rajesh Agarwal HUF|Priti Kumari|Pinky Agarwal|Pinki Agarwal|Om Prakash Agarwal|Nitesh Kumar Kedia|Nilam Agarwal|Narendra Kumar Kedia|Manish Agarwal HUF|Manish Agarwal|Kiran Jain|Kamal Agarwal|Kailash Kumar Agarwal|Bimala Argawal|Anush Agarwal|Anita Agarwal
DIACABS,,INE989C01038,owner_confirmed_individual,OWNER,OWNER,UNKNOWN,,rev1_outside,False,,,84.02,46.49,46.49,0.0,0.0,0.0,0.0,37.53,0.0,0.0,0.0,False,,,,Monarch Infraparks Private Limited|GSEC Limited|Vrushali Himanshu Shah|Vaibhav Jayantilal Shah|Shaishav Rakeshkumar Shah|Rakesh Ramanlal Shah|Kinnari Vaibhav Shah|Himanshu Jayantilal Shah|Bela Himanshu  Shah|Bankim Jayantilal Shah|Anushree Himanshu Shah
DYNAMATECH,,INE221B01012,owner_confirmed_individual,OWNER,OWNER,UNKNOWN,,rev1_outside,False,,,41.87,7.71,7.71,0.0,0.0,0.0,0.0,34.16,0.0,0.0,0.0,False,,,,WAVELL INVESTMENTS PRIVATE LIMITED|VITA PRIVATE LTD|UDAYANT MALHOUTRA AND COMPANY PRIVATE LIMITED|PRIMELLA SANITARY PRODUCTS PVT LTD|JKM OFFSHORE INDIA PVT LTD|JKM HOLDINGS PRIVATE LIMITED|GREENEARTH BIOTECHNOLOGIES LTD|CHRISTINE HODEN (INDIA) PVT LTD|BAROTA MALHOUTRA|UDAYANT MALHOUTRA
ELLEN,,INE236E01022,owner_confirmed_individual,OWNER,OWNER,UNKNOWN,,rev1_outside,False,,,77.16,77.16,77.16,0.0,0.0,0.0,0.0,0.0,0.0,0.0,0.0,False,,,,Varun Tea Plantations Private Limited|Varun Agarwal Family Private Trust (Trustee: Varun Agarwal)|VYB Active Private Limited|VSS Properties Private Limited|VSS Metals Private Limited|VSS Iron And Minerals Private Limited|VSS Exim Private Limited|Swaraj Properties Private Limited|Superior Tea And Allied Industries Private Limited|Popular Vanijya Private Limited|Padam Kumar Agarwala Family Private Trust (Trustee: Padam Kumar Agarwala)|Kedia Infracon Private Limited|Karakoram Healthcare Services LLP|Insta Tea Ventures LLP|Insta Tea Ventures (Partnership)|Heaven Commercial Private Limited|Gunjan Suppliers Private Limited|Emerald Tieup Private Limited|Ellenbarrie Tea & Industries Private Limited|Ellenbarrie Properties Limited|Ellenbarrie Cryogenics Private Limited|Ellenbarrie Agro Products Limited|Dover Commercials Private Limited|Divya Suppliers Private Limited|Comfort Share Trading Private Limited|Varun Agarwal (HUF)|Varun Agarwal|Shanti Prasad Agarwala (HUF)|Shanti Prasad Agarwala|Renu Agarwal|Pushpa Devi Agarwala|Panacha Agarwal|Padam Kumar Agarwala (HUF)|Padam Kumar Agarwala|Manisha Saraf|Leela Bubna|Jayshree Jaipuria|Aradhita Agarwal Kedia|Anay Agarwal|Amaya Agarwal
GRWRHITECH,,INE291A01017,owner_confirmed_individual,OWNER,OWNER,UNKNOWN,,rev1_outside,False,,,60.72,9.23,8.07,0.0,0.0,0.0,0.0,51.5,0.0,0.0,0.0,False,,,,SONIA GARWARE BENEFIT TRUST|SARITA GARWARE BENEFIT TRUST|S B GARWARE FAMILY TRUST|MONIKA GARWARE BENEFIT TRUST|Great View Real Estates Private Limited|Garware Industriees Private Limited|B D Garware Research Centre Private Limited|Sonia Shashikant Garware|Sheela Shashikant Garware|Shashikant Bhalchandra Garware|Sarita Garware Ramsay|Monika Garware
HGINFRA,,INE926X01010,owner_confirmed_individual,OWNER,OWNER,UNKNOWN,,rev1_outside,False,,,71.78,0.0,0.0,0.0,0.0,0.0,0.0,71.78,0.0,0.0,0.0,False,,,,Vijendra Singh Family Trust|Harendra Singh Family Trust|Girishpal Singh Family Trust|Vijendra Singh|Vaibhav Choudhary|Poonam Singh|Nisha Singh|Hodal Singh|Harendra Singh Huf|Harendra Singh|Girishpal Singh
JAINREC,,INE0YD401026,owner_confirmed_individual,OWNER,OWNER,UNKNOWN,,rev1_outside,False,,,73.59,73.59,73.59,0.0,0.0,0.0,0.0,0.0,0.0,0.0,0.0,False,,,,Shreyansh Ispat (Chennai) Private Limited|Shantilal Jain HUF|Salputri Dealers Private Limited|Metro Steel Rolling Mills Private Limited|Metalika Industries|Metal Impex|KSJ Metal Impex Private Limited|KSJ Infrastructure Private Limited|Jain Metal Charitable Trust|JBN Associates Private Limited|GoCapital Finance Limited|Eshcube Properties|Divyadivine India Private Limited|Sharmila Rajesh Jain|Shantilal Jain|Sangeetha Pradeep Jain|Sanchit Jain|Posibai Jain|Mahendra Kumar Jain|M Sundarbai|Kalpesh M Jain|KAMLESH JAIN|K Shreya Jain|JAIN GEETHA|JAIN FAMILY TRUST (Trustee Mr. KAMLESH JAIN)|Anita Narendra Porwal
JAYNECOIND,,INE854B01010,owner_confirmed_individual,OWNER,OWNER,UNKNOWN,,rev1_outside,False,,,55.15,4.6,4.6,0.0,0.0,0.0,0.0,50.55,0.0,0.0,0.0,False,,,,VIBRANT ELECTRONICS PRIVATE LIMITED|PARIVAR FOOD INDUSTRIES PVT LTD|NINE STAR PLASTIC PACKAGING SERVICES PRIVATE LIMITED|NECO LEASING AND FINANCE PVT LTD|NECO HOLDING PVT LTD|NECO  VALVES AND PUMPS PVT LTD|NAGPUR AGRO AND  FOOD PROCESSORS LTD|KARAMVEER IMPEX PRIVATE LIMITED|JYOTIKANT INVESTMENTS PVT LTD|JAYASWAL NECO STEEL AND MINING LIMITED|JAYASWAL NECO POWER PRIVATE LIMITED|JAYASWAL NECO METALLICS PRIVATE LIMITED|JAYASWAL NECO INFRASTRUCTURES PRIVATE LIMITED|JAYASWAL NECO ENERGY PRIVATE LIMITED|JAYASWAL HOLDINGS PVT LTD|AVON SALES AND SERVICES PRIVATE LIMITED|APEX SPINNING MILLS PVT LTD|ANURAG SALES AND SERVICES PVT LTD|RITIKA JAYASWAL|RITA JAYASWAL|RAMESH JAYASWAL|POOJAA AGRAWAL|NISHA JAYASWAL|KARISHMA JAYASWAL|HARGUNN BEDI JAYASWAL|BASANT LALL SHAW|AVNEESH JAYASWAL|ARVIND JAYASWAL|ARCHIT JAYASWAL|ANAND JAYASWAL
JSLL,,INE0J5801029,owner_confirmed_individual,OWNER,OWNER,UNKNOWN,,rev1_outside,False,,,63.62,63.62,63.62,0.0,0.0,0.0,0.0,0.0,0.0,0.0,0.0,False,,,,SUNITA UPPAL|SUNIL KHURANA|SOM KHURANA|SHREYA GROVER|SANTOSH GROVER|SAHIL JAIN|ROHIT GROVER|PREMKANTA KAPOOR|Manish Grover (HUF)|MUKESH GROVER|MANISH GROVER|MADHAV GROVER|BHAVNA GROVER|Ashish Grover|AKANSHA JAIN
KIRLOSBROS,,INE732A01036,owner_confirmed_individual,OWNER,OWNER,UNKNOWN,,rev1_outside,False,,,65.95,41.61,41.61,0.0,0.0,0.0,0.0,24.34,0.0,0.0,0.0,False,,,,"VikramGeet Investments and Holdings Private Limited|VSK Holdings Pvt. Ltd|TOR.AI Limited (earlier known as Kloudq Technologies Limited)|Snow Leopard Technology Ventures LLP|Snow Leopard Momentum-II LLP|Snow Leopard Momentum LLP|Snow Leopard Lever Boost LLP|Snow Leopard Infrastructure1 LLP|Snow Leopard Global Technology LLP|Snow Leopard Global Technology III - LLP|Shri Harihareshwar Finance and Investments Pvt. Ltd|Saucelito Ventures|Samarth Udyog Technology Forum|S.L. Kirloskar CSR Foundation|Rykenthorus Ventures LLP|PRAKAR INVESTMENTS PRIVATE LIMITED|Navsayam Dandekar Private Limited|Navsai Opportunities Private Limited (earlier known as Navsai Investments Private Limited)|Mahila Udyog Limited|La-Gajjar Machineries Private Limited|Kirloskar Trading SA (PTY) Limited (earlier known as Jouburg Industrial Trading (SA) (PTY) Ltd)|Kirloskar Systems Limited|Kirloskar South East Asia Company Limited|Kirloskar Solar Technologies Private Limited|Kirloskar Proprietary Limited|Kirloskar Pneumatic Company Limited|Kirloskar Oil Engines Limited|Kirloskar Management Services Private Limited|Kirloskar International ME FZE|Kirloskar Integrated Technologies Private Limited|Kirloskar Ferrous Industries Limited|Kirloskar Energen Private Limited|Kirloskar DMCC|Kirloskar Corrocoat Private Limited|Kirloskar Chillers Private Limited|Kirloskar Chillers Middle East LLC|Kirloskar Americas Corp., USA|KiARA LifeSpaces Private Limited|Karad Projects and Motors Limited|Kairi Investments LLC|KIRLOSKAR INDUSTRIES LTD|KC Ventures LLP|Indifour Consult Private Limited|Green Tek Systems (India) Private Limited|G.G. Dandekar Properties Limited (earlier known as G.G.Dandekar Machine Works Limited)|Cephalopod Teknik LLP (earlier known as Snow Leopard Global Technology II - LLP)|Cephalopod Teknik III LLP|Cephalopod Teknik II LLP|Cees Investments and Consultants Private Limtied|CARiQ Technologies Pvt.Ltd(Thisdoesn'tformpartofPromoterGrbutitsnameincludedasperNSEemaildt29122021)|Binaza Consult Private Limited|Better Value Holdings Private Limited|Beluga Whale Capital Management Pte. Limited|Avante Spaces Limited|Asara Sales and Investment Private Limited|Arka Investment Advisory Services Private Limited|Arka Financial Holdings Private Limited|Arca Fincap Limited|Alpak Investments Private Limited|Alotoxl Ventures LLP|Actin Technologies India Private Limited|ACHYUT AND NEETA HOLDINGS AND FINANCE PVT LTD|Talen Kulkarni|Sneha Jain- Kirloskar|Shruti Kulkarni|SUMAN CHANDRAKANT KIRLOSKAR|SANJAY CHANDRAKANT KIRLOSKAR|Rama Sanjay Kirloskar|ROOPA GUPTA|RAHUL CHANDRAKANT KIRLOSKAR|Pia Christopher Kolenaty|PRATIMA SANJAY KIRLOSKAR|Nihal Kulkarni|Maya Christopher Kolenaty|Manasi Kirloskar|Komal Kulkarni|Kolenaty Christopher|JYOTSNA GAUTAM KULKARNI|Gauri Kirloskar|Gargi Kulkarni|GEETANJALI VIKRAM KIRLOSKAR|Arjun Sahni|Anoushka Akshay Sahni|Anika Nihal Kulkarni|Ambar Kulkarni|Aman Kirloskar|Alika Kirloskar|Akshay Sahni|Aditi Kirloskar|ATUL KIRLOSKAR|ARTI ATUL KIRLOSKAR|ALPANA RAHUL KIRLOSKAR|ALOK KIRLOSKAR"
KRN,,INE0Q3J01015,owner_confirmed_individual,OWNER,OWNER,UNKNOWN,,rev1_outside,False,,,65.69,65.69,65.69,0.0,0.0,0.0,0.0,0.0,0.0,0.0,0.0,False,,,,KRNCOILS Private Limited|YASHPAL YADAV|SUDESH DEVI|SOMWATI DEVI|SEEMA DEVI|SANTOSH KUMAR YADAV|RIDHAM YADAV|RAKESH KUMAR YADAV|NEELAM YADAV|NAISHA YADAV|MAYA RANI|MANOHAR LAL|LATE CHANDER SINGH|KOMAL YADAV|KAMLA DEVI|BALBIR SINGH|ARTI YADAV|ANJU DEVI
LOTUSDEV,,INE0V9Q01010,owner_confirmed_individual,OWNER,OWNER,UNKNOWN,,rev1_outside,False,,,81.86,72.04,72.04,0.0,0.0,0.0,0.0,9.83,0.0,0.0,0.0,False,,,,Yureka Cosmetics Private Limited|Yureka Beauty Private Limited|Xperia Realty LLP|Uniwood Systems LLP|True Vritika Projects Private Limited|Sri Lotus Real Estate Creators (India) Private Limited|Sigma Fiscals Private Limited|Shivshrushti Real Estate Private Limited|Rudratej Properties Private Limited|Rodium Realty Limited|Rodium Housing LLP|Riddhi Projects Private Limited|Readystage LLP|RUDRATEJ PANDIT FAMILY TRUST (Trustee ROOPA ANAND PANDIT)|RPAP Properties Private Limited|RPAP Projects and Developers LLP|RPAP FAMILY TRUST (Trustee ROOPA ANAND PANDIT)|RDH Infraspaces|Purna Projects Private Limited|Pandit Family Trust|Ninety9 Ventures LLP|Lotus Telenetwork LLP|Lotus Sunny Side Up Entertainment LLP|Lotus Pictures Private Limited|Lotus Foundation (Charitable Trust)|Lokahi Wellness Private Limited|Kingstay Real Estate Private Limited|Kamal Value Realty (India) Private Limited|Girikand Projects Private Limited|Fluid Realty LLP|Dalia Charitable Trust|Credence Realty Private Limited|College Pictures LLP|Caproot Ventures LLP|C.N.A Architects|Bombay Masti Films LLP|Bluepearl Homes Private Limited|Ashka Properties Private Limited|Anand Pandit Motion Pictures LLP|Anand Pandit Family Trust|Aishwarya Property & Estate Private Limited|Aish Motion Pictures LLP|ASHKA PANDIT FAMILY TRUST (Trustee ROOPA ANAND PANDIT)|ARH Interior|AP Motion Pictures Private Limited|AKP Family Will Trust|AISHWARYA PANDIT FAMILY TRUST (Trustee ROOPA ANAND PANDIT)|81 Estates LLP|Rhodium Digital Inc|Lotus Signature LLC|Grandeur LLC|Blackstone Digital FZ LLC|Vansh Chheda|Trupti Dave|Shilpa Trivedi|Rohan Chheda|RUDRATEJ ANAND PANDIT|ROOPA ANAND PANDIT|Parul Mehta|Paarth Chheda|Krupa Chheda|Kartikey Pandit|Deepak Chheda HUF|Deepak Chheda|DIMPLE KAMAL DALIA|Anand Kamalnayan Pandit HUF|ASHKA ANAND PANDIT|ANAND KAMALNAYAN PANDIT|AISHWARYA ANAND PANDIT
MANORAMA,,INE00VM01036,owner_confirmed_individual,OWNER,OWNER,UNKNOWN,,rev1_outside,False,,,54.32,54.32,54.32,0.0,0.0,0.0,0.0,0.0,0.0,0.0,0.0,False,,,,Vinita Ashish Saraf|Shrey Ashish Saraf|Bidyadevi Agarwal|Ashish Ramesh Saraf|Agastya Saraf
NESCO,,INE317F01035,owner_confirmed_individual,OWNER,OWNER,UNKNOWN,,rev1_outside,False,,,68.54,26.78,26.78,0.0,0.0,0.0,0.0,35.41,6.35,6.35,0.0,False,,,,PATEL CONSULTANCY SERVICES PRIVATE LIMITED|CHANDLER & PRICE (I) PVT LTD|ENGINEERING GLOBAL PTE LIMITED|SUDHA SUMANT PATEL|S J PATEL HUF|KRISHNA SUMANT PATEL|AARAV KRISHNA PATEL
NEULANDLAB,,INE794A01010,owner_confirmed_individual,OWNER,OWNER,UNKNOWN,,rev1_outside,False,,,32.63,6.65,6.65,0.0,0.0,0.0,0.0,25.98,0.0,0.0,0.0,False,,,,"Davuluri Ownership Trust (Dr. Davuluri Ramamohan Rao, Mr. Davuluri Sucheth Rao and Mr. Davuluri Saharsh Rao - Trustees)|VELUGUBANTI S PRASADARAO|SURYANARAYANA M SIRAM|USHA RANI REDDY CHEVALLA|RAMAMOHAN RAO DAVULURI|KOMMULA KAMALA TAYARAMMA|GANNABATHULA VENKATA KRISHNA RAMA RAO|GANNABATHULA VEERAVENKATA SATYANARAYANAMURTY|GANNABATHULA UMA BALA|G V V SRIRANGANAYAKAMMA|DEEPTHI DAVULURI|DAVULURI VIJAYA RAO|DAVULURI SUCHETH RAO|DAVULURI SAHARSH RAO|DAVULURI ROHINI NIVEDITHA RAO"
NTPCGREEN,,INE0ONG01011,owner_confirmed_individual,OWNER,OWNER,UNKNOWN,,rev1_outside,False,,,89.01,0.0,0.0,0.0,0.0,0.0,0.0,89.01,0.0,0.0,0.0,False,,,,UTILITY POWERTECH LIMITED|TUSCO LIMITED|TRINCOMALEE POWER COMPANY LTD|TREDCO RAJASTHAN LIMITED|TRANSFORMERS AND ELECTRICALS KERALA LTD|THDCIL-UJVNL ENERGY COMPANY LIMITED|THDC INDIA LIMITED|RATNAGIRI GAS AND POWER PRIVATE LIMITED|PATRATU VIDYUT UTPADAN NIGAM LIMITED|NTPC-SAIL POWER COMPANY LIMITED|NTPC VIDYUT VYAPAR NIGAM LIMITED|NTPC TAMIL NADU ENERGY COMPANY LIMITED|NTPC MINING LIMITED|NTPC LIMITED|NTPC GE POWER SERVICES PRIVATE LIMITED|NTPC ELECTRIC SUPPLY COMPANY LIMITED|NTPC EDMC WASTE SOLUTIONS PRIVATE LIMITED|NTPC BHEL POWER PROJECTS PRIVATE LIMITED|NORTH EASTERN ELECTRIC POWER CORPORATION LIMITED|MEJA URJA NIGAM PRIVATE LIMITED|JHABUA POWER LIMITED|HINDUSTAN URVARAK & RASAYAN LIMITED|ENERGY EFFICIENCY SERVICES LIMITED|CIL NTPC URJA PRIVATE LIMITED|BHARTIYA RAIL BIJLEE COMPANY LIMITED|BANGLADESH-INDIA FRIENDSHIP POWER COMPANY PRIVATE LTD|ARAVALI POWER COMPANY PRIVATE LIMITED|ANUSHAKTI VIDHYUT NIGAM LIMITED|RENU NARANG
OLAELEC,,INE0LXG01040,owner_confirmed_individual,OWNER,OWNER,UNKNOWN,,rev1_outside,False,,,32.97,26.52,26.52,0.0,0.0,0.0,0.0,6.44,0.0,0.0,0.0,False,,,,"Pisces Eservices Private Limited|Ola Stores Technologies Private Limited|Ola Fleet Technologies Private Limited|Ola Financial Services Private Limited|OLA Foundation|Krutrim Silicon Private Limited|Krutrim SI Designs Private Limited|Krutrim Data Centre Private Limited|Krutrim Cloud Private Limited|Krutrim AI Designs LLP|Indus Trust (through its trustee Ankush
Aggarwal|Goddard Technical Solutions Private Limited|Geospoc Geospatial Services Private Limited|BA Family Office LLP|Ani Technologies Private Limited|Vijayam Raghunathan|Usha Aggarwal|Rajalakshmi Aggarwal|Naresh Kumar Aggarwal|Naresh Aggarwal HUF|Bhavish Aggarwal|Ankush Aggarwal"
PICCADIL,,INE546C01010,owner_confirmed_individual,OWNER,OWNER,UNKNOWN,,rev1_outside,False,,,68.57,21.95,21.95,0.0,0.0,0.0,0.0,46.62,0.0,0.0,0.0,False,,,,SOON -N-SURE HOLDINGS LIMITED|PICCADILY SUGAR AND ALLIED INDUSTRIES LTD.|PICCADILY HOTELS PRIVATE LIMITED|SIDDHARTHA SHARMA|PRACHI SETTY
PNGJL,,INE953R01016,owner_confirmed_individual,OWNER,OWNER,UNKNOWN,,rev1_outside,False,,,83.11,0.0,0.0,0.0,0.0,0.0,0.0,83.11,0.0,0.0,0.0,False,,,,Think Pure Social Welfare Foundation|Silvostyle jewellery LLP|Silvostyle Jewellers Limited|Seamless Education and Service Private Limited|Say Overseas Private Limited|SVG Family Trust (Vaishali Vidyadhar Gadgil)|SVG Business Trust (Radhika Saurabh Gadgil)|P N Gadgil and Co. (Silver)|P N Gadgil Jewellers|Landscape Realty|Gadgil Holdings Private Limited|Gadgil Developers Private Limited|Gadgil Capital Services Private Limited|Yash Saurabh Gadgil|Vaishali Vidyadhar Gadgil|Saurabh Vidyadhar Gadgil HUF|Saurabh V Gadgil|Radhika Saurabh Gadgil|Pallavi Nigavekar|Jitendra Vaidya|Jayanti Vaidya|Amit Vaidya|Aditya Saurabh Gadgil
PRIVISCL,,INE959A01019,owner_confirmed_individual,OWNER,OWNER,UNKNOWN,,rev1_outside,False,,,60.6,21.92,21.92,0.0,0.0,0.0,0.0,38.68,0.0,0.0,0.0,False,,,,Vivira Investment & Trading Pvt Ltd|Moneymart Securities Pvt Ltd|Mm Infra & Leasing Private Limited|Vinay Kumar Rao Doppalapudi|Vijay Kumar Doppalapudi|Snehal Mahesh Babani|Sharon Doppalapudi|Seema Mahesh Babani|Rameshbabu Gokarneswararao Guduru|Rajkumar Doppalapudi|Premaleela Doppalapudi|Prasanna Doppalapudi|Mahesh Purshottam Babani Huf|Mahesh P Babani|Jyoti Mahesh Babani|Grace Vinay Kumar Doppalapudi|Bhaktavatsala Rao Doppalapudi
PTCIL,,INE596F01018,owner_confirmed_individual,OWNER,OWNER,UNKNOWN,,rev1_outside,False,,,59.72,38.3,38.3,0.0,0.0,0.0,0.0,21.42,0.0,0.0,0.0,False,,,,Viven Advisory Services Private Limited|Precision overseas private limited|Nirala Merchants Private Limited|Mapple Commerce Private Limited|Homelike Motels and Resorts Private Limited|Soham Agarwal|Smita Agarwal|Satvik Agarwal|Satish Chandra Agarwal Huf (Karta Sachin Agarwal)|Sachin Agarwal Huf (Karta Sachin Agarwal)|Sachin Agarwal|Ritika Agarwal|Reena Agarwal|Priya Ranjan Agarwal|Manu Agarwal|Kanchan Agarwal|Anshoo Agarwal|Alok Agarwal
PURVA,,INE323I01011,owner_confirmed_individual,OWNER,OWNER,UNKNOWN,,rev1_outside,False,,,75.0,75.0,0.0,0.0,0.0,0.0,0.0,0.0,0.0,0.0,0.0,False,,,,Ravi Puravankara|Vishalakshi Puravankara|Ashish Puravankara|Amanda Puravankara|Aarati Puravankara
PWL,,INE0LP301011,owner_confirmed_individual,OWNER,OWNER,UNKNOWN,,rev1_outside,False,,,72.3,72.3,72.3,0.0,0.0,0.0,0.0,0.0,0.0,0.0,0.0,False,,,,Rajat Satish Family Trust|Prem Sneh Trust|Prem Seva Trust|Prem Kripa Trust|Prem Ekta Trust|Pragyan Trust|Pragyan Cooltech Industries|Kabras Jewellery|Kabra Silver Jewellery|H.K Plastics|Gujrat Kangan Store|Suyash Dubey|Sonal Mundhra|Shivani Dubey|Shanker Lal Kabra|Sayam Shankar Kabra|Satish Pandey|Sangitaben Shankarlal Kabra|Rajat Pandey|Purvansh Maheshwari|Prateek Boob|Pragyan Dubey|Pallavi Dubey|Neha Boob|Jina Dubey|Himani Dubey|Harish Kumar Boob|Ekta Shankarbhai Kabra|Damayanti Boob|Avantika Dubey|Alakh Pandey|Aditi Pandey
QPOWER,,INE0SII01026,owner_confirmed_individual,OWNER,OWNER,UNKNOWN,,rev1_outside,False,,,73.91,49.69,49.69,0.0,0.0,0.0,0.0,24.22,0.0,0.0,0.0,False,,,,Pandyan Family Trust|Thalavaidurai Pandyan|S Lakshmishree|Prema Venugopal|Poomari Perumal|Nivetha Bharanidharan|N S Shunmugaraman|Manorama Srinivasan|Ishaan Bharanidharan|Chitra Pandyan|Bharanidharan Pandyan
SFL,,INE916U01025,owner_confirmed_individual,OWNER,OWNER,UNKNOWN,,rev1_outside,False,,,65.69,53.56,53.56,0.0,0.0,0.0,0.0,12.13,0.0,0.0,0.0,False,,,,Rangoli Resorts Private Limited|Tushaar Gautam|Rahul Gautam|Namita Gautam|Avantika  Singh
SHARDACROP,,INE221J01015,owner_confirmed_individual,OWNER,OWNER,UNKNOWN,,rev1_outside,False,,,74.82,74.82,74.82,0.0,0.0,0.0,0.0,0.0,0.0,0.0,0.0,False,,,,SHARDA RAMPRAKASH BUBNA|SEEMA ASHISH BUBNA|RAMPRAKASH VILASRAI BUBNA|MANISH RAMPRAKASH BUBNA|ASHISH RAMPRAKASH BUBNA|ANISHA MANISH BUBNA
SHRIPISTON,,INE526E01018,owner_confirmed_individual,OWNER,OWNER,UNKNOWN,,rev1_outside,False,,,43.75,31.09,31.09,0.0,0.0,0.0,0.0,12.66,0.0,0.0,0.0,False,,,,SHABNAM COMMERCIAL PVT LTD|SERA COM PRIVATE LTD.|SARVA COMMERCIAL PVT LTD|MANISHA COMMERCIAL PRIVATE LIMITED|Nandishi Shriram|Meenakshi Dass|Luv Deepak Shri Ram and Kush D. Shriram as Trustees of NAK Benefit Trust|Luv D. Shriram|Luv D Shriram and Meenakshi Dass as Trustees of Deepak Shriram Family Benefit Trust|Kush D. Shriram
SKIPPER,,INE439E01022,owner_confirmed_individual,OWNER,OWNER,UNKNOWN,,rev1_outside,False,,,66.48,0.16,0.16,0.0,0.0,0.0,0.0,66.32,0.0,0.0,0.0,False,,,,VENTEX TRADE PRIVATE LIMITED|VAIBHAV METALS PRIVATE LIMITED|UTSAV ISPAT PRIVATE LIMITED|SKIPPER POLYPIPES PRIVATE LIMITED|SKIPPER PLASTICS LIMITED|SK BANSAL UNITY TRUST-HELD BY MEERA BANSAL AS TRUSTEE|SK BANSAL LEGACY TRUST-HELD BY SAJAN KUMAR BANSAL TRUSTEE|SK BANSAL HERITAGE TRUST HELD BY SAJAN KUMAR BANSAL AS TRUSTEE|SK BANSAL FAMILY TRUST HELD BY MEERA BANSAL TRUSTEE|SAMRIDDHI FERROUS PRIVATE LIMITED|AAKRITI ALLOYS PRIVATE LIMITED|SUMEDHA BANSAL|SIDDHARTH BANSAL|SHRUTI M. BANSAL|SHARAN BANSAL|SAJAN KUMAR BANSAL|RESHU BANSAL|MEERA BANSAL|DEVESH BANSAL
SKYGOLD,,INE01IU01018,owner_confirmed_individual,OWNER,OWNER,UNKNOWN,,rev1_outside,False,,,51.74,51.74,51.74,0.0,0.0,0.0,0.0,0.0,0.0,0.0,0.0,False,,,,Veer Chauhan|Sidh Chauhan|Sanjay Champalal Chauhan|Ramesh Chauhan|Pavan Chauhan|Pari Chauhan|Padma Chauhan|Manish Champalal Chauhan|Mangesh Ramesh Chauhan|Mangesh R Chauhan Huf .|Mamta Mahendra Chauhan|Mahendra Champalal Chauhan|Mahendra C Chauhan Huf .|Kakshk Chauhan|Jinaya Chauhan|Jash Chauhan|Heena Darshan Chauhan|Dipika Mangesh Chauhan|Darshan Ramesh Chauhan|Darshan R Chauhan (Huf) .|Champalal Chauhan|Ashaben Chauhan
SMARTWORKS,,INE0NAZ01010,owner_confirmed_individual,OWNER,OWNER,UNKNOWN,,rev1_outside,False,,,58.18,0.04,0.04,0.0,0.0,0.0,0.0,58.14,0.0,0.0,0.0,False,,,,"Yash Deep Trexim Private Limited|Wondermax Supply Private Limited|Wonder Rock Finance and Investment Pvt Ltd|Vision Digital Insurance TPA Private Limited|Vision Devote Business Solutions Private Limited|Vision Comptech Integrators Limited|Vision Components Private Limited|Vishnupriya Commotrade LLP|Vinsul Makardi Limited|Talbotforce Services Private Limited|Swanlake Vyapaar LLP|Sunil Finvest Private Limited|Sunbeam Vanijya Private Limited|Sunbeam Jute Alliance LLP|Sukhjit Commosales Private Limited|Sns Infrarealty|Snow Well Merchandise LLP|Smart I T Services Private Limited|Simran Merchandise LLP|Seven Seas Vinimay Private Limited|SML-Smart Technologies Private Limited|SLW Media Private Limited|SGS Jute LLP|Reired BLS International Services Private 
Limited|Raysons Mid Road Sign Craft Private Limited|Propkar Marketing Private Limited|Pretty Mercantile LLP|Prerna Jhunjhunwala Trust|Pawanshiv Projects Private Limited|PBC International|Nvision IT Solution Limited|Ns Niketan|NNGS Jute LLP|Miracle Sales Private Limited|Megacity Tie Up Private Limited|Linkplan Mercantile LLP|Kripa Merchandise LLP|Khushi Tie-Up LLP|Kalyankari Commercial LLP|Jiwanjyoti Distributors Private Limited|Jagadhatri Vyapaar Private Limited|Insing Properties Private Limited|Hawai Capital Pvt Ltd|Happy Niketan Private Limited|Happy Kutir Private Limited|Gulnar Dealcomm Private Limited|Goldsmith Merchandise LLP|GRA Finvest Private Limited|Foremost Builders Private Limited|Fastflow Vinimay LLP|Euclix Shipbuilders Limited|Dhanvarsha Tracom LLP|Dhankuber Dealmark Private Limited|Chitravali Dealers Private Limited|Careful Tracom LLP|Buildbrick Builders LLP|Beltas Merchants Private Limited|Baghban Trades Private Limited|BLS Polymers Limited|BLS International Services Limited|BLS International FZE, UAE|BLS IT Services Private Limited|BLS Ecotech Limited|BLS E-Services Limited|BLS E Solutions Private Limited|B.L. & Sons Limited|Azadpur Finvest Private Limited|Ayushman Tie-Up Private Limited|Axsys Technologies Limited|Aryadeep Realestates Private Limited|Arrowlink Projects Private Limited|Agarpara Jute Mills Limited|Agarpara Jute Films & Production Private Limited|Uma Binani|Shivaay Sarda|Shikhar Aggarwal|Shanaya Binani|Saumya Binani|Riya Aggarwal|Prerna Jhunjhunwala|Neetish Sarda|Neeta Sarda|Namrata Rahul Kothari|Kishore Kumar Umang Kumar Binani HUF|Kishore Binani|Harsh Binani Huf|Harsh Binani|Ghanshyam Sarda & Sons HUF|Ghanshyam Sarda|Diwakar Aggarwal HUF|Diwakar Aggarwal|Alka Aggarwal"
STYL,,INE04VU01023,owner_confirmed_individual,OWNER,OWNER,UNKNOWN,,rev1_outside,False,,,81.8,81.8,81.8,0.0,0.0,0.0,0.0,0.0,0.0,0.0,0.0,False,,,,Xenovous Infra LLP|Srichakra Transtech Private Limited|Srichakra Infratech Private Limited|Smile Care Clinic Private Limited|Shrichakra Prints Private Limited|Shri Kripa Finance|Seshaasai Datagenie Private Limited|Secunderabad Builders Private Limited|Qupod Technovations Private Limited|Prayaas Automation Private Limited|Pentax Pharma Private Limited|Kadamba Agro Farm Estates|Godavari Homes Limited|Gayatri Ashram Trust (Charitable Trust)|Gautamchand Builders Private Limited|Espiel Agro Industries Private Limited|Dandelion Technologies Private Limited|Creative Formulations (India) Private Limited|Classic Constructions Hyderabad Private Limited|Bharat Trading Corporation|Autofin Limited|Anupam Advertising Private Limited|Sunita Pravin Lalwani|Sunita Gautam Jain|Suhanee Gautam Jain|Saroj Anil Patni|Saraswati Vijay Rathod|Sampatraj G Jain HUF|Sameeksha Gautam Jain|Pranjal Lalwani Banthia|Pranati Ratnadeep Patil|Pragnyat Pravin Lalwan|Kiran Bhalgat|Gautamchand Jain|Gautam Sampatraj Jain|Gautam Jain Huf|Anita Manoj Kumar Jain|Alka Arvind Surana
SUBROS,,INE287B01021,owner_confirmed_individual,OWNER,OWNER,UNKNOWN,,rev1_outside,False,,,36.79,8.56,8.56,0.0,0.0,0.0,0.0,28.23,0.0,0.0,0.0,False,,,,R. R. HOLDINGS PRIVATE LIMITED|JYOTSNA HOLDING PRIVATE LIMITED|JS FAMILY TRUST|DEEKSHA HOLDING LIMITED|SHRADHA SURI|JYOTSNA SURI
SUDEEPPHRM,,INE0QPI01025,owner_confirmed_individual,OWNER,OWNER,UNKNOWN,,rev1_outside,False,,,76.15,35.81,35.81,0.0,0.0,0.0,0.0,40.35,0.0,0.0,0.0,False,,,,Virtu Dichem Private Limited|Star Pharmchem International LLP|Spacewalk Global Trends LLP|Shreeji Associates|Shiva Mall and Hotel Private Limited|Shanil Bhayani Trust|Ruturaj Agri-Tech LLP|Riva Resources Private Limited|Rhea Bhayani Trust|Palitana Sugar Mills Private Limited|Orion Infraspace LLP|Kotak Mega Food Park LLP|JP Iscon Private Limited|JP Construction|Iscon Arcade Private Limited|Dhwani Infrastructure Private Limited|Bhayani Family Trust|Avni Bhayani Trust|Ambe Tradecorp Private Limited|Altmin Private Limited|Aditya Safe Deposits Vaults LLP|Aditya Energetic Trade Solution LLP|Sejal Kalpesh Patel|Vidhi Shanil Bhayani|Urvir Jaysukh Bhayani HUF|Urvir Jaysukh Bhayani|Sujeet Jaysukh Bhayani Huf|Shanil Sujit Bhayani|Rhea Sujit Bhayani|Rajendra Chunilal Patel|Pravinchandra Talakshibhai Kotak|Pravinbhai Talkshibhai Thakkar HUF|Jaysukh Jayantilal Bhayani|Inaraa Shanil Bhayani|Harsh Pravinbhai Kotak|Dipen Jaysukh Bhayani HUF|Dipen Jaysukh Bhayani|Bhayani Sujit Jaysukh|Avani Sujeet Bhayani|Anjana Rajendrabhai Patel|Alka Pravinchandra Kotak
SUPRIYA,,INE07RO01027,owner_confirmed_individual,OWNER,OWNER,UNKNOWN,,rev1_outside,False,,,68.3,68.3,68.3,0.0,0.0,0.0,0.0,0.0,0.0,0.0,0.0,False,,,,Satish Waman Wagh Partner representing SupriyaPharmaceuticals|Smita Satish Wagh|Shivani Satish Wagh|Satish Waman Wagh|Saloni Satish Wagh|Arun Waman Wagh
TARIL,,INE763I01026,owner_confirmed_individual,OWNER,OWNER,UNKNOWN,,rev1_outside,False,,,64.36,64.36,64.36,0.0,0.0,0.0,0.0,0.0,0.0,0.0,0.0,False,,,,Satyen Jitendra Mamtora|Karunaben Jitendra Mamtora|Jitendra Ujamsi Mamtora|Janki Aasish Kiri|Dilip Ujamashi Mamtora|Bipin Ujamashi Mamtora|Aakanksha Satyen Mamtora
THANGAMAYL,,INE085J01014,owner_confirmed_individual,OWNER,OWNER,UNKNOWN,,rev1_outside,False,,,61.61,54.39,54.39,0.0,0.0,0.0,0.0,7.22,0.0,0.0,0.0,False,,,,Thangamayil Gold And Diamond Private Limited|Balusamy Silvears Jewellery Private Limited|Yamuna Vasini Deva Dasi|Yadeenthranathan Darmini|Thiagarajan Vanaja|SHYLAJA P|Ramesh.Ba|Narayanan Balasubbu Arun|Kumar.N.B|K Thamarai Selvi|Gokul Ramesh|Balusamy Kumar Kishorelal|Balarama Govinda Das|B Rajeshkanna|B R Sumati
WEBELSOLAR,,INE855C01023,owner_confirmed_individual,OWNER,OWNER,UNKNOWN,,rev1_outside,False,,,29.72,8.93,8.93,0.0,0.0,0.0,0.0,20.79,0.0,0.0,0.0,False,,,,WEBSOL GREEN PROJECTS PRIVATE LIMITED|S  L INDUSTRIES PVT LTD|SOHAN LAL AGARWAL|RAJKUMARI AGARWAL|CHIRANJI LALL AGARWAL
AEGISVOPAK,,INE0INX01018,owner_confirmed_director_only,OWNER,OWNER,OWNER,"OWNER=[Asia Infrastructure Investment(Malhotra (Aegis)),Trans Asia Petroleum(Malhotra (Aegis))]",rev1_outside,False,,,86.93,0.08,0.0,0.08,0.0,0.0,0.0,44.71,42.23,42.23,0.0,False,,,,"Sea lord Containers Limited|Hindustan Aegis LPG Limited|Eastern India LPG Company Private 
Limited|Aegis Terminal (Pipavav) Limited|Aegis Logistics Limited|Aegis Gas LPG Private Limited|Vopak Vietnam BV|Vopak Victoria Energy Terminals Pty Ltd|Vopak Ventures BV|Vopak Venezuela SA|Vopak Terminals Sydney Pty Ltd|Vopak Terminals North America Inc|Vopak Terminals New Jersey Inc.|Vopak Terminals Malaysia Sdn Bhd|Vopak Terminals Australia Pty Ltd|Vopak Terminal Westwego Inc|Vopak Terminal Qinzhou BV|Vopak Terminal Qasim BV|Vopak Terminal Pengerang BV|Vopak Terminal Long Beach Inc|Vopak Terminal Lingang BV|Vopak Terminal HT BV|Vopak Terminal Eurotank NV|Vopak Terminal Durban Proprietary Ltd|Vopak Terminal Deer Park Inc|Vopak Real Estate BV|Vopak Panama BV|Vopak Panama Atlantic Holding Inc|Vopak North China BV|Vopak North America Inc|Vopak New Energies BV|Vopak New Energies America Inc|Vopak Nederland BV|Vopak Middle East BV|Vopak Mexico SA de CV|Vopak Merak Indonesia BV|Vopak Management Netherlands BV|Vopak Logistics Services USA Inc|Vopak Logistics Services Australia Pty Ltd|Vopak Logistics Peru BV|Vopak Logistics Mexico BV|Vopak Logistics Brazil BV|Vopak Logistics Asia Pacific BV|Vopak Logistics Andes BV|Vopak LNG Holding Netherlands BV|Vopak LNG Holding Mexico BV|Vopak LNG Holding BV|Vopak Investment South Africa Proprietary Ltd|Vopak International and Storage Development BV|Vopak Internationaal BV|Vopak Indonesia BV|Vopak India Private Limited|Vopak India B V|Vopak IT Portugal, Unipessoal Ltda|Vopak Holding Terminals BV|Vopak Holding Singapore Pte Ltd|Vopak Holding International BV|Vopak Holding Corp|Vopak Holding Bacrippuls Ltd|Vopak Holding Asia BV|Vopak Global Shared Services BV|Vopak Global Procurement Services BV|Vopak Global IT BV|Vopak Global Engineering Services BV|Vopak Germany Pension GmbH|Vopak Germany GmbH|Vopak Finance B V|Vopak Europe BV|Vopak Europe & Africa BV|Vopak Energy Park Antwerp NV|Vopak EMEA BV|Vopak Development North America Inc|Vopak Development Canada Inc|Vopak Deelnemingen BV|Vopak Darwin BV|Vopak China Management Company Limited|Vopak China BV|Vopak Chemical Terminals Belgium NV|Vopak Brasil SA|Vopak Belgium NV|Vopak Asia Pte Ltd|Vopak Argentina Srl|Vopak Argentina BV|Vopak Algeciras BV|Van Ommeren Tank Terminals Gulf Coast Inc.|Van Ommeren North America Inc|Tilawa Holding Limited|TRANS ASIA PETROLEUM INC|Pakhuismeesteren BV|Pakhoed Dry Bulk Terminals Inc|Monros Insurance Pte. Ltd.|Koninklijke Vopak N.V|Huron Investments Ltd|HURON HOLDINGS LIMITED|HAL Investments BV|GP Darwin Pty Ltd|Dutchtown Holding LLC|B V Zuid-Hollandse Scheepvaart Maatschappij|B V Maatschappij Bierhaven|Aegis International Marine Services Pte Limited|Aegis Group International Pte Limited|ASIA INFRASTRUCTURE INVESTMENT  LIMITED"
AXISCADES,,INE555B01013,owner_confirmed_director_only,OWNER,OWNER,OWNER,OWNER=[JUPITER CAPITAL PRIVATE LIMITED(Chandrasekhar (Jupiter))],rev1_outside,False,,,58.05,0.0,0.0,0.0,0.0,0.0,0.0,58.05,0.0,0.0,0.0,False,,,,JUPITER CAPITAL PRIVATE LIMITED|INDIAN AERO VENTURES PRIVATE LIMITED
BAJAJHFL,,INE377Y01014,owner_confirmed_director_only,OWNER,OWNER,OWNER,OWNER=[Bajaj(Bajaj)],rev1_outside,False,,,86.7,0.0,0.0,0.0,0.0,0.0,0.0,86.7,0.0,0.0,0.0,False,,,,Vidal Healthcare Services Private Limited|Vidal Health Insurance TPA Private Limited|VH Medcare Private Limited|Snapwork Technologies Private Limited|SRB & Family LLP|SNRS Family LLP|Pennant Technologies Private Limited|Bajaj Life Insurance Limited|Bajaj Holdings & Investment Limited|Bajaj General Insurance Limited|Bajaj Finserv Ventures Limited|Bajaj Finserv Mutual Fund Trustee Limited|Bajaj Finserv Limited|Bajaj Finserv Health Limited|Bajaj Finserv Direct Limited|Bajaj Finserv Asset Management Limited|Bajaj Financial Securities Limited|Bajaj Financial Distributors Limited|Bajaj Finance Limited|Bajaj Alternate Investment Management Limited|Bajaj AIF Trustee Limited|VH International LLC|Bajaj Technology Services Inc|Sanjivnayan Bajaj
CANHLIFE,,INE01TY01017,owner_confirmed_director_only,OWNER,NOT_OWNER,STATE,STATE=[CANARA BANK(Canara Bank)],rev1_outside,False,,,62.0,0.0,0.0,0.0,0.0,0.0,0.0,0.0,0.0,25.5,0.0,False,,,,Kerala Gramin Bank|Karnataka Grameena Bank|Canbank Venture Capital Fund Limited|Canbank Financial Services Limited|Canbank Factors Limited|Canbank Computer Services Limited|Canara Robeco Asset Management Company Limited|Canara Bank Securities Limited|Can Fin Homes Limited|CRMF Trustee Private Limited|Wayfoong (Asia) Limited|The Hongkong and Shanghai Banking Corporation Limited|HSBC Life Insurance Company Limited|HSBC Life (Workshop) Limited|HSBC Life (Tsing Yi Industrial) Limited|HSBC Life (Singapore) Pte. Limited|HSBC Life (Property) Limited|HSBC Life (International) Limited|HSBC Life (Edwick Centre) Limited|HSBC Life (Cornell Centre) Limited|HSBC Insurance Brokers Greater China Limited|HSBC Insurance Brokerage Company Limited|HSBC Insurance (Asia) Limited|HSBC Financial Advisors Singapore Pte. Limited|HSBC FinTech Services (Shanghai) Company Limited|Canara Tanzania Limited|CANARA BANK|HSBC INSURANCE (ASIA-PACIFIC) HOLDINGS LIMITED
FEDFINA,,INE007N01010,owner_confirmed_director_only,OWNER,NOT_OWNER,PROFESSIONAL,PROFESSIONAL=[The Federal Bank Limited(Federal Bank)],rev1_outside,False,,,60.81,0.28,0.0,0.0,0.28,0.0,0.0,0.0,0.0,0.0,0.0,False,,,,Mrs. Shalini Warrier Jointly with The Federal Bank Ltd|Mr. Sreekanth I V Jointly with The Federal Bank Ltd|Mr. Shyam Srinivasan Jointly with The Federal Bank Ltd|Mr. Samir Pravinchandra Rajdev jointly with The Federal Bank Limited|Mr. Lakshmanan Venkateswaran Jointly with The Federal Bank Ltd|Mr. Divakar Dixit Jointly with The Federal Bank Ltd|Mr. Ashutosh Khajuria Jointly with The Federal Bank Ltd|Mr. Ajith Kumar K K Jointly with The Federal Bank Ltd|The Federal Bank Limited
GVT&D,,INE200A01026,owner_confirmed_director_only,OWNER,NOT_OWNER,MNC,MNC=[GE Grid Solutions(GE Vernova)],rev1_outside,False,,,51.0,0.0,0.0,0.0,0.0,0.0,0.0,50.7,0.3,0.3,0.0,False,,,,"Grid Equipments Private Limited|GE Vernova Hydro Power India Private Limited|SEC ALSTOM (SHANGHAI BAOSHAN) TRANSFORMER CO., LTD|PT UNELEC INDONESIA|PT Grid Solutions Indonesia|LABORATOIRE OKSMAN SERAPHIN|KAPES Inc|Joint Stock Company Grid RUS|IUSA-GE, S de R.L. de C.V.|Grid Solutions Vietnam Company Limited|Grid Solutions Transmissao de Energia Ltda.|Grid Solutions SAS|Grid Solutions Romania Srl|Grid Solutions Portugal, Lda.|Grid Solutions Pakistan (Pvt.) Limited|Grid Solutions Oy|Grid Solutions Hellas S.A. Electrical Commercial and Construction Company|Grid Solutions Etudes Techniques|Grid Solutions Enerji Endustrisi A.S.|Grid Solutions Argentina S.A.|Grid Solutions Arabia Limited Company|GRID Solutions S.P.A.|GRID Solutions Belgium|GRID SOLUTIONS URUGUAY S.A.|GRID SOLUTIONS CHILE S.A.|GE Wind Energy GmbH|GE Vernova Inc|GE Vernova Holding LLC|GE Steam Power Global B.V.|GE Power Netherland B.V.|GE Power Management, S.L.|GE Power Global B.V.|GE Power & Grid Austria GmbH|GE High Voltage Switchgear (Suzhou) Co., Ltd.|GE High Voltage Equipment (Wuhan) Co., Ltd|GE Grid Solutions, S.A. de C.V.|GE Grid Solutions UK B.V.|GE Grid Solutions Pte. Ltd.|GE Grid Solutions Maroc|GE Grid Solutions Limited|GE Grid Solutions Korea, Inc.|GE Grid Solutions Japan K.K.|GE Grid Solutions AB|GE Grid Solutions (UK) Limited|GE Grid Australia Pty Ltd|GE Grid Alliance B.V.|GE Grid (Switzerland) GmbH|GE Grid (Shanghai) Co., Ltd.|GE GRID SOLUTIONS, S.A.|FRENCH LIBYAN ELECTRICAL SERVICES COMPANY (FLESCO)|COGELEX|AO Grid Solutions|ALSTOM (Wuxi) Disconnector Co., Ltd."
HDBFS,,INE756I01012,owner_confirmed_director_only,OWNER,NOT_OWNER,PROFESSIONAL,"PROFESSIONAL=[HDFC BANK(HDFC Bank Limited),HDFC AMC International(HDFC),Griha Investments(HDFC)]",rev1_outside,False,,,74.15,0.16,0.0,0.15,0.01,0.0,0.0,74.15,0.0,0.0,0.0,False,,,,Hdfc Bank Limited|HDFC Trustee Company Limited|HDFC Securities Limited|HDFC Securities IFSC Limited|HDFC Sales Private Limited|HDFC Pension Fund Management Limited|HDFC Life Insurance Company Limited|HDFC International Life and Re Company Limited|HDFC ERGO General Insurance Company Limited|HDFC Capital Advisors Limited|HDFC Asset Management Company Limited|HDFC AMC International (IFSC) Limited|Griha Pte Limited|Griha Investments
INDGN,,INE065X01017,owner_confirmed_director_only,OWNER,OWNER_WEAK,UNKNOWN,,rev1_outside,False,,,21.42,21.42,0.0,21.04,0.38,0.0,0.0,0.0,0.0,0.0,0.0,False,,,,Sanjay S Parikh|Rajesh Bhaskaran Nair|Manish Gupta
ITCHOTELS,,INE379A01028,owner_confirmed_director_only,OWNER,NOT_OWNER,PROFESSIONAL,PROFESSIONAL=[ITC Limited(ITC Limited)],rev1_outside,False,,,39.85,0.02,0.0,0.02,0.0,0.0,0.0,39.85,0.0,0.0,0.02,False,,,,"Wimco Limited|Technico Agri Sciences Limited|Sresta Natural Bioproducts Private Limited|Sproutlife Foods Private Limited|Russell Credit Limited|Pavan Poplar Limited|North East Nutrients Private Limited|Mother Sparsh Baby Care Private Limited|MRR Trading & Investment Company Limited|Logix Developers Private Limited|ITC LIMITED|ITC Integrated Business Services Limited|ITC Infotech India Limited|ITC IndiVision Limited|ITC Fibre Innovations Limited|Greenacre Holdings Limited|Gold Flake Corporation Limited|Cloudlytics Technologies Private Limited|Blazeclan Technologies Private limited|Ample Foods Private Limited|Technico Technologies Inc.|Technico Pty Limited|Technico Horticultural (Kunming) Co. Limited|Technico Asia Holdings Pty Limited|Surya Nepal Ventures Private Limited|Surya Nepal Private Limited|Sresta Global FZE|Indivate Inc.|ITC Infotech de México, S.A. de C.V.|ITC Infotech Malaysia SDN. BHD.|ITC Infotech Limited|ITC Infotech Italia s.r.l.|ITC Infotech GmbH|ITC Infotech France SAS|ITC Infotech Do Brasil LTDA.|ITC Infotech Arabia Limited|ITC Infotech (USA), Inc.|Fyve Elements LLC|Blazeclan Technologies SDN. BHD.|Blazeclan Technologies Pty. Limited|Blazeclan Technologies PTE Limited|Blazeclan Technologies Limited|Blazeclan Technologies LLC|Blazeclan Technologies Inc.|Blazeclan Technologies Corporation|Blazeclan Europe SRL.|Blazeclan Americas Inc."
IXIGO,,INE0HV901016,owner_confirmed_director_only,OWNER,OWNER_WEAK,UNKNOWN,,rev1_outside,False,,,13.35,13.35,0.0,9.79,3.56,0.0,0.0,0.0,0.0,0.0,0.0,False,,,,Sripad Vaidya|Kotha Dinesh Kumar|Rajnish Kumar|Aloke Bajpai
JSFB,,INE953L01027,owner_confirmed_director_only,OWNER,NOT_OWNER,PROFESSIONAL,"PROFESSIONAL=[JANA CAPITAL LIMITED(Jana Group / TPG-Khosla PE),JANA HOLDINGS LIMITED(Jana Group / TPG-Khosla PE),JANA URBAN FOUNDATION(Jana Group (NPO origin))]",rev1_outside,False,,,21.85,0.68,0.0,0.67,0.01,0.0,0.0,21.85,0.0,0.0,0.0,False,,,,JANA URBAN FOUNDATION|JANA HOLDINGS LIMITED|JANA CAPITAL LIMITED
MAHSCOOTER,,INE288A01013,owner_confirmed_director_only,OWNER,OWNER,OWNER,"OWNER=[Bajaj(Bajaj),ARYAN BAJAJ(Bajaj),DEEPA BAJAJ(Bajaj)]",rev1_outside,False,,,51.0,0.0,0.0,0.0,0.0,0.0,0.0,51.0,0.0,0.0,0.01,False,,,,Vanraj Bajaj Trust|THE HINDUSTAN HOUSING COMPANY LIMITED|Siddhant Family Trust|Sankalp Resorts Private Limited|Sanjali Family Trust|SHEKHAR HOLDINGS PRIVATE LIMITED|SHEKHAR  BAJAJ Anant Bajaj Trust|SANRAJ NAYAN INVESTMENTS PRIVATE LIMITED|SANJIVNAYAN BAJAJ Siddhant Trust|SANJIVNAYAN BAJAJ Sanjali Trust|Rose Realtors Private Limited|Rishab Family Trust|RUPA EQUITIES PRIVATE LIMITED|RDR Ventures LLP|RAJIVNAYAN BAJAJ Rishab Trust|RAHULKUMAR BAJAJ Rajiv Trust|RAHULKUMAR  BAJAJ Sanjiv Trust|RAHUL SECURITIES PRIVATE LIMITED|Nirvaan Trust|Nirvaan Family Trust|Niravnayan Trust|Niravnayan Bajaj Family Trust|Nimisha Trust|Nimisha Jaipuria Family Trust|Nimisha Bajaj Family Trust|Neelima Bajaj Swamy Family Trust|Neelima Bajaj Family Trust|NIRAJ HOLDINGS PRIVATE LIMITED|NIRAJ BAJAJ Nirav Trust|NIRAJ BAJAJ Deepa Trust|Madhur Nimisha Family Trust|Madhur Neelima Family Trust|MADHUR SECURITIES PRIVATE LIMITED|Kumud Nimisha Family Trust|Kumud Neelima Family Trust|Kriti Bajaj Family Trust|KAMALNAYAN INVESTMENT & TRADING PRIVATE LIMITED|JAMNALAL SONS PRIVATE LIMITED|Indef Manufacturing Ltd.|Hind Musafir Agency Limited|HERCULES INVESTMENTS LIMITED (FORMALLY KNOWN AS HERCULES HOISTS LIMITED)|Geetika Shekhar Bajaj Trust|Emerald Acres Private Limited|Bajaj Vitality Pvt. Ltd|Bajaj Auto Holdings Limited|BARODA INDUSTRIES PRIVATE LIMITED|BAJAJ TRADING COMPANY|BAJAJ SEVASHRAM PRIVATE LIMITED|BAJAJ INTERNATIONAL PRIVATE LIMITED|BAJAJ HOLDINGS & INVESTMENT LIMITED|BAJAJ FINSERV LIMITED|BAJAJ FINANCE LIMITED|BAJAJ AUTO LIMITED|BACHHRAJ FACTORIES PRIVATE LIMITED|BACHHRAJ AND COMPANY PRIVATE LIMITED|Aryan Nayan Realty LLP|Aryaman Trust|Aryaman Family Trust|Aryaman Kejriwal|Vihaan Jaipuria|VANRAJ BAJAJ|Siddhantnayan Bajaj|Sheetal Bajaj|Sanjivnayan Bajaj HUF (Sanjivnayan Bajaj)|SUMAN JAIN|SHEKHAR BAJAJ|SHEFALI BAJAJ|SANJIVNAYAN BAJAJ|SANJALI BAJAJ|Rajivnayan Bajaj HUF (Rajivnayan Bajaj)|RISHABNAYAN BAJAJ|RAJIVNAYAN BAJAJ|POOJA BAJAJ|Nirvaan Kejriwal|NIRAVNAYAN BAJAJ|NIRAJ BAJAJ|NIMISHA JAIPURIA|NEELIMA BAJAJ SWAMY|MINAL BAJAJ|Kriti Bajaj|KUMUD BAJAJ|KIRAN BAJAJ|GEETIKA BAJAJ|DEEPA BAJAJ|Aryan Bajaj|Aarav Swamy
REFEX,,INE056I01025,owner_confirmed_director_only,OWNER,OWNER,OWNER,OWNER=[REFEX HOLDING PRIVATE LIMITED(Jain (Refex))],rev1_outside,False,,,55.8,0.34,0.0,0.03,0.0,0.31,0.0,55.8,0.0,0.0,0.0,False,,,,REFEX HOLDING PRIVATE LIMITED|YASH JAIN|UGAMDEVI JAIN|TARACHAND JAIN|DIMPLE JAIN|ANIL JAIN T
STYRENIX,,INE189B01011,owner_confirmed_director_only,OWNER,OWNER,OWNER,OWNER=[Shiva Performance Materials Private Limited(Shiva Performance Materials (Vadodara independent))],rev1_outside,False,,,46.24,0.0,0.0,0.0,0.0,0.0,0.0,46.24,0.0,0.0,0.0,False,,,,Shiva Performance Materials Private Limited
TATACAP,,INE976I01016,owner_confirmed_director_only,OWNER,NOT_OWNER,PROFESSIONAL,"PROFESSIONAL=[Tata Sons(Tata Sons Private Limited),915 Labs(Tata),AFCL Ghana(Tata),AFCL Premium(Tata),3-101-951221(Tata),Tata Africa(Tata),Tata Limited(Tata),Panatone Finvest(Tata 系 (経由 Tejas)),BUC Mobile(Tata Communications subsidiaries)]",rev1_outside,False,,,85.41,0.18,0.0,0.0,0.18,0.0,0.0,85.41,0.0,0.0,0.0,False,,,,"Voltas Limited|Vidiyal Residency Private Limited|Ujjwal Pune Limited|Uchit Expressways Private Limited|Trent Limited|Titan Company Limited|The Tata Power Company Limited|The Indian Hotels Company Limited|Tejas Networks Limited|Tata Value Homes Limited|Tata Unistore Limited|Tata Trustee Company Private Limited|Tata Toyo Radiator Limited|Tata Teleservices Maharashtra Limited|Tata Teleservices Limited|Tata Tele NXTGEN Solutions Limited|Tata Steel Limited|Tata Sons Private Limited|Tata Semiconductor Manufacturing Private Limited|Tata Realty and Infrastructure Limited|Tata Projects Limited|Tata Play Limited|Tata Play Broadband Private Limited|Tata Pension Management Fund Private Limited|Tata Payments Limited|Tata Neu Private Limited|Tata Motors Passenger Vehicles Limited formerly known as Tata Motors Limited|Tata Motors Limited (formerly known as TML Commercial Vehicles Limited)|Tata Medical and Diagnostics Limited|Tata Investment Corporation Limited|Tata International Vehicle Applications Private Limited|Tata International Limited|Tata Industries Limited|Tata Housing Development Company Limited|Tata Fintech Private Limited|Tata Elxsi Limited|Tata Electronics Products and Solutions Private Limited|Tata Electronics Private Limited|Tata Digital Private Limited|Tata Consumer Products Limited|Tata Consulting Engineers Limited|Tata Consultancy Services Limited|Tata Communications Transformation Services Limited|Tata Communications Limited|Tata Communications Collaboration Services Private Limited|Tata ClassEdge Limited|Tata Chemicals Limited|Tata Business Hub Limited|Tata Autocomp Systems Limited|Tata AutoComp Gotion Green Energy Solutions Private Limited|Tata Asset Management Private Limited|Tata Advanced Systems Limited|Tata 1mg Technologies Private Limited|Tata 1mg Healthcare Solutions Private Limited|Talakrit Foundation|Taj Air Limited|TTL Mobile Private Limited|TSBB Voice Private Limited|TS Investments Limited|TRIL Urban Transport Private Limited|TRIL Roads Private Limited|TRIL REAL ESTATE BALEWADI LIMITED|TRIL IT4 Private Limited|TRIL Bengaluru Real Estate One Private Limited|TRIL Bengaluru Consultants Private Limited|TRIL BENGALURU REAL ESTATE SIX LIMITED|TRIL BENGALURU REAL ESTATE FIVE LIMITED|TQ Cert Services Private Limited|TPLCIL Construction LLP|TPL Services Private Limited|TP Luminaire Private Limited|TMF Holdings Limited|TIGAL Autoleather Private Limited|THDC Management Services Limited|TESS Services Private Limited|TEL Components Private Limited|TCS eServe International Limited|TCS Foundation|TCC Construction Private Limited|TATA SEMICONDUCTOR ASSEMBLY AND TEST PRIVATE LIMITED|TATA ELECTRONICS SYSTEMS SOLUTIONS PRIVATE LIMITED|TASL Aerostructures Private Limited|TACO Sasken Automotive Electronics Limited|TACO Punch Powertrain Private Limited|TACO EV Component Solutions Private Limited|Synergizers Sustainable Foundation|Supermarket Grocery Supplies Private Limited|Stryder Cycle Private Limited|Strategic Energy Technology Systems Private Limited|Solutions Infini Technologies India Private Limited|Sohna City LLP|Smart Value Homes Peenya Project Private Limited|Smart Value Homes New Project LLP|Smart Value Homes Boisar Private Limited|Sir Ratan Tata Trust
(Mr. Noel N. Tata, Chairman
Mr. Venu Srinivasan, Vice Chairman
Mr. Vijay Singh, Vice Chairman
Mr. Jimmy N. Tata
Mr. Jehangir H.C. Jehangir
Mr. Darius Khambata)|Sir Dorabji Tata Trust (Mr. Noel N. Tata, Chairman
Mr. Venu Srinivasan, Vice Chairman
Mr. Vijay Singh, Vice Chairman
Mr. Pramit Jhaveri
Mr. Darius Khambata
Mr. Neville Tata
Mr. Bhaskar Bhat)|Simto Investment Company Limited|Sector 113 Gatevida Developers Private Limited|Savis Retail Private Limited|Ranata Hospitality Private Limited|REAL STOCHASTICS INSTITUTE OF DATA PRIVATE LIMITED|Pune IT City Metro Rail Limited|Protraviny Private Limited|Promont Hilltop Private Limited|Promont Hillside Private Limited|Princeton Infrastructure Private Limited|Panatone Finvest Limited|One Bangalore Luxury Projects LLP|Novamesh Limited|Nova Integrated Systems Limited|Niskalp Infrastructure Services Limited|Mikado Realtors Private Limited|Matheran RopeWay Private Limited|MahaOnline Limited|MP Online Limited|Leanluxe Hospitality Private Limited|Land kart Builders Private Limited|LFS Healthcare Private Limited|Kriday Realty Private Limited|KolkataOne Excelton Private Limited|International Infrabuild Private Limited|Innovative Retail Concepts Private Limited|Infopark Properties Limited|Infiniti Retail Limited|Industrial Minerals and Chemicals Company Private Limited|Indian Rotorcraft Limited|Impetis Biosciences Limited|HyperVault AI Data Center Limited|Hampi Expressways Private Limited|HLT Residency Private Limited|HL Promoters Private Limited|Gurgaon Realtech Limited|Gurgaon Constructwell Private Limited|Ferbine Private Limited|Ewart Investments Limited|Ecofirst Services Limited|Durg Shivnath Expressways Private Limited|Dharamshala Ropeway Limited|Dailyninja Delivery Services Private Limited|Concept Developers & Leasing Limited|Calsea Footwear Private Limited|COMMOTION SOFTWARE SOLUTIONS INDIA PRIVATE LIMITED|CEdge Technologies Limited|Automotive Stampings and Assemblies Limited|Artson Limited|Arrow Infraestate Pvt Limited|Ardent Properties Private Limited|Akashastha Technologies Private Limited|Air India Limited|Air India Express Limited|Agratas Energy Storage Solutions Private Limited|Actve Digital Services Private Limited|APT Online Limited|AI Fleet Services IFSC Limited|WorldOne Sri Lanka Projects Pte Limited|WorldOne Development Company Pte Limited|VSNL SNOSPV Pte Limited|Trident LE LLC|TitanX Refrigeracão de Motores LTDA|TitanX Holding AB|TitanX Engine Cooling Spzoo|TitanX Engine Cooling SRL|TitanX Engine Cooling Kunshan Co Limited|TitanX Engine Cooling Inc|TitanX Engine Cooling AB|Tejas Communications Nigeria Limited|Tejas Communication Pte Limited|Tatasolution Center SA|Tata Zimbabwe Private Limited|Tata Zambia Limited|Tata West Asia FZE|Tata Uganda Limited|Tata South East Asia Cambodia Limited|Tata Motors SA Proprietary Limited|Tata Limited|Tata International West Asia DMCC|Tata International Vietnam Company Limited|Tata International Singapore Pte Limited|Tata International Senegal SA|Tata International Nigeria LFZ Enterprise formerly known as TIL Motor–Hub Nigeria LFZ Enterprise|Tata International Metals Guangzhou Limited|Tata International Metals Asia Limited|Tata International Metals Americas Limited|Tata International Canada Limited|Tata International AG Zug|Tata Incorporated|Tata Holdings Mozambique Lda|Tata Engineering Consultants Saudi Arabia Company|Tata Electronics Taiwan Co Limited|Tata Electronics Singapore Pte Limited|Tata Electronics America Inc|Tata Consulting Engineers USA LLC formerly known as CDI Engineering Solutions LLC|Tata Consultancy Services UK Limited|Tata Consultancy Services Thailand Limited|Tata Consultancy Services Switzerland Limited|Tata Consultancy Services Sverige Aktiebolag|Tata Consultancy Services South Africa Proprietary Limited|Tata Consultancy Services Saudi Arabia|Tata Consultancy Services Qatar|Tata Consultancy Services Portugal Unipessoal LDA|Tata Consultancy Services Philippines Inc|Tata Consultancy Services Osterreich GmbH|Tata Consultancy Services Netherlands BV|Tata Consultancy Services Malaysia Sdn Bhd|Tata Consultancy Services Luxembourg SA|Tata Consultancy Services Japan Limited|Tata Consultancy Services Italia SRL|Tata Consultancy Services Ireland Limited|Tata Consultancy Services Indonesia PT|Tata Consultancy Services Guatemala SA|Tata Consultancy Services France|Tata Consultancy Services Do Brasil Ltda|Tata Consultancy Services Deutschland GmbH|Tata Consultancy Services De Mexico SA De CV|Tata Consultancy Services De Espana SA|Tata Consultancy Services China Co Limited|Tata Consultancy Services Chile SA|Tata Consultancy Services Canada Inc|Tata Consultancy Services Bulgaria EOOD|Tata Consultancy Services Belgium|Tata Consultancy Services Asia Pacific Pte Limited|Tata Consultancy Services Argentina Sociedad Anonima|Tata Consultancy Services Africa Proprietary Limited|Tata Communications UK Limited|Tata Communications Transformation Services US Inc|Tata Communications Transformation Services South Africa Pty Limited|Tata Communications Transformation Services Pte Limited|Tata Communications Transformation Services Hungary Kft|Tata Communications Thailand Limited|Tata Communications Taiwan Limited|Tata Communications Switzerland GmbH|Tata Communications Sweden AB|Tata Communications Spain SL|Tata Communications South Korea Limited|Tata Communications Services International Pte Limited|Tata Communications SVCS Pte Ltd|Tata Communications Russia LLC|Tata Communications Portugal Unipessoal LDA|Tata Communications Portugal Instalacao E Manutencao De Redes LDA|Tata Communications Poland SPZOO|Tata Communications Nordic AS|Tata Communications New Zealand Limited|Tata Communications Netherlands BV|Tata Communications Middle East Technology Services LLC|Tata Communications Middle East FZLLC|Tata Communications Malaysia Sdn Bhd|Tata Communications Lanka Limited|Tata Communications Japan KK|Tata Communications Italy SRL|Tata Communications Ireland DAC|Tata Communications International Pte Limited|Tata Communications Hungary KFT|Tata Communications Hong Kong Limited|Tata Communications Guam LLC|Tata Communications France SAS|Tata Communications Deutschland GMBH|Tata Communications Comunicacoes E Multimídia Brazil Limitada|Tata Communications Canada Limited|Tata Communications Brazil Participacoes Limitada|Tata Communications Beijing Technology Limited|Tata Communications Australia Pty Limited|Tata Communications America Inc|Tata AutoComp Europe Limited (formerly Jaguar Land Rover Ventures Limited)|Tata Asset Management Mauritius Private Limited|Tata America International Corporation|Tata Africa Services Nigeria Limited|Tata Africa Holdings Tanzania Limited|Tata Africa Holdings SA Proprietary Limited|Tata Africa Holdings Ghana Limited|Tata Africa Cote D’Ivoire SARL|Tata Advanced Systems Maroc Sarlau|TQ Services Europe GmbH|TQ Cert Services Shanghai Limited|TQ Cert Services LLC|TPLAsara Engineering South Africa Proprietary Limited|TISPL Trading Company Limited|TIL Motor Hub Trading FZE|THE SWITCH ENTERPRISES LLC|TCTS Senegal Limited|TCS Uruguay SA|TCS Technology Solutions GmbH|TCS Solution Center SA|TCS North America Corporation|TCS Inversiones Chile Limitada|TCS Iberoamerica SA|TCS Financial Solutions Australia Pty Limited|TCS FNS Pty Limited|TCS Business Services GmbH|TCPOP Communication GmbH|TCE Delaware Corp|TC Shanghai Network Services Company Limited|TC Networks Switzerland SA|TATA CONSULTANCY SERVICES BT Private Limited|TATA COMMUNICATIONS BELGIUM SRL|TATA Africa Holdings Kenya Limited|TACO Engineering Services GmbH|Solutions Infini FZ LLC|Société Financière Décentralisé Alliance Finance Corporation Senegal|Saankhya Labs Inc|SEPCO Communications Pty Limited|Ryhpez Holding Sweden AB|Qubit Investments Pte Limited|OneColombo Project Private Limited|Oasis Smart ESim Pte Limited|OASIS Smart SIM Europe SAS|Newshelf 1369 Proprietary Limited|Nanjing Tata Autocomp Systems Limited|Nanjing Tata AutoComp Technology Company Limited|MotorHub East Africa Limited|Mgage Athens PC|MGDC SC|ListEngage MidCo LLC|ListEngage LLC|Kaleyra US Inc|Kaleyra UK Limited|Kaleyra SpA|Kaleyra Inc|Kaleyra Dominicana SRL|Kaleyra Africa Pty Limited|ITXC IP Holdings SARL|IAC Group Slovakia sro|Fastighetsbolaget Skara Sporren 20 AB formerly known as Goldcup 37220 AB|Fastighetsbolaget Fargelanda Assarbyn 1 15 AB formerly known as Goldcup 37221 AB|Diligenta Limited|Diligenta Europe BV|Commotion Inc|Changshu Tata AutoComp Systems Limited|Campaign Registry Inc Canada|Campaign Registry Inc|Blackwood Hodge Zimbabwe Private Limited|BUC Mobile Inc|Artifex Systems AB formerly known as Vintara AB|Artifex Interior Systems Limited|Apex Realty Private Limited|Alliance Leasing Uganda Limited|Alliance Leasing Limited|Alliance Finance Corporation Limited|Agratas Limited|Agratas LLC|AFCL Zambia Limited|AFCL RSA Pty Limited|AFCL Premium Services Limited|AFCL Ghana Limited|915 Labs Inc|3-101-951221 SOCIEDAD ANONIMA"
TATAINVEST,,INE672A01026,owner_confirmed_director_only,OWNER,NOT_OWNER,PROFESSIONAL,"PROFESSIONAL=[Tata Sons(Tata Sons Private Limited),915 Labs(Tata),AFCL Ghana(Tata),AFCL Premium(Tata),3-101-951221(Tata),Tata Africa(Tata),Tata Limited(Tata),Panatone Finvest(Tata 系 (経由 Tejas)),BUC Mobile(Tata Communications subsidiaries)]",rev1_outside,False,,,73.38,0.07,0.0,0.07,0.0,0.0,0.0,73.38,0.0,0.0,0.41,False,,,,"World-One Development Company Pte. Limited|World-One (Sri Lanka) Projects Pte. Limited|Voltas Limited|Vidiyal Residency Private Limited|VSNL SNOSPV Pte. Limited|Ujjwal Pune Limited|Uchit Expressways Private Limited|Trident LE LLC|Trent Limited|Trent Brands Limited|TitanX Refrigeracão de Motores LTDA|TitanX Holding AB|TitanX Engine Cooling, Sp.z.o.o|TitanX Engine Cooling SRL|TitanX Engine Cooling Kunshan Co. Ltd.|TitanX Engine Cooling Inc.|TitanX Engine Cooling AB|Titan Company Limited|The Tata Power Company Limited|The Indian Hotels Company Limited|Tejas Networks Limited|Tejas Communications (Nigeria) Limited|Tejas Communication Pte Limited|Tatasolution Center S.A.|Tata Zimbabwe (Private) Limited|Tata Zambia Limited|Tata West Asia FZE|Tata Value Homes Limited|Tata Unistore Limited|Tata Uganda Limited|Tata Trustee Company Private Limited|Tata Toyo Radiator Limited|Tata Teleservices Limited|Tata Teleservices (Maharashtra) Limited|Tata Tele NXTGEN Solutions Limited|Tata Steel Limited|Tata South East Asia (Cambodia) Limited|Tata Sons Private Limited|Tata Semiconductor Manufacturing Private Limited|Tata Securities Limited|Tata Realty and Infrastructure Limited|Tata Projects Limited|Tata Play Limited|Tata Play Broadband Private Limited|Tata Pension Management Fund Private Limited|Tata Payments Limited|Tata Opportunities General Partners LLP|Tata Neu Private Limited|Tata Motors Passenger Vehicles Limited (formerly known as Tata Motors Limited)|Tata Motors Limited (formerly known as TML Commercial Vehicles Limited)|Tata Motors (SA) (Proprietary) Limited|Tata Medical and Diagnostics Limited|Tata Limited|Tata International West Asia DMCC|Tata International Vietnam Company Limited|Tata International Vehicle Applications Private Limited|Tata International Singapore Pte Limited|Tata International Senegal S.A.|Tata International Metals (Guangzhou) Limited|Tata International Metals (Asia) Limited|Tata International Metals (Americas) Limited|Tata International Limited|Tata International Canada Limited|Tata International AG, Zug|Tata Industries Limited|Tata Incorporated|Tata Housing Development Company Limited|Tata Holdings Mozambique, Lda|Tata Fintech Private Limited|Tata Engineering Consultants Saudi Arabia Company|Tata Elxsi Limited|Tata Electronics Taiwan Co. Ltd|Tata Electronics Singapore Pte. Ltd|Tata Electronics Products and Solutions Private Limited|Tata Electronics Private Limited|Tata Electronics America Inc|Tata Digital Private Limited|Tata Consumer Products Limited|Tata Consulting Engineers USA, LLC (Formerly CDI Engineering Solutions, LLC)|Tata Consulting Engineers Limited|Tata Consultancy Services UK Limited|Tata Consultancy Services Switzerland Ltd|Tata Consultancy Services Sverige Aktiebolag|Tata Consultancy Services Saudi Arabia|Tata Consultancy Services Qatar|Tata Consultancy Services Osterreich GmbH|Tata Consultancy Services Netherlands B.V.|Tata Consultancy Services Malaysia Sdn. Bhd.|Tata Consultancy Services Luxembourg S.A.|Tata Consultancy Services Limited|Tata Consultancy Services Japan, Ltd.|Tata Consultancy Services Italia S.R.L.|Tata Consultancy Services Ireland Limited|Tata Consultancy Services Indonesia, PT|Tata Consultancy Services Guatemala, S.A.|Tata Consultancy Services France|Tata Consultancy Services Do Brasil Ltda.|Tata Consultancy Services Deutschland GmbH|Tata Consultancy Services De Mexico, S.A. De C.V.|Tata Consultancy Services De Espana, S.A.|Tata Consultancy Services Chile S.A.|Tata Consultancy Services Canada Inc.|Tata Consultancy Services Bulgaria EOOD|Tata Consultancy Services Belgium|Tata Consultancy Services Asia Pacific Pte. Ltd.|Tata Consultancy Services Argentina Sociedad Anonima|Tata Consultancy Services (Thailand) Limited|Tata Consultancy Services (South Africa) (Proprietary) Ltd.|Tata Consultancy Services (Portugal), Unipessoal LDA|Tata Consultancy Services (Philippines) Inc.|Tata Consultancy Services (China) Co., Ltd.|Tata Consultancy Services (Africa) (Proprietary) Ltd.|Tata Communications Transformation Services South Africa (Pty) Ltd|Tata Communications Transformation Services Pte Limited|Tata Communications Transformation Services Limited|Tata Communications Transformation Services (US) Inc|Tata Communications Transformation Services (Hungary) Kft.|Tata Communications Services (International) Pte. Limited|Tata Communications SVCS Pte Ltd|Tata Communications Middle East Technology Services L.L.C|Tata Communications Limited|Tata Communications Lanka Limited|Tata Communications Deutschland GMBH|Tata Communications Comunicacoes E Multimídia (Brazil) Limitada|Tata Communications Collaboration Services Private Limited|Tata Communications (UK) Limited|Tata Communications (Thailand) Limited|Tata Communications (Taiwan) Limited|Tata Communications (Switzerland) GmbH|Tata Communications (Sweden) AB|Tata Communications (Spain) S.L.|Tata Communications (South Korea) Limited|Tata Communications (Russia) LLC|Tata Communications (Portugal) Unipessoal LDA|Tata Communications (Portugal) Instalacao E Manutencao De Redes LDA|Tata Communications (Poland) SP.Z.O.O.|Tata Communications (Nordic) AS|Tata Communications (New Zealand) Limited|Tata Communications (Netherlands) B.V.|Tata Communications (Middle East) FZ-LLC|Tata Communications (Malaysia) Sdn. Bhd.|Tata Communications (Japan) KK.|Tata Communications (Italy) SRL|Tata Communications (Ireland) DAC|Tata Communications (International) Pte Limited|Tata Communications (Hungary) KFT|Tata Communications (Hong Kong) Limited|Tata Communications (Guam) L.L.C.|Tata Communications (France) SAS|Tata Communications (Canada) Limited|Tata Communications (Brazil) Participacoes Limitada|Tata Communications (Beijing) Technology Limited|Tata Communications (Australia) Pty Limited|Tata Communications (America) Inc.|Tata ClassEdge Limited|Tata Chemicals Limited|Tata Capital Pte. Limited|Tata Capital Limited|Tata Capital Housing Finance Limited|Tata Capital Healthcare II General Partners LLP|Tata Capital Healthcare General Partners LLP|Tata Capital Growth III General Partners LLP|Tata Capital Growth II General Partners LLP|Tata Capital General Partners LLP|Tata Business Hub Limited|Tata Autocomp Systems Limited|Tata AutoComp Gotion Green Energy Solutions Private Limited|Tata AutoComp Europe Limited (formerly Jaguar Land Rover Ventures Limited)|Tata Asset Management Private Limited|Tata Asset Management (Mauritius) Private Limited|Tata America International Corporation|Tata Africa Services (Nigeria) Limited|Tata Africa Holdings (Tanzania) Limited|Tata Africa Holdings (SA) (Proprietary) Limited|Tata Africa Holdings (Ghana) Ltd|Tata Africa (Cote D’Ivoire) SARL|Tata Advanced Systems Maroc Sarlau|Tata Advanced Systems Limited|Tata 1mg Technologies Private Limited|Tata 1mg Healthcare Solutions Private Limited|Taj Air Limited|TTL Mobile Private Limited|TSBB Voice Private Limited|TS Investments Limited|TRIL Urban Transport Private Limited|TRIL Roads Private Limited|TRIL REAL ESTATE  BALEWADI LIMITED|TRIL IT4 Private Limited|TRIL Bengaluru Real Estate One Private Limited|TRIL Bengaluru Consultants Private Limited|TRIL BENGALURU REAL ESTATE SIX LIMITED|TRIL BENGALURU REAL ESTATE FIVE LIMITED|TQ Services Europe GmbH|TQ Cert Services Private Limited|TQ Cert Services LLC|TQ Cert Services (Shanghai) Limited|TPL-CIL Construction LLP|TPL-Asara Engineering South Africa (Proprietary) Limited|TPL Services Private Limited|TP Luminaire Private Limited|TISPL Trading Company Limited|TIL Motor-Hub Nigeria LFZ Enterprise (formerly known as Tata International Nigeria LFZ Enterprise)|TIL Motor Hub Trading FZE|TIGAL Autoleather Private Limited|THE SWITCH ENTERPRISES, LLC|THDC Management Services Limited|TESS Services Private Limited|TEL Components Private Limited|TCTS Senegal Limited|TCS e-Serve International Limited|TCS Uruguay S.A.|TCS Technology Solutions GmbH|TCS Solution Center SA|TCS North America Corporation|TCS Inversiones Chile Limitada|TCS Iberoamerica S.A.|TCS Foundation|TCS Financial Solutions Australia Pty Limited|TCS FNS Pty Limited|TCS Business Services GmbH|TCPOP Communication GmbH|TCPL Investments PTE. Limited|TCE Delaware Corp.|TCC Construction Private Limited|TC Networks Switzerland SA|TC (Shanghai) Network Services Company Limited|TATA SEMICONDUCTOR ASSEMBLY AND TEST PRIVATE LIMITED|TATA ELECTRONICS SYSTEMS SOLUTIONS PRIVATE LIMITED|TATA CONSULTANCY SERVICES BT Private Limited|TATA COMMUNICATIONS (BELGIUM) SRL|TATA Africa Holdings (Kenya) Limited|TASL Aerostructures Private Limited|TALAKRIT FOUNDATION|TACO Sasken Automotive Electronics Limited|TACO Punch Powertrain Private Limited|TACO Engineering Services GmbH|TACO EV Component Solutions Private Limited|Synergizers Sustainable Foundation|Supermarket Grocery Supplies Private Limited|Stryder Cycle Private Limited|Strategic Energy Technology Systems Private Limited|Solutions Infini FZ LLC|Sohna City LLP|Société Financière Décentralisé Alliance Finance Corporation Senegal|Smart Value Homes (Peenya Project) Private Limited|Smart Value Homes (New Project) LLP|Smart Value Homes (Boisar) Private Limited|Sir Ratan Tata Trust (Mr. Noel N. Tata, Chairman
Mr. Venu Srinivasan, Vice Chairman
Mr. Vijay Singh, Vice Chairman
Mr. Jimmy N. Tata
Mr. Jehangir H.C. Jehangir
Mr. Darius Khambata)|Sir Dorabji Tata Trust
(Mr. Noel N. Tata, Chairman
Mr. Venu Srinivasan, Vice Chairman
Mr. Vijay Singh, Vice Chairman
Mr. Pramit Jhaveri
Mr. Darius Khambata
Mr. Neville Tata
Mr. Bhaskar Bhat)|Sector 113 Gatevida Developers Private Limited|Savis Retail Private Limited|Saankhya Labs Inc|SOLUTIONS INFINI TECHNOLOGIES(INDIA) PRIVATE LIMITED|SEPCO Communications (Pty) Limited|Ryhpez Holding (Sweden) AB|Ranata Hospitality Private Limited|REAL STOCHASTICS INSTITUTE OF DATA PRIVATE LIMITED|Qubit Investments Pte. Limited|Pune IT City Metro Rail Limited|Protraviny Private Limited|Promont Hilltop Private Limited|Promont Hillside Private Limited|Princeton Infrastructure Private Limited|Panatone Finvest Limited|One-Colombo Project (Private) Limited|One Bangalore Luxury Projects LLP|Oasis Smart E-Sim Pte Ltd|OASIS Smart SIM Europe SAS|Nova Integrated Systems Limited|Niskalp Infrastructure Services Limited|Newshelf 1369 Proprietary Limited|Nanjing Tata Autocomp Systems Limited|Nanjing Tata AutoComp Technology Company Limited|NOVAMESH LIMITED|Motor-Hub East Africa Limited|Mikado Realtors Private Limited|Mgage Athens PC|Matheran Rope-Way Private Limited|MahaOnline Limited|MP Online Limited|MGDC, S.C.|ListEngage, LLC|ListEngage MidCo, LLC|Leanluxe Hospitality Private Limited|Land kart Builders Private Limited|LFS Healthcare Private Limited|Kriday Realty Private Limited|Kolkata-One Excelton Private Limited|Kaleyra US Inc.|Kaleyra UK Limited|Kaleyra SPA|Kaleyra Inc|Kaleyra Dominicana SRL|Kaleyra Africa (Pty) Limited|International Infrabuild Private Limited|Innovative Retail Concepts Private Limited|Infopark Properties Limited|Infiniti Retail Limited|Industrial Minerals and Chemicals Company Private Limited|Indian Rotorcraft Limited|Impetis Biosciences Limited|ITXC IP Holdings S.A.R.L.|IAC Group (Slovakia) s.r.o.|HyperVault AI Data Center Limited|Hampi Expressways Private Limited|HLT Residency Private Limited|HL Promoters Private Limited|Gurgaon Realtech Limited|Gurgaon Constructwell Private Limited|Ferbine Private Limited|Fastighetsbolaget Skara Sporren 20 AB (formerly known as Goldcup 37220 AB)|Fastighetsbolaget Färgelanda Assarbyn 1:15 AB (formerly known as Goldcup 37221 AB)|Ewart Investments Limited|Ecofirst Services Limited|Durg Shivnath Expressways Private Limited|Diligenta Limited|Diligenta (Europe) B.V.|Dharamshala Ropeway Limited|Dailyninja Delivery Services Private Limited|Concept Developers & Leasing Limited|Commotion Inc.|Changshu Tata AutoComp Systems Limited|Campaign Registry Inc (Canada)|Campaign Registry Inc|Calsea Footwear Private Limited|COMMOTION SOFTWARE SOLUTIONS INDIA PRIVATE LIMITED|C-Edge Technologies Limited|Blackwood Hodge Zimbabwe (Private) Limited|BUC Mobile Inc|Automotive Stampings and Assemblies Limited|Artson Limited|Artifex Systems AB (formerly known as Vintara AB)|Artifex Interior Systems Limited|Arrow Infraestate Pvt Limited|Ardent Properties Private Limited|Apex Realty Private Limited|Alliance Leasing Uganda Limited|Alliance Leasing Limited|Alliance Finance Corporation Limited|Akashastha Technologies Private Limited|Air India Limited|Air India Express Limited|Agratas Limited|Agratas LLC|Agratas Energy Storage Solutions Private Limited|Actve Digital Services Private Limited|APTOnline Limited|AI Fleet Services IFSC Limited|AFCL Zambia Ltd.|AFCL RSA (Pty) Limited|AFCL Premium Services Ltd.|AFCL Ghana Ltd.|915 Labs Inc|3-101-951221 SOCIEDAD ANONIMA"
TATATECH,,INE142M01025,owner_confirmed_director_only,OWNER,NOT_OWNER,PROFESSIONAL,PROFESSIONAL=[Tata Sons(Tata Sons Private Limited)],rev1_outside,False,,,55.21,0.0,0.0,0.0,0.0,0.0,0.0,55.21,0.0,0.0,0.0,False,,,,"Tata Sons Private Limited|Tata Precision Industries (India) Limited|Tata Passenger Electric Mobility Limited|Tata Motors Limited (renamed as Tata Motors Passenger Vehicles Ltd (TMPVL) w.e.f. October 13, 2025)|Tata Motors Insurance Broking and Advisory Services Limited|Tata Motors Global Services Limited|Tata Motors Foundation (Incorporated w.e.f. July 17, 2025)|Tata Motors Finance Limited (Since merged with Tata Capital Limited vide Scheme of Arrangement w.e.f. May 8, 2025)|Tata Motors Digital.AI Labs Limited|Tata Motors Body Solutions Limited|Tata Hitachi Construction Machinery Company Private Limited|Tata Cummins Private Limited|Tata AutoComp Systems Limited|TML Smart City Mobility Solutions Limited|TML Smart City Mobility Solutions (J&K) Private Limited|TML CV Mobility Solutions Limited|TMF Holdings Limited|TMF Business Services Limited|Jaguar Land Rover Technology and Business Services India Private Limited|Jaguar Land Rover India Limited|Freight Commerce Solutions Private Limited|Fiat India Automobiles Private Limited|Brabo Robotics and Automation Limited|BMW TechWorks India Private Limited|Automobile Corporation of Goa Limited|Trilix S.r.l.|TitanX Refrigeracão de Motores LTDA|TitanX Holding AB|TitanX Engine Cooling, Poland|TitanX Engine Cooling SRL|TitanX Engine Cooling Kunshan Co. Limited|TitanX Engine Cooling Inc.|TitanX Engine Cooling AB|The Lanchester Motor Company Limited|The Daimler Motor Company Limited|Tata Technologies de Mexico, S.A. de C.V.|Tata Technologies SRL Romania|Tata Technologies Pte. Limited|Tata Technologies Nordics AB|Tata Technologies Inc.|Tata Technologies GmbH|Tata Technologies Europe Limited|Tata Precision Industries Pte. Limited|Tata Motors Design Tech Centre plc|Tata Motors (Thailand) Limited|Tata Manufacturing Technologies (Shanghai) Co. Limited|Tata Hispano Motors Carrocerries Maghreb SA|Tata Hispano Motors Carrocera S.A.|Tata Daewoo Mobility Sales Company Limited|Tata Daewoo Mobility Company Limited|Tata AutoComp Europe Limited|TML Holdings Pte. Limited|TACO Engineering Services GmbH|Shanghai Jaguar Land Rover Automotive Services Company Limited|Sertec Springs & Wireforms Limited|Sertec Precision Components Limited|Sertec Light Stampings Limited|Sertec HoldCo Limited|Sertec Group Limited|Sertec Group Holdings Limited|Sertec Corporation Limited|Sertec Commercial Services (Dongguan) Limited|Sertec Auto Structures (UK) Limited|Sertec Aluminium Structures Limited|S.S. Cars Limited|Ryhpez Holding (Sweden) AB|PT Tata Motors Indonesia|PT Tata Motors Distribusi Indonesia|Nita Company Limited|Nanjing Tata Autocomp Systems Limited|Land Rover Ireland Limited|Land Rover Exports Limited|Jaguar e Land Rover Brasil Indústria e Comércio de Veículos LTDA|Jaguar Racing Limited|Jaguar Land Rover Taiwan Company Limited|Jaguar Land Rover Slovakia s.r.o|Jaguar Land Rover Singapore Pte. Limited|Jaguar Land Rover Servicios México, S.A. de C.V.|Jaguar Land Rover Schweiz AG|Jaguar Land Rover Portugal - Veículos e Peças, Lda.|Jaguar Land Rover North America LLC|Jaguar Land Rover Nederland BV|Jaguar Land Rover México, S.A.P.I. de C.V.|Jaguar Land Rover Limited|Jaguar Land Rover Korea Company Limited|Jaguar Land Rover Japan Limited|Jaguar Land Rover Italia Spa|Jaguar Land Rover Ireland (Services) Limited|Jaguar Land Rover Hungary KFT|Jaguar Land Rover Holdings Limited|Jaguar Land Rover France, SAS|Jaguar Land Rover Espana SL|Jaguar Land Rover Deutschland GmbH|Jaguar Land Rover Classic USA LLC|Jaguar Land Rover Classic Deutschland GmbH|Jaguar Land Rover Canada ULC|Jaguar Land Rover Belux NV|Jaguar Land Rover Automotive plc|Jaguar Land Rover Austria GmbH|Jaguar Land Rover Australia Pty Limited|Jaguar Land Rover (South Africa) Holdings Limited|Jaguar Land Rover (South Africa) (Pty) Limited|Jaguar Land Rover (Ningbo) Trading Co. Limited|Jaguar Land Rover (China) Investment Co. Limited|Jaguar Cars Limited|Jaguar Cars Finance Limited|JLR Nominee Company Limited|JLR Insurance Company Limited|JLR Foundation|Inchcape JLR Europe Limited|InMotion Ventures Limited|InMotion Ventures 3 Limited|InMotion Ventures 2 Limited|In-Car Ventures Limited|INCAT International Plc.|GE-T GmbH|Es-Tec Technologies (Hangzhou) Co. Ltd.|Es-Tec Systems and Technologies, S.a.r.l., Morocco|Es-Tec GmbH|Engineering Systems and Technologies, S.L.|ES-TEC America Inc.|Daimler Transport Vehicles Limited|Chery Jaguar Land Rover Automotive Company Limited|Chery Jaguar Land Rover Auto Sales Company Limited|Changshu Tata Autocomp Systems Limited|Cambric Limited|Bowler Motors Limited|AWC Industries Limited"
THYROCARE,,INE594H01019,owner_confirmed_director_only,OWNER,NOT_OWNER,PROFESSIONAL,"PROFESSIONAL=[API Holdings Limited(PharmEasy / TPG-Prosus PE),Docon Technologies(PharmEasy / TPG-Prosus PE)]",rev1_outside,False,,,60.92,0.14,0.0,0.01,0.13,0.0,0.0,60.92,0.0,0.0,0.0,False,,,,Docon Technologies Private Limited|API Holdings Limited
TMCV,,INE1TAE01010,owner_confirmed_director_only,OWNER,NOT_OWNER,PROFESSIONAL,"PROFESSIONAL=[Tata Sons(Tata Sons Private Limited),915 Labs(Tata),AFCL Ghana(Tata),AFCL Premium(Tata),3-101-951221(Tata),Tata Africa(Tata),Tata Limited(Tata),Panatone Finvest(Tata 系 (経由 Tejas)),BUC Mobile(Tata Communications subsidiaries)]",rev1_outside,False,,,42.56,0.03,0.0,0.03,0.0,0.0,0.0,42.56,0.0,0.0,0.05,False,,,,"Voltas Limited|Vidiyal Residency Private Limited|Ujjwal Pune Limited|Uchit Expressways Private Limited|Trent Limited|Titan Company Limited|The Tata Power Company Limited|The Indian Hotels Company Limited|Tejas Networks Limited|Tata Value Homes Limited|Tata Unistore Limited|Tata Trustee Company Private Limited|Tata Toyo Radiator Limited|Tata Teleservices Limited|Tata Teleservices (Maharashtra) Limited|Tata Tele NXTGEN Solutions Limited|Tata Steel Limited|Tata Sons Private Limited|Tata Semiconductor Manufacturing Private Limited|Tata Securities Limited|Tata Realty and Infrastructure Limited|Tata Projects Limited|Tata Play Limited|Tata Play Broadband Private Limited|Tata Pension Management Fund  Private Limited|Tata Payments Limited|Tata Neu Private Limited|Tata Motors Passenger Vehicles Limted (formerly known as Tata Motors Limited)|Tata Medical and Diagnostics Limited|Tata Investment Corporation Limited|Tata International Vehicle Applications Private Limited|Tata International Limited|Tata Industries Limited|Tata Housing Development Company Limited|Tata Fintech Private Limited|Tata Elxsi Limited|Tata Electronics Products and Solutions Private Limited|Tata Electronics Private Limited|Tata Digital Private Limited|Tata Consumer Products Limited|Tata Consulting Engineers Limited|Tata Consultancy Services Limited|Tata Communications Transformation Services Limited|Tata Communications Limited|Tata Communications Collaboration Services Private Limited|Tata ClassEdge Limited|Tata Chemicals Limited|Tata Capital Limited|Tata Capital Housing Finance Limited|Tata Business Hub Limited|Tata Autocomp Systems Limited|Tata AutoComp Gotion Green Energy Solutions Private Limited|Tata Asset Management Private Limited|Tata Advanced Systems Limited|Tata 1mg Technologies Private Limited|Tata 1mg Healthcare Solutions Private Limited|Taj Air Limited|TTL Mobile Private Limited|TSBB Voice Private Limited|TS Investments Limited|TRIL Urban Transport Private Limited|TRIL Roads Private Limited|TRIL REAL ESTATE  BALEWADI LIMITED|TRIL IT4 Private Limited|TRIL Bengaluru Real Estate One Private Limited|TRIL Bengaluru Consultants Private Limited|TRIL BENGALURU REAL ESTATE SIX LIMITED|TRIL BENGALURU REAL ESTATE FIVE LIMITED|TQ Cert Services Private Limited|TPL-CIL Construction LLP|TPL Services Private Limited|TP Luminaire Private Limited|TIGAL Autoleather Private Limited|THDC Management Services Limited|TESS Services Private Limited|TEL Components Private Limited|TCS e-Serve International Limited|TCS Foundation|TCC Construction Private Limited|TATA SEMICONDUCTOR ASSEMBLY AND TEST PRIVATE LIMITED|TATA ELECTRONICS SYSTEMS SOLUTIONS PRIVATE LIMITED|TASL Aerostructures Private Limited|TALAKRIT FOUNDATION|TACO Sasken Automotive Electronics Limited|TACO Punch Powertrain Private Limited|TACO EV Component Solutions Private Limited|Synergizers Sustainable Foundation|Supermarket Grocery Supplies Private Limited|Stryder Cycle Private Limited|Strategic Energy Technology Systems Private Limited|Sohna City LLP|Smart Value Homes (Peenya Project) Private Limited|Smart Value Homes (New Project) LLP|Smart Value Homes (Boisar) Private Limited|Sir Ratan Tata Trust-V Singh, VSrinivasan,JNTata,DKhambata, NNTata, JehangirHC|Sir Dorabji Tata Trust- VSingh, VSrinivasan, NNTata, PramitJhaveri, DariusKhambata, Neville Tata, Bhaskar Bhat|Simto Investment Company Limited|Sector 113 Gatevida Developers Private Limited|Savis Retail Private Limited|SOLUTIONS INFINI TECHNOLOGIES(INDIA) PRIVATE LIMITED|Ranata Hospitality Private Limited|REAL STOCHASTICS INSTITUTE OF DATA PRIVATE LIMITED|Pune IT City Metro Rail Limited|Protraviny Private Limited|Promont Hilltop Private Limited|Promont Hillside Private Limited|Princeton Infrastructure Private Limited|Panatone Finvest Limited|One Bangalore Luxury Projects LLP|Nova Integrated Systems Limited|Niskalp Infrastructure Services Limited|NOVAMESH LIMITED|Mikado Realtors Private Limited|Matheran Rope-Way Private Limited|MahaOnline Limited|MP Online Limited|Leanluxe Hospitality Private Limited|Land kart Builders Private Limited|Lady Tata Memorial Trust - Mr. Siddharth Sharma, Prof K VijayRaghavan , Dr. M. Chandy|LFS Healthcare Private Limited|Kriday Realty Private Limited|Kolkata-One Excelton Private Limited|J R D Tata Trust - Mr V Srinivasan, Mr V Singh, Mr Neville Tata, Mr NN Tata|International Infrabuild Private Limited|Innovative Retail Concepts Private Limited|Infopark Properties Limited|Infiniti Retail Limited|Industrial Minerals and Chemicals Company Private Limited|Indian Rotorcraft Limited|Impetis Biosciences Limited|HyperVault AI Data Center Limited|Hampi Expressways Private Limited|HLT Residency Private Limited|HL Promoters Private Limited|Gurgaon Realtech Limited|Gurgaon Constructwell Private Limited|Ferbine Private Limited|Ewart Investments Limited|Ecofirst Services Limited|Durg Shivnath Expressways Private Limited|Dharamshala Ropeway Limited|Dailyninja Delivery Services Private Limited|Concept Developers & Leasing Limited|Calsea Footwear Private Limited|COMMOTION SOFTWARE SOLUTIONS INDIA PRIVATE LIMITED|C-Edge Technologies Limited|Automotive Stampings and Assemblies Limited|Artson Limited|Arrow Infraestate Pvt Limited|Ardent Properties Private Limited|Akashastha Technologies Private Limited|Air India Limited|Air India Express Limited|Agratas Energy Storage Solutions Private Limited|Actve Digital Services Private Limited|APTOnline Limited|AI Fleet Services IFSC Limited|World-One Development Company Pte. Limited|World-One (Sri Lanka) Projects Pte. Limited|VSNL SNOSPV Pte. Limited|Trident LE LLC|TitanX Refrigeracão de Motores LTDA|TitanX Holding AB|TitanX Engine Cooling, Sp.z.o.o|TitanX Engine Cooling SRL|TitanX Engine Cooling Kunshan Co. Ltd.|TitanX Engine Cooling Inc.|TitanX Engine Cooling AB|Tejas Communications (Nigeria) Limited|Tejas Communication Pte Limited|Tatasolution Center S.A.|Tata Zimbabwe (Private) Limited|Tata Zambia Limited|Tata West Asia FZE|Tata Uganda Limited|Tata South East Asia (Cambodia) Limited|Tata Opportunities General Partners LLP|Tata Motors (SA) (Proprietary) Limited|Tata Limited|Tata International West Asia DMCC|Tata International Vietnam Company Limited|Tata International Singapore Pte Limited|Tata International Senegal S.A.|Tata International Metals (Guangzhou) Limited|Tata International Metals (Asia) Limited|Tata International Metals (Americas) Limited|Tata International Canada Limited|Tata International AG, Zug|Tata Incorporated|Tata Holdings Mozambique, Lda|Tata Engineering Consultants Saudi Arabia Company|Tata Electronics Taiwan Co. Ltd|Tata Electronics Singapore Pte. Ltd|Tata Electronics America Inc|Tata Consulting Engineers USA, LLC (Formerly CDI Engineering Solutions, LLC)|Tata Consultancy Services UK Limited|Tata Consultancy Services Switzerland Ltd|Tata Consultancy Services Sverige Aktiebolag|Tata Consultancy Services Saudi Arabia|Tata Consultancy Services Qatar|Tata Consultancy Services Osterreich GmbH|Tata Consultancy Services Netherlands B.V.|Tata Consultancy Services Malaysia Sdn. Bhd.|Tata Consultancy Services Luxembourg S.A.|Tata Consultancy Services Japan, Ltd.|Tata Consultancy Services Italia S.R.L.|Tata Consultancy Services Ireland Limited|Tata Consultancy Services Indonesia, PT|Tata Consultancy Services Guatemala, S.A.|Tata Consultancy Services France|Tata Consultancy Services Do Brasil Ltda.|Tata Consultancy Services Deutschland GmbH|Tata Consultancy Services De Mexico, S.A. De C.V.|Tata Consultancy Services De Espana, S.A.|Tata Consultancy Services Chile S.A.|Tata Consultancy Services Canada Inc.|Tata Consultancy Services Bulgaria EOOD|Tata Consultancy Services Belgium|Tata Consultancy Services Asia Pacific Pte. Ltd.|Tata Consultancy Services Argentina Sociedad Anonima|Tata Consultancy Services (Thailand) Limited|Tata Consultancy Services (South Africa) (Proprietary) Ltd.|Tata Consultancy Services (Portugal), Unipessoal LDA|Tata Consultancy Services (Philippines) Inc.|Tata Consultancy Services (China) Co., Ltd.|Tata Consultancy Services (Africa) (Proprietary) Ltd.|Tata Communications Transformation Services South Africa (Pty) Ltd|Tata Communications Transformation Services Pte Limited|Tata Communications Transformation Services (US) Inc|Tata Communications Transformation Services (Hungary) Kft.|Tata Communications Services (International) Pte. Limited|Tata Communications SVCS Pte Ltd|Tata Communications Middle East Technology Services L.L.C|Tata Communications Lanka Limited|Tata Communications Deutschland GMBH|Tata Communications Comunicacoes E Multimídia (Brazil) Limitada|Tata Communications (UK) Limited|Tata Communications (Thailand) Limited|Tata Communications (Taiwan) Limited|Tata Communications (Switzerland) GmbH|Tata Communications (Sweden) AB|Tata Communications (Spain) S.L.|Tata Communications (South Korea) Limited|Tata Communications (Russia) LLC|Tata Communications (Portugal) Unipessoal LDA|Tata Communications (Portugal) Instalacao E Manutencao De Redes LDA|Tata Communications (Poland) SP.Z.O.O.|Tata Communications (Nordic) AS|Tata Communications (New Zealand) Limited|Tata Communications (Netherlands) B.V.|Tata Communications (Middle East) FZ-LLC|Tata Communications (Malaysia) Sdn. Bhd.|Tata Communications (Japan) KK.|Tata Communications (Italy) SRL|Tata Communications (Ireland) DAC|Tata Communications (International) Pte Limited|Tata Communications (Hungary) KFT|Tata Communications (Hong Kong) Limited|Tata Communications (Guam) L.L.C.|Tata Communications (France) SAS|Tata Communications (Canada) Limited|Tata Communications (Brazil) Participacoes Limitada|Tata Communications (Beijing) Technology Limited|Tata Communications (Australia) Pty Limited|Tata Communications (America) Inc.|Tata Capital Pte. Limited|Tata Capital Healthcare II General Partners LLP|Tata Capital Healthcare General Partners LLP|Tata Capital Growth III General Partners LLP|Tata Capital Growth II General Partners LLP|Tata Capital General Partners LLP|Tata AutoComp Europe Limited (Formerly Jaguar Land Rover Ventures Limited)|Tata Asset Management (Mauritius) Private Limited|Tata America International Corporation|Tata Africa Services (Nigeria) Limited|Tata Africa Holdings (Tanzania) Limited|Tata Africa Holdings (SA) (Proprietary) Limited|Tata Africa Holdings (Ghana) Ltd|Tata Africa (Cote D’Ivoire) SARL|Tata Advanced Systems Maroc Sarlau|TQ Services Europe GmbH|TQ Cert Services LLC|TQ Cert Services (Shanghai) Limited|TPL-Asara Engineering South Africa (Proprietary) Limited|TISPL Trading Company Limited|TIL Motor-Hub Nigeria LFZ Enterprise (formerly known as Tata International Nigeria LFZ Enterprise)|TIL Motor Hub Trading FZE|THE SWITCH ENTERPRISES, LLC|TCTS Senegal Limited|TCS Uruguay S.A.|TCS Technology Solutions GmbH|TCS Solution Center SA|TCS North America Corporation|TCS Inversiones Chile Limitada|TCS Iberoamerica S.A.|TCS Financial Solutions Australia Pty Limited|TCS FNS Pty Limited|TCS Business Services GmbH|TCPOP Communication GmbH|TCPL Investments PTE. Limited|TCE Delaware Corp.|TC Networks Switzerland SA|TC (Shanghai) Network Services Company Limited|TATA CONSULTANCY SERVICES BT Private Limited|TATA COMMUNICATIONS (BELGIUM) SRL|TATA Africa Holdings (Kenya) Limited|TACO Engineering Services GmbH|Solutions Infini FZ LLC|Société Financière Décentralisé Alliance Finance Corporation Senegal|Saankhya Labs Inc|SEPCO Communications (Pty) Limited|Ryhpez Holding (Sweden) AB|Qubit Investments Pte. Limited|One-Colombo Project (Private) Limited|Oasis Smart E-Sim Pte Ltd|OASIS Smart SIM Europe SAS|Newshelf 1369 Proprietary Limited|Nanjing Tata Autocomp Systems Limited|Nanjing Tata AutoCompTechnology Company Limited|Motor-Hub East Africa Limited|Mgage Athens PC|MGDC, S.C.|ListEngage, LLC|ListEngage MidCo, LLC|Kaleyra US Inc.|Kaleyra UK Limited|Kaleyra SPA|Kaleyra Inc|Kaleyra Dominicana SRL|Kaleyra Africa (Pty) Limited|ITXC IP Holdings S.A.R.L.|IAC Group (Slovakia) s.r.o.|Fastighetsbolaget Skara Sporren 20 AB (formerly known as Goldcup 37220 AB)|Fastighetsbolaget Färgelanda Assarbyn 1:15 AB (formerly known as Goldcup 37221 AB)|Diligenta Limited|Diligenta (Europe) B.V.|Commotion Inc.|Changshu Tata AutoComp Systems Limited|Campaign Registry Inc (Canada)|Campaign Registry Inc|Blackwood Hodge Zimbabwe (Private) Limited|BUC Mobile Inc|Artifex Systems AB (formerly known as Vintara AB)|Artifex Interior Systems Limited|Apex Realty Private Limited|Alliance Leasing Uganda Limited|Alliance Leasing Limited|Alliance Finance Corporation Limited|Agratas Limited|Agratas LLC|AFCL Zambia Ltd|AFCL RSA (Pty) Limited|AFCL Premium Services Ltd.|AFCL Ghana Ltd|915 Labs Inc|3-101-951221 SOCIEDAD ANONIMA"
WAAREERTL,,INE299N01021,owner_confirmed_director_only,OWNER,OWNER,OWNER,OWNER=[WAAREE ENERGIES LIMITED(Doshi (Waaree))],rev1_outside,False,,,74.32,1.06,0.0,1.05,0.01,0.0,0.0,74.32,0.0,0.0,0.0,False,,,,WAAREE ENERGIES LIMITED|RUSHABH PANKAJ DOSHI|PUJAN PANKAJ DOSHI|PANKAJ CHIMANLAL DOSHI|NEEPA VIREN DOSHI|KIRIT CHIMANLAL DOSHI|HITESH C DOSHI|BINITA H DOSHI|BINDIYA KIRIT DOSHI|HITESH P MEHTA
PGIL,,INE940H01022,owner_probable_nri_family,OWNER,OWNER,UNKNOWN,,rev1_outside,False,,,61.24,61.88,0.0,0.43,0.21,0.0,0.0,0.0,0.0,0.0,0.0,True,ai_owner,0.95,"Seth family (Deepak Kumar, Payel, Pulkit, Shifalli Seth) NRI 創業家 + Nim International Commerce LLP",Nim International Commerce LLP|Shifalli Seth|Pulkit Seth|Payel Seth|Deepak Kumar Seth
BHARTIHEXA,,INE343G01021,ambiguous_holding_indian,OWNER_WEAK,OWNER,OWNER,OWNER=[Airtel(Mittal)],rev1_outside,False,,,70.0,0.0,0.0,0.0,0.0,0.0,0.0,70.0,0.0,0.0,0.0,True,ai_owner_weak,0.65,Bharti Airtel グループ子会社。Sunil Bharti Mittal 家が Bharti を支配するが、本銘柄の直接 promoter は全て body corporate (Bharti Airtel group entities),Xtelify Limited|SmartX Services Limited|One Web India Communication Private Limited|Nxtra Vizag Limited|Nxtra Data Limited|Lavelle Network Private Limited|Indus Tower Limited (Formerly Known as Bharti Infratel Limited)|Indo Teleports Limited|Hughes Global Education India Private Limited|Hughes Communications India Private Limited|HCIL Comtel Private Limited|Dixon Electro Appliance Private Limited|Bharti Telemedia Limited|Bharti Telecom Limited|Bharti Airtel Services Limited|Beetel Teletech Limited|BHARTI AIRTEL LIMITED|Airtel Payment Bank limited|Airtel Money Limited|Airtel Limited|AMP Solar Evolution Private Limited|AMP Energy Green Three Private Limited|The Registered Trustees of Airtel Money Trust Fund|Smartcash Payment Service Bank Limited|SmartPay Limited|Seychelles Cable Systems Company Limited|Rventures PLC|Robi Axiata PLC (Formerly Known as Robi Axiata Limited)|RedDot Digital Limited|Partnership Investments Sarlu|Nxtra Nigeria Data Holdings (UK) Limited|Nxtra Kenya Data Holdings (UK) Limited|Nxtra Gabon Data Holdings (UK) Limited|Nxtra DRC Data Holdings (UK) Limited|Nxtra Congo Data Holdings (UK) Limited|Nxtra Africa Data Rdc Sa|Nxtra Africa Data Holdings Limited|Nxtra Africa Data (Nigeria) Limited|Nxtra Africa Data (Nigeria) FZE|Nxtra Africa Data (Kenya) SEZ Limited|Nxtra Africa Data (Kenya) Limited|Network i2i Limited|Network i2i (UK) Limited|Montana International|Mobile Commerce Congo S.A.|Millicom Ghana Company Limited|Mawezi RDC S.A.|Indus Towers Ventures FZE|Indus Towers Management FZE|Indus Towers Investment FZE|Indus Towers FZE|Indian Ocean Telecom Limited|Gabon Towers S.A.|Congo RDC Towers S.A.|Channel Sea Management Company (Mauritius) Limited|Celtel Niger S.A.|Celtel (Mauritius) Holdings Limited|Bharti International (Singapore) Pte. Ltd.|Bharti Airtel Zambia Holdings B.V.|Bharti Airtel Uganda Holdings B.V.|Bharti Airtel Tanzania B.V.|Bharti Airtel Services B.V.|Bharti Airtel Rwanda Holdings Limited|Bharti Airtel RDC Holdings B.V.|Bharti Airtel Overseas (Mauritius) Limited|Bharti Airtel Nigeria B.V.|Bharti Airtel Niger Holdings B.V.|Bharti Airtel Mali Holdings B.V.|Bharti Airtel Malawi Holdings B.V.|Bharti Airtel Madagascar Holdings B.V.|Bharti Airtel Kenya B.V.|Bharti Airtel International (Netherlands) B.V.|Bharti Airtel Holding (Mauritius) Limited|Bharti Airtel Ghana Holdings B.V.|Bharti Airtel Gabon Holdings B.V.|Bharti Airtel Developers Forum Limited|Bharti Airtel Congo Holdings B.V.|Bharti Airtel Chad Holdings B.V.|Bharti Airtel Africa B.V.|Bharti Airtel (USA) Limited|Bharti Airtel (UK) Limited|Bharti Airtel (Hong Kong) Limited|Bharti Airtel (France) SAS|Beetel Teletech Singapore Private Limited|AxEnTec PLC|Airtel Zambia Telesonic Limited|Airtel Zambia Telesonic Holdings (UK) Ltd|Airtel Uganda Telesonic Holdings (UK) Limited|Airtel Uganda Limited|Airtel Telesonic Uganda Limited|Airtel Tchad Telesonic Holdings (UK) Limited|Airtel Tchad S.A.|Airtel Tanzania plc|Airtel Tanzania Telesonic Holdings (UK) Limited|Airtel Seychelles Telesonic Holdings (UK) Limited|Airtel Rwanda Telesonic Limited|Airtel Rwanda Telesonic Holdings (UK) Limited|Airtel Rwanda Limited|Airtel Nigeria Telesonic Limited|Airtel Nigeria Telesonic Holdings (UK) Ltd|Airtel Niger Telesonic Holdings (UK) Limited|Airtel Networks Zambia Plc|Airtel Networks Limited|Airtel Networks Kenya Limited|Airtel Money Trust Fund|Airtel Money Transfer Limited|Airtel Money Tanzania Limited|Airtel Money S.A.|Airtel Money RDC S.A.|Airtel Money Niger S.A.|Airtel Money Kenya Limited|Airtel Mobile Management Services Fz-Llc|Airtel Mobile Commerce Zambia Limited|Airtel Mobile Commerce Zambia B.V.|Airtel Mobile Commerce Uganda Limited|Airtel Mobile Commerce Uganda B.V.|Airtel Mobile Commerce Tchad S.A|Airtel Mobile Commerce Tchad B.V.|Airtel Mobile Commerce Tanzania B.V.|Airtel Mobile Commerce Services Limited|Airtel Mobile Commerce Rwanda Limited|Airtel Mobile Commerce Rwanda B.V.|Airtel Mobile Commerce Nigeria Limited|Airtel Mobile Commerce Nigeria B.V.|Airtel Mobile Commerce Niger B.V.|Airtel Mobile Commerce Malawi B.V.|Airtel Mobile Commerce Madagascar S.A.|Airtel Mobile Commerce Madagascar B.V.|Airtel Mobile Commerce Limited|Airtel Mobile Commerce Kenya B.V.|Airtel Mobile Commerce Holdings B.V.|Airtel Mobile Commerce Gabon B.V.|Airtel Mobile Commerce DRC B.V.|Airtel Mobile Commerce Congo B.V.|Airtel Mobile Commerce B.V.|Airtel Mobile Commerce (Tanzania) Limited|Airtel Mobile Commerce (Seychelles) Limited|Airtel Mobile Commerce (Seychelles) B.V.|Airtel Mobile Commerce (Kenya) Limited|Airtel Malawi plc|Airtel Madagascar Telesonic Holdings (UK) Limited|Airtel Madagascar S.A.|Airtel Kenya Telesonic Limited|Airtel Kenya Telesonic Holdings (UK) Ltd|Airtel International LLP|Airtel Gabon Telesonic S.A.|Airtel Gabon Telesonic Holdings (UK) Limited|Airtel Gabon S.A.|Airtel DRC Telesonic Holdings (UK) Limited|Airtel Congo Telesonic Holdings (UK) Limited|Airtel Congo S.A.|Airtel Congo RDC Telesonic S.A.U.|Airtel Congo RDC S.A.|Airtel Africa Telesonic Limited|Airtel Africa Telesonic Holdings Limited|Airtel Africa Services (UK) Limited|Airtel Africa Plc|Airtel Africa (Mauritius) Limited|Airtel (Seychelles) Telesonic Limited|Airtel (Seychelles) Limited|Airtel (M) Telesonic Limited|Airtel (M) Telesonic Holdings (UK) Limited
CIGNITITEC,,INE675C01017,ambiguous_holding_indian,OWNER_WEAK,OWNER_WEAK,UNKNOWN,,rev1_outside,False,,,54.0,0.0,0.0,0.0,0.0,0.0,0.0,54.0,0.0,0.0,0.0,True,,,,"Rythmos India Private Limited|Coforge Technologies Private Limited (erstwhile Coforge DPA Private Ltd.)|Coforge Solutions Private Limited|Coforge Business Process Solutions Private Limited|COFORGE LIMITED|Xceltrait Inc.|Rythmos Inc.|PT. Coforge Indonesia Services|Coforge, Japan GK|Coforge U.K. Ltd.|Coforge Technologies (Australia) Pty Ltd|Coforge SpA, Santigiago|Coforge Services Pty Ltd (erstwhile known as TMLabs Pty Ltd)|Coforge SPÓŁKA Z OGRANICZONA ODPOWIEDZIALNOSCIA|Coforge SF Limited, UK|Coforge SDN. BHD. Malaysia|Coforge S.R.L., Romania|Coforge S.A.|Coforge S.A de C.V, Mexico|Coforge Pte Ltd.|Coforge Limited,Thailand|Coforge Limited - Company One Person (Saudi Arabia)|Coforge Inc|Coforge GmbH|Coforge FZ LLC|Coforge DPA UK Ltd.|Coforge DPA NA Inc. USA|Coforge DPA Ireland Limited|Coforge DPA Australia Pty Ltd.|Coforge BV|Coforge BPS Philippines Inc|Coforge BPS North Carolina LLC|Coforge BPS America Inc.|Coforge BPM Inc.|Coforge Airline Technologies GmbH|Coforge A.B. Sweden"
JSWDULUX,,INE133A01011,ambiguous_holding_indian,OWNER_WEAK,OWNER_WEAK,UNKNOWN,,rev1_outside,False,,,61.2,0.0,0.0,0.0,0.0,0.0,0.0,61.2,0.0,0.0,0.0,True,,,,JSW PAINTS LIMITED|PANTER B.V.|IMPERIAL CHEMICAL INDUSTRIES LTD|AKZO NOBEL COATINGS INTERNATIONAL B.V|AKZO NOBEL CHEMICALS INTERNATIONAL B.V.|AKZO NOBEL ( C ) HOLDINGS B.V.
KITEX,,INE602G01020,ambiguous_holding_indian,OWNER,OWNER,UNKNOWN,,rev1_outside,False,,,56.66,0.0,0.0,0.0,0.0,0.0,0.0,56.66,0.0,0.0,0.0,True,ai_owner,0.95,"Jacob family (Boby M Jacob, Sabu M Jacob, Renjitha Joseph) + Kitex Childrenswear (家族 holding)",SABU M JACOB|RENJITHA JOSEPH|KITEX CHILDRENSWEAR LIMITED|BOBY M JACOB
RALLIS,,INE613A01020,ambiguous_holding_indian,NOT_OWNER,NOT_OWNER,PROFESSIONAL,PROFESSIONAL=[Tata Sons(Tata Sons Private Limited)],rev1_outside,False,,,55.08,0.0,0.0,0.0,0.0,0.0,0.0,55.08,0.0,0.0,0.41,True,ai_professional,0.9,"Tata group 各社 (British Salt, Brunner Mond 等 = Tata Chemicals 関連子会社)。Tata Sons 信託支配",Tata Sons Private Limited|Tata Chemicals Limited|Ncourage Social Enterprise Foundation|Ewart Investments Limited|Winnington CHP Limited|The Block Salt Company Limited|Tata Chemicals South Africa Proprietary Limited|Tata Chemicals Soda Ash Partners LLC|Tata Chemicals North America Inc.|Tata Chemicals Magadi Limited|Tata Chemicals International Pte. Ltd|Tata Chemicals Europe Limited|TCE Group Limited|TC Africa Holdings Limited|Northwich Resource Management Limited|New Cheshire Salt Works Limited|Natrium Holdings Limited|Magadi Railway Company Limited|Indo Maroc Phosphore S.A.|Homefield Pvt. UK Limited|Gusiute Holdings (UK) Limited|Cheshire Salt Limited|Cheshire Salt Holdings Limited|Brunner Mond Group Limited|British Salt Limited|Alcad
SMLMAH,,INE294B01019,ambiguous_holding_indian,OWNER,OWNER,OWNER,"OWNER=[Mahindra(Mahindra),Bristlecone(Mahindra),Automobili Pininfarina(Mahindra),Classic Legends(Mahindra),Erkunt(Mahindra)]",rev1_outside,False,,,58.97,0.0,0.0,0.0,0.0,0.0,0.0,58.97,0.0,0.0,0.0,True,ai_owner,0.75,SML Isuzu から Mahindra Group 傘下へ移行した銘柄。promoter は Tech Mahindra / Bristlecone 等 Mahindra Group 法人。Anand Mahindra 一族のオーナー企業群の一員,"ZipZap Logistics Private Limited|Velos Hybren Private Limited|V-Link Freight Services Private Limited|Ultrogen Hybren Private Limited|Tech Mahindra Limited|Target Hybren Private Limited|Swaraj Engines Limited|Steer Hybren Private Limited|Smartshift Logistics Solution Private Limited|Shreyas Stones Private Limited (w.e.f. 27.06.2025)|Rhyme Hybren Private Limited|Resurgence Solarize Urja Private Limited|ReNew Sunlight Energy Private Limited|Quest Hybren Private Limited|Pulse Hybren Private Limited|PSL Media & Communications Limited   (w.e.f. 16.09.2025)|Orion Hybren Private Limited|Officemartindia.com Limited.|New Democratic Electoral Trust (w.e.f. 16.09.2025)|Neon Hybren Private Limited|NBS International Limited|Moonshine Construction Private Ltd|Mitsubishi Mahindra Agricultural Machinery co., Ltd.|Migos Hybren Private Limited|Marvel Solren Private Limited|Martial Solren Private Limited|Mahindra-BT Investment Company (Mauritius) Limited|Mahindra eMarket Limited (formerly known as Mriyalguda Farm Solution Limited)|Mahindra World City Developers Limited|Mahindra World City (Maharashtra) Limited|Mahindra World City (Jaipur) Limited|Mahindra Water Utilities Limited|Mahindra Top Greenhouses Private Limited|Mahindra Teqo Private Limited 
(formerly known as MachinePulse Tech Private Limited)|Mahindra Telephonics Integrated Systems Limited|Mahindra Susten Private Limited (formerly known as Mahindra EPC Services Private Limited)|Mahindra Sustainable Energy Private Limited  (formerly known as Mahindra Telecom Energy Management Services Private Limited- name changed )|Mahindra Summit Agriscience Limited|Mahindra Steel Service Centre Limited|Mahindra Solarize Private Limited|Mahindra Rural Housing Finance Limited|Mahindra Overseas Investment Company (Mauritius) Limited|Mahindra Manulife Trustee Private Limited (formerly known as Mahindra Trustee Company Private Limited)|Mahindra Manulife Investment Management Private Limited (formerly known as Mahindra Asset Management Company Private Limited)|Mahindra MSTC Recycling Private Limited  (subsidiary on account of control on composition of majority Board of Directors)|Mahindra Logistics Limited|Mahindra Lifespace Developers Limited|Mahindra Last Mile Mobility Limited|Mahindra Knowledge Park Mohali Limited|Mahindra Integrated Business Solutions Private Limited|Mahindra Insurance Brokers Limited|Mahindra Infrastructure Developers Limited|Mahindra Industrial Park Private Limited (formerly known as Industrial Cluster Private Limited)|Mahindra Industrial Park Chennai Limited|Mahindra Hotels and Residences India Limited|Mahindra Homes Private Limited|Mahindra Holidays & Resorts India Limited|Mahindra Holidays & Resorts Harihareshwar Limited|Mahindra Holdings Limited|Mahindra Happinest Developers Limited [formerly known as Mahindra Happinest Developers Private Limited ]|Mahindra HZPC Private Limited (formerly known as Mahindra Investments (International) Private Limited)|Mahindra Fruits Private Limited ( Formerly known as Mahindra Greenyard Private Limited)|Mahindra First Choice Wheels Limited|Mahindra Finance CSR Foundation|Mahindra Electrical Steel Private Limited|Mahindra Electric Automobile Limited|Mahindra EPC Irrigation Limited (Formerly known as EPC Industrié Limited)|Mahindra Defence Systems Limited|Mahindra Construction Company Ltd|Mahindra Bloomdale Developers Limited (Formerly known as Mahindra Bebanco Developers Limited)|Mahindra Automotive North America Inc.|Mahindra Auto Steel Private Limited|Mahindra Airways Limited|Mahindra Agri Solutions Limited (Formerly known as Mahindra Shubhlabh Services Limited)|Mahindra Aerostructures Private Limited|Mahindra Aerospace Private Limited|Mahindra Advanced Technlogies Limited (w.e.f. 07.04.2025)|Mahindra Accelo Limited (Formerly known as Mahindra Intertrade Limited)|Mahindra & Mahindra Financial Services Limited|Mahindra & Mahindra Contech Limited  (w.e.f. 16.09.2025)|MLL Mobility Private Limited (Formerly Known as MERU MOBILITY TECH PRIVATE LIMITED.|MLL Express Services Private Limited (Formerly known as Meru Travel Solutions Private Limited)|MAHINDRA & MAHINDRA LIMITED|M.I.T.R.A Agro Equipments Private Limited|Lords Freight (India) Private Limited|Layer Hybren Private Limited|Kyros Hybren Private Limited|Kota Farms Services Limited (w.e.f. 16.09.2025)|Knowledge Township Limited|Jade Hybren Private Limited|Industrial Township (Maharashtra) Limited|Illuminate Hybren Private Limited [Formerly known as Icarus Hybren Private Limited]|Hazel Hybren Private Limited|Guestline Hospitality Management and Developement Services Limited|Gromax Agri Equipment Limited (Formerly known as Mahindra Gujarat Tractor Limited)|Gelos Solren Private Limited|Gables Promoters Private Limited|Furies Solren Private Limited|Deep Mangal Developers Private Ltd|Classic Legends Private Limited|Carnot Technologies Private Limited|Bristlecone Worldwide, Inc. (Formerly known as Bristlecone Ltd.)|Bristlecone India Limited|Blue Planet Integrated Waste Solutions Private Limited|Anthurium Developers Limited|2 x 2 Logistics Private Limited|Åre Villa 3 AB [Formerly known as Visionsbolaget 12191 AB (w.e.f. 26.01.2018)]|The Birmingham Small Arms Company Limited|Sampo Rosenlew Oy, Finland|PT Mahindra Accelo Steel Indonesia|PF Holdings B.V.|Ownership Service Sweden Ab|Mahindra do Brasil Industrial Ltda.|Mahindra and Mahindra South Africa (Proprietary) Limited|Mahindra Vehicle Sales and Service Inc.|Mahindra USA, Inc.|Mahindra Two Wheelers Europe Holdings S.a.r.l|Mahindra South East Asia Limited|Mahindra Racing UK Limited (w.e.f 17.11.2025)|Mahindra MiddleEast Electrical Steel Service Centre (FZC)|Mahindra Ideal Lanka (Private Limited)|Mahindra Ideal Finance Limited [Formerly known as Ideal Finance Limited]|Mahindra Europe s.r.l.|Mahindra Emirates Vehicle Armouring FZ-LLC|Mahindra Automotive Mauritius Limited|Mahindra Automotive Australia Pty. Ltd.|Mahindra Armored Vehicles Jordan, LLC.|Mahindra Aerospace Australia Pty. Limited|MLL Global Logistics Limited (w.e.f. 6.12.2022)|MHR Holdings (Mauritius) Limited|MH Boutique Hospitality Limited (subsidiary on account of control on composition of majority Board of Directors)|Kiinteistö Oy Rauhan Liikekiinteistöt 1|Keskinäinen Kiinteistö Oy Salla Star (w.e.f. 03.07.2025)|Infinity Hospitality Group Company Limited|Holiday Club Sweden Ab  Are|Holiday Club Sport and Spa Hotels AB (Formerly known as Visionsbolaget 10088 AB)|Holiday Club Resorts Oy|Holiday Club Canarias Vacation Club SLU  (formerly known as Passeport Sante SL)|Holiday Club Canarias Sales & Marketing S.L.U|Holiday Club Canarias Resort Management S.L.U|Holiday Club Canarias Investment S.L.U|Heritage Bird (M) Sdn Bhd|Erkunt Traktor Sanayii A.S.|Erkunt Sanayi A.S.|Covington S.ar.l.|Bristlecone UK Limited|Bristlecone Middle East DMCC|Bristlecone International AG|Bristlecone Internacional Costa Rica Limited|Bristlecone Inc.|Bristlecone GmbH|Bristlecone Consulting Limited|Bristlecone (Singapore) Pte. Limited|Bristlecone (Malaysia) SDN.BHD|BSA Corporation Limited|BSA Company Limited|B.S.A. Motor Cycles Limited|Automobili Pininfarina GmbH [Formerly known as Blitz 18-371 GmbH]|Automobili Pininfarina Americas Inc.  (formerly known as Harkey Acquisition, L.L.C., USA )"
TRAVELFOOD,,INE103V01028,ambiguous_holding_indian,OWNER,OWNER,UNKNOWN,,rev1_outside,False,,,86.19,0.0,0.0,0.0,0.0,0.0,0.0,36.18,50.01,50.01,0.0,True,ai_owner,0.9,"Kapur family (Sunil, Varun, Karan, Jay, Ved, Veer Kapur 等 16名 + family holding companies)","Wishopedia Services Private Limited|Whiz Edu Centre LLP|Travel Food Works Private Limited|Think Foods Technology Private Limited|Soham Enclaves LLP|SNVK Management Services Private Limited|River F&B Private Limited|Prime Investment Private Limited|Muffin Design Solutions Private Limited|Mogra Projects LLP|Mogra Life (OPC) Private Limited|Mogra Lane LLP|L.K. Talreja Broking Private Limited|Kardar Films Private Limited|Kapur Family Trust* (Represented through it's
Trustee - SNVK Managment Services Private
Limited)|Kapco Caterers|Kapco Banquets and Catering Private Limited|K Investments Trust|K Corporation Trust|Healthy Pantry LLP|Grand Cuisines Private Limited|Global Kitchens Private Limited|Global Kitchens F&B LLP|Films Private Limited|Everest Caterers LLP|Deluxe Caterers Private Limited|Caterhero Technologies Private Limited|Carousel Events LLP|Bombay Brasserie Private Limited|Blue Cliff Restaurants Private Limited|Alabama Estates LLP|Al-Quresh Exim LLP|Al-Noor Global Exports Private Limited|Whistlestop Operators Limited|Whistlestop Foods Limited|Whistlestop Airports Limited|WA Airport Hospitality Pty Limited|Station Food GmbH|Select Service Partner UK Limited|Select Service Partner Spain Financing S.L.|Select Service Partner Singapore Pte Limited|Select Service Partner SAS|Select Service Partner S.A.U|Select Service Partner Retail Catering Limited|Select Service Partner Restaurants Hellas Single Member SA|Select Service Partner Philippines Corporation|Select Service Partner New Zealand Limited|Select Service Partner Malaysia Sdn Bhd|Select Service Partner Lithuania UAB|Select Service Partner Limited|Select Service Partner LLC|Select Service Partner Israel Limited|Select Service Partner Ireland Limited|Select Service Partner Hong Kong Limited|Select Service Partner Finland OY|Select Service Partner Eesti A/S|Select Service Partner Co Limited|Select Service Partner Bulgaria EOOD|Select Service Partner Asia Pacific Limited|Select Service Partner AS|Select Service Partner (Schweiz) AG|Select Service Partner (Cambodia) Limited|Scandinavian Service Partner AB|SSPMY Serai Sdn Bhd|SSP-Mactan Cebu Corporation|SSP Österreich GmbH|SSP TFS HK Lounge Limited|SSP Sweden Financing AB|SSP South America Holdings Limited|SSP Services (Malaysia) Sdn Bhd|SSP Restaurantes Brasil Limitada|SSP Québec Food Services Inc.|SSP Province SAS|SSP Paris SASU|SSP Norway Financing AS|SSP Newco AB|SSP Nederland B.V.|SSP Museum SAS|SSP Mexico Aeropuertos,S. De R.L. De C.V|SSP Luxembourg S.A|SSP Lounge Holdings Global Limited|SSP Louis Airports Restaurants Limited|SSP Italia S.R.L|SSP Iceland ehf|SSP Hungary Catering KFT|SSP Hudson BNA Concessions, LLC|SSP Group plc|SSP Group Holdings Limited|SSP France Financing SAS|SSP Four Peaks PHX, LLC|SSP Financing UK Limited|SSP Financing No. 2 Limited|SSP Financing Limited|SSP Financing Germany GmbH|SSP Euro Holdings Limited|SSP Emirates LLC|SSP Egypt for Restaurants JSC|SSP Deutschland GmbH|SSP Denmark APS|SSP China Development Limited|SSP Catering Cyprus Limited|SSP Caraïbes|SSP Canada Food Services Inc.|SSP Canada Airport Services Inc.|SSP Bermuda Holdings Limited|SSP Belgium SPRL|SSP Bahrain WLL|SSP Aérobel SPRL|SSP Australia Financing Limited|SSP Australia Catering Pty Limited|SSP Australia Airport F&B Pty Limited|SSP Australia Airport Concessions Pty Limited|SSP Asia Pacific Holdings Limited|SSP Arabia Limited|SSP America, Inc|SSP America Texas, LLC|SSP America Texas, Inc.|SSP America Tampa, LLC|SSP America Sky Gamerz SEA, LLC|SSP America Sky Gamerz ATL, LLC|SSP America STS, LLC|SSP America SRQ, LLC|SSP America SNA, LLC|SSP America SMF, LLC|SSP America SMF II, LLC|SSP America SLC, LLC|SSP America SJC, LLC|SSP America SFO, LLC|SSP America SFB, LLC|SSP America SEA, LLC|SSP America SEA II, LLC|SSP America SAT, LLC|SSP America SAT II, LLC|SSP America SAN, LLC|SSP America SAN T1, LLC|SSP America RSW, LLC|SSP America RDU, LLC|SSP America PIT, LLC|SSP America PIE, LLC|SSP America PHX, LLC|SSP America PHX T3, LLC|SSP America PHL, LLC|SSP America PDX, LLC|SSP America PBI, LLC|SSP America ORD, LLC|SSP America ONT, LLC|SSP America OMA, LLC|SSP America OKC, LLC|SSP America OAK, LLC|SSP America Milwaukee, LLC|SSP America MSY, LLC|SSP America MSP, LLC|SSP America MSN, LLC|SSP America MIA, LLC|SSP America MIA II, LLC|SSP America MDW, LLC|SSP America MCO, LLC|SSP America MCO II, LLC|SSP America LGA, LLC|SSP America LBB, LLC|SSP America KCI, LLC|SSP America KCGI JFK T7, LLC|SSP America JFK, LLC|SSP America JFK T6, LLC|SSP America JFK T5, LLC|SSP America JFK T1, LLC|SSP America IND, LLC|SSP America IND HC, LLC|SSP America IAH ITRP, LLC|SSP America IAH|SSP America IAD, LLC|SSP America Hudson SAT, LLC|SSP America Houston, LLC|SSP America HPN, LLC|SSP America HOU, LLC|SSP America Gladco, Inc|SSP America GSP, LLC|SSP America GEG, LLC|SSP America FAT, LLC|SSP America EWR, LLC|SSP America EWR PB, LLC|SSP America Denver, LLC|SSP America Denver C Core, LLC|SSP America Denver C CTR Core, LLC|SSP America DTW, LLC|SSP America DTW II, LLC|SSP America DFWI, LLC|SSP America DFW, LLC|SSP America DEN C Center West, LLC|SSP America DAL, LLC|SSP America D&B DFW, LLC|SSP America CVG, LLC|SSP America COS, LLC|SSP America CLE, LLC|SSP America CID, LLC|SSP America BUR, LLC|SSP America BOS, LLC|SSP America BOI, LLC|SSP America BNA, LLC|SSP America BDL, LLC|SSP America AZA, LLC|SSP America ATW, LLC|SSP America ATL, LLC|SSP America ABQ, LLC|SSP Airport Restaurants, S.L.|SSP Air Limited|SSP Aeroports Parisiens SAS|SSP AMERICA (USA), LLC|SSP AD Lounges HK Limited|Rail Gourmet UK Holdings Limited|Rail Gourmet U.K. Limited|Rail Gourmet Holding AG|Rail Gourmet Group Limited|Procurement 2U Limited|PT SSP Taurus Gemilang Indonesia|Millie’s Cookies Limited|Millie’s Cookies (Retail) Limited|Millie’s Cookies (Franchise) Limited|Millies Limited|Mack II SSP ATL, LLC|MCO Airport Experience Venture, LLC|Les Buffets Boutiques et Services des Autoroutes de France SNC|LBC PDX, LLC|Jackson Airport Concessions, LLC|Harry’s Airport JV|Grimco Pty. Limited|Good Coffee PDX, LLC|GEI Investments Limited|Foodlasa, S.L.|Flavor of ATL, LLC|ECG Ventures Limited|Crews SSP ATL, LLC|Creative PTI, LLC|Cale Inglis Investments Limited|CBC SSP America DFW, LLC|CBC SSP America DAL, LLC|Belleview Limited|Belleview Holdings Limited|Bars et Restaurants Aéroport Lyon Saint Exupéry SAS|Airport Retail Enterprises Pty Limited|ATL Dine and Fly, LLC|Vinod Chopra|Vidhi Karan Kapur|Veer Kapur|Veena Chopra|Ved Kapur|Varun Kapur|Varun Chopra|Sunil Kapur|Shivani Saahil Murarka|Neelu Kapur|Malti Harish Talreja|Karan Kapur|Jay Kapur|Inaaya Kapur|Harish Balram Talreja|Aisha Kapur|Aditi Varun Kapur"
CRAMC,,INE218I01013,ambiguous_holding_foreign,NOT_OWNER,NOT_OWNER,STATE,STATE=[CANARA BANK(Canara Bank)],rev1_outside,False,,,75.0,0.0,0.0,0.0,0.0,0.0,0.0,0.0,37.0,37.0,0.0,True,ai_state,0.85,Canara Bank (PSU 銀行) + Robeco (外国 AM)。Canara Bank は政府系。JV だが State 色が強い,"Ranjeet Kumar Jha (Jointly with Canara Bank)|Purshottam Chand (Jointly with Canara Bank)|Mahesh Muralidhar Pai (Jointly with Canara Bank)|Kerala Gramin Bank|Karnataka Grameena Bank|Kanimozhi (Jointly with Canara Bank)|Canfin Homes Limited|Canbank Venture Capital Fund Limited|Canbank Financial Services Limited|Canbank Factors Limited|Canbank Computer Services Limited|Canara HSBC Life Insurance Company Limited|Canara Bank Securities Limited|CRMF Trustee Private Limited|Arun Kumar K R (Jointly with Canara Bank)|Alok Kumar Agarwal (Jointly with Canara Bank)|YGT Elektrik Üretim A.Ş.|Workshop 2 Limited|Westfa Limited|Vientos SRL|Vector Energía 2, S.A.|Transtrend B.V.|Tacotán Trigomil Servicios S.A. de C.V.|TPW Petersburg, LLC|St Pierre le Moutier P.V.|Saltos y Centrales De Catalunya, S.A.U|Saltos del Nansa I, S.A.U.|Sabaş Elektrik Üretim A.Ş.|SAM Sustainable Asset Management A.G|Roth Rock Wind Farm, LLC|Roth Rock North Wind Farm, LLC|Roth Rock Holdings, LLC|Robeco Singapore Private Limited|Robeco Schweiz A.G|Robeco Private Fund Management (Shanghai) Co. Ltd.|Robeco Overseas Investment Fund Management (Shanghai) Limited Company|Robeco Nederland B.V.|Robeco Miami B.V.|Robeco Japan Company Limited|Robeco Institutional Asset Management US Inc.|Robeco Institutional Asset Management UK Limited|Robeco Institutional Asset Management B.V.|Robeco Indices B.V.|Robeco Hong Kong Limited|Robeco Holding B.V.|Robeco France S.A.S|Ro-Boetie S.A.S|Renovables Torrejoncillo del Rey, AIE|R. Power Italy Sol S.R.L.|R. Power Italy Helios 1 S.R.L.|Planta Fotovoltaica Torrijos, S.L.U.|Pharos 3 S.R.L.|Pharos 2 S.R.L.|Parque Eólico Salguero, S.L.|Parque Eólico Rondavino, S.L.|Parque Eólico Monte Becerril, S.L.U.|Parque Eólico Miravete, S.L.U.|Parque Eólico Iniesta, S.L.U.|Parque Eólico Becerril, S.L.|PINDO WIND S.M.P.C.|PD Lessor Parent, LLC.|PD Lessee, LLC.|PD Beta, LLC.|PD Alpha, LLC.|Orix Corporation Europe N V|ORIX Corporation, Tokyo|ORIX Corporation UK Limited|OCE US Holding Inc|OCE US Holding B.V.|OCE Nederland B.V.|North Buffalo Wind, L.L.C.|Nebraska Wind I, LLC|Modderfontein Wind Energy Project Proprietary Limited|Macambiras Holding, S.A.|Konesticial, S.L.U.|Hidroeléctrica del Serrado, S.L.U.|Hidroeléctrica de Tacotán, S.A. de C.V.|Hidroeléctrica Trigomil, S.A. de C.V.|Harbor Trust Company, Inc|Harbor Services Group, Inc|Harbor Funds Distributors Inc.|Harbor Capital Advisors, Inc|Gómez Narro Renovables 132 kV, AIE|Gravis Capital Management Limited|Gravis Advisory Limited|Gournay PV S.A.S.|Gestamp and Sarge Wind Proprietary Limited|Gestamp Wind Africa, Ltd|Flat Water Wind Farm, LLC|Flat Water Wind Farm 2, LLC.|Flat Water Holdings, LLC|Farma Wiatrowa Wronczyn Sp. Z.o.o. (formerly known as Elawan Solar Polska Sp. z.o.o.)|Farma Wiatrowa Szerzawy Sp. z o.o.|Farma Wiatrowa Kłęby Sp. z o.o.|Farma Wiatrowa Bukówiec Górny Sp. z o.o.|Eólica Pirauá – Geradora de Energía S.A.|Eólica Pedra do Reino V S.A.|Eólica Limoeiros S.A.|Eólica Huimilpan, S.A.P.I de C.V.|Eólica Gravatá - Geradora de Energía S.A.|Eólica Del Mayab, S.A.P.I de C.V.|Erge Occidente, S.L.|Erge Aragon S.L.|ElawanEnergy Italia S.R.L.|Elawan Worksop 1 Limited|Elawan Wind Petersburg, Inc. (formerly named Gestamp Wind Petersburg, Inc)|Elawan Wind North America, Inc. (formerly named Gestamp Wind North America, Inc)|Elawan Wind Mexico III, S.A.P.I de C.V.|Elawan Wind Mexico II, S.A.P.I de C.V.|Elawan Wind Mexico I, S.A.P.I de C.V.|Elawan Wind Energy North America, Inc. (formerly named Gestamp Wind Energy North America, Inc.)|Elawan Wind Berezeni SRL|Elawan Wind Annapolis, Inc. (formerly named Gestamp Wind Annapolis, Inc)|Elawan Wind 14, Sp. z o.o.|Elawan Whitley Limited|Elawan Whinmoor Limited|Elawan Torquay Limited|Elawan Tierras del Cid, S.L.U.|Elawan Sunset Hills Solar, LLC|Elawan Staygate Limited|Elawan Saltos de Agua S.L.U. (antes denominada Acciona Saltos de Agua S.L.U.) (nueva denominación pendiente de inscripción en el registro mercantil)|Elawan Pitts Dudik Solar, LLC|Elawan Pitts Dudik Solar II, LLC|Elawan Petersburg Holdings, LLC (formerly named Gestamp Petersburg Holdings, LLC)|Elawan Neutron Storage, LLC.|Elawan Laxfield Limited|Elawan Harlow West Limited|Elawan HC Eolica, S.L.|Elawan Fotovoltaica Villanueva , S.L.U.|Elawan Fotovoltaica Velilla, S.L.U.|Elawan Fotovoltaica Torrijos 220, S.L.U.|Elawan Fotovoltaica Manzanares, S.L.U.|Elawan Fotovoltaica Fuendetodos 2, S.L.U.|Elawan Fotovoltaica Fuendetodos 1, S.L.U.|Elawan Fotovoltaica Escuderos 5, S.L.U.|Elawan Fotovoltaica Escuderos 4, S.L.U.|Elawan Fotovoltaica Escuderos 3, S.L.U.|Elawan Fotovoltaica Escuderos 2, S.L.U.|Elawan Fotovoltaica Escuderos 1, S.L.U.|Elawan Fotovoltaica Escatrón 3, S.L.U.|Elawan Fotovoltaica Escatrón 2, S.L.U.|Elawan Fotovoltaica Escatrón 1, S.L.U.|Elawan Fotovoltaica Campanario 5, S.L.U.|Elawan Fotovoltaica Campanario 4, S.L.U.|Elawan Fotovoltaica Campanario 3, S.L.U.|Elawan Fotovoltaica Campanario 2, S.L.U.|Elawan Fotovoltaica Campanario 1, S.L.U.|Elawan Fotovoltaica Brazatortas 220, S.L.U.|Elawan Fotovoltaica Brazatortas 2, S.L.U.|Elawan Fotovoltaica Brazatortas 1, S.L.U.|Elawan Fotovoltaica Belinchón 3, S.L.U.|Elawan Fotovoltaica Belinchón 2, S.L.U.|Elawan Fotovoltaica Belinchón 1, S.L.U.|Elawan Eólica Rio Grande do Norte S.A.|Elawan Eólica Passagem S.A.|Elawan Eólica Macambira II – S.A.|Elawan Eólica Macambira I – S.A.|Elawan Eólica Jardins–S.A.|Elawan Eólica Fuente Álamo, S.L.U.|Elawan Eólica Frontones, S.L.U.|Elawan Eólica Derramador, S.L.U.|Elawan Eólica Brasil, S.A.|Elawan Eólica Alvorada –S.A.|Elawan Eólica Agreste –S.A.|Elawan Energy, S.L.|Elawan Energy Wallonie, S.A.|Elawan Energy Vaslui, S.R.L.|Elawan Energy Valdecarretas, S.L.U.|Elawan Energy UK Limited|Elawan Energy Tordesillas 4, S.L.U.|Elawan Energy Tordesillas 3, S.L.U.|Elawan Energy Tordesillas 2, S.L.U.|Elawan Energy Tordesillas 1, S.L.U.|Elawan Energy Salazine, S.A.|Elawan Energy Romania, SRL|Elawan Energy Portugal, LDA.|Elawan Energy Polska, Sp. z o.o.|Elawan Energy Olmedo 3, S.L.U.|Elawan Energy Olmedo 2, S.L.U.|Elawan Energy Olmedo 1, S.L.U.|Elawan Energy Mexico S.A. de C.V.|Elawan Energy Merbes, S.A.|Elawan Energy Jumilla 2, S.L.U.|Elawan Energy Jumilla 1, S.L.U.|Elawan Energy Jijona 2, S.L.U.|Elawan Energy Italia Solar 6, S.R.L.|Elawan Energy Italia Solar 5, S.R.L.|Elawan Energy Italia Solar 4, S.R.L.|Elawan Energy Italia Solar 3, S.R.L.|Elawan Energy Italia Solar 2, SRL, abreviatura EEI Solar 2, SRL|Elawan Energy Italia Solar 1, SRL, abreviatura EEI Solar 1, SRL|Elawan Energy Hannut, S.A.|Elawan Energy Glabais, S.A.|Elawan Energy France, SAS|Elawan Energy Feluy, S.A.|Elawan Energy Developments 4, S.L.U.|Elawan Energy Developments 3, S.L.U.|Elawan Energy Developments 2, S.L.U.|Elawan Energy Developments 1, S.L.U.|Elawan Energy Deutschland Developments, GmbH|Elawan Energy Deutschland 2, GmbH|Elawan Energy Deutschland 1, GmbH|Elawan Energy Colombia, SAS|Elawan Energy Colombia Developments, S.A.|Elawan Energy Castilla La Mancha, S.L.U.|Elawan Energy Bucharest Renewable Energy 10 S.R.L.|Elawan Energy Beaumont, S.A.|Elawan Energy Ayora 4, S.L.U.|Elawan Energy Ayora 3, S.L.U.|Elawan Energy Ayora 2, S.L.U.|Elawan Energy Ayora 1, S.L.U.|Elawan Energy Appalachia, LLC|Elawan Energy 28 Sp. Z.o.o.|Elawan Energy 27 Sp. Z.o.o.|Elawan Energy 26 Sp. Z.o.o.|Elawan Energy 25 Sp. Z.o.o.|Elawan Dileo Solar, LLC|Elawan Desenvolvimentos Brasil, S.A.|Elawan Cibeles Solar, LLC|Elawan Chirton Grange Limited|Elawan Bowesfield Limited|Elawan Berkswell Limited|Elawan Belchamp Limited|Elawan Barrow Limited|Elawan Barrow 2 Limited|EWNA PD Investor, Inc.|ENR EEF 24, SAS|ENR EEF 23, SAS|ENR EEF 22, SAS|ENR EEF 21, SAS|ENR EEF 20, SAS|ENR EEF 19, SAS|ENR EEF 18, SAS|ENR EEF 17, SAS|ENR EEF 16, SAS|ENR EEF 15, SAS|ENR EEF 14, SAS|ENR EEF 13, SAS|ENR EEF 12, SAS|ENR EEF 11, SAS|E.R.P. 11, S.R.L.|E.R.P, S.R.L.|E.R.P, 8 S.R.L.|E.R.P, 5 S.R.L.|E.R.P, 3 S.R.L.|E.R.P, 2 S.R.L.|E.R.P, 1 S.R.L.|E.R.P 6, S.R.L.|Dileo Lessor Parent, LLC.|Dileo Lessee, LLC.|Deltrade 67 Propiertary Ltd|Copperton Wind Farm (Pty) Ltd|Copperton Maintenance Services Proprietary Limited|Canela Wind 4 (Pty) Limited|Canela Wind 3 (Pty) Limited|Canela Wind 2 (Pty) Limited|Canela Wind 1 (Pty) Limited|Canela Ren 3 (Pty) Limited|Canela Ren 2 (Pty) Limited|Canela Ren 1 (Pty) Limited|Canara Tanzania Ltd|Boston Partners Trust Company|Boston Partners Securities, LLC|Boston Partners Global Investors Inc.|Boston Partners (UK) Limited|Beyçelik Elawan Yenilenebilir Enerji Üretimi A.Ş.|Beyçelik Elawan UA 1 Renewable Energy, LLC|Beyçelik Elawan Renewable Energy, LLC.|Bewen Enerji Anonim Şirketi|Beeston Royds Limited|Bak Enerji Üretimi A.Ş.|BER Enerji Üretim A.Ş.|Canara Bank"
ENRIN,,INE1NPP01017,ambiguous_holding_foreign,NOT_OWNER,NOT_OWNER,UNKNOWN,,rev1_outside,False,,,75.0,0.0,0.0,0.0,0.0,0.0,0.0,0.0,75.0,75.0,0.0,True,ai_mnc,0.99,Siemens Aktiengesellschaft + Siemens Energy Holding B.V. 等 = ドイツ多国籍企業 Siemens Energy,"Siemens Metals Technologies Vermogensverwaltungs GmbH|Siemens International Holding B.V.|Siemens Energy Investment B.V.|Siemens Energy Holding B.V.|Siemens Energy Holdco B.V.|Siemens Aktiengesellschaft, Germany"
EUREKAFORB,,INE0KCE01017,ambiguous_holding_foreign,NOT_OWNER,NOT_OWNER,UNKNOWN,,rev1_outside,False,,,62.56,0.0,0.0,0.0,0.0,0.0,0.0,0.0,62.56,62.56,0.86,True,ai_professional,0.85,Lunolux Limited = Advent International (PE ファンド) が 2023 年に Shapoorji Pallonji から買収,Lunolux Limited
SAGILITY,,INE0W2G01015,ambiguous_holding_foreign,OWNER_WEAK,OWNER_WEAK,UNKNOWN,,rev1_outside,False,,,50.95,0.0,0.0,0.0,0.0,0.0,0.0,0.0,50.95,50.95,0.0,True,,,,Sagility Mezz B.V.|Sagility Holdings B.V.|Sagility B.V
SANOFICONR,,INE0UOS01011,ambiguous_holding_foreign,OWNER_WEAK,NOT_OWNER,MNC,"MNC=[Sanofi(Sanofi SA (France)),sanofi(Sanofi SA (France))]",rev1_outside,False,,,71.27,0.0,0.0,0.0,0.0,0.0,0.0,0.0,71.27,71.27,0.0,True,,,,"Winthrop Pharma Tunisie|Sanofi Vietnam|Sanofi|Sanjiu Sanofi (Shenzhen) Consumer Healthcare Ltd|SUNSTONE CHINA LIMITED|SANOFI HISAMITSU K.K.|SA healthcare pty Australia|Opella Pom UK Limited|Opella Heathcare SAS, France|Opella Healthcare Participations B.V.|Opella Canada Inc.|Opal Bidco SAS|OH Ukraine LLC|OH UK Limited|OH Slovakia s.r.o|OH Singapore Pte. Ltd|OH Romania S.R.L.|OH Portugal Unipessoal LDA|OH Poland sp. z.o.o.|OH Philippines Inc.|OH Korea Inc.|OH Italy S.r.l|OH Hungary K.F.T.|OH Gulf FZE|OH Egypt LLC|OH Czech s.r.o.|OH Commercial K.F.T.|OH Belgium NV/SA|OH Austria GmbH|OH Argentina S.A.U|OH (Malaysia) Sdn. Bhd.|Hoechst GMBH"
SKFINDUS,,INE2J8701016,ambiguous_holding_foreign,NOT_OWNER,NOT_OWNER,UNKNOWN,,rev1_outside,False,,,52.58,0.0,0.0,0.0,0.0,0.0,0.0,0.0,52.58,52.58,0.0,True,ai_mnc,0.95,SKF India = スウェーデン SKF AB グループ。shareholder_name データ不備 ('1') だが企業は明確に MNC 子会社,1
TENNIND,,INE19RI01016,ambiguous_holding_foreign,NOT_OWNER,NOT_OWNER,UNKNOWN,,rev1_outside,False,,,74.79,0.0,0.0,0.0,0.0,0.0,0.0,0.0,74.79,74.79,0.0,True,ai_mnc,0.99,Tenneco Inc. (米国自動車部品) グループの多数子会社が列挙,"Tenneco India Operations Private Limited|Tenneco Global Services Private Limited|Tenneco Automotive India Private Limited|Motocare India Private Limited|Federal-Mogul TPR (India) Limited|Federal-Mogul Sealings India Limited|Federal-Mogul Powertrain Solutions India Private Limited|Federal-Mogul Motorparts (India) Limited|Federal-Mogul Ignition Products India Limited|Federal-Mogul Goetze (India) Limited|Federal-Mogul Bearings India Limited|Yura Federal Mogul Sejong Ignition Limited Liability Company|Wuhan Tenneco Exhaust System Company|Wimetal S.A.S.|Wellworthy Limited|Walker Manufacturing Company LLC|Walker Limited|Walker Gillet (Europe) GmbH|Walker Exhaust (Thailand) Co.,Ltd.|Walker Europe, LLC|Walker Danmark APS|Walker Australia Pty. Limited|The Tenneco Automotive (UK) Pension Scheme Trustee Limited|The Pullman Company LLC|Tenneco-Walker (Tianjin) Exhaust System Co., Ltd.|Tenneco Zwickau GmbH|Tenneco Walker (UK) Ltd|Tenneco Walker (Beijing) Automotive Parts Co., Ltd.|Tenneco Sverige AB|Tenneco Solucoes em Performance Automotiva Ltda|Tenneco Sistemas Automotivos Ltda.|Tenneco Silesia Sp. z o.o.|Tenneco Romania Services SRL|Tenneco Ride Performance US 5 LLC|Tenneco Ride Performance US 4 LLC|Tenneco Ride Control South Africa (Pty) Ltd.|Tenneco Receivables Limited|Tenneco Receivables LLC|Tenneco Powertrain (Thailand) Co., Ltd.|Tenneco Port Elizabeth (Proprietary) Limited|Tenneco NVH (Taicang) Co., Ltd.|Tenneco Mexico, S. de R.L. de C.V.|Tenneco Mexico Holding S.a.r.l.|Tenneco Mauritius Holdings Limited|Tenneco Mauritius China Holdings Limited|Tenneco Management (Europe) Limited|Tenneco Lingchuan (Chongqing) Exhaust System Co., Ltd.|Tenneco Korea Limited|Tenneco Japan Ltd.|Tenneco Ivory Holdco, LLC|Tenneco International Manufacturing S.a.r.l.|Tenneco International Luxembourg S.a.r.l.|Tenneco International Holding LLC|Tenneco Innovación, S.L.|Tenneco Inc|Tenneco Hungary Kft.|Tenneco Hong Kong Holdings Limited|Tenneco Holdings LLC|Tenneco Holdings Danmark ApS|Tenneco GmbH|Tenneco Global Holdings LLC|Tenneco Fusheng (Chengdu) Automobile Parts Co., Ltd.|Tenneco FAWSN (Tianjin) Automobile Parts Co., Ltd.|Tenneco FAWSN (Foshan) Automotive Parts Co., Ltd.|Tenneco FAWSN (Changchun) Automotive Part Co., Ltd.|Tenneco Etain S.A.S.|Tenneco Emission Control (Pty) Ltd|Tenneco Eastern European Holdings S.a.r.l.|Tenneco Deutschland Holdinggesellschaft GmbH|Tenneco Controlled Power Germany GmbH|Tenneco Clean Air US LLC|Tenneco Clean Air Spain, S.L.U.|Tenneco Clean Air Luxembourg Holding S.a.r.l.|Tenneco Canada Inc.|Tenneco CA Mexico, S. de R.L. de C.V.|Tenneco CA Czech Republic s.r.o.|Tenneco Brake, LLC|Tenneco Automotive Walker LLC|Tenneco Automotive Volga LLC|Tenneco Automotive UK Limited|Tenneco Automotive Trading Company LLC|Tenneco Automotive Servicios Mexico, S. de R.L. de C.V.|Tenneco Automotive Second RSA Company LLC|Tenneco Automotive RSA Company LLC|Tenneco Automotive Portugal - Componentes Para Automovel, Unipessoal, LDA|Tenneco Automotive Port Elizabeth (Pty) Ltd|Tenneco Automotive Polska Sp. z o.o.|Tenneco Automotive Operating Company LLC|Tenneco Automotive Nederland B.V.|Tenneco Automotive Italia S.R.L.|Tenneco Automotive Inc. (Nevada)|Tenneco Automotive Iberica, SA|Tenneco Automotive Holdings South Africa Pty. Ltd.|Tenneco Automotive France S.A.S.|Tenneco Automotive Foreign Sales Corp.|Tenneco Automotive Europe Coordination Center BV|Tenneco Automotive Europe BV|Tenneco Automotive Eastern Europe sp z o.o.|Tenneco Automotive Deutschland GmbH|Tenneco Automotive Brasil Ltda|Tenneco Automotive (Thailand) Limited|Tenneco Asia LLC|Tenneco Asheville LLC|Tenneco (Suzhou) Ride Control Co.,Ltd.|Tenneco (Suzhou) Emission System Co., Ltd.|Tenneco (Suzhou) Company Ltd.|Tenneco (Shanghai) Ride Performance Co., Ltd.|Tenneco (Mauritius) Limited|Tenneco (MUSA) LLC|Tenneco (Guangzhou) Co., Ltd.|Tenneco (Dalian) Exhaust System Co.,Ltd|Tenneco (China) Co., Ltd.|Tenneco (Changzhou) Ride Control Co.,Ltd.|Tenneco (Beijing) Ride Control Systems Co. Ltd.|Tenneco (Beijing) Exhaust Systems Co., Ltd.|Taiwan Federal-Mogul Motorparts Co., Limited|TPR Federal-Mogul Tennessee, Inc.|TMC Texas LLC|TA (Australia) Group Pty. Ltd.|T&N Industries, LLC|Systems Protection Korea Ltd.|Systems Protection Group US LLC|Speyside Real Estate, LLC|Sintration Limited|Shanghai Tenneco Exhaust System Co., Ltd.|Shanghai Tenneco Automotive Parts Co., Ltd.|Shanghai DRiV Automotive Industry Co., Ltd.|Servicios Administrativos Industriales, S. de R.L. de C.V.|Servicio de Componentes Automotrices, S.de R.L. de C.V.|SAXID Limited|Ride Performance Mexico Holding LLC|Ride Performance Canada Ltd.|Raimsa, S. de R.L. de C.V.|Qingdao Tenneco FAWSN Automobile Parts Co., Ltd.|Proveedora Walker, S.de R.L. de C.V.|Productos de Frenos Automotrices de Calidad S.A. de C.V.|Precision Modular Assembly LLC|Platinum 13. SE|Piston Rings (UK) Limited|Perseus Parent Intermediate, Inc.|Pegasus OpCo Holdings, LLC|Pegasus Holdings III, LLC|Payen International Limited|Ocotea Sp. z.o.o.|Muzzy-Lyon Auto Parts LLC|Montagewerk Abgastechnik Emden GmbH|Monroe Springs (Australia) Pty. Ltd.|Monroe Ride Performance Sweden AB|Monroe Packaging BV|Monroe Mexico, S. de R.L. de C.V.|Monroe Manufacturing (Proprietary) Limited|Monroe Holding, S. de R.L. de C.V.|Monroe Czechia s.r.o.|Monroe Australia Pty. Limited|Monroe Amortisor Imalat ve Ticaret Anonim Sirketi|McPherson Strut Company LLC|McCord Payen de Mexico S. de R.L. de C.V.|Maco Inversiones SA|MRS Ride Solutions AB|Leeds Piston Ring & Engineering Co. Limited|Kinetic Pty. Ltd.|Goetze Wohnungsbau GmbH|Gasket Holdings, LLC|Fric Rot S.A.I.C|Frenos Hidraulicos Automotrices, S.A. de C.V.|Forjas y Maquinas, S. de R.L. de C.V.|Fonciere de Liberation SAS|Ferodo Limited|Ferodo America, LLC|Federal-Mogul of South Africa (Proprietary) Limited|Federal-Mogul de Venezuela, C.A.|Federal-Mogul de Matamoros, S.de R.L. de C.V.|Federal-Mogul de Guatemala, S.A.|Federal-Mogul de Costa Rica, S.A.|Federal-Mogul Zhengsheng (Changsha) Piston Ring Co., Ltd.|Federal-Mogul Yura (Qingdao) Ignition Co., Ltd.|Federal-Mogul World Wide LLC|Federal-Mogul World Trade (Asia) Limited|Federal-Mogul Wiesbaden GmbH|Federal-Mogul Verwaltungs und Beteiligungs GmbH|Federal-Mogul Valvetrain s.r.o.|Federal-Mogul Valvetrain Schirmeck SAS|Federal-Mogul Valvetrain Limited|Federal-Mogul Valvetrain La Source SAS|Federal-Mogul Valvetrain International LLC|Federal-Mogul Valvetrain GmbH|Federal-Mogul Valve Train S. de R.L. de C.V.|Federal-Mogul VCS OOO|Federal-Mogul VCS Holding B.V.|Federal-Mogul UK Powertrain Limited|Federal-Mogul UK Investments Limited|Federal-Mogul Transaction LLC|Federal-Mogul Trademarks Limited|Federal-Mogul Technology Limited|Federal-Mogul TSC Real Estate Holdings LLC|Federal-Mogul TP Piston Rings GmbH|Federal-Mogul TP Liners, Inc.|Federal-Mogul TP Liner Europe Otomotiv Ltd. Sti.|Federal-Mogul TP Europe GmbH & Co. KG|Federal-Mogul Systems Protection SAS|Federal-Mogul Systems Protection Morocco SARL AU|Federal-Mogul Systems Protection Hungary Kft.|Federal-Mogul Sorocaba-Holding Ltda.|Federal-Mogul Singapore Investments Pte. Ltd.|Federal-Mogul Shanghai Compound Material Co., Ltd.|Federal-Mogul Shanghai Bearing Co., Ltd.|Federal-Mogul Sevierville, LLC|Federal-Mogul Services Sarl|Federal-Mogul Serina Co., Ltd.|Federal-Mogul Sejong Tech Ltd|Federal-Mogul Sejong Co., Ltd|Federal-Mogul Sealing Systems GmbH|Federal-Mogul Sealing System (Nanchang) Co., Ltd.|Federal-Mogul SP Mexico, S. de R.L. de C.V.|Federal-Mogul SAS|Federal-Mogul S. de R.L. de C.V.|Federal-Mogul Risk Advisory Services LLC|Federal-Mogul R&L Friedberg Casting GmbH & Co. KG|Federal-Mogul Products US LLC|Federal-Mogul Powertrain Vostok OOO|Federal-Mogul Powertrain Systems S A (Proprietary) Limited|Federal-Mogul Powertrain Russia GmbH|Federal-Mogul Powertrain Philippines Inc.|Federal-Mogul Powertrain Otomotiv A.S.|Federal-Mogul Powertrain Mexico Distribucion S. de R.L. de C.V.|Federal-Mogul Powertrain LLC|Federal-Mogul Powertrain Italy S.R.L|Federal-Mogul Powertrain IP LLC|Federal-Mogul Powertrain Eastern Europe B.V.|Federal-Mogul Powertrain (Netherlands) B.V.|Federal-Mogul Plasticos Puntanos, S.A.|Federal-Mogul Piston Rings, LLC|Federal-Mogul Participacoes e Investimentos Ltda.|Federal-Mogul Operations France S.A.S.|Federal-Mogul Nürnberg GmbH|Federal-Mogul Naberezhnye Chelny|Federal-Mogul Motorparts TSC, LLC|Federal-Mogul Motorparts Pty Ltd|Federal-Mogul Motorparts Poland Sp.z.o.o.|Federal-Mogul Motorparts Philippines, Inc.|Federal-Mogul Motorparts Minority Holding B.V.|Federal-Mogul Motorparts Limited|Federal-Mogul Motorparts LLC|Federal-Mogul Motorparts Holding GmbH|Federal-Mogul Motorparts Holding B.V.|Federal-Mogul Motorparts Colombia S.A.S.|Federal-Mogul Motorparts (Zhejiang) Co., Ltd.|Federal-Mogul Motorparts (Thailand) Limited|Federal-Mogul Motorparts (Singapore) Pte. Ltd.|Federal-Mogul Motorparts (Pinghu) Trading Limited|Federal-Mogul Motorparts (Netherlands) B.V.|Federal-Mogul MP US LLC|Federal-Mogul Luxembourg S.a.r.l.|Federal-Mogul Limited|Federal-Mogul Japan K.K.|Federal-Mogul Izmit Piston ve Pim Uretim Tesisleri A.S.|Federal-Mogul Italy S.R.L.|Federal-Mogul Investment Ltd.|Federal-Mogul International, LLC|Federal-Mogul Ignition Products SAS|Federal-Mogul Ignition LLC|Federal-Mogul Iberica, S.L.|Federal-Mogul Hungary Kft.|Federal-Mogul Holding Sweden AB|Federal-Mogul Holding Deutschland GmbH|Federal-Mogul Holding Daros AB|Federal-Mogul Goteborg AB|Federal-Mogul Gorzyce Sp. z o.o.|Federal-Mogul GmbH|Federal-Mogul Global Growth Limited|Federal-Mogul Global Aftermarket EMEA, B.V.|Federal-Mogul Germany Investments Holding GmbH|Federal-Mogul Garennes SAS|Federal-Mogul Friedberg GmbH|Federal-Mogul Friction Spain, S.L.|Federal-Mogul Friction Products, S.A.|Federal-Mogul Friction Products a.s.|Federal-Mogul Friction Products Ploiesti SRL|Federal-Mogul Friction Products Limited|Federal-Mogul Friction Products International GmbH|Federal-Mogul Friction Products GmbH|Federal-Mogul Friction Products Co., Ltd|Federal-Mogul Friction Products Barcelona, S.L.|Federal-Mogul Financial Services S.A.S.|Federal-Mogul Financial Services Poland Sp.z.o.o.|Federal-Mogul Finance 2, LLC|Federal-Mogul Finance 1, LLC|Federal-Mogul FIL-S43, S. de R.L. de C.V.|Federal-Mogul Engineering Limited|Federal-Mogul Employee Trust Administration Limited|Federal-Mogul EMEA Distribution Services, B.V.|Federal-Mogul Dongsuh (Qingdao) Pistons Co., Ltd.|Federal-Mogul Dong Feng (Shiyan) Engine Components Co., Ltd.|Federal-Mogul Dis Ticaret A.S.|Federal-Mogul Dimitrovgrad LLC|Federal-Mogul Deva GmbH|Federal-Mogul Deva (Qingdao) Automotive Parts Co., Ltd.|Federal-Mogul DE Mexico, S. de R.L. de C.V.|Federal-Mogul Coventry Limited|Federal-Mogul Controlled Power Limited|Federal-Mogul Chassis LLC|Federal-Mogul Canada Limited|Federal-Mogul Burscheid GmbH|Federal-Mogul Burscheid Beteiligungs GmbH|Federal-Mogul Bremsbelag GmbH|Federal-Mogul Bradford Limited|Federal-Mogul Bimet Spolka Akcyjna|Federal-Mogul Betriebsgrundstucke Burscheid GmbH|Federal-Mogul Automotive Pty. Limited|Federal-Mogul Asia Investments Limited|Federal-Mogul Asia Investments Holding Korea, Ltd.|Federal-Mogul Argentina S.A.|Federal-Mogul Aftermarket UK Limited|Federal-Mogul Aftermarket GmbH|Federal-Mogul Aftermarket France SAS|Federal-Mogul Aftermarket Egypt Ltd.|Federal-Mogul (Vietnam) Ltd.|Federal-Mogul (Tianjin) Surface Treatment Co., Ltd.|Federal-Mogul (Thailand) Ltd.|Federal-Mogul (T&N) Hong Kong Limited|Federal-Mogul (Shanghai) Automotive Parts Co., Ltd|Federal-Mogul (Langfang) Automotive Components Co., Ltd.|Federal-Mogul (Chongqing) Friction Materials Co., Ltd.|Federal-Mogul (China) Co., Ltd.|Federal-Mogul (Changshu) Automotive Parts Co., Ltd.|Federal-Mogul (Anqing) Powder Metallurgy Co., Ltd.|Federal Mogul Vermogensverwaltungs-Gmbh|Federal Mogul Investments B V|Federal Mogul Ignition GmbH|Federal - Mogul Pty Ltd|Federal  Mogul Holdings Ltd.|Farloc Argentina S.A.I.C. y F.|FDML Holdings Limited|F-M Holding Mexico, S.A. de C.V.|DriV Ukraine LLC|Dongsuh Federal-Mogul Industrial Co. Ltd.|DRiV de México, S. de R.L. de C.V.|DRiV Romania Services SRL|DRiV Poland spółka z ograniczoną odpowiedzialnością|DRiV Japan Ltd.|DRiV IP LLC|DRiV Germany GmbH|DRiV Direct LLC|DRiV Brasil Solucoes Automotivas LTDA|DRiV (Netherlands) Holding B.V.|DRiV (Brazil) Holdings BV|DFMMP LLC|Coöperatief Tenneco Netherlands U.A.|Coöperatief Federal-Mogul Dutch Investments B.A.|Coventry Assurance Ltd.|Componentes Venezolanos de Direccion, S.A.|Carter Automotive Company LLC|CED's LLC|CATAI S.R.L.|Braking Products Group US LLC|Beck Arnley Holdings LLC|Autopartes Walker S de RL de CV|Ateliers Juliette Adam SAS|Armstrong Properties (Proprietary) Limited|Anqing TP Powder Metallurgy Co. Ltd.|Anqing TP Goetze Piston Ring Co., Ltd.|Advanced Suspension Technology LLC|AE International Limited|A.E. Group Machines Limited"
THELEELA,,INE0AQ201015,ambiguous_holding_foreign,NOT_OWNER,NOT_OWNER,UNKNOWN,,rev1_outside,False,,,75.91,0.0,0.0,0.0,0.0,0.0,0.0,0.0,75.91,75.91,0.0,True,ai_professional,0.9,BSREP III 各社 = Brookfield (PE ファンド) の不動産投資 vehicle,PROJECT BALLET UDAIPUR HOLDINGS (DIFC) PVT LTD|PROJECT BALLET HMA HOLDINGS (DIFC) PVT LTD|PROJECT BALLET GANDHINAGAR HOLDINGS (DIFC) PVT LTD|PROJECT BALLET CHENNAI HOLDINGS (DIFC) PVT LTD|PROJECT BALLET BANGALORE HOLDINGS (DIFC) PVT LTD|BSREP III TADOBA HOLDINGS (DIFC) PVT LTD|BSREP III JOY TWO HOLDINGS (DIFC) LIMITED|BSREP III INDIA BALLET HOLDINGS (DIFC) LIMITED
GRINDWELL,,INE536A01023,ambiguous_mnc_jv_candidate,OWNER_WEAK,NOT_OWNER,MNC,"MNC=[Saint Gobain(Compagnie de Saint-Gobain),Spafi(Compagnie de Saint-Gobain)]",rev1_outside,False,,,58.03,6.44,6.44,0.0,0.0,0.0,0.0,0.27,51.33,51.33,0.0,True,,,,Saint Gobain India Private Limited|Spafi-Societe De Participations Financieres Et Industrielles|Saint Gobain Abrasives Inc|Vera Anand Mahajan|Mikhil M Narang|Malvinder C Narang|Khursheed M Narang|Danesh M Narang|Ashaita Mahajan|Anand Yashavant Mahajan|Aakil Anand Mahajan
HCG,,INE075I01017,ambiguous_mnc_jv_candidate,OWNER_WEAK,NOT_OWNER,PROFESSIONAL,PROFESSIONAL=[HECTOR ASIA HOLDINGS(KKR (PE controlling))],rev1_outside,False,,,64.21,9.86,9.76,0.0,0.06,0.04,0.0,0.18,54.27,54.27,0.0,True,ai_owner_weak,0.7,Ajaikumar family (Dr. B.S. Ajaikumar 創業者 + 家族 5名) 9.76%。KKR (Hector Asia) 54.27%。創業家は chairman だが PE majority,CATALYST TRUSTEESHIP LIMITED|HECTOR ASIA HOLDINGS II PTE. LTD.|BHAGYA A AJAIKUMAR|B S AJAIKUMAR|ASMITHA AJAIKUMAR|ANJALI AJAIKUMAR ROSSI|AAGNIKA AJAIKUMAR
PFOCUS,,INE367G01038,ambiguous_mnc_jv_candidate,OWNER,OWNER,UNKNOWN,,rev1_outside,False,,,60.77,7.83,7.53,0.3,0.0,0.0,0.0,0.0,53.23,53.23,0.0,True,ai_owner,0.9,"Malhotra family (Namit Malhotra = CEO/創業者, Naresh Malhotra 父) + A2R Holdings (family holding)",A2R Holdings|Naresh Mahendranath Malhotra|Namit Malhotra
AADHARHFC,,INE883F01010,excluded_no_natural_no_holding,NOT_OWNER,NOT_OWNER,PROFESSIONAL,PROFESSIONAL=[BCP Asia(Blackstone PE)],rev1_outside,False,,,64.9,0.41,0.0,0.34,0.07,0.0,0.0,0.0,64.9,64.9,0.0,False,,,,Blackstone Capital Partners Asia II L.P.|Blackstone Capital Partners (CYM) IX AIV - F L.P|BCP Asia II Holdco VII Pte. Ltd.
BBOX,,INE676A01027,excluded_no_natural_no_holding,NOT_OWNER,NOT_OWNER,UNKNOWN,,rev1_outside,False,,,70.49,1.6,0.0,1.6,0.0,0.0,0.0,0.0,70.49,70.49,0.12,False,,,,Essar Steel Metal Trading Limited|Essar Telecom Limited|Essar Investment Holdings Mauritius Ltd|Essar Global Limited|Essar Global Holdings Limited|Essar Global Fund Limited|Equinox Realty Holdings Limited|Equinox Capital Limited|SANJEEV S VERMA
BLUEDART,,INE233B01017,excluded_no_natural_no_holding,NOT_OWNER,NOT_OWNER,UNKNOWN,,rev1_outside,False,,,75.0,0.0,0.0,0.0,0.0,0.0,0.0,0.0,75.0,75.0,0.0,False,,,,Dhl Express (Singapore) Pte Ltd
CRISIL,,INE007A01025,excluded_no_natural_no_holding,NOT_OWNER,NOT_OWNER,UNKNOWN,,rev1_outside,False,,,66.64,0.06,0.0,0.06,0.0,0.0,0.0,0.0,66.64,66.64,0.0,False,,,,"lpreo UK Holdings Ltd|lpreo Limited|lpreo Hong Kong Limited|lnfonnation Handling Services Mexico. SA de CV|lHSM EMEA Investment Ltd.|iLevel Solutions LLC|Visible Alpha Solutions India Private Limited|Visible Alpha Limited|Visible Alpha LLC|Visible Alpha Hong Kong Limited|Visallo LLC|TruSight Solutions LLC|Tradenet Commercial Networking Limited|Thinkfolio Ltd|Thinkfolio (Pty) Ltd|The Transaction Auditing Group, Inc.|The Climate Service Inc.|Taiwan Ratings Corporation|TTN Polska sp. z o.o.|TRIS Rating Co., Ltd.|Standard &Poor's International LLC|Standard & Poor's South Asia Services Private Limited|Standard & Poor's Ratings do Brasil Ltda|Standard & Poor's LLC|Standard & Poor's International Services LLC|Standard & Poor's Financial Services LLC|Shanghai Panjiva Business Consulting Co., Ltd.|SPDJI Holdings. LLC|SPDJ Singapore Pte. Ltd.|SP Global Financial Iberia. S.L.. Unipersonal|SNL Financial ULC|SNL Financial Australia Pty Ltd|S&P Trucost Limited|S&P Ratings (China) Co., Ltd.|S&P OpCo. LLC|S&P India LLC|S&P Global Zeta Limited|S&P Global Ventures lnc.|S&P Global Valuations Limited|S&P Global UK. Limited|S&P Global UK Holdings LLC|S&P Global Theta Limited|S&P Global Technology Resources (India) LLP|S&P Global Switzerland SA|S&P Global Sweden AB|S&P Global Shades of Green AS|S&P Global SF Japan Inc.|S&P Global Romania S.R.L.|S&P Global Regional Headquarters Company|S&P Global Ratings UK Limited|S&P Global Ratings Singapore Pte. Ltd.|S&P Global Ratings S.A. de C.V.|S&P Global Ratings Management Service (Shanghai) Co. Ltd.|S&P Global Ratings Maalot Ltd.|S&P Global Ratings Japan Inc.|S&P Global Ratings Hong Kong Limited|S&P Global Ratings Europe Limited|S&P Global Ratings Australia Pty Ltd|S&P Global Ratings Argentina S.r.l., Agente de Calificacion de
Riesgo`|S&P Global Philippines Inc.|S&P Global Pakistan (Private) Limited|S&P Global Omicron Limited|S&P Global Netherlands B. V.|S&P Global Market Intelligence LLC|S&P Global Market Intelligence Infonnation Management Consulting (Beijing) Co. Ltd.|S&P Global Market Intelligence Inc.|S&P Global Market Intelligence Argentina SRL|S&P Global Market Intelligence (DIFC) Limited|S&P Global MI Information Services (Beijing) Co., Ltd.|S&P Global Limited Partnership|S&P Global Limited|S&P Global Lambda Limited|S&P Global Korea Inc.|S&P Global Kappa LLC|S&P Global Italy  S.r.l|S&P Global Iota LLC|S&P Global Investments SRL|S&P Global Investments Malta Limited|S&P Global International LLC|S&P Global International Holdings Limited|S&P Global Informacoes do Brasil Ltda.|S&P Global Indices UK Limited|S&P Global Indices Netherlands B.V.|S&P Global Index Information Services (Beijing) Co .. Ltd|S&P Global Holdings UK Limited|S&P Global Holdings Luxembourg S.a r.l.|S&P Global Holdings LLC|S&P Global Holdings Europe Limited|S&P Global Germany GmbH|S&P Global Gamma Limited|S&P Global Funding Malta Limited|S&P Global France SAS|S&P Global Financial Limited|S&P Global Finance Malta Limited|S&P Global Finance Luxembourg S.a r.l.|S&P Global Finance Inc.|S&P Global Evaluations Limited|S&P Global European Holdings LLC|S&P Global Europe SRL|S&P Global Eta LLC|S&P Global Equities SRL|S&P Global Equities Malta Limited|S&P Global Epsilon Limited|S&P Global Enterprises Limited|S&P Global Emopean Holdings Luxembomg S.a r.l.|S&P Global Delta Limited|S&P Global Company Limited|S&P Global Commodities UK Limited|S&P Global Capital Limited|S&P Global Canada Corp.|S&P Global Beta Limited|S&P Global Belgium SRL|S&P Global Austria GmbH|S&P Global Australia Pty Ltd|S&P Global Asia Pacific LLC|S&P Global Alpha GmbH|S&P Dow Jones Indices Limited|S&P Dow Jones Indices LLC|S&P Dow Jones Indices GmbH|S&P DJI Netherlands B.V.|S&P DJI Beijing Holdings LLC|S&P Capital IQ (India) Private Limited|S&P Asian Holdings  Pte. Ltd.|S&P Argentina LLC|Rushmore Associates Limited|R.L. Polk Australia Pty Ltd|R. L. Polk & Co.|Purvin & Gertz LLC|ProntoNLP Inc.|PronotNLP Ltd.|Private Market Connect LLC|Premier Data Services Inc.|Polk Carfax Inc.|PointLogic LLC|Platts Information Consulting (Shanghai) Co., Ltd.|Platts Benchmarks B.V.|Platts (U.K.) Limited|Petroleum Industry Research Associates Inc.|Panjiva Inc.|PT HIS Markit Indonesia|Novata, Inc.|MarkitOne Holdings LLC|Markit WSO Corporation|Markit Valuation Services Limited|Markit Securities Finance Analytics Limited|Markit Securities Finance Analytics Inc.|Markit North A.merica Inc.|Markit N.V.|Markit India Services Private Limited|Markit CTI Holdings LLC|Market Scan Information Systems Inc.|Macroeconomic Consultants Inc.|Macroeconomic Advisers LLC|Kensho Technologies. LLC|JOC Group Inc.|Iredell Holdco 1 LLC|Ipreo US LLC|Ipreo LLC|Ipreo InSite Inc.|Ipreo Holdings LLC|Ipreo Data Inc.|Ipreo (Proprietary) Limited|Information Mosaic Limited|Information Handling Services (Malaysia) Sdn Bhd|IT Manufactory GmbH|IHSM Investment UK Ltd|IHSM Holdings UK Ltd|IHSM Holdings Germany Ltd|IHSM Global Holdings Ltd.|IHSM Funding Singapore Ltd|IHS Markit US Holdings Ltd.|IHS Markit UK Services Limited|IHS Markit UK Investments Limited|IHS Markit North America Holdings Inc.|IHS Markit Ltd.|IHS Markit Lending 2 Limited|IHS Markit Lending 1|IHS Markit Korea Ltd.|IHS Markit Kazakhstan Limited Liability Partnership|IHS Markit KYC Services Limited|IHS Markit KY3P LLC|IHS Markit Japan GK|IHS Markit Investments Limited|IHS Markit Holdings Limited|IHS Markit Holdings 2 Limited|IHS Markit Healthcare Trustee Limited|IHS Markit Group Holdings|IHS Markit Group Equity Limited|IHS Markit Group (Hong Kong) Limited|IHS Markit Group (Australia) Pty Limited|IHS Markit Global Sarl|IHS Markit Global SRL|IHS Markit Global Limited|IHS Markit Global LLC|IHS Markit Global Investments Limited|IHS Markit Global Holding Inc.|IHS Markit Equity Investments Limited|IHS Markit Canada ULC|IHS Markit Asia Pte. Ltd.|IHS Markit Agribusiness US LLC|IHS Markit Agribusiness Brazil Ltda.|IHS International Holdings Limited|IHS Information & Insight (Proprietary) Limited|IHS Informacoes E Insight LTDA|IHS Inc.|IHS Hong Kong Limited|IHS Holding Inc.|IHS Herold Inc.|IHS Group Holdings Limited|IHS Global sp. z o.o.|IHS Global Taiwan ltd.|IHS Global SAS|IHS Global Pte. Ltd.|IHS Global Private Limited|IHS Global Limited Liability Company|IHS Global Limited LLC|IHS Global Limited|IHS Global Investments Limited|IHS Global Investments LLC|IHS Global Inc.|IHS Global Holding LLC|IHS Global GmbH|IHS Global FZ-LLC|IHS Global Colombia S.A.S.|IHS Global ApS|IHS Global AS|IHS Global (Thailand) Limited|IHS Global (Malaysia) Sdn. Bhd.|IHS EMEA Holding SRL|IHS Australia Pty. Limited|IHS (Beijing) Trading Company Limited|Hundsun IHS Markit China Technologies Ltd|Hub Platform Technology Partners Ltd|Hemscott Limited|Hemscott Americas, Inc.|Grupo Standard & Poor's S. deR.L. deC.V.|Grupo SPGI Mexico, S. de R.L. de C.V.|Green Power Conferences Limited|Global Mopping Strategies Inc.|DeriveXperts SAS|DeriveXperts Limited|Data Logic Services Corp.|DJI OpCo. LLC|DC Frontiers Pte. Ltd.|CorrectNet LLC|Coreone Technologies LLC|CoreOne Technologies-Deltaone Solutions Limited|CoreOne Technologies Holdings LLC|CoreOne Technologies - DeltaOne Solutions Inc.|Compliance Technologies International, LLC|Commodity Flow Limited|CloudAttribution Limited|ChartlQ Inc.|Carfax. Inc.|Carfax Sverige AB|Carfax Polska sp. z o.o.|Carfax Nederland B. V.|Carfax Italia S.R.L.|Carfax Europe GmbH|Carfax Canada ULC|Carfax Advisory Services LLC|Cappitech Regulation Ltd|CSM Worldwide Korea Yuhan Hoesa|CSM Asia LLC|CARFAX HISTORHL DE VEHICULOS SL|Bentek Energy LLC|BRC Ratings - S&P Global S.A. Sociedad Calificadora de Valores|BBHCP CTI Holdco. LLC|Automotive Mastemind Inc.|Agra Ceas Consulting Limited|Agra CEAS Consulting Bureau Europeen de Recherches S.A|AMM Holding Corp.|451 Research, LLC"
GLAXO,,INE159A01016,excluded_no_natural_no_holding,NOT_OWNER,NOT_OWNER,UNKNOWN,,rev1_outside,False,,,75.0,0.0,0.0,0.0,0.0,0.0,0.0,0.0,75.0,75.0,0.0,False,,,,GLAXOSMITHKLINE PTE LIMITED|GLAXO GROUP LIMITED|ESKAYLAB LIMITED|BURROUGHS WELLCOME INTERNATIONAL LIMITED
HEXT,,INE093A01041,excluded_no_natural_no_holding,NOT_OWNER,NOT_OWNER,UNKNOWN,,rev1_outside,False,,,74.3,0.48,0.0,0.46,0.02,0.0,0.0,0.0,74.3,74.3,0.0,False,,,,Hexaware Global Limited|CA Silkie Investments|CA Sebright Investments|CA MAGNUM HOLDINGS|CA Houdan Investments|CA Ancona Investments
ICICIAMC,,INE346A01027,excluded_no_natural_no_holding,NOT_OWNER,NOT_OWNER,PROFESSIONAL,"PROFESSIONAL=[ICICI BANK(ICICI Bank Limited),I-PROCESS SERVICES(ICICI),PRUDENTIAL CORPORATION HOLDINGS(ICICI / Prudential JV)]",rev1_outside,False,,,87.59,0.0,0.0,0.0,0.0,0.0,0.0,0.0,0.0,34.59,0.0,False,,,,"The ICICI Foundation for Inclusive Growth|Rajasthan Asset Management Company Private Limited|OTC Exchange of India|India Infradebt Limited|ICICI Venture Funds Management Company Limited|ICICI Trusteeship Services Limited|ICICI Securities Primary Dealership Limited|ICICI Securities Limited|ICICI Prudential Trust Limited|ICICI Prudential Pension Funds Management Company Limited|ICICI Prudential Life Insurance Company Limited|ICICI Lombard General Insurance Company Limited|ICICI Investment Management Company Limited|ICICI Home Finance Company Limited|I-Process Services (India) Limited|Staple Limited|Sri Han Suria Sdn. Bhd.|Shenzhen Prudential Technology Limited|Pulse Ecosystems Pte. Ltd.|Prudential plc|Prudential Vietnam Assurance Private Limited|Prudential Technology and Services India Private Limited|Prudential Singapore Holdings Pte. Limited|Prudential Services Singapore Pte. Ltd.|Prudential Services Philippines Corporation|Prudential Services Asia Sdn. Bhd.|Prudential Mauritius Holdings Limited|Prudential Life Assurance (Thailand) Public Company Limited|Prudential Life Assurance (Lao) Company Limited|Prudential Investment Management Private Limited|Prudential Holdings Limited|Prudential Financial Advisers Singapore Pte. Ltd.|Prudential Enterprise Management (Beijing) Co., Ltd|Prudential Corporation Asia Limited|Prudential Bermuda Re ISA, Ltd.|Prudential Bermuda ISAC Ltd.|Prudential BSN Takaful Berhad|Prudential Assurance Malaysia Berhad|Prudential Assurance Company Singapore Pte Limited|Prudential (Cambodia) Life Assurance Plc|Prudence Foundation|Pru Life Insurance Corporation of U.K.|PT. Prudential Life Assurance|PT. Eastspring Investments Indonesia|PT Prudential Sharia Life Assurance|PCA Life Assurance Co., Ltd|PCA IP Services Limited|North Sathorn Holdings Company Limited|ICICI Securities Inc.|ICICI Securities Holdings Inc.|ICICI International Limited|ICICI Bank UK PLC|ICICI Bank Canada|Eastspring Singapore Alternatives VCC|Eastspring Securities Investment Trust Co., Ltd.|Eastspring Overseas Investment Fund Management (Shanghai) Company Limited|Eastspring Investments Services Pte. Ltd.|Eastspring Investments Limited|Eastspring Investments India Infrastructure Equity Open Limited|Eastspring Investments India Equity Open Limited|Eastspring Investments India Consumer Equity Open Limited|Eastspring Investments Incorporated|Eastspring Investments Group Pte. Ltd.|Eastspring Investments Fund Management Limited Liability Company|Eastspring Investments Berhad|Eastspring Investments (Singapore) Limited|Eastspring Investments (Luxembourg) S.A.|Eastspring Investments (Hong Kong) Limited|Eastspring Investment Management (Shanghai) Company Limited|Eastspring Asset Management (Thailand) Co., Ltd.|Eastspring Al-Wara' Investments Berhad|CITIC-Prudential Life Insurance Company Limited|CITIC-Prudential Fund Management Company Limited|BOCI-Prudential Trustee Limited|BOCI-Prudential Asset Management Limited|ICICI BANK LTD|PRUDENTIAL CORPORATION HOLDINGS LIMITED"
IGIL,,INE0Q9301021,excluded_no_natural_no_holding,NOT_OWNER,NOT_OWNER,PROFESSIONAL,PROFESSIONAL=[BCP Asia(Blackstone PE)],rev1_outside,False,,,76.55,0.0,0.0,0.0,0.0,0.0,0.0,0.0,0.0,76.55,0.0,False,,,,"INTERNATIONAL GEMOLOGICAL INSTITUTE, INC.|INTERNATIONAL GEMOLOGICAL INSTITUTE FZCO|INTERNATIONAL GEMOLOGICAL INSTITUTE FOR JEWELRY AND PRECIOUS STONE (IGI)|INTERNATIONAL GEMOLOGICAL INSTITUTE (HK) LIMITED|INTERNATIONAL GEMMOLOGICAL INSTITUTE BV|INTERNATIONAL GEMMOLOGICAL IDENTIFICATION (THAILAND) LIMITED|IGI NETHERLANDS B.V.|IGI (SHENZHEN) JEWELRY TESTING CO., LTD.|IGI (SHANGHAI) GEMOLOGICAL TRAINING COMPANY LIMITED|IGI (SHANGHAI) GEMOLOGICAL RESEARCH AND TESTING LIMITED|IGI (SHANGHAI) BUSINESS CONSULTING COMPANY LIMITED|I.G.I INTERNATIONAL GEMMOLOGICAL INSTITUTES (ISRAEL) LTD.|BCP ASIA II TOPCO PTE LTD|BCP ASIA II HOLDCO III PTE. LTD."
LGEINDIA,,INE324D01010,excluded_no_natural_no_holding,NOT_OWNER,NOT_OWNER,UNKNOWN,,rev1_outside,False,,,85.0,0.0,0.0,0.0,0.0,0.0,0.0,0.0,85.0,85.0,0.0,False,,,,"LG Soft India Private Limited|HI-M.SOLUTEK INDIA PRIVATE LIMITED|Alphonso Labs Private Limited|Acerna Eco India Private Limited|Zenith Electronics LLC|ZKW Slovakia s.r.o.|ZKW México S.A. de C.V.|ZKW México Inmobiliaria S.A. de C.V.|ZKW Lighting Systems USA, Inc.|ZKW Lighting Systems Korea Co., Ltd.|ZKW Lighting Systems (Dalian) Co., Ltd.|ZKW Lichtsysteme GmbH|ZKW Holding GmbH|ZKW Group GmbH|ZKW Automotive Engineering CZ s.r.o.|ZKW Austria Immobilien Holding GmbH|ZKW Austria Immobilien GmbH|Taizhou LG Electronics Refrigeration Co., Ltd.|Robostar Co., Ltd.|Rinse, Inc.|ReliefAI, Inc.|Qinggonglian Electrical Installation Engineering Co., Ltd.|PrimeFocus Health Inc.|Pado AI Orchestration, Inc. (formerly OverDriver Energy Inc)|PT LGE Indonesia Research and Development Center|PT LG Electronics Service Indonesia|PT LG Electronics Indonesia|PT Hi-M Solutek Indonesia|Nanjing LG Panda Appliances Co., Ltd.|NOVAWAVE Fund I, LP|NOVA Prime Fund I, LP|Mirae Asset-LG Electronics New Growth Fund I|LGEUS Power, LLC|LGENAF Service Company SARL|LG-Shaker Co., Ltd.|LG Technology Ventures LLC|LG Magna e-Powertrain USA Inc.|LG Magna e-Powertrain Mexico S.A. de C.V.|LG Magna e-Powertrain Hungary Ltd.|LG Magna e-Powertrain Co., Ltd.|LG Magna Nanjing e-Powertrain Vehicle Components Co., Ltd.|LG Japan Lab. Inc.|LG Innotek Co., Ltd.|LG Electronis Reynosa, S.A. de C.V.|LG Electronics do Brasil Ltda.|LG Electronics Wroclaw Sp. z o.o.|LG Electronics Wales Ltd.|LG Electronics Vietnam Hai Phong Co., Ltd.|LG Electronics Venezuela S.A.|LG Electronics Vehicle Components U.S.A., LLC|LG Electronics Vehicle Components Europe GmbH|LG Electronics Uzbekistan FE LLC|LG Electronics Ukraine|LG Electronics U.S.A., Inc.|LG Electronics U.K. Ltd|LG Electronics Ticaret A.S.|LG Electronics Thailand Co., Ltd.|LG Electronics Taiwan Taipei Co., Ltd.|LG Electronics Singapore Pte. Ltd.|LG Electronics Saudi Arabia LLC|LG Electronics S.A. (Pty) Ltd.|LG Electronics RUS, LLC|LG Electronics Portugal S.A.|LG Electronics Polska Limited Liability Company|LG Electronics Philippines Inc.|LG Electronics Peru S.A.|LG Electronics Panama, S.A.|LG Electronics Overseas Trading FZE|LG Electronics Nordic AB|LG Electronics Nigeria Limited|LG Electronics New Jersey, LLC|LG Electronics Nanjing Vehicle Components Co., Ltd.|LG Electronics Nanjing New Technology Co., Ltd.|LG Electronics Morocco S.A.R.L.|LG Electronics Mlawa Sp. z o.o.|LG Electronics Middle East Company FZCO|LG Electronics Middle East & Africa Regional Headquarter|LG Electronics Mexico S.A. de C.V.|LG Electronics Magyar KFT|LG Electronics Levant - Jordan|LG Electronics Latvia Ltd|LG Electronics Japan Inc.|LG Electronics Italia S.p.A.|LG Electronics Inc Chile Limited|LG Electronics Hellas Single Member SA|LG Electronics HK Limited|LG Electronics HIPLAZA Inc.|LG Electronics Gulf FZE|LG Electronics Guatemala, S.A.|LG Electronics Fund II LLC|LG Electronics Fund I LLC|LG Electronics France S.A.S|LG Electronics Finland Lab Oy|LG Electronics European Shared Service Center B.V.|LG Electronics European Holding B.V.|LG Electronics Espana S.A.|LG Electronics Egypt S.A.E|LG Electronics Dubai FZE|LG Electronics Development Vietnam Company Limited|LG Electronics Deutschland GmbH|LG Electronics Colombia Limited|LG Electronics Canada, Inc.|LG Electronics CZ, S.R.O.|LG Electronics Benelux Sales B.V.|LG Electronics Australia Pty Limited|LG Electronics Argentina S.A.|LG Electronics Angola Limitada|LG Electronics Almaty Kazakhstan Limited Liability Partnership|LG Electronics Algeria SARL|LG Electronics Alabama Inc.|LG Electronics Air-Conditioning (Shandong) Co., Ltd.|LG Electronics Africa Logistics FZE|LG Electronics (Tianjin) Appliances Co., Ltd.|LG Electronics (Shenyang) Co., Ltd.|LG Electronics (Qinhuangdao) Co., Ltd.|LG Electronics (M) Sdn. Bhd|LG Electronics (Huizhou) Co., Ltd.|LG Electronics (China) Research and Development Center Co., Ltd.|LG Electronics (China) Co., Ltd.|LG ELECTRONICS INC|LG Display Co., Ltd.|LG Corp.|LG Consulting Corp.|KES – Kabelové A Elektrické Systémy, Spol. S.R.O.|KES Poland Sp. z o.o.|Hitachi-LG Data Storage, Inc.|Hi-Teleservice|Hi-M.Solutek US Inc.|Hi-M.Solutek LLC|Hi-M.Solutek|Hi-M. Solutek Germany GmbH|Hi-M Solutek Vietnam Co., Ltd.|Hi-M Solutek Poland Sp. Z O.O.|Hi-M Solutek Philippines Inc.|Hi-M Solutek Mexico S. De R.L. De C.V.|Hi-M Solutek HVAC Service and Maintenance LLC|Hi-M Solutek Brasil Ltda|Hi-Caresolution Co., Ltd.|Hanuri Co., Ltd.|Guangdong Smart Life Technology Co., Ltd.|Ericsson Korea Partners Co., Ltd. (formerly Ericsson-LG Co., Ltd.)|EIC Properties Pte. Ltd.|Cybellum Technologies USA, Inc.|Cybellum Technologies Ltd Japan|Cybellum Technologies Ltd|CCP-LGE OWNER, LLC|Bear Robotics, Inc.|Bear Robotics Pte. Ltd.|Bear Robotics Korea Inc.|Bear Robotics Japan LLC|Bear Robotics Ireland, Limited|Athom Inc.|Athom Holding B.V.|Athom B.V.|Arcelik-LG Klima Sanayi ve Ticaret A.S.|Alphonso UK Limited|Alphonso Inc.|Alphonso Brazil Ltda|ACE R&A US Inc.|ACE R&A Hungary Limited Liability Company|ACE R&A Co., Ltd."
NIVABUPA,,INE995S01015,excluded_no_natural_no_holding,NOT_OWNER,NOT_OWNER,UNKNOWN,,rev1_outside,False,,,55.36,0.92,0.0,0.92,0.0,0.0,0.0,0.0,55.36,55.36,0.0,False,,,,"Bupa Capability Centre Private Limited|Wyższa Szkoła Nauk Medycznych w Warszawie|Vitamedica Administradora, S.A. De C.V.|UK Care No. 1 Limited|U.S.A. Medical Services Corporation|Tomograf Sp. z.o.o.|Swissmed Opieka Sp. z.o.o.|Swissmed Nieruchomosci Sp. z.o.o.|Sport Medica S.A.|Spolka Lekarska „Kromed” Sp. z.o.o.|Sociedad Medica Imageneologia Clinica Renaca Limitada|Silver Dental Clinic Sp. z.o.o.|Servicios Y Abastecimiento A Clinicas S.A.|Sanitas, S.A. de Hospitales S.U.|Sanitas S.L. de Diversificacion S.U.|Sanitas S.A. de Seguros|Sanitas Nuevos Negocios S.L.U.|Sanitas Mayores S.L.|Sanitas Mayores Pais Vasco S.A.|Sanitas Mayores Navarra S.L.|Sanitas Holding, S.L.U.|Sanitas Emision S.L.U.|Resonancia Abierta Ibermedic, S.L.|Recaumed S.A.|Promotora de Hospitales y Servicios Integrales, S.A.P.I. de C.V.|Promotora De Salud S.A.|Personal System Serviços Médicos e Odontológicos Ltda.|Orthos Szpital Wielospecjalistyczny Spolka Z Ograniczona Odpowiedzialnoscia|Mental Path Group Sp. z.o.o.|Megamed Sp. z.o.o.|Mediss Dental Clinic Sp. z.o.o.|Medika Uslugi Medyczne Spolka Z Ograniczona Odpowiedzialnoscia|Medical Practitioners Custodian Australia Pty Ltd|Medical Magnus Sp. z.o.o|MediPerú S.A.|Med-Polonia Sp. z.o.o.|LUX-MED Investment S.A.|LUX MED Ubezpieczenia Towarzysto Ubezpieczen i Reasekuracji S.A.|LUX MED Szpital Kraków Sp. z.o.o.|LUX MED Szpital Gdansk S.A.|LUX MED Sp. z.o.o.|LUX MED Onkologia Sp. z.o.o.|LUX MED Benefity Sp. z.o.o.|LMG Forsakrings AB|Isapre Cruz Blanca S.A.|Inversiones Clinicas Pukara S.A.|Inversiones Clinicas CBS S.A.|Integramedica S.A.|Integramedica Peru S.A.C.|Inmobiliaria Centro Medico Antofagasta S.A.|Highway to Health, Inc|Guardian Medical Property Ptd Ltd|Guardian Medical Health Care Pty Ltd|Grupo Bupa Sanitas S.L.U.|Grupo Bupa Sanitas Chile Uno, SpA|Fundacja MedPolonia|Fundacja LUX MED Im. Dr Joanny Perkowicz|Fundacion Sanitas Hospitales Para el Desarrollo de la Investigacion y la Innovacion Medica|Fundacion Sanitas|Examenes De Laboratorio S.A.|Especializada y Primaria L'Horta-Manises, S.A.U.|Elegimosalud S.L.U|Elblaska Sp. z.o.o.|Desarrollos Hospitalarios 2024, S.L.|Desarrollo E Inversiones Medicas S.A.|Dentika Sp. z.o.o.|Dental Corporation Pty Ltd|Dental Corporation Holdings Pty Ltd|DC Holdings WA Pty Ltd|Corporativo Vitamedica, S.A. De C.V.|Comunidad Vitamedica S.C.|Clinica Renaca S.A.|Clinica Dermatologica Centrodem 2001, S.L.|Clinica Bupa Santiago S.A.|Citomed Nieruchomosci Sp. z.o.o.|Centrum Terapii Kontinuum Sp. z.o.o.|Centrum Seksuologii, Psychoterapii i Psychosomatyki Sp. z.o.o.|Centrum Medyczne Mavit Sp. z.o.o.|Centrum Edukacji Medycznej Sp. z.o.o.|Centro Medico Antofagasta S.A.|Care Plus Odontología Assistencial Ltda.|Care Plus Negócios Em Saúde Ltda.|Care Plus Medicina Assistencial Ltda.|Bupa Worldwide Corporation|Bupa Wellness Pty Limited|Bupa U.S. Holdings, Inc.|Bupa Telehealth Pty Ltd|Bupa Strategic Investments Pty Ltd|Bupa Singapore Holdings Pte Ltd|Bupa Servicios de Evaluacion Medica, S. de R.L. de C.V.|Bupa Servicios Panama, S.A.|Bupa Servicios Globales, S. de R.L de C.V.|Bupa Servicios Dentales, S.A. de C.V.|Bupa Retirement Villages Limited|Bupa Panama S.A.|Bupa Optical Pty Ltd|Bupa Novos Negocios, Unipessoal Lda.|Bupa Middle East Holdings Two W.L.L.|Bupa Mexico, Compania de Seguros, S.A. de C.V.|Bupa Medical Services Pty Limited|Bupa Investments Overseas Limited|Bupa Investment Corporation, Inc.|Bupa Insurance Company|Bupa Innovations (ANZ) Pty Ltd|Bupa India Holdings UK Limited|Bupa Holdings (Guernsey) Limited|Bupa Health Services Pty Ltd|Bupa Health Centres Pty Ltd|Bupa HI Pty Ltd|Bupa HI Holdings Pty Ltd|Bupa Guatemala, Compania de Seguros, S.A.|Bupa Global Insurance Limited|Bupa Global Holdings Limited|Bupa Global Designated Activity Company|Bupa Global (DIFC) Limited|Bupa Foundation (Australia) Limited|Bupa Finance PLC|Bupa Egypt Services LLC|Bupa Egypt Insurance S.A.E.|Bupa Ecuador S.A. Compania de Seguros|Bupa Dominicana, S.A.|Bupa Dental Corporation Pty Ltd|Bupa Compania de Seguros de Vida S.A.|Bupa Chile S.A.|Bupa Care Villages Australia Pty Ltd|Bupa Care Services NZ Limited|Bupa Arabia For Cooperative Insurance Company|Bupa Aged Care Property Trust|Bupa Aged Care Property No.3A Trust|Bupa Aged Care Property No.3 Trust|Bupa Aged Care Property No.2 Trust|Bupa Aged Care Holdings Pty Ltd|Bupa Aged Care Australia Pty Ltd|Bupa Aged Care Australia Holdings Pty Ltd|Bupa Aged Care Australasia Pty Limited|Bupa Administracion y Servicios SpA|Bupa ANZ Property 3 and 3A Pty Ltd|Bupa ANZ Property 1 and 2 Limited|Bupa ANZ Insurance Pty Ltd|Bupa ANZ Healthcare Holdings Pty Ltd|Bupa ANZ Group Pty Ltd|Bupa ANZ Finance Pty Ltd|Benefit Pocket Pty Ltd|Anglolab S. A|Amedex Services Ltd. (St Kitts)|Advanced Skincare S.L.|A2 Clinic Sp. z.o.o.|4DENT Sp. z.o.o."
NUVAMA,,INE531F01023,excluded_no_natural_no_holding,NOT_OWNER,NOT_OWNER,UNKNOWN,,rev1_outside,False,,,54.2,0.0,0.0,0.0,0.0,0.0,0.0,0.87,53.33,53.33,0.0,False,,,,Asia Pragati Strategic Investment Fund|Pagac Ecstasy Pte Ltd
ORKLAINDIA,,INE16NZ01023,excluded_no_natural_no_holding,NOT_OWNER,NOT_OWNER,UNKNOWN,,rev1_outside,False,,,75.0,0.01,0.0,0.01,0.0,0.0,0.0,0.0,75.0,75.0,0.0,False,,,,"Yttersoveien 21 AS|Win Equipment B.V|Werners Gourmetservice AB|Viska hf Holding|Vilmix OU|Viking Askim AS|Vaffelbagaren i Kristianstad AB|VMG, UAB|VM International AB|Tredo AB|The Waverly Bakery|The Social Burger Joint Oy|The European Pizza Company B.V|Technoport Kvernberget AS|Swe Biscuits AB|Stelios Kanakis Industrial and Commercial S.A|Staburadze SIA|Sonneveld UK Ltd|Sonneveld PekaruAdalekok Kft|Sonneveld N.V. S.A|Sonneveld Group B.V|Sonneveld France SARL|Sofienlunden Bolig AS|Sofienlund AS|Seagood Oy|Sandakerveien 56 Naering AS|Sandakerveien 56 AS|Saldumu Tirdznieciba|Saftkompagniet A S|Riemann Trading ApS|Riemann Holding A S|Riemann A S|Quattro Enzyme Solutions B.V|QualityCall Centre Ltd|Provendor AB|Proteinfabrikken Sverige AB|Proteinfabrikken AS|Pharbio Medical Int.AB|Peri-dent Star Sdn.Bhd|Peri-dent Ltd Scotland|Paint Holding AS|Pafyllsystemer AS|PGD Sp z.o.o|Oslo Skin Lab Spain SL|Orkla Wound Care AB|Orkla Trading AB|Orkla Suomi Finland OY Ab|Orkla Snacks Sverige AB|Orkla Snacks Norge AS|Orkla Snacks Danmark A S|Orkla Snacks AS|Orkla Procurement AS|Orkla Ocean AS|Orkla Natural Solutions A S|Orkla Malaysia Sdn.Bhd|Orkla Latvija SIA|Orkla Korea Ltd|Orkla Investeringer AS|Orkla Insurance Company DAC|Orkla IT AS|Orkla IT AB|Orkla House Care Norge AS|Orkla House Care Limited|Orkla House Care Danmark A S|Orkla House Care Benelux N.V|Orkla House Care Benelux Holding B.V|Orkla House Care Benelux B.V|Orkla House Care AB|Orkla Home & Personal Care AS|Orkla Holding1 AS|Orkla Health Ocean AS|Orkla Health Holding AS|Orkla Health AS|Orkla Germany GmbH|Orkla Foods UK PLC|Orkla Foods Sverige AB|Orkla Foods Struer A S|Orkla Foods Slovensko s.r.o|Orkla Foods Romania SA|Orkla Foods Norge Marketing Service AS|Orkla Foods Norge AS|Orkla Foods Lietuva,UAB|Orkla Foods Latvija SIA|Orkla Foods Fresh Slovensko s.r.o|Orkla Foods Danmark A S|Orkla Foods Cesko a Slovensko a.s|Orkla Foods AS|Orkla Food Ingredients Sweden AB|Orkla Food Ingredients LLC|Orkla Food Ingredients Denmark AS|Orkla Food Ingredients Cesko s.r.o|Orkla Food Ingredients AS|Orkla Financial Services AS|Orkla Eiendom AS|Orkla Eesti AS|Orkla Confectionery & Snacks Lietuva, UAB|Orkla China CO. LTD|Orkla Cederroth, S.A.U|Orkla Care UAB|Orkla Care Sweden AB|Orkla Care SIA|Orkla Care S.A|Orkla Care OY|Orkla Care AB|Orkla Care A S|Orkla Biscuit Production SIA|Orkla Asia Pacific M Sdn Bhd|Orkla Accounting Center OU|Orchard Valley Foods LTD|Orchard Valley Foods GmbH|Oraveien Industripark AS|One Nic UK Ltd|Odense Marcipan A S|OV Sweden AB|ORKLA ASIA PACIFIC PTE LTD|ORKLA ASIA HOLDING AS|ORKLA ASA|OIP Sverige AB|OFT Finance B.V|NutraQ UK Ltd|NutraQ Sweden AB|NutraQ Sp.z.o.o|NutraQ S.R.L|NutraQ OY|NutraQ Norway AS|NutraQ Inc|NutraQ France SAS|NutraQ CZ s.r.o|NutraQ B.V|NutraQ Austria GmbH|NutraQ ApS|NutraQ AS|Norstamp AS|Norgesplaster AS|Nonni Litli ehf|Noi-Sirius HF|Nodinge AB|No Pizza Oy|Nic – Sweden AB|Nic - Finland OY|Nic - Denmark A S|New York Pizza Stores GmbH|New York Pizza Restaurants B.V|New York Pizza Management B.V|New York Pizza Holding B.V|New York Pizza GmbH|New York Pizza Franchising B.V|New York Pizza Finance B.V|New York Pizza Delivery B.V|NP Immo Vertriebs GmbH|NIC Nederland Holding BV|NIC Nederland BV|NIC Ice Ltd|NIC Enterprises Ltd|NFH 2406216 AS|My Bakery AS|Miera 22 SIA|MiNordija UAB|Marcantonio Foods Limited|Management Slice I B.V|Maiasmokk OU|Lecora AB|Latfood Agro SIA|Laan Heiloo B.V|LaNordija SIA|LG Harris & Co Ltd|Kotipizza Oyj|Kotipizza Group Oy|Kjarnavorur HF|Khell-Food Kft|Kartonage AS|KaKa AB|KT-Food ApS|Jastbolaget AB|Ismejeriet Thy ApS|Isbud Vesturbaejar ehf|Innbak HF|Industriinvesteringer AS|Idun Industri AS|Helsinki Foodstock Oy|Healthspan NZ Ltd|Healthspan Ltd|Healthspan Ireland Ltd|Healthspan Group Ltd|Healthspan Europe B.V|Health and Sports Nutrition Group HSNG AB|Harris Decorating Tools Zhaoqing Ltd|Hans Kaspar AG|Hamilton Acorn Ltd|Hame Slovakia s.r.o|Hame Hungaria Kft|Hadecoup BV|Gronvang Foods ApS|Gronvang Estate I S|Green Tomato Holding B.V|Goteborgs Kex AB|Gortrush Trading Ltd|Gaedabakstur ehf|Frodinge Mejeri AB|Freunde der Erfrischung GmbH|For All Baking Ltd|Food Ingrediants International Limited (dormant)|Food Garden Sp.z.o.o|Felix Austria GmbH|Fabrikerna 4 och 11 Projektutveckling AB|Fabrikerna 4 och 11 Holding AB|Fabrikerna 4 och 11 AB|FXA Immo 1 GmbH|Eurohansa Sp.z.o.o|Euro Pizza Products B.V|Ekvia s.r.o|Ejendomsselskapet M&P Nielsen IS|Eisunion GmbH|Easyfood A S|Drammensveien 151 AS|Drammensveien 149 AS|Dragsbaek A S|Denofa do Brasil|Denofa Exploatering Ale AB|Denofa Bostadsbolag Ale AB|Denali Staffing LLC US|Denali Investmets Properties LLC US|Denali Ingredients LLC US|Denali Ingredients Group LLC|Denali Equipment LLC US|Decorgel - Produtos Alimentares S.A|Da Grasso Sp.z.o.o|Da Grasso Holding Sp.z.o.o|Credin Sverige AB|Credin Productos Alimenticios, S.A|Credin Portugal Produtos Alimentares, SA|Credin Polska|Credin A S|County Confectionery Ltd|Cool Drinks Finland OY|Confection by Design Ltd|Condite OY|Coda A.E.B.E|Cederroth Denmark Holding ApS|Capto Eiendom AS|Call Caterlink Ltd|Cake Decor Ltd|CBP A S|CBD Holdings Limited|Broer Bakkerijgrondstoffen B.V|Blume Food I S|Biscuiterie Le Vesuve BVBA|Beyer Development Aps|Best Crunch BV|Belusa Foods s.r.o|Bapa s.r.o|Bako AS|Attisholz AB|Artilerijas 55 SIA|Arne B Corneliussen AS|Ale Fastighetsbolag AB|Abba Seafood AB|Abba AB"
SUMICHEM,,INE258G01013,excluded_no_natural_no_holding,NOT_OWNER,NOT_OWNER,UNKNOWN,,rev1_outside,False,,,75.0,0.0,0.0,0.0,0.0,0.0,0.0,0.0,75.0,75.0,0.0,False,,,,"i - Agri Corp|Vector Health International Ltd.|Valent U.S.A. LLC|Valent De Mexico, S.A. De C.V.|Valent Canada Inc.|Valent BioSciences LLC|The Polyolefin Company (Singapore) Pte. Ltd.|Taoka Chemical Singapore Private Limited|Taoka Chemical India Private Limited|Taoka Chemical Co., Ltd.|Taoka Advanced Materials (Shanghai) Co., Ltd.|Tanaka Chemical Corporation|TS Agro K. K.|Sumitomo Seika Chemicals Co., Ltd.|Sumitomo Pharma Trading (Suzhou) Co., Ltd.|Sumitomo Pharma Taiwan Co., Ltd.|Sumitomo Pharma Switzerland GmbH|Sumitomo Pharma Malaysia Sdn. Bhd.|Sumitomo Pharma Co., Ltd.|Sumitomo Pharma Canada, Inc.|Sumitomo Pharma Asia Pacific Pte. Ltd.|Sumitomo Pharma America, Inc.|Sumitomo Pharma (Thailand) Co., Ltd.|Sumitomo Pharma (Suzhou) Co., Ltd.|Sumitomo Pharma (China) Co., Ltd.|Sumitomo Joint Electric Power Co., Ltd.|Sumitomo Chemical Vietnam Co., Ltd|Sumitomo Chemical Turkey Kimya Sanayi Ve Ticaret Anonim Sirketi|Sumitomo Chemical Taiwan Co., Ltd.|Sumitomo Chemical Shanghai Co., Ltd.|Sumitomo Chemical Philippines, Inc.|Sumitomo Chemical Italia S.r.l.|Sumitomo Chemical India Limited|Sumitomo Chemical Garden Products Inc.|Sumitomo Chemical Europe S.A./N.V.|Sumitomo Chemical Enviro-Agro Asia Pacific Sdn. Bhd.|Sumitomo Chemical Colombia S.A.S.|Sumitomo Chemical Chile S.A.|Sumitomo Chemical Brasil Indústria Química S.A.|Sumitomo Chemical Australia Pty. Ltd.|Sumitomo Chemical Asia Pte Ltd|Sumitomo Chemical Argentina S.A.|Sumitomo Chemical America, Inc.|Sumitomo Chemical Agro Seoul, Ltd.|Sumitomo Chemical Agro Europe S.A.S.|Sumitomo Chemical Advanced Technologies LLC|Sumitomo Chemical (U.K.), plc.|Sumitomo Chemical (Thailand), Co., Ltd.|Sumitomo Chemical (China) Co., Ltd.|Sumitomo  Chemical Co. Ltd.|Sumika-Kakoushi Co., Ltd.|Sumika Technoservice Corporation|Sumika Technology Co., Ltd.|Sumika Technical Information Service, Inc.|Sumika Sekisui Film Co., Ltd.|Sumika Real Estate Co., Ltd.|Sumika Polymers North America LLC|Sumika Polymer Compounds Europe Ltd.|Sumika Polymer Compounds (Thailand) Co., Ltd.|Sumika Polycarbonate Limited|Sumika Plastech Co., Ltd.|Sumika Partners Co.,Ltd.|Sumika Logistics Co., Ltd.|Sumika HR Service Co., Ltd.|Sumika Fukuei Agro K. K.|Sumika Finance Co., Ltd.|Sumika Electronic Materials Vietnam Co., Ltd.|Sumika Electronic Materials (Xi'an) Co., Ltd.|Sumika Electronic Materials (Wuxi) Co., Ltd.|Sumika Electronic Materials (Shenzhen) Co., Ltd.|Sumika Electronic Materials (Shanghai) Corporation|Sumika Electronic Materials (Changzhou) Co., Ltd.|Sumika Covestro Urethane Co., Ltd.|Sumika Chemical Analysis Service, Ltd.|Sumika Business Service (Dalian) Co., Ltd.|Sumika Assembly Techno Co., Ltd.|Sumika Alchem Co., Ltd.|Sumika Agrotech Co., Ltd.|Sumika Agro Manufacturing Co., Ltd.|Sumika Acryl Co., Ltd.|Singapore Methyl Methacrylate Pte. Ltd.|Sanritz Corporation|SUMIKA DX ACCENT Co., Ltd|SSLM Co., Ltd.|SC Environmental Science Co., Ltd.|S.C.C. Insurance Pte. Ltd.|S-RACMO Co., Ltd.|Rainbow Chemical Co., Ltd.|Rabigh Refining and Petrochemical Company|RACTHERA Co., Ltd|Philagro South Africa (Pty) Ltd.|Philagro Holding S.A.|Philagro France S.A.S.|PCS Pte. Ltd.|Osaka General Service Co., Ltd.|Oita General Service Co., Ltd.|O.L.S. Corp.|Nippon A&L Inc.|Niihama Coal Center Co., Ltd.|Nihon Singapore Polyolefin Co., Ltd.|Nihon Methacryl Monomer Co., Ltd.|Nihon Isobutylene Co., Ltd.|Mycorrhizal Applications, LLC|McLaughlin Gormley King Company|Koei Chemical Co., Ltd.|Kenogard S.A.|Keiyo Ethylene Co., Ltd.|Jilin Dongcheng Sumika Polymer Compounds Co., Ltd.|Japan-Singapore Petrochemicals Co., Ltd.|JFE Plant Technology Co., Ltd.|Evolue Japan Co., Ltd.|EGS Co., Ltd.|Dongwoo Fine-Chem Co., Ltd.|Ciatec, Ltd.|Chiba General Service Co., Ltd.|Ceratec Co., Ltd.|Cambridge Display Technology Limited|Botanical Resources Australia Pty Ltd. (BRA Group)|Barrix Agro Sciences Pvt Ltd.|Bara Chemical Co., Ltd.|Asahi Chemical Co., Ltd."
THOMASCOOK,,INE332A01027,excluded_no_natural_no_holding,NOT_OWNER,NOT_OWNER,UNKNOWN,,rev1_outside,False,,,63.83,0.09,0.0,0.08,0.01,0.0,0.0,0.0,63.83,63.83,0.11,False,,,,H Investments Limited|Fairfax Financial Holdings Limited|Fairfax (Barbados) International Corp|Fairbridge Investments (Mauritius) Limited|Fairbridge Capital Private Limited|Fairbridge Capital Mauritius Limited|FFHL Group Ltd
VIYASH,,INE807F01027,excluded_no_natural_no_holding,NOT_OWNER,NOT_OWNER,UNKNOWN,,rev1_outside,False,,,61.41,3.2,0.0,0.0,3.2,0.0,0.0,0.0,61.41,61.41,0.0,False,,,,CA HULL INVESTMENTS|CA HARBOR INVESTMENTS|HARIBABU BODEPUDI
HEMIPROP,,INE0AJG01018,excluded_state_dominant,NOT_OWNER,NOT_OWNER,STATE,"STATE=[PRESIDENT OF INDIA(Government of India),President of India(Government of India)]",rev1_outside,False,,,51.12,0.0,0.0,0.0,0.0,0.0,0.0,0.0,0.0,0.0,51.12,False,,,,President Of India
IREDA,,INE202E01016,excluded_state_dominant,NOT_OWNER,NOT_OWNER,STATE,"STATE=[PRESIDENT OF INDIA(Government of India),President of India(Government of India)]",rev1_outside,False,,,71.76,0.0,0.0,0.0,0.0,0.0,0.0,0.0,0.0,0.0,71.76,False,,,,President of India through Secretary MNRE
AKZOINDIA,Akzo Nobel India Limited,INE133A01011,nse_data_unavailable,OWNER_WEAK,OWNER_WEAK,UNKNOWN,,rev1_outside,False,,,0.0,0.0,0.0,0.0,0.0,0.0,0.0,0.0,0.0,0.0,0.0,False,,,,
FIRSTCRY,,INE02RE01045,excluded_low_promoter,NOT_OWNER,NOT_OWNER,UNKNOWN,,rev1_outside,False,,,5.31,5.31,0.0,5.31,0.0,0.0,0.0,0.0,0.0,0.0,0.0,False,,,,Supam Maheshwari
PINELABS,,INE15B701018,excluded_low_promoter,NOT_OWNER,NOT_OWNER,UNKNOWN,,rev1_outside,False,,,2.66,2.66,0.0,2.66,0.0,0.0,0.0,0.0,0.0,0.0,0.0,False,,,,BAIRAVARASU AMRISH RAU
SAMHI,,INE08U801020,excluded_low_promoter,NOT_OWNER,NOT_OWNER,UNKNOWN,,rev1_outside,False,,,2.14,2.14,0.0,1.69,0.45,0.0,0.0,0.0,0.0,0.0,0.0,False,,,,ASHISH JAKHANWALA
SUDARSCHEM,,INE659A01023,excluded_low_promoter,NOT_OWNER,NOT_OWNER,UNKNOWN,,rev1_outside,False,,,8.19,6.11,6.07,0.04,0.0,0.0,0.0,2.13,0.0,0.0,0.0,False,,,,SOW RACHNA RATHI FAMILY TRUST (TRUSTEES - RAJESH BALKRISHNA RATHI AND RACHNA RAJESH RATHI)|SHRI BALKRISHNA RATHI FAMILY TRUST (TRUSTEES - RAJESH BALKRISHNA RATHI AND AJAY BALKRISHNA RATHI)|BALKRISHNA RATHI FINANCE PRIVATE LIMITED|TANVI RAJESH RATHI|SMRITI RAJESH RATHI|RAJESH BALKRISHNA RATHI (HUF) (KARTA - RAJESH BALKRISHNA RATHI)|RAJESH BALKRISHNA RATHI|RACHNA RAJESH RATHI|NISHA AJAY RATHI|MEENA SUDHIR MAHESHWARI|MANAN AJAY RATHI|KUSUM BALKRISHNA RATHI|BALKRISHNA JAGANNATH RATHI (HUF) (KARTA - AJAY BALKRISHNA RATHI)|AJOY BALKRISHNA RATHI (HUF) (KARTA - AJAY BALKRISHNA RATHI)|AJAY BALKRISHNA RATHI
