symbol,company_name,isin,series,listing_date,face_value,industry,sector,basic_industry,macro,is_fno,last_price,previous_close,year_high,year_low,ffmc,pct_change_30d,pct_change_365d,fetched_at
BAWEJA,,,EQ,,,SM,,,,,36.6,31.2,75.7,21.1,,,,2026-04-14T01:22:41.013948+00:00
SUPREMEPWR,,,EQ,,,SM,,,,,200.25,181.55,240.05,105.7,,,,2026-04-14T01:22:41.013948+00:00
LLOYDS,,,EQ,,,SM,,,,,76.5,69.55,125.75,34.8,,,,2026-04-14T01:22:41.013948+00:00
GREENLEAF,,,EQ,,,SM,,,,,72.4,65.85,185.9,52.5,,,,2026-04-14T01:22:41.013948+00:00
UHTL,,,EQ,,,SM,,,,,60.5,55.2,98.0,44.0,,,,2026-04-14T01:22:41.013948+00:00
CELLPOINT,,,EQ,,,SM,,,,,17.5,16.0,21.15,11.7,,,,2026-04-14T01:22:41.013948+00:00
STUDIOLSD,,,EQ,,,SM,,,,,14.65,13.4,43.2,7.15,,,,2026-04-14T01:22:41.013948+00:00
UMA,,,EQ,,,SM,,,,,18.0,16.5,31.8,14.5,,,,2026-04-14T01:22:41.013948+00:00
ROCKINGDCE,,,EQ,,,SM,,,,,171.0,156.95,283.85,123.9,,,,2026-04-14T01:22:41.013948+00:00
KONTOR,,,EQ,,,SM,,,,,76.0,69.95,91.8,53.25,,,,2026-04-14T01:22:41.013948+00:00
KRISHCA,,,EQ,,,SM,,,,,180.0,166.05,300.0,138.0,,,,2026-04-14T01:22:41.013948+00:00
GLOBALPET,,,EQ,,,SM,,,,,108.95,101.0,159.7,85.0,,,,2026-04-14T01:22:41.013948+00:00
BIKEWO,,,EQ,,,SM,,,,,20.8,19.3,24.45,13.65,,,,2026-04-14T01:22:41.013948+00:00
SATKARTAR,,,EQ,,,SM,,,,,195.0,181.0,237.85,124.0,,,,2026-04-14T01:22:41.013948+00:00
ONYX,,,EQ,,,SM,,,,,37.7,35.1,58.95,28.1,,,,2026-04-14T01:22:41.013948+00:00
REFRACTORY,,,EQ,,,SM,,,,,45.0,42.1,72.5,28.65,,,,2026-04-14T01:22:41.013948+00:00
ALPEXSOLAR,,,EQ,,,SM,,,,,977.0,915.5,1449.7,660.0,,,,2026-04-14T01:22:41.013948+00:00
SATTVAENGG,,,EQ,,,SM,,,,,65.0,61.0,118.9,43.5,,,,2026-04-14T01:22:41.013948+00:00
DELTIC,,,EQ,,,SM,,,,,44.1,41.4,83.95,28.05,,,,2026-04-14T01:22:41.013948+00:00
MACOBSTECH,,,EQ,,,SM,,,,,212.8,200.0,246.95,160.0,,,,2026-04-14T01:22:41.013948+00:00
SRIVASAVI,,,EQ,,,SM,,,,,54.95,51.75,79.0,39.0,,,,2026-04-14T01:22:41.013948+00:00
TBI,,,EQ,,,SM,,,,,73.75,69.55,137.8,55.0,,,,2026-04-14T01:22:41.013948+00:00
JAYESH,,,EQ,,,SM,,,,,176.0,166.0,183.0,106.35,,,,2026-04-14T01:22:41.013948+00:00
MAXVOLT,,,EQ,,,SM,,,,,360.5,340.55,509.0,175.6,,,,2026-04-14T01:22:41.013948+00:00
CUDML,,,EQ,,,SM,,,,,119.9,113.35,166.5,84.95,,,,2026-04-14T01:22:41.013948+00:00
SPECTSTM,,,EQ,,,SM,,,,,65.3,61.8,148.4,50.75,,,,2026-04-14T01:22:41.013948+00:00
FROG,,,EQ,,,SM,,,,,180.0,170.4,290.0,123.5,,,,2026-04-14T01:22:41.013948+00:00
ACCENTMIC,,,EQ,,,SM,,,,,440.0,417.15,443.5,179.25,,,,2026-04-14T01:22:41.013948+00:00
ENFUSE,,,EQ,,,SM,,,,,187.9,178.5,284.0,150.0,,,,2026-04-14T01:22:41.013948+00:00
CGRAPHICS,,,EQ,,,SM,,,,,175.8,167.05,259.0,134.5,,,,2026-04-14T01:22:41.013948+00:00
VINYAS,,,EQ,,,SM,,,,,1020.0,970.35,1440.0,750.0,,,,2026-04-14T01:22:41.013948+00:00
AGNI,,,EQ,,,SM,,,,,21.0,20.0,43.35,13.6,,,,2026-04-14T01:22:41.013948+00:00
CMRSL,,,EQ,,,SM,,,,,63.0,60.0,96.75,52.45,,,,2026-04-14T01:22:41.013948+00:00
NEELAM,,,EQ,,,SM,,,,,12.6,12.0,32.85,10.1,,,,2026-04-14T01:22:41.013948+00:00
PRIZOR,,,EQ,,,ST,,,,,446.45,425.2,446.45,129.0,,,,2026-04-14T01:22:41.013948+00:00
SYNOPTICS,,,EQ,,,SM,,,,,48.3,46.0,116.0,39.65,,,,2026-04-14T01:22:41.013948+00:00
TEJASCARGO,,,EQ,,,SM,,,,,276.35,263.2,363.6,153.35,,,,2026-04-14T01:22:41.013948+00:00
NIRMAN,,,EQ,,,ST,,,,,53.65,51.1,282.5,38.65,,,,2026-04-14T01:22:41.013948+00:00
KDL,,,EQ,,,ST,,,,,141.2,134.5,376.8,100.85,,,,2026-04-14T01:22:41.013948+00:00
ASLIND,,,EQ,,,SM,,,,,84.45,80.45,118.6,33.9,,,,2026-04-14T01:22:41.013948+00:00
KORE,,,EQ,,,SM,,,,,115.1,109.65,212.3,85.0,,,,2026-04-14T01:22:41.013948+00:00
OWAIS,,,EQ,,,SM,,,,,142.7,135.95,707.9,88.1,,,,2026-04-14T01:22:41.013948+00:00
RADIOWALLA,,,EQ,,,SM,,,,,30.6,29.15,87.0,22.2,,,,2026-04-14T01:22:41.013948+00:00
MONOPHARMA,,,EQ,,,SM,,,,,12.7,12.1,28.25,9.45,,,,2026-04-14T01:22:41.013948+00:00
QUESTLAB,,,EQ,,,ST,,,,,110.2,105.0,140.35,75.15,,,,2026-04-14T01:22:41.013948+00:00
REXPRO,,,EQ,,,SM,,,,,49.8,47.45,107.95,38.3,,,,2026-04-14T01:22:41.013948+00:00
SONUINFRA,,,EQ,,,SM,,,,,54.1,51.55,145.0,38.0,,,,2026-04-14T01:22:41.013948+00:00
THESL,,,EQ,,,SM,,,,,14.85,14.15,43.5,11.45,,,,2026-04-14T01:22:41.013948+00:00
PURVFLEXI,,,EQ,,,SM,,,,,60.7,57.85,124.95,37.0,,,,2026-04-14T01:22:41.013948+00:00
AMEYA,,,EQ,,,SM,,,,,112.25,107.0,127.25,86.0,,,,2026-04-14T01:22:41.013948+00:00
TGL,,,EQ,,,ST,,,,,32.05,30.55,399.4,26.2,,,,2026-04-14T01:22:41.013948+00:00
CEDAAR,,,EQ,,,SM,,,,,26.75,25.5,136.3,18.85,,,,2026-04-14T01:22:41.013948+00:00
ACCORD,,,EQ,,,SM,,,,,36.45,34.75,36.45,18.3,,,,2026-04-14T01:22:41.013948+00:00
PRESSTONIC,,,EQ,,,ST,,,,,34.3,32.7,121.19,28.2,,,,2026-04-14T01:22:41.013948+00:00
SHRIKANHA,,,EQ,,,SM,,,,,21.45,20.45,88.0,15.1,,,,2026-04-14T01:22:41.013948+00:00
KONSTELEC,,,EQ,,,SM,,,,,38.7,36.9,89.95,28.0,,,,2026-04-14T01:22:41.013948+00:00
AUSL,,,EQ,,,SM,,,,,20.45,19.5,48.3,17.35,,,,2026-04-14T01:22:41.013948+00:00
GML,,,EQ,,,ST,,,,,20.45,19.5,54.0,15.15,,,,2026-04-14T01:22:41.013948+00:00
NAMOEWASTE,,,EQ,,,SM,,,,,167.0,159.25,229.9,127.0,,,,2026-04-14T01:22:41.013948+00:00
DIVYADHAN,,,EQ,,,SM,,,,,28.15,26.85,62.4,18.25,,,,2026-04-14T01:22:41.013948+00:00
MOS,,,EQ,,,SM,,,,,14.1,13.45,30.1,9.05,,,,2026-04-14T01:22:41.013948+00:00
NEWJAISA,,,EQ,,,SM,,,,,24.95,23.8,52.2,15.15,,,,2026-04-14T01:22:41.013948+00:00
JAINIK,,,EQ,,,SM,,,,,129.5,123.55,153.1,60.6,,,,2026-04-14T01:22:41.013948+00:00
MIEL,,,EQ,,,SM,,,,,13.05,12.45,35.0,10.7,,,,2026-04-14T01:22:41.013948+00:00
AAKAAR,,,EQ,,,ST,,,,,59.9,57.15,105.0,46.0,,,,2026-04-14T01:22:41.013948+00:00
HOLMARC,,,EQ,,,SM,,,,,84.2,80.35,176.95,60.05,,,,2026-04-14T01:22:41.013948+00:00
VGINFOTECH,,,EQ,,,SM,,,,,150.95,144.05,208.0,99.5,,,,2026-04-14T01:22:41.013948+00:00
CONTI,,,EQ,,,SM,,,,,14.25,13.6,31.95,12.4,,,,2026-04-14T01:22:41.013948+00:00
AMBANIORGO,,,EQ,,,ST,,,,,135.15,129.0,143.65,94.9,,,,2026-04-14T01:22:41.013948+00:00
SPUNWEB,,,EQ,,,SM,,,,,114.2,109.0,173.55,80.0,,,,2026-04-14T01:22:41.013948+00:00
TRIDHYA,,,EQ,,,SM,,,,,8.8,8.4,26.5,6.3,,,,2026-04-14T01:22:41.013948+00:00
COOLCAPS,,,EQ,,,SM,,,,,31.95,30.5,99.5,22.3,,,,2026-04-14T01:22:41.013948+00:00
MPTODAY,,,EQ,,,SM,,,,,46.75,44.65,56.8,26.3,,,,2026-04-14T01:22:41.013948+00:00
ANLON,,,EQ,,,SM,,,,,403.0,385.0,497.0,308.0,,,,2026-04-14T01:22:41.013948+00:00
GSMFOILS,,,EQ,,,SM,,,,,199.0,190.1,255.15,126.47,,,,2026-04-14T01:22:41.013948+00:00
AGARWALFT,,,EQ,,,SM,,,,,33.85,32.35,71.25,21.85,,,,2026-04-14T01:22:41.013948+00:00
SUNTECH,,,EQ,,,SM,,,,,41.75,39.9,110.0,30.0,,,,2026-04-14T01:22:41.013948+00:00
WINNY,,,EQ,,,SM,,,,,43.95,42.0,243.25,36.1,,,,2026-04-14T01:22:41.013948+00:00
ADDICTIVE,,,EQ,,,SM,,,,,86.0,82.2,176.15,57.65,,,,2026-04-14T01:22:41.013948+00:00
INSPIRE,,,EQ,,,SM,,,,,9.15,8.75,28.25,6.8,,,,2026-04-14T01:22:41.013948+00:00
ENVIRO,,,EQ,,,SM,,,,,104.5,100.0,173.0,82.0,,,,2026-04-14T01:22:41.013948+00:00
RCDL,,,EQ,,,SM,,,,,23.5,22.5,30.85,16.5,,,,2026-04-14T01:22:41.013948+00:00
GOLDSTAR,,,EQ,,,ST,,,,,7.1,6.8,13.5,4.5,,,,2026-04-14T01:22:41.013948+00:00
VELS,,,EQ,,,SM,,,,,63.0,60.4,94.5,39.75,,,,2026-04-14T01:22:41.013948+00:00
DOLLEX,,,EQ,,,SM,,,,,32.8,31.45,44.25,26.0,,,,2026-04-14T01:22:41.013948+00:00
RAPPID,,,EQ,,,SM,,,,,280.0,268.5,384.9,224.0,,,,2026-04-14T01:22:41.013948+00:00
AMCL,,,EQ,,,SM,,,,,489.85,470.0,489.85,161.7,,,,2026-04-14T01:22:41.013948+00:00
KATARIA,,,EQ,,,SM,,,,,116.95,112.25,129.0,85.5,,,,2026-04-14T01:22:41.013948+00:00
PLADAINFO,,,EQ,,,SM,,,,,11.35,10.9,27.75,9.1,,,,2026-04-14T01:22:41.013948+00:00
VIGOR,,,EQ,,,SM,,,,,63.5,61.0,98.0,44.75,,,,2026-04-14T01:22:41.013948+00:00
ASCOM,,,EQ,,,ST,,,,,254.5,244.5,256.0,76.55,,,,2026-04-14T01:22:41.013948+00:00
GGBL,,,EQ,,,SM,,,,,284.9,273.85,555.0,215.0,,,,2026-04-14T01:22:41.013948+00:00
ARCIIL,,,EQ,,,SM,,,,,51.95,49.95,145.0,38.6,,,,2026-04-14T01:22:41.013948+00:00
PRANIK,,,EQ,,,SM,,,,,50.95,49.0,92.9,37.0,,,,2026-04-14T01:22:41.013948+00:00
FORGEAUTO,,,EQ,,,SM,,,,,90.45,87.2,175.5,68.45,,,,2026-04-14T01:22:41.013948+00:00
SHUBHLAXMI,,,EQ,,,SM,,,,,27.0,26.05,40.0,13.35,,,,2026-04-14T01:22:41.013948+00:00
SUBAHOTELS,,,EQ,,,SM,,,,,131.0,126.45,200.0,97.65,,,,2026-04-14T01:22:41.013948+00:00
SOCL,,,EQ,,,SM,,,,,30.35,29.3,68.8,23.65,,,,2026-04-14T01:22:41.013948+00:00
TCL,,,EQ,,,SM,,,,,89.05,86.0,137.0,74.05,,,,2026-04-14T01:22:41.013948+00:00
SLONE,,,EQ,,,SM,,,,,215.0,207.65,371.45,161.0,,,,2026-04-14T01:22:41.013948+00:00
BARFLEX,,,EQ,,,SM,,,,,58.0,56.05,82.4,53.0,,,,2026-04-14T01:22:41.013948+00:00
RITEZONE,,,EQ,,,SM,,,,,16.75,16.2,36.55,13.8,,,,2026-04-14T01:22:41.013948+00:00
MASTER,,,EQ,,,SM,,,,,345.0,334.0,436.0,282.5,,,,2026-04-14T01:22:41.013948+00:00
HOACFOODS,,,EQ,,,SM,,,,,430.0,416.45,430.0,139.4,,,,2026-04-14T01:22:41.013948+00:00
TIRUPATI,,,EQ,,,SM,,,,,465.0,451.0,893.0,405.65,,,,2026-04-14T01:22:41.013948+00:00
MMEL,,,EQ,,,SM,,,,,33.65,32.65,84.45,20.0,,,,2026-04-14T01:22:41.013948+00:00
PRIMECAB,,,EQ,,,SM,,,,,90.5,87.85,123.65,70.4,,,,2026-04-14T01:22:41.013948+00:00
AKANKSHA,,,EQ,,,SM,,,,,73.05,71.0,133.75,57.0,,,,2026-04-14T01:22:41.013948+00:00
UTSSAV,,,EQ,,,SM,,,,,221.0,214.8,281.0,160.05,,,,2026-04-14T01:22:41.013948+00:00
ONDOOR,,,EQ,,,SM,,,,,179.0,174.0,209.2,100.0,,,,2026-04-14T01:22:41.013948+00:00
DENEERS,,,EQ,,,ST,,,,,171.0,166.35,374.8,132.0,,,,2026-04-14T01:22:41.013948+00:00
KEN,,,EQ,,,SM,,,,,37.65,36.65,64.85,31.05,,,,2026-04-14T01:22:41.013948+00:00
SACHEEROME,,,EQ,,,SM,,,,,399.75,389.15,430.65,140.5,,,,2026-04-14T01:22:41.013948+00:00
SJLOGISTIC,,,EQ,,,SM,,,,,301.5,293.55,585.0,225.35,,,,2026-04-14T01:22:41.013948+00:00
FELIX,,,EQ,,,SM,,,,,185.0,180.25,220.0,142.65,,,,2026-04-14T01:22:41.013948+00:00
ALCODIS,,,EQ,,,SM,,,,,79.0,77.0,208.5,49.0,,,,2026-04-14T01:22:41.013948+00:00
CURIS,,,EQ,,,SM,,,,,110.0,107.25,147.9,83.6,,,,2026-04-14T01:22:41.013948+00:00
NEPTUNE,,,EQ,,,ST,,,,,200.0,195.0,246.9,126.3,,,,2026-04-14T01:22:41.013948+00:00
AGARWALTUF,,,EQ,,,SM,,,,,104.5,101.9,174.05,81.0,,,,2026-04-14T01:22:41.013948+00:00
IWARE,,,EQ,,,ST,,,,,235.75,230.0,283.0,70.05,,,,2026-04-14T01:22:41.013948+00:00
RAJINDLTD,,,EQ,,,SM,,,,,79.8,77.85,101.9,60.0,,,,2026-04-14T01:22:41.013948+00:00
SHREEKARNI,,,EQ,,,SM,,,,,410.0,400.0,712.0,329.95,,,,2026-04-14T01:22:41.013948+00:00
SUNREST,,,EQ,,,SM,,,,,37.0,36.1,54.46,26.38,,,,2026-04-14T01:22:41.013948+00:00
ELGNZ,,,EQ,,,SM,,,,,75.15,73.35,163.5,52.0,,,,2026-04-14T01:22:41.013948+00:00
GOYALSALT,,,EQ,,,SM,,,,,118.8,116.05,204.0,97.0,,,,2026-04-14T01:22:41.013948+00:00
VISHNUINFR,,,EQ,,,SM,,,,,172.75,168.75,218.9,125.2,,,,2026-04-14T01:22:41.013948+00:00
PUSHPA,,,EQ,,,SM,,,,,124.0,121.3,148.75,81.15,,,,2026-04-14T01:22:41.013948+00:00
SNEHAA,,,EQ,,,SM,,,,,43.55,42.6,122.0,35.5,,,,2026-04-14T01:22:41.013948+00:00
PELATRO,,,EQ,,,SM,,,,,302.0,295.5,461.0,270.0,,,,2026-04-14T01:22:41.013948+00:00
HRHNEXT,,,EQ,,,SM,,,,,26.55,26.0,63.15,21.0,,,,2026-04-14T01:22:41.013948+00:00
PRECISION,,,EQ,,,SM,,,,,7.35,7.2,28.4,6.75,,,,2026-04-14T01:22:41.013948+00:00
BRACEPORT,,,EQ,,,SM,,,,,55.6,54.5,111.0,42.9,,,,2026-04-14T01:22:41.013948+00:00
KANDARP,,,EQ,,,SM,,,,,139.0,136.25,169.0,70.3,,,,2026-04-14T01:22:41.013948+00:00
UCL,,,EQ,,,ST,,,,,98.8,96.9,98.8,38.0,,,,2026-04-14T01:22:41.013948+00:00
SAVY,,,EQ,,,SM,,,,,138.1,135.45,191.0,115.5,,,,2026-04-14T01:22:41.013948+00:00
KALANA,,,EQ,,,ST,,,,,24.8,24.35,49.0,15.1,,,,2026-04-14T01:22:41.013948+00:00
VINSYS,,,EQ,,,SM,,,,,341.0,334.85,475.0,215.0,,,,2026-04-14T01:22:41.013948+00:00
TRUST,,,EQ,,,SM,,,,,40.8,40.1,94.1,27.9,,,,2026-04-14T01:22:41.013948+00:00
GRCL,,,EQ,,,SM,,,,,399.85,393.0,525.25,306.65,,,,2026-04-14T01:22:41.013948+00:00
FALCONTECH,,,EQ,,,SM,,,,,11.85,11.65,23.38,9.93,,,,2026-04-14T01:22:41.013948+00:00
ANONDITA,,,EQ,,,SM,,,,,834.0,820.0,1037.45,261.75,,,,2026-04-14T01:22:41.013948+00:00
SHIVASHRIT,,,EQ,,,SM,,,,,125.9,123.8,148.5,96.0,,,,2026-04-14T01:22:41.013948+00:00
ECOLINE,,,EQ,,,SM,,,,,122.0,120.0,143.9,115.0,,,,2026-04-14T01:22:41.013948+00:00
PARAMOUNT,,,EQ,,,SM,,,,,39.9,39.25,73.9,33.5,,,,2026-04-14T01:22:41.013948+00:00
SPEB,,,EQ,,,SM,,,,,55.9,55.0,60.0,46.55,,,,2026-04-14T01:22:41.013948+00:00
RNPL,,,EQ,,,SM,,,,,136.95,134.85,158.0,69.0,,,,2026-04-14T01:22:41.013948+00:00
EMKAYTOOLS,,,EQ,,,SM,,,,,105.3,103.7,442.35,83.1,,,,2026-04-14T01:22:41.013948+00:00
VEEKAYEM,,,EQ,,,SM,,,,,118.9,117.1,318.0,79.8,,,,2026-04-14T01:22:41.013948+00:00
BHADORA,,,EQ,,,SM,,,,,67.0,66.0,128.85,49.5,,,,2026-04-14T01:22:41.013948+00:00
YASHOPTICS,,,EQ,,,SM,,,,,117.95,116.25,153.5,75.1,,,,2026-04-14T01:22:41.013948+00:00
ZTECH,,,EQ,,,SM,,,,,554.2,546.2,701.0,460.0,,,,2026-04-14T01:22:41.013948+00:00
ROXHITECH,,,EQ,,,SM,,,,,36.0,35.5,57.45,22.95,,,,2026-04-14T01:22:41.013948+00:00
SILKY,,,EQ,,,SM,,,,,144.0,142.0,171.0,103.0,,,,2026-04-14T01:22:41.013948+00:00
CMNL,,,EQ,,,SM,,,,,105.45,104.0,183.9,90.0,,,,2026-04-14T01:22:41.013948+00:00
VOLERCAR,,,EQ,,,SM,,,,,259.0,255.45,276.05,81.45,,,,2026-04-14T01:22:41.013948+00:00
SHETHJI,,,EQ,,,SM,,,,,122.75,121.3,136.0,95.5,,,,2026-04-14T01:22:41.013948+00:00
DIVINEHIRA,,,EQ,,,ST,,,,,302.0,298.45,311.95,43.0,,,,2026-04-14T01:22:41.013948+00:00
E2ERAIL,,,EQ,,,SM,,,,,184.45,182.3,347.1,171.0,,,,2026-04-14T01:22:41.013948+00:00
TSC,,,EQ,,,SM,,,,,36.2,35.8,79.3,27.5,,,,2026-04-14T01:22:41.013948+00:00
SAAKSHI,,,EQ,,,SM,,,,,195.0,193.0,217.7,118.0,,,,2026-04-14T01:22:41.013948+00:00
BAGDIGITAL,,,EQ,,,SM,,,,,110.6,109.5,139.0,95.75,,,,2026-04-14T01:22:41.013948+00:00
IEML,,,EQ,,,SM,,,,,82.9,82.1,173.57,58.45,,,,2026-04-14T01:22:41.013948+00:00
ARHAM,,,EQ,,,SM,,,,,141.45,140.15,161.0,70.8,,,,2026-04-14T01:22:41.013948+00:00
ENSER,,,EQ,,,SM,,,,,16.5,16.35,23.25,7.8,,,,2026-04-14T01:22:41.013948+00:00
AIMTRON,,,EQ,,,SM,,,,,892.0,885.4,1040.0,472.0,,,,2026-04-14T01:22:41.013948+00:00
ASHALOG,,,EQ,,,SM,,,,,68.7,68.2,92.6,50.0,,,,2026-04-14T01:22:41.013948+00:00
RBS,,,EQ,,,SM,,,,,89.1,88.45,143.0,58.8,,,,2026-04-14T01:22:41.013948+00:00
WOL3D,,,EQ,,,SM,,,,,157.5,156.4,209.95,106.65,,,,2026-04-14T01:22:41.013948+00:00
OLIL,,,EQ,,,SM,,,,,322.25,320.5,355.0,154.25,,,,2026-04-14T01:22:41.013948+00:00
MADHUSUDAN,,,EQ,,,SM,,,,,156.45,155.65,190.0,108.6,,,,2026-04-14T01:22:41.013948+00:00
SURANI,,,EQ,,,ST,,,,,123.9,123.3,139.0,47.3,,,,2026-04-14T01:22:41.013948+00:00
KKJEWELS,,,EQ,,,SM,,,,,104.95,104.45,166.75,72.1,,,,2026-04-14T01:22:41.013948+00:00
RTL,,,EQ,,,ST,,,,,88.3,87.9,100.9,54.0,,,,2026-04-14T01:22:41.013948+00:00
AVIANSH,,,EQ,,,SM,,,,,111.5,111.0,123.5,95.0,,,,2026-04-14T01:22:41.013948+00:00
USASEEDS,,,EQ,,,SM,,,,,116.0,115.5,220.08,90.0,,,,2026-04-14T01:22:41.013948+00:00
NMSTEEL,,,EQ,,,SM,,,,,24.0,23.9,39.15,17.4,,,,2026-04-14T01:22:41.013948+00:00
SHEETAL,,,EQ,,,ST,,,,,256.0,255.0,264.95,86.0,,,,2026-04-14T01:22:41.013948+00:00
ATCENERGY,,,EQ,,,SM,,,,,31.4,31.3,115.35,19.35,,,,2026-04-14T01:22:41.013948+00:00
MAGSON,,,EQ,,,SM,,,,,190.0,189.4,196.0,100.5,,,,2026-04-14T01:22:41.013948+00:00
BLUEWATER,,,EQ,,,SM,,,,,162.0,161.5,187.2,125.4,,,,2026-04-14T01:22:41.013948+00:00
CADSYS,,,EQ,,,SM,,,,,47.95,47.8,99.9,35.6,,,,2026-04-14T01:22:41.013948+00:00
NIKITA,,,EQ,,,SM,,,,,113.85,113.5,156.0,77.15,,,,2026-04-14T01:22:41.013948+00:00
PRATHAM,,,EQ,,,SM,,,,,131.0,130.6,216.8,102.55,,,,2026-04-14T01:22:41.013948+00:00
TUNWAL,,,EQ,,,SM,,,,,33.7,33.6,49.8,27.05,,,,2026-04-14T01:22:41.013948+00:00
LRRPL,,,EQ,,,SM,,,,,75.0,74.8,99.5,53.15,,,,2026-04-14T01:22:41.013948+00:00
AATMAJ,,,EQ,,,SM,,,,,20.15,20.1,25.5,16.5,,,,2026-04-14T01:22:41.013948+00:00
INTEGRITY,,,EQ,,,SM,,,,,115.5,115.25,145.1,81.7,,,,2026-04-14T01:22:41.013948+00:00
ORIANA,,,EQ,,,SM,,,,,1938.0,1934.15,3064.0,1286.2,,,,2026-04-14T01:22:41.013948+00:00
CHETANA,,,EQ,,,SM,,,,,40.0,39.95,129.0,30.1,,,,2026-04-14T01:22:41.013948+00:00
INNOMET,,,EQ,,,SM,,,,,90.0,89.9,216.0,63.15,,,,2026-04-14T01:22:41.013948+00:00
FOCE,,,EQ,,,SM,,,,,551.5,551.0,835.0,510.83,,,,2026-04-14T01:22:41.013948+00:00
POSITRON,,,EQ,,,SM,,,,,161.0,160.9,420.0,105.9,,,,2026-04-14T01:22:41.013948+00:00
ACCPL,,,EQ,,,SM,,,,,77.0,77.0,102.5,53.8,,,,2026-04-14T01:22:41.013948+00:00
ACTIVEINFR,,,EQ,,,SM,,,,,170.05,170.05,190.0,147.05,,,,2026-04-14T01:22:41.013948+00:00
AGUL,,,EQ,,,SM,,,,,72.0,72.0,86.0,37.3,,,,2026-04-14T01:22:41.013948+00:00
AILIMITED,,,EQ,,,SM,,,,,35.95,35.95,90.9,23.75,,,,2026-04-14T01:22:41.013948+00:00
AMIABLE,,,EQ,,,SM,,,,,0.0,70.0,98.5,54.0,,,,2026-04-14T01:22:41.013948+00:00
ARIHANTACA,,,EQ,,,SM,,,,,480.0,480.0,555.0,250.0,,,,2026-04-14T01:22:41.013948+00:00
ARISTO,,,EQ,,,SM,,,,,85.7,85.7,145.3,74.3,,,,2026-04-14T01:22:41.013948+00:00
ASHWINI,,,EQ,,,SM,,,,,143.0,143.0,167.8,120.0,,,,2026-04-14T01:22:41.013948+00:00
AUROIMPEX,,,EQ,,,SM,,,,,33.45,33.45,60.0,21.25,,,,2026-04-14T01:22:41.013948+00:00
BALAJIPHOS,,,EQ,,,SM,,,,,104.0,104.0,184.7,97.2,,,,2026-04-14T01:22:41.013948+00:00
BALCO,,,EQ,,,SM,,,,,16.95,16.95,40.0,13.4,,,,2026-04-14T01:22:41.013948+00:00
BEACON,,,EQ,,,SM,,,,,83.95,83.95,102.5,50.0,,,,2026-04-14T01:22:41.013948+00:00
BIRDYS,,,EQ,,,SM,,,,,111.0,111.0,154.0,90.55,,,,2026-04-14T01:22:41.013948+00:00
BLUEPEBBLE,,,EQ,,,ST,,,,,149.0,149.0,222.5,88.0,,,,2026-04-14T01:22:41.013948+00:00
BMETRICS,,,EQ,,,SM,,,,,40.9,40.9,56.9,34.1,,,,2026-04-14T01:22:41.013948+00:00
BOSS,,,EQ,,,SM,,,,,38.0,38.0,56.3,35.75,,,,2026-04-14T01:22:41.013948+00:00
BULKCORP,,,EQ,,,SM,,,,,46.0,46.0,94.6,43.25,,,,2026-04-14T01:22:41.013948+00:00
CBAZAAR,,,EQ,,,SM,,,,,5.0,5.0,8.0,3.05,,,,2026-04-14T01:22:41.013948+00:00
CLSL,,,EQ,,,SM,,,,,45.0,45.0,62.8,39.45,,,,2026-04-14T01:22:41.013948+00:00
CPS,,,EQ,,,SM,,,,,940.0,940.0,1349.25,590.0,,,,2026-04-14T01:22:41.013948+00:00
DELAPLEX,,,EQ,,,SM,,,,,104.0,104.0,194.85,81.15,,,,2026-04-14T01:22:41.013948+00:00
DESTINY,,,EQ,,,SM,,,,,123.45,123.45,143.0,74.8,,,,2026-04-14T01:22:41.013948+00:00
DHTL,,,EQ,,,SM,,,,,40.0,40.0,125.2,36.9,,,,2026-04-14T01:22:41.013948+00:00
DKEGL,,,EQ,,,SM,,,,,76.8,76.8,89.6,56.5,,,,2026-04-14T01:22:41.013948+00:00
DRSDILIP,,,EQ,,,ST,,,,,119.5,119.5,119.5,52.25,,,,2026-04-14T01:22:41.013948+00:00
DYNAMIC,,,EQ,,,SM,,,,,136.7,136.7,187.2,84.7,,,,2026-04-14T01:22:41.013948+00:00
EMAPARTNER,,,EQ,,,SM,,,,,76.0,76.0,133.0,65.25,,,,2026-04-14T01:22:41.013948+00:00
EPWINDIA,,,EQ,,,SM,,,,,119.0,119.0,130.0,98.0,,,,2026-04-14T01:22:41.013948+00:00
ETL,,,EQ,,,SM,,,,,955.0,955.0,1235.0,721.1,,,,2026-04-14T01:22:41.013948+00:00
FIDEL,,,EQ,,,SM,,,,,144.5,144.5,234.0,108.1,,,,2026-04-14T01:22:41.013948+00:00
FONEBOX,,,EQ,,,SM,,,,,64.8,64.8,124.4,59.5,,,,2026-04-14T01:22:41.013948+00:00
FORCAS,,,EQ,,,SM,,,,,100.0,100.0,140.0,80.0,,,,2026-04-14T01:22:41.013948+00:00
FWSTC,,,EQ,,,SM,,,,,187.25,187.25,248.0,145.0,,,,2026-04-14T01:22:41.013948+00:00
GAJANAND,,,EQ,,,SM,,,,,8.3,8.3,16.85,6.25,,,,2026-04-14T01:22:41.013948+00:00
GREENCHEF,,,EQ,,,SM,,,,,49.5,49.5,74.05,40.4,,,,2026-04-14T01:22:41.013948+00:00
GRETEX,,,EQ,,,ST,,,,,301.0,301.0,301.0,180.5,,,,2026-04-14T01:22:41.013948+00:00
GSTL,,,EQ,,,ST,,,,,34.35,34.35,37.65,5.95,,,,2026-04-14T01:22:41.013948+00:00
HOMESFY,,,EQ,,,SM,,,,,140.0,140.0,425.0,118.8,,,,2026-04-14T01:22:41.013948+00:00
HPTL,,,EQ,,,SM,,,,,269.9,269.9,327.4,102.05,,,,2026-04-14T01:22:41.013948+00:00
IBLFL,,,EQ,,,SM,,,,,51.2,51.2,74.0,43.95,,,,2026-04-14T01:22:41.013948+00:00
IDEALTECHO,,,EQ,,,SM,,,,,215.0,215.0,259.8,121.0,,,,2026-04-14T01:22:41.013948+00:00
INDIFRA,,,EQ,,,SM,,,,,12.85,12.85,24.5,11.7,,,,2026-04-14T01:22:41.013948+00:00
INM,,,EQ,,,SM,,,,,180.0,180.0,344.5,163.0,,,,2026-04-14T01:22:41.013948+00:00
IPSL,,,EQ,,,SM,,,,,228.95,228.95,385.0,172.05,,,,2026-04-14T01:22:41.013948+00:00
ISHAN,,,EQ,,,SM,,,,,0.8,0.8,1.3,0.5,,,,2026-04-14T01:22:41.013948+00:00
JAINAM,,,EQ,,,SM,,,,,174.0,174.0,322.85,169.0,,,,2026-04-14T01:22:41.013948+00:00
JALAN,,,EQ,,,SM,,,,,1.75,1.75,13.75,1.65,,,,2026-04-14T01:22:41.013948+00:00
JFLLIFE,,,EQ,,,SM,,,,,9.25,9.25,21.14,8.55,,,,2026-04-14T01:22:41.013948+00:00
KKVAPOW,,,EQ,,,SM,,,,,614.0,585.0,693.0,440.45,,,,2026-04-14T01:22:41.013948+00:00
MAKS,,,EQ,,,SM,,,,,26.45,26.45,36.0,25.55,,,,2026-04-14T01:22:41.013948+00:00
MANDEEP,,,EQ,,,SM,,,,,21.5,21.5,31.9,17.25,,,,2026-04-14T01:22:41.013948+00:00
MAXPOSURE,,,EQ,,,SM,,,,,43.7,43.7,74.0,32.0,,,,2026-04-14T01:22:41.013948+00:00
MEGAFLEX,,,EQ,,,ST,,,,,151.5,151.5,155.05,43.5,,,,2026-04-14T01:22:41.013948+00:00
MHHL,,,EQ,,,SM,,,,,40.05,40.05,66.0,33.1,,,,2026-04-14T01:22:41.013948+00:00
MICROPRO,,,EQ,,,SM,,,,,20.8,20.8,28.6,15.15,,,,2026-04-14T01:22:41.013948+00:00
MILTON,,,EQ,,,ST,,,,,50.3,50.3,53.5,24.85,,,,2026-04-14T01:22:41.013948+00:00
MOXSH,,,EQ,,,ST,,,,,133.85,133.85,133.85,26.7,,,,2026-04-14T01:22:41.013948+00:00
MYMUDRA,,,EQ,,,SM,,,,,75.0,75.0,119.1,60.0,,,,2026-04-14T01:22:41.013948+00:00
NAMAN,,,EQ,,,SM,,,,,55.95,55.95,119.95,42.05,,,,2026-04-14T01:22:41.013948+00:00
NRVANDANA,,,EQ,,,SM,,,,,54.8,54.8,72.9,37.05,,,,2026-04-14T01:22:41.013948+00:00
PARAMATRIX,,,EQ,,,SM,,,,,66.95,66.95,108.95,56.5,,,,2026-04-14T01:22:41.013948+00:00
PARAMPARA,,,EQ,,,ST,,,,,11.45,11.45,11.75,5.75,,,,2026-04-14T01:22:41.013948+00:00
PARTYCRUS,,,EQ,,,SM,,,,,89.0,89.0,102.0,63.05,,,,2026-04-14T01:22:41.013948+00:00
PENTAGON,,,EQ,,,SM,,,,,74.95,74.95,99.5,50.55,,,,2026-04-14T01:22:41.013948+00:00
PHOGLOBAL,,,EQ,,,SM,,,,,18.1,18.1,29.1,15.25,,,,2026-04-14T01:22:41.013948+00:00
PREMIUM,,,EQ,,,SM,,,,,35.65,35.65,44.25,26.05,,,,2026-04-14T01:22:41.013948+00:00
PRITIKA,,,EQ,,,SM,,,,,53.95,53.95,95.25,44.05,,,,2026-04-14T01:22:41.013948+00:00
PROLIFE,,,EQ,,,SM,,,,,59.3,59.3,220.0,56.05,,,,2026-04-14T01:22:41.013948+00:00
PROPEQUITY,,,EQ,,,SM,,,,,195.0,195.0,230.0,145.0,,,,2026-04-14T01:22:41.013948+00:00
QFIL,,,EQ,,,SM,,,,,38.0,38.0,85.75,38.0,,,,2026-04-14T01:22:41.013948+00:00
QMSMEDI,,,EQ,,,SM,,,,,78.5,78.5,112.87,68.95,,,,2026-04-14T01:22:41.013948+00:00
QUADPRO,,,EQ,,,SM,,,,,1.9,1.9,4.65,1.85,,,,2026-04-14T01:22:41.013948+00:00
RAJPUTANA,,,EQ,,,SM,,,,,225.65,225.65,299.0,200.0,,,,2026-04-14T01:22:41.013948+00:00
RAPIDFLEET,,,EQ,,,SM,,,,,181.0,181.0,229.0,158.0,,,,2026-04-14T01:22:41.013948+00:00
RICHA,,,EQ,,,SM,,,,,66.0,66.0,102.05,50.0,,,,2026-04-14T01:22:41.013948+00:00
ROYALARC,,,EQ,,,SM,,,,,160.0,160.0,186.95,126.5,,,,2026-04-14T01:22:41.013948+00:00
SABAR,,,EQ,,,ST,,,,,4.95,4.95,9.55,3.8,,,,2026-04-14T01:22:41.013948+00:00
SAJHOTELS,,,EQ,,,SM,,,,,41.65,41.65,80.25,34.1,,,,2026-04-14T01:22:41.013948+00:00
SAMAY,,,EQ,,,SM,,,,,37.2,37.2,51.3,28.5,,,,2026-04-14T01:22:41.013948+00:00
SANGANI,,,EQ,,,SM,,,,,44.0,44.0,77.0,37.0,,,,2026-04-14T01:22:41.013948+00:00
SAROJA,,,EQ,,,SM,,,,,32.35,32.35,60.0,28.0,,,,2026-04-14T01:22:41.013948+00:00
SATIPOLY,,,EQ,,,SM,,,,,30.7,30.7,94.85,27.15,,,,2026-04-14T01:22:41.013948+00:00
SDREAMS,,,EQ,,,SM,,,,,84.4,84.4,147.0,66.05,,,,2026-04-14T01:22:41.013948+00:00
SELLOWRAP,,,EQ,,,SM,,,,,72.0,72.0,139.65,62.1,,,,2026-04-14T01:22:41.013948+00:00
SHKSIL,,,EQ,,,SM,,,,,45.5,45.5,84.0,38.0,,,,2026-04-14T01:22:41.013948+00:00
SHRITECH,,,EQ,,,SM,,,,,60.0,60.0,95.5,51.35,,,,2026-04-14T01:22:41.013948+00:00
SHUBHSHREE,,,EQ,,,SM,,,,,310.0,310.0,494.95,274.0,,,,2026-04-14T01:22:41.013948+00:00
SIGNORIA,,,EQ,,,SM,,,,,62.7,62.7,135.6,53.1,,,,2026-04-14T01:22:41.013948+00:00
SMVD,,,EQ,,,ST,,,,,11.2,11.2,21.7,5.6,,,,2026-04-14T01:22:41.013948+00:00
SOTAC,,,EQ,,,SM,,,,,102.0,102.0,152.35,100.0,,,,2026-04-14T01:22:41.013948+00:00
SPPPOLY,,,EQ,,,SM,,,,,13.3,13.3,19.6,10.3,,,,2026-04-14T01:22:41.013948+00:00
TAPIFRUIT,,,EQ,,,SM,,,,,60.0,60.0,104.8,54.9,,,,2026-04-14T01:22:41.013948+00:00
TIMESCAN,,,EQ,,,SM,,,,,41.35,41.35,69.65,38.4,,,,2026-04-14T01:22:41.013948+00:00
TRANSWIND,,,EQ,,,SM,,,,,17.65,17.65,25.5,12.7,,,,2026-04-14T01:22:41.013948+00:00
UNILEX,,,EQ,,,SM,,,,,28.0,28.0,57.0,20.05,,,,2026-04-14T01:22:41.013948+00:00
UWCSL,,,EQ,,,SM,,,,,93.05,93.05,168.1,93.05,,,,2026-04-14T01:22:41.013948+00:00
VDEAL,,,EQ,,,SM,,,,,182.0,182.0,260.0,122.45,,,,2026-04-14T01:22:41.013948+00:00
VERITAAS,,,EQ,,,SM,,,,,47.8,47.8,86.65,35.9,,,,2026-04-14T01:22:41.013948+00:00
VERTEXPLUS,,,EQ,,,SM,,,,,81.6,81.6,149.8,77.75,,,,2026-04-14T01:22:41.013948+00:00
VIAZ,,,EQ,,,SM,,,,,61.0,61.0,99.55,49.3,,,,2026-04-14T01:22:41.013948+00:00
VICTORYEV,,,EQ,,,SM,,,,,15.25,15.25,34.45,13.7,,,,2026-04-14T01:22:41.013948+00:00
VILINBIO,,,EQ,,,ST,,,,,37.25,37.25,38.4,18.95,,,,2026-04-14T01:22:41.013948+00:00
VISHWAS,,,EQ,,,SM,,,,,40.0,40.0,63.65,32.05,,,,2026-04-14T01:22:41.013948+00:00
VIVO,,,EQ,,,SM,,,,,76.0,76.0,81.7,62.0,,,,2026-04-14T01:22:41.013948+00:00
VSCL,,,EQ,,,SM,,,,,25.5,25.5,35.15,16.05,,,,2026-04-14T01:22:41.013948+00:00
WALPAR,,,EQ,,,SM,,,,,42.25,42.25,53.3,37.7,,,,2026-04-14T01:22:41.013948+00:00
ZENITHDRUG,,,EQ,,,SM,,,,,42.5,42.5,92.75,33.3,,,,2026-04-14T01:22:41.013948+00:00
SKP,,,EQ,,,SM,,,,,149.5,149.55,253.95,137.0,,,,2026-04-14T01:22:41.013948+00:00
SCML,,,EQ,,,SM,,,,,138.0,138.05,159.5,68.05,,,,2026-04-14T01:22:41.013948+00:00
CONNPLEX,,,EQ,,,SM,,,,,259.65,259.8,293.0,177.0,,,,2026-04-14T01:22:41.013948+00:00
ZEAL,,,EQ,,,SM,,,,,80.9,81.0,165.8,55.9,,,,2026-04-14T01:22:41.013948+00:00
TECHLABS,,,EQ,,,SM,,,,,222.4,222.7,660.0,158.85,,,,2026-04-14T01:22:41.013948+00:00
ARVINDPORT,,,EQ,,,SM,,,,,32.95,33.0,87.4,27.45,,,,2026-04-14T01:22:41.013948+00:00
PARIN,,,EQ,,,SM,,,,,633.0,634.0,725.0,311.65,,,,2026-04-14T01:22:41.013948+00:00
EXCELLENT,,,EQ,,,ST,,,,,113.5,113.7,119.05,36.9,,,,2026-04-14T01:22:41.013948+00:00
GCHOTELS,,,EQ,,,SM,,,,,98.4,98.6,255.0,76.5,,,,2026-04-14T01:22:41.013948+00:00
ATMASTCO,,,EQ,,,SM,,,,,150.0,150.35,268.0,98.0,,,,2026-04-14T01:22:41.013948+00:00
DECCANTRAN,,,EQ,,,SM,,,,,21.15,21.2,56.1,16.25,,,,2026-04-14T01:22:41.013948+00:00
PARAGON,,,EQ,,,SM,,,,,40.8,40.9,78.95,34.1,,,,2026-04-14T01:22:41.013948+00:00
DEEM,,,EQ,,,SM,,,,,40.0,40.1,72.6,29.35,,,,2026-04-14T01:22:41.013948+00:00
REXPIPES,,,EQ,,,SM,,,,,201.5,202.0,208.0,60.85,,,,2026-04-14T01:22:41.013948+00:00
PATTECH,,,EQ,,,SM,,,,,87.5,87.75,160.0,72.2,,,,2026-04-14T01:22:41.013948+00:00
MGSL,,,EQ,,,SM,,,,,83.8,84.05,120.0,62.05,,,,2026-04-14T01:22:41.013948+00:00
MPEL,,,EQ,,,SM,,,,,47.0,47.15,153.9,42.0,,,,2026-04-14T01:22:41.013948+00:00
MASON,,,EQ,,,SM,,,,,151.0,151.5,220.0,91.0,,,,2026-04-14T01:22:41.013948+00:00
SAWALIYA,,,EQ,,,SM,,,,,302.0,303.0,351.0,208.0,,,,2026-04-14T01:22:41.013948+00:00
PULZ,,,EQ,,,SM,,,,,27.3,27.4,62.9,22.25,,,,2026-04-14T01:22:41.013948+00:00
ASPIRE,,,EQ,,,SM,,,,,12.85,12.9,40.0,10.2,,,,2026-04-14T01:22:41.013948+00:00
PROV,,,EQ,,,SM,,,,,1275.0,1280.0,1395.0,815.1,,,,2026-04-14T01:22:41.013948+00:00
DANISH,,,EQ,,,SM,,,,,680.4,683.1,1189.0,550.5,,,,2026-04-14T01:22:41.013948+00:00
SIDDHIKA,,,EQ,,,SM,,,,,219.0,219.9,243.0,175.0,,,,2026-04-14T01:22:41.013948+00:00
SHERA,,,EQ,,,SM,,,,,123.5,124.05,172.9,94.95,,,,2026-04-14T01:22:41.013948+00:00
K2INFRA,,,EQ,,,SM,,,,,51.5,51.75,90.9,40.8,,,,2026-04-14T01:22:41.013948+00:00
PCCL,,,EQ,,,SM,,,,,248.6,249.85,267.5,150.0,,,,2026-04-14T01:22:41.013948+00:00
TANKUP,,,EQ,,,SM,,,,,580.0,583.0,817.6,152.55,,,,2026-04-14T01:22:41.013948+00:00
MARCO,,,EQ,,,SM,,,,,38.1,38.3,54.5,26.6,,,,2026-04-14T01:22:41.013948+00:00
ARUNAYA,,,EQ,,,SM,,,,,18.35,18.45,46.5,13.9,,,,2026-04-14T01:22:41.013948+00:00
ESPRIT,,,EQ,,,SM,,,,,63.4,63.75,126.95,52.0,,,,2026-04-14T01:22:41.013948+00:00
ANYA,,,EQ,,,SM,,,,,17.0,17.1,29.05,15.7,,,,2026-04-14T01:22:41.013948+00:00
EXIMROUTES,,,EQ,,,SM,,,,,156.0,156.95,281.9,104.5,,,,2026-04-14T01:22:41.013948+00:00
PURPLEUTED,,,EQ,,,SM,,,,,300.0,301.85,587.95,168.0,,,,2026-04-14T01:22:41.013948+00:00
OPTIVALUE,,,EQ,,,SM,,,,,77.0,77.5,107.55,56.05,,,,2026-04-14T01:22:41.013948+00:00
ANNAPURNA,,,EQ,,,SM,,,,,186.1,187.35,338.0,143.2,,,,2026-04-14T01:22:41.013948+00:00
EFACTOR,,,EQ,,,SM,,,,,222.0,223.5,348.0,140.0,,,,2026-04-14T01:22:41.013948+00:00
PSRAJ,,,EQ,,,SM,,,,,270.0,272.0,318.1,125.0,,,,2026-04-14T01:22:41.013948+00:00
QVCEL,,,EQ,,,SM,,,,,26.5,26.7,37.0,21.8,,,,2026-04-14T01:22:41.013948+00:00
GIRIRAJ,,,EQ,,,ST,,,,,167.0,168.3,409.0,96.8,,,,2026-04-14T01:22:41.013948+00:00
HVAX,,,EQ,,,SM,,,,,880.0,887.0,1029.3,565.0,,,,2026-04-14T01:22:41.013948+00:00
GURUNANAK,,,EQ,,,SM,,,,,29.8,30.05,60.0,22.45,,,,2026-04-14T01:22:41.013948+00:00
KEL,,,EQ,,,SM,,,,,82.0,82.7,148.0,61.0,,,,2026-04-14T01:22:41.013948+00:00
AESTHETIK,,,EQ,,,SM,,,,,80.2,80.9,155.6,59.6,,,,2026-04-14T01:22:41.013948+00:00
JYOTIGLOBL,,,EQ,,,ST,,,,,45.1,45.5,77.75,27.05,,,,2026-04-14T01:22:41.013948+00:00
MARINETRAN,,,EQ,,,SM,,,,,16.85,17.0,28.2,13.3,,,,2026-04-14T01:22:41.013948+00:00
VLINFRA,,,EQ,,,SM,,,,,22.55,22.75,63.45,18.0,,,,2026-04-14T01:22:41.013948+00:00
VR,,,EQ,,,SM,,,,,155.0,156.55,260.0,125.0,,,,2026-04-14T01:22:41.013948+00:00
YCCL,,,EQ,,,SM,,,,,10.0,10.1,15.4,9.15,,,,2026-04-14T01:22:41.013948+00:00
SHANTHALA,,,EQ,,,SM,,,,,27.2,27.5,46.9,21.5,,,,2026-04-14T01:22:41.013948+00:00
SWARAJ,,,EQ,,,SM,,,,,291.5,294.7,318.95,158.5,,,,2026-04-14T01:22:41.013948+00:00
PRAMARA,,,EQ,,,SM,,,,,340.0,343.85,374.8,139.25,,,,2026-04-14T01:22:41.013948+00:00
SIDDHICOTS,,,EQ,,,ST,,,,,30.05,30.4,86.4,26.7,,,,2026-04-14T01:22:41.013948+00:00
DUCOL,,,EQ,,,SM,,,,,123.45,124.9,209.5,90.0,,,,2026-04-14T01:22:41.013948+00:00
QUICKTOUCH,,,EQ,,,SM,,,,,29.3,29.65,72.0,25.0,,,,2026-04-14T01:22:41.013948+00:00
PATILAUTOM,,,EQ,,,SM,,,,,148.0,149.8,268.9,112.05,,,,2026-04-14T01:22:41.013948+00:00
SYSTANGO,,,EQ,,,SM,,,,,273.6,276.95,411.0,203.0,,,,2026-04-14T01:22:41.013948+00:00
DCCL,,,EQ,,,SM,,,,,40.0,40.5,66.0,33.0,,,,2026-04-14T01:22:41.013948+00:00
CHANDAN,,,EQ,,,SM,,,,,254.0,257.25,358.0,150.3,,,,2026-04-14T01:22:41.013948+00:00
APRAMEYA,,,EQ,,,SM,,,,,233.5,236.5,360.0,93.0,,,,2026-04-14T01:22:41.013948+00:00
RBMINFRA,,,EQ,,,SM,,,,,415.0,420.35,524.8,267.0,,,,2026-04-14T01:22:41.013948+00:00
CELLECOR,,,EQ,,,SM,,,,,30.8,31.2,68.8,21.8,,,,2026-04-14T01:22:41.013948+00:00
NEOCHEM,,,EQ,,,SM,,,,,69.1,70.0,113.4,63.0,,,,2026-04-14T01:22:41.013948+00:00
CSSL,,,EQ,,,SM,,,,,105.6,107.0,164.0,95.0,,,,2026-04-14T01:22:41.013948+00:00
PHANTOMFX,,,EQ,,,SM,,,,,197.45,200.1,327.95,156.0,,,,2026-04-14T01:22:41.013948+00:00
DUGLOBAL,,,EQ,,,SM,,,,,37.0,37.5,61.9,26.5,,,,2026-04-14T01:22:41.013948+00:00
MAYASHEEL,,,EQ,,,SM,,,,,54.25,55.0,85.0,40.05,,,,2026-04-14T01:22:41.013948+00:00
REMUS,,,EQ,,,SM,,,,,645.0,654.0,1139.5,580.0,,,,2026-04-14T01:22:41.013948+00:00
PARTH,,,EQ,,,ST,,,,,320.0,324.5,338.0,169.0,,,,2026-04-14T01:22:41.013948+00:00
KODYTECH,,,EQ,,,ST,,,,,773.0,784.0,1147.0,556.05,,,,2026-04-14T01:22:41.013948+00:00
PSFL,,,EQ,,,SM,,,,,28.0,28.4,58.0,21.15,,,,2026-04-14T01:22:41.013948+00:00
WOMANCART,,,EQ,,,SM,,,,,190.0,192.75,358.0,132.6,,,,2026-04-14T01:22:41.013948+00:00
SAFEENTP,,,EQ,,,SM,,,,,239.0,242.75,319.0,151.0,,,,2026-04-14T01:22:41.013948+00:00
MARC,,,EQ,,,ST,,,,,65.95,67.0,74.4,40.75,,,,2026-04-14T01:22:41.013948+00:00
C2C,,,EQ,,,SM,,,,,464.0,471.65,888.0,297.05,,,,2026-04-14T01:22:41.013948+00:00
MEDIORG,,,EQ,,,SM,,,,,27.25,27.7,49.7,20.05,,,,2026-04-14T01:22:41.013948+00:00
SHRIAHIMSA,,,EQ,,,SM,,,,,240.0,243.95,283.0,141.6,,,,2026-04-14T01:22:41.013948+00:00
DIGIKORE,,,EQ,,,SM,,,,,68.9,70.05,102.98,57.1,,,,2026-04-14T01:22:41.013948+00:00
MEGATHERM,,,EQ,,,SM,,,,,228.4,232.25,380.0,170.0,,,,2026-04-14T01:22:41.013948+00:00
FRESHARA,,,EQ,,,ST,,,,,187.4,190.6,225.0,130.0,,,,2026-04-14T01:22:41.013948+00:00
TAURIAN,,,EQ,,,SM,,,,,237.0,241.05,425.0,192.0,,,,2026-04-14T01:22:41.013948+00:00
CHAVDA,,,EQ,,,SM,,,,,95.8,97.45,156.95,80.6,,,,2026-04-14T01:22:41.013948+00:00
SILKFLEX,,,EQ,,,ST,,,,,136.0,138.4,146.3,67.1,,,,2026-04-14T01:22:41.013948+00:00
MONOLITH,,,EQ,,,SM,,,,,443.55,451.5,607.4,219.45,,,,2026-04-14T01:22:41.013948+00:00
KAYTEX,,,EQ,,,SM,,,,,66.0,67.2,156.9,50.35,,,,2026-04-14T01:22:41.013948+00:00
KLL,,,EQ,,,SM,,,,,41.25,42.0,96.8,31.5,,,,2026-04-14T01:22:41.013948+00:00
DURLAX,,,EQ,,,SM,,,,,48.8,49.7,53.21,28.03,,,,2026-04-14T01:22:41.013948+00:00
OBSCP,,,EQ,,,SM,,,,,308.8,314.5,360.0,147.0,,,,2026-04-14T01:22:41.013948+00:00
USHAFIN,,,EQ,,,SM,,,,,32.25,32.85,53.83,26.75,,,,2026-04-14T01:22:41.013948+00:00
SERVICE,,,EQ,,,ST,,,,,50.05,51.0,69.9,39.2,,,,2026-04-14T01:22:41.013948+00:00
LAMOSAIC,,,EQ,,,SM,,,,,25.0,25.5,48.4,20.45,,,,2026-04-14T01:22:41.013948+00:00
ABHAPOWER,,,EQ,,,SM,,,,,27.2,27.75,55.25,23.55,,,,2026-04-14T01:22:41.013948+00:00
POLYSIL,,,EQ,,,ST,,,,,182.3,186.0,356.75,27.1,,,,2026-04-14T01:22:41.013948+00:00
ITTL,,,EQ,,,ST,,,,,103.2,105.3,152.4,42.15,,,,2026-04-14T01:22:41.013948+00:00
VISAMAN,,,EQ,,,ST,,,,,122.75,125.25,145.0,34.0,,,,2026-04-14T01:22:41.013948+00:00
SSEGL,,,EQ,,,SM,,,,,390.0,398.05,580.0,283.0,,,,2026-04-14T01:22:41.013948+00:00
OSELDEVICE,,,EQ,,,SM,,,,,600.0,612.9,835.0,196.75,,,,2026-04-14T01:22:41.013948+00:00
CLASSICEIL,,,EQ,,,SM,,,,,51.0,52.1,113.9,34.75,,,,2026-04-14T01:22:41.013948+00:00
VIVIANA,,,EQ,,,SM,,,,,724.25,739.9,1162.5,511.25,,,,2026-04-14T01:22:41.013948+00:00
SAHAJSOLAR,,,EQ,,,SM,,,,,138.0,141.0,323.55,91.0,,,,2026-04-14T01:22:41.013948+00:00
LAKSHYA,,,EQ,,,SM,,,,,95.9,98.0,204.95,73.15,,,,2026-04-14T01:22:41.013948+00:00
MAHICKRA,,,EQ,,,ST,,,,,224.0,228.9,228.9,103.2,,,,2026-04-14T01:22:41.013948+00:00
APS,,,EQ,,,SM,,,,,351.25,359.0,654.0,261.0,,,,2026-04-14T01:22:41.013948+00:00
INFLUX,,,EQ,,,SM,,,,,226.0,231.15,261.95,120.0,,,,2026-04-14T01:22:41.013948+00:00
RNFI,,,EQ,,,SM,,,,,295.0,301.8,404.0,214.2,,,,2026-04-14T01:22:41.013948+00:00
VIESL,,,EQ,,,SM,,,,,279.0,285.45,307.9,122.65,,,,2026-04-14T01:22:41.013948+00:00
HIGREEN,,,EQ,,,SM,,,,,142.0,145.3,265.7,101.2,,,,2026-04-14T01:22:41.013948+00:00
FLYSBS,,,EQ,,,SM,,,,,414.0,423.65,790.0,355.25,,,,2026-04-14T01:22:41.013948+00:00
RILINFRA,,,EQ,,,SM,,,,,34.35,35.15,53.9,27.6,,,,2026-04-14T01:22:41.013948+00:00
INFINIUM,,,EQ,,,SM,,,,,210.0,215.05,337.0,189.4,,,,2026-04-14T01:22:41.013948+00:00
SPCL,,,EQ,,,SM,,,,,78.45,80.35,139.2,59.0,,,,2026-04-14T01:22:41.013948+00:00
SHYAMDHANI,,,EQ,,,SM,,,,,71.25,73.05,139.65,47.0,,,,2026-04-14T01:22:41.013948+00:00
INFOLLION,,,EQ,,,SM,,,,,321.1,329.25,575.0,240.0,,,,2026-04-14T01:22:41.013948+00:00
GANESHIN,,,EQ,,,SM,,,,,76.4,78.35,279.8,66.4,,,,2026-04-14T01:22:41.013948+00:00
ITALIANE,,,EQ,,,ST,,,,,35.1,36.0,49.0,24.05,,,,2026-04-14T01:22:41.013948+00:00
JAYBEE,,,EQ,,,ST,,,,,113.0,115.95,300.0,70.0,,,,2026-04-14T01:22:41.013948+00:00
INVICTA,,,EQ,,,SM,,,,,72.05,73.95,105.0,58.1,,,,2026-04-14T01:22:41.013948+00:00
WTICAB,,,EQ,,,SM,,,,,102.5,105.25,204.0,75.15,,,,2026-04-14T01:22:41.013948+00:00
DHARARAIL,,,EQ,,,SM,,,,,115.0,118.1,157.5,90.05,,,,2026-04-14T01:22:41.013948+00:00
DENTALKART,,,EQ,,,SM,,,,,370.0,380.05,690.0,322.5,,,,2026-04-14T01:22:41.013948+00:00
IPHL,,,EQ,,,SM,,,,,53.55,55.0,78.25,46.1,,,,2026-04-14T01:22:41.013948+00:00
NIDAN,,,EQ,,,SM,,,,,14.3,14.7,24.9,12.75,,,,2026-04-14T01:22:41.013948+00:00
ARABIAN,,,EQ,,,SM,,,,,71.0,73.0,92.95,63.2,,,,2026-04-14T01:22:41.013948+00:00
GANGABATH,,,EQ,,,SM,,,,,22.85,23.5,59.0,15.5,,,,2026-04-14T01:22:41.013948+00:00
MVKAGRO,,,EQ,,,SM,,,,,538.5,554.4,819.0,47.55,,,,2026-04-14T01:22:41.013948+00:00
DHANLAXMI,,,EQ,,,SM,,,,,28.35,29.2,66.0,20.05,,,,2026-04-14T01:22:41.013948+00:00
DHARIWAL,,,EQ,,,ST,,,,,38.8,40.0,48.3,10.41,,,,2026-04-14T01:22:41.013948+00:00
CHAMUNDA,,,EQ,,,SM,,,,,41.15,42.45,59.0,38.5,,,,2026-04-14T01:22:41.013948+00:00
COMMITTED,,,EQ,,,SM,,,,,242.1,249.85,274.05,174.25,,,,2026-04-14T01:22:41.013948+00:00
AVPINFRA,,,EQ,,,SM,,,,,99.75,102.95,218.0,77.0,,,,2026-04-14T01:22:41.013948+00:00
AISL,,,EQ,,,SM,,,,,62.0,64.0,117.25,54.15,,,,2026-04-14T01:22:41.013948+00:00
FINBUD,,,EQ,,,SM,,,,,105.1,108.5,164.85,76.0,,,,2026-04-14T01:22:41.013948+00:00
PPSL,,,EQ,,,SM,,,,,7.75,8.0,34.0,5.05,,,,2026-04-14T01:22:41.013948+00:00
DTL,,,EQ,,,SM,,,,,108.0,111.5,178.0,82.05,,,,2026-04-14T01:22:41.013948+00:00
VILAS,,,EQ,,,SM,,,,,406.0,419.8,673.7,314.5,,,,2026-04-14T01:22:41.013948+00:00
BAHETI,,,EQ,,,SM,,,,,564.0,583.9,649.9,478.0,,,,2026-04-14T01:22:41.013948+00:00
ALLETEC,,,EQ,,,SM,,,,,171.7,177.8,475.5,115.8,,,,2026-04-14T01:22:41.013948+00:00
DRONE,,,EQ,,,SM,,,,,50.0,51.8,138.05,36.0,,,,2026-04-14T01:22:41.013948+00:00
NEPHROCARE,,,EQ,,,SM,,,,,78.0,80.8,183.0,50.05,,,,2026-04-14T01:22:41.013948+00:00
GPECO,,,EQ,,,SM,,,,,374.9,388.45,616.5,264.05,,,,2026-04-14T01:22:41.013948+00:00
SSFL,,,EQ,,,SM,,,,,110.0,114.0,216.0,86.0,,,,2026-04-14T01:22:41.013948+00:00
MADHAVBAUG,,,EQ,,,SM,,,,,195.0,202.15,335.0,107.0,,,,2026-04-14T01:22:41.013948+00:00
SADHAV,,,EQ,,,SM,,,,,109.0,113.0,131.9,83.55,,,,2026-04-14T01:22:41.013948+00:00
ABSMARINE,,,EQ,,,SM,,,,,193.1,200.3,259.0,98.8,,,,2026-04-14T01:22:41.013948+00:00
VIJAYPD,,,EQ,,,ST,,,,,69.4,72.0,74.5,35.0,,,,2026-04-14T01:22:41.013948+00:00
AKIKO,,,EQ,,,ST,,,,,198.0,205.55,299.3,62.0,,,,2026-04-14T01:22:41.013948+00:00
SAHANA,,,EQ,,,SM,,,,,865.0,898.0,1730.0,685.0,,,,2026-04-14T01:22:41.013948+00:00
KCEIL,,,EQ,,,SM,,,,,120.0,124.6,388.05,90.85,,,,2026-04-14T01:22:41.013948+00:00
BASILIC,,,EQ,,,SM,,,,,224.9,233.55,509.8,166.25,,,,2026-04-14T01:22:41.013948+00:00
MANAV,,,EQ,,,ST,,,,,35.6,37.0,45.0,11.0,,,,2026-04-14T01:22:41.013948+00:00
UNIHEALTH,,,EQ,,,ST,,,,,438.05,456.05,478.85,133.65,,,,2026-04-14T01:22:41.013948+00:00
CURRENT,,,EQ,,,SM,,,,,120.0,125.0,163.0,106.05,,,,2026-04-14T01:22:41.013948+00:00
TAC,,,EQ,,,SM,,,,,544.05,566.85,899.65,352.0,,,,2026-04-14T01:22:41.013948+00:00
SAHASRA,,,EQ,,,SM,,,,,237.3,247.3,389.75,188.35,,,,2026-04-14T01:22:41.013948+00:00
JEYYAM,,,EQ,,,SM,,,,,34.35,35.85,74.5,22.05,,,,2026-04-14T01:22:41.013948+00:00
DPEL,,,EQ,,,SM,,,,,425.0,443.75,485.0,123.0,,,,2026-04-14T01:22:41.013948+00:00
ETML,,,EQ,,,SM,,,,,90.0,94.0,152.55,72.5,,,,2026-04-14T01:22:41.013948+00:00
READYMIX,,,EQ,,,SM,,,,,90.0,94.0,175.0,73.0,,,,2026-04-14T01:22:41.013948+00:00
SFML,,,EQ,,,SM,,,,,22.5,23.5,43.5,16.5,,,,2026-04-14T01:22:41.013948+00:00
SARTELE,,,EQ,,,SM,,,,,161.9,169.2,299.75,143.3,,,,2026-04-14T01:22:41.013948+00:00
SONAMAC,,,EQ,,,SM,,,,,41.0,42.85,108.9,27.1,,,,2026-04-14T01:22:41.013948+00:00
TECHERA,,,EQ,,,SM,,,,,193.2,201.95,325.7,115.6,,,,2026-04-14T01:22:41.013948+00:00
KARNIKA,,,EQ,,,SM,,,,,131.05,137.0,224.95,104.55,,,,2026-04-14T01:22:41.013948+00:00
BEWLTD,,,EQ,,,SM,,,,,83.5,87.3,239.8,65.0,,,,2026-04-14T01:22:41.013948+00:00
KCK,,,EQ,,,SM,,,,,14.3,14.95,52.35,11.6,,,,2026-04-14T01:22:41.013948+00:00
SWASTIK,,,EQ,,,SM,,,,,17.6,18.4,50.95,12.5,,,,2026-04-14T01:22:41.013948+00:00
AMBEY,,,EQ,,,SM,,,,,22.4,23.45,48.3,16.2,,,,2026-04-14T01:22:41.013948+00:00
JIWANRAM,,,EQ,,,SM,,,,,5.25,5.5,11.8,4.35,,,,2026-04-14T01:22:41.013948+00:00
SHIGAN,,,EQ,,,ST,,,,,53.1,55.65,95.0,41.2,,,,2026-04-14T01:22:41.013948+00:00
TROM,,,EQ,,,SM,,,,,69.75,73.2,208.0,42.9,,,,2026-04-14T01:22:41.013948+00:00
ESCONET,,,EQ,,,SM,,,,,132.95,139.55,280.0,91.25,,,,2026-04-14T01:22:41.013948+00:00
EFORCE,,,EQ,,,SM,,,,,27.0,28.35,54.5,16.15,,,,2026-04-14T01:22:41.013948+00:00
PROFX,,,EQ,,,SM,,,,,69.5,73.0,136.9,56.0,,,,2026-04-14T01:22:41.013948+00:00
TRANSTEEL,,,EQ,,,SM,,,,,142.5,149.7,169.0,85.0,,,,2026-04-14T01:22:41.013948+00:00
YUDIZ,,,EQ,,,ST,,,,,29.35,30.85,39.3,22.15,,,,2026-04-14T01:22:41.013948+00:00
GRAPHISAD,,,EQ,,,ST,,,,,35.15,36.95,52.8,29.25,,,,2026-04-14T01:22:41.013948+00:00
MEDISTEP,,,EQ,,,ST,,,,,18.55,19.5,53.0,16.5,,,,2026-04-14T01:22:41.013948+00:00
MAL,,,EQ,,,SM,,,,,39.0,41.0,80.2,28.15,,,,2026-04-14T01:22:41.013948+00:00
IDENTICAL,,,EQ,,,ST,,,,,20.3,21.35,56.0,14.1,,,,2026-04-14T01:22:41.013948+00:00
SATECH,,,EQ,,,SM,,,,,46.4,48.8,74.05,31.8,,,,2026-04-14T01:22:41.013948+00:00
MRIL,,,EQ,,,SM,,,,,40.25,42.35,82.0,29.05,,,,2026-04-14T01:22:41.013948+00:00
ESFL,,,EQ,,,SM,,,,,141.25,148.65,585.0,109.95,,,,2026-04-14T01:22:41.013948+00:00
MCON,,,EQ,,,SM,,,,,55.2,58.1,161.0,37.8,,,,2026-04-14T01:22:41.013948+00:00
SPRL,,,EQ,,,SM,,,,,104.65,110.15,199.4,101.65,,,,2026-04-14T01:22:41.013948+00:00
ALUWIND,,,EQ,,,SM,,,,,57.0,60.0,95.8,50.0,,,,2026-04-14T01:22:41.013948+00:00
WINSOL,,,EQ,,,SM,,,,,120.0,126.4,272.0,93.5,,,,2026-04-14T01:22:41.013948+00:00
AERON,,,EQ,,,SM,,,,,94.0,99.05,165.0,70.0,,,,2026-04-14T01:22:41.013948+00:00
EFFWA,,,EQ,,,SM,,,,,213.05,224.65,270.0,165.0,,,,2026-04-14T01:22:41.013948+00:00
VMARCIND,,,EQ,,,SM,,,,,756.5,797.85,805.0,250.25,,,,2026-04-14T01:22:41.013948+00:00
APEXECO,,,EQ,,,SM,,,,,109.0,115.0,165.6,93.05,,,,2026-04-14T01:22:41.013948+00:00
BABAFP,,,EQ,,,SM,,,,,23.75,25.1,47.5,20.3,,,,2026-04-14T01:22:41.013948+00:00
TECHD,,,EQ,,,SM,,,,,550.0,582.05,843.6,360.0,,,,2026-04-14T01:22:41.013948+00:00
SHREEOSFM,,,EQ,,,SM,,,,,82.1,86.95,145.35,65.0,,,,2026-04-14T01:22:41.013948+00:00
MUNISH,,,EQ,,,SM,,,,,70.5,74.75,143.0,50.2,,,,2026-04-14T01:22:41.013948+00:00
RULKA,,,EQ,,,SM,,,,,91.1,97.0,196.95,72.95,,,,2026-04-14T01:22:41.013948+00:00
DCG,,,EQ,,,SM,,,,,60.1,64.0,81.0,47.0,,,,2026-04-14T01:22:41.013948+00:00
PRLIND,,,EQ,,,SM,,,,,61.0,65.0,114.0,44.8,,,,2026-04-14T01:22:41.013948+00:00
CANARYS,,,EQ,,,SM,,,,,22.1,23.55,36.9,14.6,,,,2026-04-14T01:22:41.013948+00:00
URBAN,,,EQ,,,SM,,,,,134.75,143.75,201.9,114.0,,,,2026-04-14T01:22:41.013948+00:00
CRAYONS,,,EQ,,,SM,,,,,34.2,36.5,70.0,23.6,,,,2026-04-14T01:22:41.013948+00:00
SUNLITE,,,EQ,,,SM,,,,,373.0,399.25,415.5,108.55,,,,2026-04-14T01:22:41.013948+00:00
EMMIL,,,EQ,,,SM,,,,,142.5,153.25,243.5,110.0,,,,2026-04-14T01:22:41.013948+00:00
KHFM,,,EQ,,,SM,,,,,54.0,58.4,93.85,50.0,,,,2026-04-14T01:22:41.013948+00:00
MAITREYA,,,EQ,,,SM,,,,,167.0,180.95,329.0,162.05,,,,2026-04-14T01:22:41.013948+00:00
SHEEL,,,EQ,,,SM,,,,,49.0,53.15,95.55,37.8,,,,2026-04-14T01:22:41.013948+00:00
AARADHYA,,,EQ,,,SM,,,,,87.45,95.0,182.0,79.6,,,,2026-04-14T01:22:41.013948+00:00
WHITEFORCE,,,EQ,,,SM,,,,,34.2,37.2,94.8,28.25,,,,2026-04-14T01:22:41.013948+00:00
SMARTEN,,,EQ,,,SM,,,,,58.0,63.25,157.95,42.0,,,,2026-04-14T01:22:41.013948+00:00
OMFURN,,,EQ,,,SM,,,,,58.0,63.4,140.0,38.0,,,,2026-04-14T01:22:41.013948+00:00
ENCOMPAS,,,EQ,,,SM,,,,,267.85,294.8,302.9,167.35,,,,2026-04-14T01:22:41.013948+00:00
MDL,,,EQ,,,SM,,,,,50.6,56.0,105.5,43.0,,,,2026-04-14T01:22:41.013948+00:00
SAIFL,,,EQ,,,SM,,,,,11.5,12.75,32.75,8.1,,,,2026-04-14T01:22:41.013948+00:00
SEL,,,EQ,,,SM,,,,,191.75,213.0,337.1,115.25,,,,2026-04-14T01:22:41.013948+00:00
EEPL,,,EQ,,,SM,,,,,111.8,125.1,267.9,98.0,,,,2026-04-14T01:22:41.013948+00:00
SYLVANPLY,,,EQ,,,SM,,,,,45.05,51.0,95.0,40.0,,,,2026-04-14T01:22:41.013948+00:00
ABAN,Aban Offshore Limited,INE421A01028,BE,29-MAR-1995,2.0,,,,,,,,,,,,,2026-04-14T08:30:26.293484+00:00
AGSTRA,AGS Transact Technologies Limited,INE583L01014,BZ,31-JAN-2022,10.0,,,,,,,,,,,,,2026-04-14T08:30:26.293484+00:00
AKZOINDIA,Akzo Nobel India Limited,INE133A01011,EQ,28-JUN-2001,10.0,,,,,,,,,,,,,2026-04-14T08:30:26.293484+00:00
BGLOBAL,Bharatiya Global Infomedia Limited,INE224M01013,BZ,28-JUL-2011,10.0,,,,,,,,,,,,,2026-04-14T08:30:26.293484+00:00
BILVYAPAR,BIL VYAPAR LIMITED,INE071A01013,BE,27-SEP-2006,10.0,,,,,,,,,,,,,2026-04-14T08:30:26.293484+00:00
CLCIND,CLC Industries Limited,INE376C01038,BE,20-DEC-2006,10.0,,,,,,,,,,,,,2026-04-14T08:30:26.293484+00:00
CMICABLES,CMI Limited,INE981B01011,BZ,29-NOV-2016,10.0,,,,,,,,,,,,,2026-04-14T08:30:26.293484+00:00
DHARAN,DHARAN INFRA-EPC LIMITED,INE278R01034,BZ,02-APR-2018,1.0,,,,,,,,,,,,,2026-04-14T08:30:26.293484+00:00
DIL,Debock Industries Limited,INE411Y01011,BZ,31-MAR-2022,10.0,,,,,,,,,,,,,2026-04-14T08:30:26.293484+00:00
EDUCOMP,Educomp Solutions Limited,INE216H01027,BZ,13-JAN-2006,2.0,,,,,,,,,,,,,2026-04-14T08:30:26.293484+00:00
EMBDL,Embassy Developments Limited,INE069I01010,BE,23-MAR-2007,2.0,,,,,,,,,,,,,2026-04-14T08:30:26.293484+00:00
FCONSUMER,Future Consumer Limited,INE220J01025,BZ,04-JUL-2013,6.0,,,,,,,,,,,,,2026-04-14T08:30:26.293484+00:00
GENSOL,Gensol Engineering Limited,INE06H201014,BZ,03-JUL-2023,10.0,,,,,,,,,,,,,2026-04-14T08:30:26.293484+00:00
GFSTEELS,Grand Foundry Limited,INE534A01028,BE,22-JUL-2019,4.0,,,,,,,,,,,,,2026-04-14T08:30:26.293484+00:00
MORARJEE,Morarjee Textiles Limited,INE161G01027,BZ,14-SEP-2012,7.0,,,,,,,,,,,,,2026-04-14T08:30:26.293484+00:00
NEUEON,Neueon Corporation Limited,INE333I01044,BE,11-SEP-2013,1.0,,,,,,,,,,,,,2026-04-14T08:30:26.293484+00:00
QUINTEGRA,Quintegra Solutions Limited,INE033B01011,BE,20-DEC-2000,10.0,,,,,,,,,,,,,2026-04-14T08:30:26.293484+00:00
RAJVIR,Rajvir Industries Limited,INE011H01014,BZ,20-SEP-2005,10.0,,,,,,,,,,,,,2026-04-14T08:30:26.293484+00:00
RELINFRA,Reliance Infrastructure Limited,INE036A01016,BE,08-FEB-1995,10.0,,,,,,,,,,,,,2026-04-14T08:30:26.293484+00:00
RHFL,Reliance Home Finance Limited,INE217K01011,BZ,22-SEP-2017,10.0,,,,,,,,,,,,,2026-04-14T08:30:26.293484+00:00
SANWARIA,Sanwaria Consumer Limited,INE890C01046,BZ,27-MAR-2006,1.0,,,,,,,,,,,,,2026-04-14T08:30:26.293484+00:00
SKIL,SKIL Infrastructure Limited,INE429F01012,BZ,09-OCT-1996,10.0,,,,,,,,,,,,,2026-04-14T08:30:26.293484+00:00
SRPL,Shree Ram Proteins Limited,INE008Z01020,BZ,23-SEP-2020,1.0,,,,,,,,,,,,,2026-04-14T08:30:26.293484+00:00
UNIVAFOODS,Univa Foods Limited,INE275F01019,BE,03-APR-1996,10.0,,,,,,,,,,,,,2026-04-14T08:30:26.293484+00:00
20MICRONS,20 Microns Limited,INE144J01027,EQ,06-OCT-2008,5.0,,,,,,,,,,,,,2026-04-17T07:40:53.841423+00:00
21STCENMGM,21st Century Management Services Limited,INE253B01015,EQ,03-MAY-1995,10.0,,,,,,,,,,,,,2026-04-17T07:40:53.841423+00:00
360ONE,360 ONE WAM LIMITED,INE466L01038,EQ,19-SEP-2019,1.0,,,,,,,,,,,,,2026-04-17T07:40:53.841423+00:00
3IINFOLTD,3i Infotech Limited,INE748C01038,EQ,22-OCT-2021,10.0,,,,,,,,,,,,,2026-04-17T07:40:53.841423+00:00
3MINDIA,3M India Limited,INE470A01017,EQ,13-AUG-2004,10.0,,,,,,,,,,,,,2026-04-17T07:40:53.841423+00:00
3PLAND,3P Land Holdings Limited,INE105C01023,EQ,19-JUL-1995,2.0,,,,,,,,,,,,,2026-04-17T07:40:53.841423+00:00
5PAISA,5Paisa Capital Limited,INE618L01018,EQ,16-NOV-2017,10.0,,,,,,,,,,,,,2026-04-17T07:40:53.841423+00:00
63MOONS,63 moons technologies limited,INE111B01023,EQ,20-JUN-2005,2.0,,,,,,,,,,,,,2026-04-17T07:40:53.841423+00:00
A2ZINFRA,A2Z Infra Engineering Limited,INE619I01012,BE,23-DEC-2010,10.0,,,,,,,,,,,,,2026-04-17T07:40:53.841423+00:00
AAATECH,AAA Technologies Limited,INE0D0U01013,EQ,28-NOV-2022,10.0,,,,,,,,,,,,,2026-04-17T07:40:53.841423+00:00
AADHARHFC,Aadhar Housing Finance Limited,INE883F01010,EQ,15-MAY-2024,10.0,,,,,,,,,,,,,2026-04-17T07:40:53.841423+00:00
AAKASH,Aakash Exploration Services Limited,INE087Z01024,BE,29-SEP-2020,1.0,,,,,,,,,,,,,2026-04-17T07:40:53.841423+00:00
AAREYDRUGS,Aarey Drugs & Pharmaceuticals Limited,INE198H01019,EQ,06-AUG-2021,10.0,,,,,,,,,,,,,2026-04-17T07:40:53.841423+00:00
AARNAV,Aarnav Fashions Limited,INE750R01016,EQ,25-FEB-2026,10.0,,,,,,,,,,,,,2026-04-17T07:40:53.841423+00:00
AARON,Aaron Industries Limited,INE721Z01010,EQ,06-NOV-2020,10.0,,,,,,,,,,,,,2026-04-17T07:40:53.841423+00:00
AARTECH,Aartech Solonics Limited,INE01C001026,EQ,10-JUL-2023,5.0,,,,,,,,,,,,,2026-04-17T07:40:53.841423+00:00
AARTIDRUGS,Aarti Drugs Limited,INE767A01016,EQ,19-SEP-2003,10.0,,,,,,,,,,,,,2026-04-17T07:40:53.841423+00:00
AARTIIND,Aarti Industries Limited,INE769A01020,EQ,08-FEB-1995,5.0,,,,,,,,,,,,,2026-04-17T07:40:53.841423+00:00
AARTIPHARM,Aarti Pharmalabs Limited,INE0LRU01027,EQ,30-JAN-2023,5.0,,,,,,,,,,,,,2026-04-17T07:40:53.841423+00:00
AARTISURF,Aarti Surfactants Limited,INE09EO01013,EQ,14-JUL-2020,10.0,,,,,,,,,,,,,2026-04-17T07:40:53.841423+00:00
AARVI,Aarvi Encon Limited,INE754X01016,EQ,24-JUN-2020,10.0,,,,,,,,,,,,,2026-04-17T07:40:53.841423+00:00
AAVAS,Aavas Financiers Limited,INE216P01012,EQ,08-OCT-2018,10.0,,,,,,,,,,,,,2026-04-17T07:40:53.841423+00:00
ABB,ABB India Limited,INE117A01022,EQ,08-FEB-1995,2.0,,,,,,,,,,,,,2026-04-17T07:40:53.841423+00:00
ABBOTINDIA,Abbott India Limited,INE358A01014,EQ,08-JAN-2010,10.0,,,,,,,,,,,,,2026-04-17T07:40:53.841423+00:00
ABCAPITAL,Aditya Birla Capital Limited,INE674K01013,EQ,01-SEP-2017,10.0,,,,,,,,,,,,,2026-04-17T07:40:53.841423+00:00
ABCOTS,A B Cotspin India Limited,INE08PH01015,EQ,24-SEP-2025,10.0,,,,,,,,,,,,,2026-04-17T07:40:53.841423+00:00
ABDL,Allied Blenders and Distillers Limited,INE552Z01027,EQ,02-JUL-2024,2.0,,,,,,,,,,,,,2026-04-17T07:40:53.841423+00:00
ABFRL,Aditya Birla Fashion and Retail Limited,INE647O01011,EQ,17-JUL-2013,10.0,,,,,,,,,,,,,2026-04-17T07:40:53.841423+00:00
ABINFRA,A B Infrabuild Limited,INE00YB01025,EQ,08-NOV-2024,1.0,,,,,,,,,,,,,2026-04-17T07:40:53.841423+00:00
ABLBL,Aditya Birla Lifestyle Brands Limited,INE14LE01019,EQ,23-JUN-2025,10.0,,,,,,,,,,,,,2026-04-17T07:40:53.841423+00:00
ABMINTLLTD,ABM International Limited,INE251C01025,BE,09-SEP-2021,10.0,,,,,,,,,,,,,2026-04-17T07:40:53.841423+00:00
ABREL,Aditya Birla Real Estate Limited,INE055A01016,EQ,27-JUN-2003,10.0,,,,,,,,,,,,,2026-04-17T07:40:53.841423+00:00
ABSLAMC,Aditya Birla Sun Life AMC Limited,INE404A01024,EQ,11-OCT-2021,5.0,,,,,,,,,,,,,2026-04-17T07:40:53.841423+00:00
ACC,ACC Limited,INE012A01025,EQ,20-NOV-1996,10.0,,,,,,,,,,,,,2026-04-17T07:40:53.841423+00:00
ACCELYA,Accelya Solutions India Limited,INE793A01012,EQ,01-DEC-1999,10.0,,,,,,,,,,,,,2026-04-17T07:40:53.841423+00:00
ACCURACY,Accuracy Shipping Limited,INE648Z01023,BE,11-DEC-2020,1.0,,,,,,,,,,,,,2026-04-17T07:40:53.841423+00:00
ACE,Action Construction Equipment Limited,INE731H01025,EQ,26-SEP-2006,2.0,,,,,,,,,,,,,2026-04-17T07:40:53.841423+00:00
ACEINTEG,Ace Integrated Solutions Limited,INE543V01017,EQ,04-NOV-2022,10.0,,,,,,,,,,,,,2026-04-17T07:40:53.841423+00:00
ACI,Archean Chemical Industries Limited,INE128X01021,EQ,21-NOV-2022,2.0,,,,,,,,,,,,,2026-04-17T07:40:53.841423+00:00
ACL,Andhra Cements Limited,INE666E01020,EQ,10-MAY-2023,10.0,,,,,,,,,,,,,2026-04-17T07:40:53.841423+00:00
ACMESOLAR,Acme Solar Holdings Limited,INE622W01025,EQ,13-NOV-2024,2.0,,,,,,,,,,,,,2026-04-17T07:40:53.841423+00:00
ACUTAAS,Acutaas Chemicals Limited,INE00FF01025,EQ,14-SEP-2021,5.0,,,,,,,,,,,,,2026-04-17T07:40:53.841423+00:00
ADANIENSOL,Adani Energy Solutions Limited,INE931S01010,EQ,31-JUL-2015,10.0,,,,,,,,,,,,,2026-04-17T07:40:53.841423+00:00
ADANIENT,Adani Enterprises Limited,INE423A01024,EQ,04-JUN-1997,1.0,,,,,,,,,,,,,2026-04-17T07:40:53.841423+00:00
ADANIGREEN,Adani Green Energy Limited,INE364U01010,EQ,18-JUN-2018,10.0,,,,,,,,,,,,,2026-04-17T07:40:53.841423+00:00
ADANIPORTS,Adani Ports and Special Economic Zone Limited,INE742F01042,EQ,27-NOV-2007,2.0,,,,,,,,,,,,,2026-04-17T07:40:53.841423+00:00
ADANIPOWER,Adani Power Limited,INE814H01029,EQ,20-AUG-2009,2.0,,,,,,,,,,,,,2026-04-17T07:40:53.841423+00:00
ADFFOODS,ADF Foods Limited,INE982B01027,EQ,15-SEP-2010,2.0,,,,,,,,,,,,,2026-04-17T07:40:53.841423+00:00
ADL,Archidply Decor Limited,INE0CHO01012,EQ,01-OCT-2020,10.0,,,,,,,,,,,,,2026-04-17T07:40:53.841423+00:00
ADOR,Ador Welding Limited,INE045A01017,EQ,10-MAY-1995,10.0,,,,,,,,,,,,,2026-04-17T07:40:53.841423+00:00
ADROITINFO,Adroit Infotech Limited,INE737B01033,EQ,13-AUG-1997,10.0,,,,,,,,,,,,,2026-04-17T07:40:53.841423+00:00
ADSL,Allied Digital Services Limited,INE102I01027,EQ,25-JUL-2007,5.0,,,,,,,,,,,,,2026-04-17T07:40:53.841423+00:00
ADVAIT,Advait Energy Transitions Limited,INE0ALI01010,EQ,20-JAN-2026,10.0,,,,,,,,,,,,,2026-04-17T07:40:53.841423+00:00
ADVANCE,Advance Agrolife Limited,INE1B0W01010,EQ,08-OCT-2025,10.0,,,,,,,,,,,,,2026-04-17T07:40:53.841423+00:00
ADVANIHOTR,Advani Hotels & Resorts (India) Limited,INE199C01026,EQ,25-JUN-2007,2.0,,,,,,,,,,,,,2026-04-17T07:40:53.841423+00:00
ADVENTHTL,Advent Hotels International Limited,INE28GN01010,EQ,13-NOV-2025,10.0,,,,,,,,,,,,,2026-04-17T07:40:53.841423+00:00
ADVENZYMES,Advanced Enzyme Technologies Limited,INE837H01020,EQ,01-AUG-2016,2.0,,,,,,,,,,,,,2026-04-17T07:40:53.841423+00:00
AEGISLOG,Aegis Logistics Limited,INE208C01025,EQ,03-APR-1996,1.0,,,,,,,,,,,,,2026-04-17T07:40:53.841423+00:00
AEGISVOPAK,Aegis Vopak Terminals Limited,INE0INX01018,EQ,02-JUN-2025,10.0,,,,,,,,,,,,,2026-04-17T07:40:53.841423+00:00
AEPL,Artemis Electricals and Projects Limited,INE757T01025,BE,12-MAR-2026,1.0,,,,,,,,,,,,,2026-04-17T07:40:53.841423+00:00
AEQUS,Aequs Limited,INE947N01017,EQ,10-DEC-2025,10.0,,,,,,,,,,,,,2026-04-17T07:40:53.841423+00:00
AEROENTER,Aeroflex Enterprises Limited,INE065D01027,EQ,21-NOV-2022,2.0,,,,,,,,,,,,,2026-04-17T07:40:53.841423+00:00
AEROFLEX,Aeroflex Industries Limited,INE024001021,EQ,31-AUG-2023,2.0,,,,,,,,,,,,,2026-04-17T07:40:53.841423+00:00
AERONEU,Aeroflex Neu Limited,INE035801013,EQ,12-JAN-2023,10.0,,,,,,,,,,,,,2026-04-17T07:40:53.841423+00:00
AETHER,Aether Industries Limited,INE0BWX01014,EQ,03-JUN-2022,10.0,,,,,,,,,,,,,2026-04-17T07:40:53.841423+00:00
AFCONS,Afcons Infrastructure Limited,INE101I01011,EQ,04-NOV-2024,10.0,,,,,,,,,,,,,2026-04-17T07:40:53.841423+00:00
AFFLE,Affle 3i Limited,INE00WC01027,EQ,08-AUG-2019,2.0,,,,,,,,,,,,,2026-04-17T07:40:53.841423+00:00
AFFORDABLE,Affordable Robotic & Automation Limited,INE692Z01013,BE,23-OCT-2024,10.0,,,,,,,,,,,,,2026-04-17T07:40:53.841423+00:00
AFIL,Akme Fintrade (India) Limited,INE916Y01027,BE,26-JUN-2024,1.0,,,,,,,,,,,,,2026-04-17T07:40:53.841423+00:00
AFSL,Abans Financial Services Limited,INE00ZE01026,EQ,23-DEC-2022,2.0,,,,,,,,,,,,,2026-04-17T07:40:53.841423+00:00
AGARIND,Agarwal Industrial Corporation Limited,INE204E01012,EQ,26-MAY-2014,10.0,,,,,,,,,,,,,2026-04-17T07:40:53.841423+00:00
AGARWALEYE,Dr. Agarwal's Health Care Limited,INE943P01029,EQ,04-FEB-2025,1.0,,,,,,,,,,,,,2026-04-17T07:40:53.841423+00:00
AGI,AGI Greenpac Limited,INE415A01038,EQ,31-MAY-2000,2.0,,,,,,,,,,,,,2026-04-17T07:40:53.841423+00:00
AGIIL,Agi Infra Limited,INE976R01033,EQ,15-JUL-2024,1.0,,,,,,,,,,,,,2026-04-17T07:40:53.841423+00:00
AGRITECH,Agri-Tech (India) Limited,INE449G01018,EQ,28-JAN-2014,10.0,,,,,,,,,,,,,2026-04-17T07:40:53.841423+00:00
AGROPHOS,Agro Phos India Limited,INE740V01019,EQ,08-MAR-2019,10.0,,,,,,,,,,,,,2026-04-17T07:40:53.841423+00:00
AHCL,Anlon Healthcare Limited,INE0Y8W01017,EQ,03-SEP-2025,10.0,,,,,,,,,,,,,2026-04-17T07:40:53.841423+00:00
AHLADA,Ahlada Engineers Limited,INE00PV01013,EQ,28-JAN-2021,10.0,,,,,,,,,,,,,2026-04-17T07:40:53.841423+00:00
AHLEAST,Asian Hotels (East) Limited,INE926K01017,EQ,11-AUG-2010,10.0,,,,,,,,,,,,,2026-04-17T07:40:53.841423+00:00
AHLUCONT,Ahluwalia Contracts (India) Limited,INE758C01029,EQ,14-DEC-2009,2.0,,,,,,,,,,,,,2026-04-17T07:40:53.841423+00:00
AHLWEST,Asian Hotels (West) Limited,INE915K01010,EQ,05-AUG-2010,10.0,,,,,,,,,,,,,2026-04-17T07:40:53.841423+00:00
AIAENG,AIA Engineering Limited,INE212H01026,EQ,14-DEC-2005,2.0,,,,,,,,,,,,,2026-04-17T07:40:53.841423+00:00
AIIL,Authum Investment & Infrastructure Limited,INE206F01022,EQ,23-APR-2024,1.0,,,,,,,,,,,,,2026-04-17T07:40:53.841423+00:00
AIRAN,Airan Limited,INE645W01026,EQ,03-MAY-2019,2.0,,,,,,,,,,,,,2026-04-17T07:40:53.841423+00:00
AIROLAM,Airo Lam limited,INE801L01010,EQ,13-OCT-2021,10.0,,,,,,,,,,,,,2026-04-17T07:40:53.841423+00:00
AJANTPHARM,Ajanta Pharma Limited,INE031B01049,EQ,29-MAY-2000,2.0,,,,,,,,,,,,,2026-04-17T07:40:53.841423+00:00
AJAXENGG,Ajax Engineering Limited,INE274Y01021,EQ,17-FEB-2025,1.0,,,,,,,,,,,,,2026-04-17T07:40:53.841423+00:00
AJMERA,Ajmera Realty & Infra India Limited,INE298G01035,EQ,16-JUN-2009,2.0,,,,,,,,,,,,,2026-04-17T07:40:53.841423+00:00
AJOONI,Ajooni Biotech Limited,INE820Y01021,EQ,07-MAY-2021,2.0,,,,,,,,,,,,,2026-04-17T07:40:53.841423+00:00
AKASH,Akash Infra-Projects Limited,INE737W01013,EQ,11-OCT-2019,10.0,,,,,,,,,,,,,2026-04-17T07:40:53.841423+00:00
AKG,Akg Exim Limited,INE00Y801016,EQ,16-FEB-2021,10.0,,,,,,,,,,,,,2026-04-17T07:40:53.841423+00:00
AKI,AKI India Limited,INE642Z01026,EQ,06-APR-2023,2.0,,,,,,,,,,,,,2026-04-17T07:40:53.841423+00:00
AKSHAR,Akshar Spintex Limited,INE256Z01025,EQ,23-MAY-2022,1.0,,,,,,,,,,,,,2026-04-17T07:40:53.841423+00:00
AKSHARCHEM,AksharChem India Limited,INE542B01011,EQ,28-MAR-2017,10.0,,,,,,,,,,,,,2026-04-17T07:40:53.841423+00:00
AKSHOPTFBR,Aksh Optifibre Limited,INE523B01011,BE,18-AUG-2000,5.0,,,,,,,,,,,,,2026-04-17T07:40:53.841423+00:00
AKUMS,Akums Drugs and Pharmaceuticals Limited,INE09XN01023,EQ,06-AUG-2024,2.0,,,,,,,,,,,,,2026-04-17T07:40:53.841423+00:00
ALANKIT,Alankit Limited,INE914E01040,EQ,30-JUN-2015,1.0,,,,,,,,,,,,,2026-04-17T07:40:53.841423+00:00
ALBERTDAVD,Albert David Limited,INE155C01010,EQ,14-JUN-2016,10.0,,,,,,,,,,,,,2026-04-17T07:40:53.841423+00:00
ALEMBICLTD,Alembic Limited,INE426A01027,EQ,22-SEP-1999,2.0,,,,,,,,,,,,,2026-04-17T07:40:53.841423+00:00
ALGOQUANT,Algoquant Fintech Limited,INE598D01035,EQ,06-JAN-2026,1.0,,,,,,,,,,,,,2026-04-17T07:40:53.841423+00:00
ALICON,Alicon Castalloy Limited,INE062D01024,EQ,29-SEP-2006,5.0,,,,,,,,,,,,,2026-04-17T07:40:53.841423+00:00
ALIVUS,Alivus Life Sciences Limited,INE03Q201024,EQ,06-AUG-2021,2.0,,,,,,,,,,,,,2026-04-17T07:40:53.841423+00:00
ALKALI,Alkali Metals Limited,INE773I01017,EQ,06-NOV-2008,10.0,,,,,,,,,,,,,2026-04-17T07:40:53.841423+00:00
ALKEM,Alkem Laboratories Limited,INE540L01014,EQ,23-DEC-2015,2.0,,,,,,,,,,,,,2026-04-17T07:40:53.841423+00:00
ALKYLAMINE,Alkyl Amines Chemicals Limited,INE150B01039,EQ,26-NOV-2007,2.0,,,,,,,,,,,,,2026-04-17T07:40:53.841423+00:00
ALLCARGO,Allcargo Logistics Limited,INE418H01029,EQ,23-JUN-2006,2.0,,,,,,,,,,,,,2026-04-17T07:40:53.841423+00:00
ALLDIGI,Alldigi Tech Limited,INE835G01018,EQ,09-MAY-2005,10.0,,,,,,,,,,,,,2026-04-17T07:40:53.841423+00:00
ALLTIME,All Time Plastics Limited,INE0GV601021,EQ,14-AUG-2025,2.0,,,,,,,,,,,,,2026-04-17T07:40:53.841423+00:00
ALMONDZ,Almondz Global Securities Limited,INE326B01035,EQ,16-JUN-2008,1.0,,,,,,,,,,,,,2026-04-17T07:40:53.841423+00:00
ALOKINDS,Alok Industries Limited,INE270A01029,EQ,19-FEB-2020,1.0,,,,,,,,,,,,,2026-04-17T07:40:53.841423+00:00
ALPA,Alpa Laboratories Limited,INE385I01010,EQ,06-AUG-2007,10.0,,,,,,,,,,,,,2026-04-17T07:40:53.841423+00:00
ALPHAGEO,Alphageo (India) Limited,INE137C01018,EQ,11-MAY-2007,10.0,,,,,,,,,,,,,2026-04-17T07:40:53.841423+00:00
AMAGI,Amagi Media Labs Limited,INE121R01077,EQ,21-JAN-2026,5.0,,,,,,,,,,,,,2026-04-17T07:40:53.841423+00:00
AMANTA,Amanta Healthcare Limited,INE084K01015,EQ,09-SEP-2025,10.0,,,,,,,,,,,,,2026-04-17T07:40:53.841423+00:00
AMBER,Amber Enterprises India Limited,INE371P01015,EQ,30-JAN-2018,10.0,,,,,,,,,,,,,2026-04-17T07:40:53.841423+00:00
AMBICAAGAR,Ambica Agarbathies & Aroma industries Limited,INE792B01012,EQ,29-JUN-2004,10.0,,,,,,,,,,,,,2026-04-17T07:40:53.841423+00:00
AMBIKCO,Ambika Cotton Mills Limited,INE540G01014,EQ,29-JAN-2008,10.0,,,,,,,,,,,,,2026-04-17T07:40:53.841423+00:00
AMBUJACEM,Ambuja Cements Limited,INE079A01024,EQ,18-FEB-1998,2.0,,,,,,,,,,,,,2026-04-17T07:40:53.841423+00:00
AMDIND,AMD Industries Limited,INE005I01014,EQ,19-MAR-2007,10.0,,,,,,,,,,,,,2026-04-17T07:40:53.841423+00:00
AMIRCHAND,Amir Chand Jagdish Kumar (Exports) Limited,INE05TO01019,EQ,02-APR-2026,10.0,,,,,,,,,,,,,2026-04-17T07:40:53.841423+00:00
AMJLAND,Amj Land Holdings Limited,INE606A01024,EQ,08-FEB-1995,2.0,,,,,,,,,,,,,2026-04-17T07:40:53.841423+00:00
AMNPLST,Amines & Plasticizers Limited,INE275D01022,EQ,10-NOV-2023,2.0,,,,,,,,,,,,,2026-04-17T07:40:53.841423+00:00
AMRUTANJAN,Amrutanjan Health Care Limited,INE098F01031,EQ,02-JAN-2015,1.0,,,,,,,,,,,,,2026-04-17T07:40:53.841423+00:00
ANANDRATHI,Anand Rathi Wealth Limited,INE463V01026,EQ,14-DEC-2021,5.0,,,,,,,,,,,,,2026-04-17T07:40:53.841423+00:00
ANANTRAJ,Anant Raj Limited,INE242C01024,EQ,27-SEP-2006,2.0,,,,,,,,,,,,,2026-04-17T07:40:53.841423+00:00
ANDHRAPAP,ANDHRA PAPER LIMITED,INE435A01051,EQ,13-MAY-2004,2.0,,,,,,,,,,,,,2026-04-17T07:40:53.841423+00:00
ANDHRSUGAR,The Andhra Sugars Limited,INE715B01021,EQ,01-NOV-1995,2.0,,,,,,,,,,,,,2026-04-17T07:40:53.841423+00:00
ANGELONE,Angel One Limited,INE732I01021,EQ,05-OCT-2020,1.0,,,,,,,,,,,,,2026-04-17T07:40:53.841423+00:00
ANIKINDS,Anik Industries Limited,INE087B01017,BE,21-MAY-2008,10.0,,,,,,,,,,,,,2026-04-17T07:40:53.841423+00:00
ANKITMETAL,Ankit Metal & Power Limited,INE106I01010,BZ,14-MAR-2013,10.0,,,,,,,,,,,,,2026-04-17T07:40:53.841423+00:00
ANMOL,Anmol India Limited,INE02AR01019,EQ,04-JUN-2021,10.0,,,,,,,,,,,,,2026-04-17T07:40:53.841423+00:00
ANSALAPI,Ansal Properties & Infrastructure Limited,INE436A01026,BZ,27-JAN-2006,5.0,,,,,,,,,,,,,2026-04-17T07:40:53.841423+00:00
ANTELOPUS,Antelopus Selan Energy Limited,INE818A01017,EQ,26-SEP-2006,10.0,,,,,,,,,,,,,2026-04-17T07:40:53.841423+00:00
ANTGRAPHIC,Antarctica Limited,INE414B01021,EQ,31-DEC-1997,1.0,,,,,,,,,,,,,2026-04-17T07:40:53.841423+00:00
ANTHEM,Anthem Biosciences Limited,INE0CZ201020,EQ,21-JUL-2025,2.0,,,,,,,,,,,,,2026-04-17T07:40:53.841423+00:00
ANUHPHR,Anuh Pharma Limited,INE489G01022,EQ,20-DEC-2024,5.0,,,,,,,,,,,,,2026-04-17T07:40:53.841423+00:00
ANUP,The Anup Engineering Limited,INE294Z01018,EQ,01-MAR-2019,10.0,,,,,,,,,,,,,2026-04-17T07:40:53.841423+00:00
ANURAS,Anupam Rasayan India Limited,INE930P01018,EQ,24-MAR-2021,10.0,,,,,,,,,,,,,2026-04-17T07:40:53.841423+00:00
APARINDS,Apar Industries Limited,INE372A01015,EQ,12-JUL-2004,10.0,,,,,,,,,,,,,2026-04-17T07:40:53.841423+00:00
APCL,Anjani Portland Cement Limited,INE071F01012,EQ,10-APR-2017,10.0,,,,,,,,,,,,,2026-04-17T07:40:53.841423+00:00
APCOTEXIND,Apcotex Industries Limited,INE116A01032,EQ,06-SEP-1995,2.0,,,,,,,,,,,,,2026-04-17T07:40:53.841423+00:00
APEX,Apex Frozen Foods Limited,INE346W01013,EQ,04-SEP-2017,10.0,,,,,,,,,,,,,2026-04-17T07:40:53.841423+00:00
APLAPOLLO,APL Apollo Tubes Limited,INE702C01027,EQ,14-DEC-2011,2.0,,,,,,,,,,,,,2026-04-17T07:40:53.841423+00:00
APLLTD,Alembic Pharmaceuticals Limited,INE901L01018,EQ,20-SEP-2011,2.0,,,,,,,,,,,,,2026-04-17T07:40:53.841423+00:00
APOLLO,Apollo Micro Systems Limited,INE713T01028,EQ,22-JAN-2018,1.0,,,,,,,,,,,,,2026-04-17T07:40:53.841423+00:00
APOLLOHOSP,Apollo Hospitals Enterprise Limited,INE437A01024,EQ,10-JAN-1996,5.0,,,,,,,,,,,,,2026-04-17T07:40:53.841423+00:00
APOLLOPIPE,Apollo Pipes Limited,INE126J01016,EQ,11-NOV-2019,10.0,,,,,,,,,,,,,2026-04-17T07:40:53.841423+00:00
APOLLOTYRE,Apollo Tyres Limited,INE438A01022,EQ,31-MAY-1995,1.0,,,,,,,,,,,,,2026-04-17T07:40:53.841423+00:00
APOLSINHOT,Apollo Sindoori Hotels Limited,INE451F01024,EQ,28-JAN-2015,5.0,,,,,,,,,,,,,2026-04-17T07:40:53.841423+00:00
APTECHT,Aptech Limited,INE266F01018,EQ,27-SEP-2002,10.0,,,,,,,,,,,,,2026-04-17T07:40:53.841423+00:00
APTUS,Aptus Value Housing Finance India Limited,INE852O01025,EQ,24-AUG-2021,2.0,,,,,,,,,,,,,2026-04-17T07:40:53.841423+00:00
AQYLON,Aqylon Nexus Limited,INE416A01051,EQ,01-APR-2024,1.0,,,,,,,,,,,,,2026-04-17T07:40:53.841423+00:00
ARCHIDPLY,Archidply Industries Limited,INE877I01016,EQ,04-JUL-2008,10.0,,,,,,,,,,,,,2026-04-17T07:40:53.841423+00:00
ARCHIES,Archies Limited,INE731A01020,EQ,02-SEP-1998,2.0,,,,,,,,,,,,,2026-04-17T07:40:53.841423+00:00
ARE&M,Amara Raja Energy & Mobility Limited,INE885A01032,EQ,05-SEP-2003,1.0,,,,,,,,,,,,,2026-04-17T07:40:53.841423+00:00
ARENTERP,Rajdarshan Industries Limited,INE610C01014,EQ,18-OCT-1995,10.0,,,,,,,,,,,,,2026-04-17T07:40:53.841423+00:00
ARFIN,Arfin India Limited,INE784R01023,EQ,22-JUL-2025,1.0,,,,,,,,,,,,,2026-04-17T07:40:53.841423+00:00
ARIES,Aries Agro Limited,INE298I01015,EQ,11-JAN-2008,10.0,,,,,,,,,,,,,2026-04-17T07:40:53.841423+00:00
ARIHANTCAP,Arihant Capital Markets Limited,INE420B01036,EQ,15-JUN-2021,1.0,,,,,,,,,,,,,2026-04-17T07:40:53.841423+00:00
ARIHANTSUP,Arihant Superstructures Limited,INE643K01018,EQ,28-MAR-2017,10.0,,,,,,,,,,,,,2026-04-17T07:40:53.841423+00:00
ARIS,Arisinfra Solutions Limited,INE0H9P01028,EQ,25-JUN-2025,2.0,,,,,,,,,,,,,2026-04-17T07:40:53.841423+00:00
ARKADE,Arkade Developers Limited,INE0QRL01017,EQ,24-SEP-2024,10.0,,,,,,,,,,,,,2026-04-17T07:40:53.841423+00:00
ARMANFIN,Arman Financial Services Limited,INE109C01017,EQ,14-JUN-2016,10.0,,,,,,,,,,,,,2026-04-17T07:40:53.841423+00:00
AROGRANITE,Aro Granite Industries Limited,INE210C01013,EQ,24-APR-2007,10.0,,,,,,,,,,,,,2026-04-17T07:40:53.841423+00:00
ARROWGREEN,Arrow Greentech Limited,INE570D01018,EQ,21-MAY-2015,10.0,,,,,,,,,,,,,2026-04-17T07:40:53.841423+00:00
ARSHIYA,Arshiya Limited,INE968D01022,BZ,14-DEC-2009,2.0,,,,,,,,,,,,,2026-04-17T07:40:53.841423+00:00
ARSSBL,Anand Rathi Share and Stock Brokers Limited,INE549H01021,EQ,30-SEP-2025,5.0,,,,,,,,,,,,,2026-04-17T07:40:53.841423+00:00
ARTEMISMED,Artemis Medicare Services Limited,INE025R01021,EQ,23-JAN-2020,1.0,,,,,,,,,,,,,2026-04-17T07:40:53.841423+00:00
ARTNIRMAN,Art Nirman Limited,INE738V01013,BE,18-OCT-2021,10.0,,,,,,,,,,,,,2026-04-17T07:40:53.841423+00:00
ARVEE,Arvee Laboratories (India) Limited,INE006Z01016,EQ,22-MAR-2021,10.0,,,,,,,,,,,,,2026-04-17T07:40:53.841423+00:00
ARVIND,Arvind Limited,INE034A01011,EQ,08-FEB-1995,10.0,,,,,,,,,,,,,2026-04-17T07:40:53.841423+00:00
ARVINDFASN,Arvind Fashions Limited,INE955V01021,EQ,08-MAR-2019,4.0,,,,,,,,,,,,,2026-04-17T07:40:53.841423+00:00
ARVSMART,Arvind SmartSpaces Limited,INE034S01021,EQ,26-AUG-2015,10.0,,,,,,,,,,,,,2026-04-17T07:40:53.841423+00:00
ASAHIINDIA,Asahi India Glass Limited,INE439A01020,EQ,18-MAR-1998,1.0,,,,,,,,,,,,,2026-04-17T07:40:53.841423+00:00
ASAHISONG,Asahi Songwon Colors Limited,INE228I01012,EQ,29-AUG-2011,10.0,,,,,,,,,,,,,2026-04-17T07:40:53.841423+00:00
ASAL,Automotive Stampings and Assemblies Limited,INE900C01027,EQ,12-MAR-2002,10.0,,,,,,,,,,,,,2026-04-17T07:40:53.841423+00:00
ASALCBR,Associated Alcohols & Breweries Ltd.,INE073G01016,EQ,12-FEB-2020,10.0,,,,,,,,,,,,,2026-04-17T07:40:53.841423+00:00
ASHAPURMIN,Ashapura Minechem Limited,INE348A01023,EQ,20-SEP-1995,2.0,,,,,,,,,,,,,2026-04-17T07:40:53.841423+00:00
ASHIANA,Ashiana Housing Limited,INE365D01021,EQ,29-JUN-2011,2.0,,,,,,,,,,,,,2026-04-17T07:40:53.841423+00:00
ASHIMASYN,Ashima Limited,INE440A01010,EQ,27-JUL-1995,10.0,,,,,,,,,,,,,2026-04-17T07:40:53.841423+00:00
ASHOKA,Ashoka Buildcon Limited,INE442H01029,EQ,14-OCT-2010,5.0,,,,,,,,,,,,,2026-04-17T07:40:53.841423+00:00
ASHOKAMET,Ashoka Metcast Limited,INE760Y01011,EQ,27-JUN-2023,10.0,,,,,,,,,,,,,2026-04-17T07:40:53.841423+00:00
ASHOKLEY,Ashok Leyland Limited,INE208A01029,EQ,25-MAY-1995,1.0,,,,,,,,,,,,,2026-04-17T07:40:53.841423+00:00
ASIANENE,Asian Energy Services Limited,INE276G01015,EQ,09-DEC-2021,10.0,,,,,,,,,,,,,2026-04-17T07:40:53.841423+00:00
ASIANHOTNR,Asian Hotels (North) Limited,INE363A01022,EQ,07-APR-2010,10.0,,,,,,,,,,,,,2026-04-17T07:40:53.841423+00:00
ASIANPAINT,Asian Paints Limited,INE021A01026,EQ,31-MAY-1995,1.0,,,,,,,,,,,,,2026-04-17T07:40:53.841423+00:00
ASIANTILES,Asian Granito India Limited,INE022I01019,EQ,23-AUG-2007,10.0,,,,,,,,,,,,,2026-04-17T07:40:53.841423+00:00
ASKAUTOLTD,ASK Automotive Limited,INE491J01022,EQ,15-NOV-2023,2.0,,,,,,,,,,,,,2026-04-17T07:40:53.841423+00:00
ASMS,Bartronics India Limited,INE855F01042,EQ,09-FEB-2023,1.0,,,,,,,,,,,,,2026-04-17T07:40:53.841423+00:00
ASPINWALL,Aspinwall and Company Limited,INE991I01015,EQ,14-JUN-2016,10.0,,,,,,,,,,,,,2026-04-17T07:40:53.841423+00:00
ASTEC,Astec LifeSciences Limited,INE563J01010,EQ,25-NOV-2009,10.0,,,,,,,,,,,,,2026-04-17T07:40:53.841423+00:00
ASTERDM,Aster DM Healthcare Limited,INE914M01019,EQ,26-FEB-2018,10.0,,,,,,,,,,,,,2026-04-17T07:40:53.841423+00:00
ASTRAL,Astral Limited,INE006I01046,EQ,20-MAR-2007,1.0,,,,,,,,,,,,,2026-04-17T07:40:53.841423+00:00
ASTRAMICRO,Astra Microwave Products Limited,INE386C01029,EQ,01-NOV-2004,2.0,,,,,,,,,,,,,2026-04-17T07:40:53.841423+00:00
ASTRAZEN,AstraZeneca Pharma India Limited,INE203A01020,EQ,04-MAY-2001,2.0,,,,,,,,,,,,,2026-04-17T07:40:53.841423+00:00
ASTRON,Astron Paper & Board Mill Limited,INE646X01014,BE,29-DEC-2017,10.0,,,,,,,,,,,,,2026-04-17T07:40:53.841423+00:00
ATALREAL,Atal Realtech Limited,INE0ALR01029,EQ,12-MAY-2023,2.0,,,,,,,,,,,,,2026-04-17T07:40:53.841423+00:00
ATAM,Atam Valves Limited,INE09KD01013,EQ,10-MAY-2023,10.0,,,,,,,,,,,,,2026-04-17T07:40:53.841423+00:00
ATGL,Adani Total Gas Limited,INE399L01023,EQ,05-NOV-2018,1.0,,,,,,,,,,,,,2026-04-17T07:40:53.841423+00:00
ATHERENERG,Ather Energy Limited,INE0LEZ01016,EQ,06-MAY-2025,1.0,,,,,,,,,,,,,2026-04-17T07:40:53.841423+00:00
ATL,Allcargo Terminals Limited,INE0NN701020,EQ,10-AUG-2023,2.0,,,,,,,,,,,,,2026-04-17T07:40:53.841423+00:00
ATLANTAA,ATLANTAA LIMITED,INE285H01022,EQ,25-SEP-2006,2.0,,,,,,,,,,,,,2026-04-17T07:40:53.841423+00:00
ATLANTAELE,Atlanta Electricals Limited,INE0Z4F01028,EQ,29-SEP-2025,2.0,,,,,,,,,,,,,2026-04-17T07:40:53.841423+00:00
ATLASCYCLE,Atlas Cycles (Haryana) Limited,INE446A01025,EQ,23-OCT-1996,5.0,,,,,,,,,,,,,2026-04-17T07:40:53.841423+00:00
ATUL,Atul Limited,INE100A01010,EQ,06-MAY-1998,10.0,,,,,,,,,,,,,2026-04-17T07:40:53.841423+00:00
ATULAUTO,Atul Auto Limited,INE951D01028,EQ,26-JUN-2013,5.0,,,,,,,,,,,,,2026-04-17T07:40:53.841423+00:00
AUBANK,AU Small Finance Bank Limited,INE949L01017,EQ,10-JUL-2017,10.0,,,,,,,,,,,,,2026-04-17T07:40:53.841423+00:00
AURIGROW,Auri Grow India Limited,INE925Y01036,EQ,24-DEC-2020,1.0,,,,,,,,,,,,,2026-04-17T07:40:53.841423+00:00
AURIONPRO,Aurionpro Solutions Limited,INE132H01018,EQ,25-OCT-2005,10.0,,,,,,,,,,,,,2026-04-17T07:40:53.841423+00:00
AUROPHARMA,Aurobindo Pharma Limited,INE406A01037,EQ,19-JUL-2000,1.0,,,,,,,,,,,,,2026-04-17T07:40:53.841423+00:00
AURUM,Aurum PropTech Limited,INE898S01029,EQ,19-AUG-2015,5.0,,,,,,,,,,,,,2026-04-17T07:40:53.841423+00:00
AUSOMENT,Ausom Enterprise Limited,INE218C01016,BE,17-APR-1996,10.0,,,,,,,,,,,,,2026-04-17T07:40:53.841423+00:00
AUTOAXLES,Automotive Axles Limited,INE449A01011,EQ,29-MAY-2003,10.0,,,,,,,,,,,,,2026-04-17T07:40:53.841423+00:00
AUTOIND,Autoline Industries Limited,INE718H01014,EQ,31-JAN-2007,10.0,,,,,,,,,,,,,2026-04-17T07:40:53.841423+00:00
AVADHSUGAR,Avadh Sugar & Energy Limited,INE349W01017,EQ,28-JUL-2017,10.0,,,,,,,,,,,,,2026-04-17T07:40:53.841423+00:00
AVALON,Avalon Technologies Limited,INE0LCL01028,EQ,18-APR-2023,2.0,,,,,,,,,,,,,2026-04-17T07:40:53.841423+00:00
AVANTEL,Avantel Limited,INE005B01027,EQ,31-JUL-2024,2.0,,,,,,,,,,,,,2026-04-17T07:40:53.841423+00:00
AVANTIFEED,Avanti Feeds Limited,INE871C01038,EQ,15-APR-2015,1.0,,,,,,,,,,,,,2026-04-17T07:40:53.841423+00:00
AVG,AVG Logistics Limited,INE680Z01018,EQ,12-MAY-2023,10.0,,,,,,,,,,,,,2026-04-17T07:40:53.841423+00:00
AVL,Aditya Vision Limited,INE679V01027,EQ,06-NOV-2024,1.0,,,,,,,,,,,,,2026-04-17T07:40:53.841423+00:00
AVONMORE,Avonmore Capital & Management Services Limited,INE323B01024,EQ,04-JAN-2023,1.0,,,,,,,,,,,,,2026-04-17T07:40:53.841423+00:00
AVROIND,AVRO INDIA LIMITED,INE652Z01017,EQ,07-APR-2022,10.0,,,,,,,,,,,,,2026-04-17T07:40:53.841423+00:00
AVTNPL,AVT Natural Products Limited,INE488D01021,EQ,10-JAN-2007,1.0,,,,,,,,,,,,,2026-04-17T07:40:53.841423+00:00
AWFIS,Awfis Space Solutions Limited,INE108V01019,EQ,30-MAY-2024,10.0,,,,,,,,,,,,,2026-04-17T07:40:53.841423+00:00
AWHCL,Antony Waste Handling Cell Limited,INE01BK01022,EQ,01-JAN-2021,5.0,,,,,,,,,,,,,2026-04-17T07:40:53.841423+00:00
AWL,AWL Agri Business Limited,INE699H01024,EQ,08-FEB-2022,1.0,,,,,,,,,,,,,2026-04-17T07:40:53.841423+00:00
AXISBANK,Axis Bank Limited,INE238A01034,EQ,16-NOV-1998,2.0,,,,,,,,,,,,,2026-04-17T07:40:53.841423+00:00
AXISCADES,AXISCADES Technologies Limited,INE555B01013,EQ,21-DEC-2000,5.0,,,,,,,,,,,,,2026-04-17T07:40:53.841423+00:00
AXITA,Axita Cotton Limited,INE02EZ01022,EQ,21-JUN-2022,1.0,,,,,,,,,,,,,2026-04-17T07:40:53.841423+00:00
AYE,Aye Finance Limited,INE501X01029,EQ,16-FEB-2026,2.0,,,,,,,,,,,,,2026-04-17T07:40:53.841423+00:00
AYMSYNTEX,AYM Syntex Limited,INE193B01039,EQ,14-AUG-2015,10.0,,,,,,,,,,,,,2026-04-17T07:40:53.841423+00:00
AZAD,Azad Engineering Limited,INE02IJ01035,EQ,28-DEC-2023,2.0,,,,,,,,,,,,,2026-04-17T07:40:53.841423+00:00
BAFNAPH,Bafna Pharmaceuticals Limited,INE878I01022,BE,27-FEB-2020,10.0,,,,,,,,,,,,,2026-04-17T07:40:53.841423+00:00
BAGFILMS,B.A.G Films and Media Limited,INE116D01028,EQ,17-OCT-2003,2.0,,,,,,,,,,,,,2026-04-17T07:40:53.841423+00:00
BAIDFIN,Baid Finserv Limited,INE020D01022,EQ,20-JAN-2023,2.0,,,,,,,,,,,,,2026-04-17T07:40:53.841423+00:00
BAJAJ-AUTO,Bajaj Auto Limited,INE917I01010,EQ,26-MAY-2008,10.0,,,,,,,,,,,,,2026-04-17T07:40:53.841423+00:00
BAJAJCON,Bajaj Consumer Care Limited,INE933K01021,EQ,18-AUG-2010,1.0,,,,,,,,,,,,,2026-04-17T07:40:53.841423+00:00
BAJAJELEC,Bajaj Electricals Limited,INE193E01025,EQ,02-NOV-2007,2.0,,,,,,,,,,,,,2026-04-17T07:40:53.841423+00:00
BAJAJFINSV,Bajaj Finserv Limited,INE918I01026,EQ,26-MAY-2008,1.0,,,,,,,,,,,,,2026-04-17T07:40:53.841423+00:00
BAJAJHCARE,Bajaj Healthcare Limited,INE411U01027,EQ,25-NOV-2021,5.0,,,,,,,,,,,,,2026-04-17T07:40:53.841423+00:00
BAJAJHFL,Bajaj Housing Finance Limited,INE377Y01014,EQ,16-SEP-2024,10.0,,,,,,,,,,,,,2026-04-17T07:40:53.841423+00:00
BAJAJHIND,Bajaj Hindusthan Sugar Limited,INE306A01021,EQ,10-MAY-1995,1.0,,,,,,,,,,,,,2026-04-17T07:40:53.841423+00:00
BAJAJHLDNG,Bajaj Holdings & Investment Limited,INE118A01012,EQ,15-MAR-1995,10.0,,,,,,,,,,,,,2026-04-17T07:40:53.841423+00:00
BAJAJINDEF,Indef Manufacturing Limited,INE0O9T01021,EQ,21-FEB-2025,1.0,,,,,,,,,,,,,2026-04-17T07:40:53.841423+00:00
BAJEL,Bajel Projects Limited,INE0KQN01018,EQ,19-DEC-2023,2.0,,,,,,,,,,,,,2026-04-17T07:40:53.841423+00:00
BAJFINANCE,Bajaj Finance Limited,INE296A01032,EQ,01-APR-2003,1.0,,,,,,,,,,,,,2026-04-17T07:40:53.841423+00:00
BALAJEE,Shree Tirupati Balajee Agro Trading Company Limited,INE0S2G01011,EQ,12-SEP-2024,10.0,,,,,,,,,,,,,2026-04-17T07:40:53.841423+00:00
BALAJITELE,Balaji Telefilms Limited,INE794B01026,EQ,22-NOV-2000,2.0,,,,,,,,,,,,,2026-04-17T07:40:53.841423+00:00
BALAMINES,Balaji Amines Limited,INE050E01027,EQ,05-APR-2007,2.0,,,,,,,,,,,,,2026-04-17T07:40:53.841423+00:00
BALAXI,BALAXI PHARMACEUTICALS LIMITED,INE618N01022,EQ,30-NOV-2015,2.0,,,,,,,,,,,,,2026-04-17T07:40:53.841423+00:00
BALKRISHNA,Balkrishna Paper Mills Limited,INE875R01011,EQ,28-JUL-2015,10.0,,,,,,,,,,,,,2026-04-17T07:40:53.841423+00:00
BALKRISIND,Balkrishna Industries Limited,INE787D01026,EQ,27-JAN-2006,2.0,,,,,,,,,,,,,2026-04-17T07:40:53.841423+00:00
BALMLAWRIE,Balmer Lawrie & Company Limited,INE164A01016,EQ,06-JUL-1995,10.0,,,,,,,,,,,,,2026-04-17T07:40:53.841423+00:00
BALPHARMA,Bal Pharma Limited,INE083D01012,EQ,08-MAY-2006,10.0,,,,,,,,,,,,,2026-04-17T07:40:53.841423+00:00
BALRAMCHIN,Balrampur Chini Mills Limited,INE119A01028,EQ,08-FEB-1995,1.0,,,,,,,,,,,,,2026-04-17T07:40:53.841423+00:00
BALUFORGE,Balu Forge Industries Limited,INE011E01029,EQ,29-APR-2024,10.0,,,,,,,,,,,,,2026-04-17T07:40:53.841423+00:00
BANARBEADS,Banaras Beads Limited,INE655B01011,EQ,07-JUL-1995,10.0,,,,,,,,,,,,,2026-04-17T07:40:53.841423+00:00
BANARISUG,Bannari Amman Sugars Limited,INE459A01010,EQ,28-MAY-2003,10.0,,,,,,,,,,,,,2026-04-17T07:40:53.841423+00:00
BANCOINDIA,Banco Products (I) Limited,INE213C01025,EQ,22-DEC-2006,2.0,,,,,,,,,,,,,2026-04-17T07:40:53.841423+00:00
BANDHANBNK,Bandhan Bank Limited,INE545U01014,EQ,27-MAR-2018,10.0,,,,,,,,,,,,,2026-04-17T07:40:53.841423+00:00
BANG,Bang Overseas Limited,INE863I01016,EQ,20-FEB-2008,10.0,,,,,,,,,,,,,2026-04-17T07:40:53.841423+00:00
BANKA,Banka BioLoo Limited,INE862Y01015,BE,29-OCT-2020,10.0,,,,,,,,,,,,,2026-04-17T07:40:53.841423+00:00
BANKBARODA,Bank of Baroda,INE028A01039,EQ,19-FEB-1997,2.0,,,,,,,,,,,,,2026-04-17T07:40:53.841423+00:00
BANKINDIA,Bank of India,INE084A01016,EQ,30-APR-1997,10.0,,,,,,,,,,,,,2026-04-17T07:40:53.841423+00:00
BANSALWIRE,Bansal Wire Industries Limited,INE0B9K01025,EQ,10-JUL-2024,5.0,,,,,,,,,,,,,2026-04-17T07:40:53.841423+00:00
BANSWRAS,Banswara Syntex Limited,INE629D01020,EQ,11-APR-2007,5.0,,,,,,,,,,,,,2026-04-17T07:40:53.841423+00:00
BASF,BASF India Limited,INE373A01013,EQ,17-MAY-1995,10.0,,,,,,,,,,,,,2026-04-17T07:40:53.841423+00:00
BASML,Bannari Amman Spinning Mills Limited,INE186H01022,EQ,14-NOV-2005,5.0,,,,,,,,,,,,,2026-04-17T07:40:53.841423+00:00
BATAINDIA,Bata India Limited,INE176A01028,EQ,18-JUN-2003,5.0,,,,,,,,,,,,,2026-04-17T07:40:53.841423+00:00
BAYERCROP,Bayer Cropscience Limited,INE462A01022,EQ,08-JAN-2010,10.0,,,,,,,,,,,,,2026-04-17T07:40:53.841423+00:00
BBL,Bharat Bijlee Limited,INE464A01036,EQ,21-NOV-2006,5.0,,,,,,,,,,,,,2026-04-17T07:40:53.841423+00:00
BBOX,Black Box Limited,INE676A01027,EQ,22-JUL-2003,2.0,,,,,,,,,,,,,2026-04-17T07:40:53.841423+00:00
BBTC,The Bombay Burmah Trading Corporation Limited,INE050A01025,EQ,03-APR-1996,2.0,,,,,,,,,,,,,2026-04-17T07:40:53.841423+00:00
BBTCL,B&B Triplewall Containers Limited,INE01EE01011,EQ,23-NOV-2022,10.0,,,,,,,,,,,,,2026-04-17T07:40:53.841423+00:00
BCG,Brightcom Group Limited,INE425B01027,BE,08-MAY-2015,2.0,,,,,,,,,,,,,2026-04-17T07:40:53.841423+00:00
BCLIND,Bcl Industries Limited,INE412G01024,EQ,04-MAR-2021,1.0,,,,,,,,,,,,,2026-04-17T07:40:53.841423+00:00
BCONCEPTS,Brand Concepts Limited,INE977Y01011,EQ,11-JAN-2022,10.0,,,,,,,,,,,,,2026-04-17T07:40:53.841423+00:00
BCPL,BCPL Railway Infrastructure Limited,INE00SW01015,EQ,27-MAR-2026,10.0,,,,,,,,,,,,,2026-04-17T07:40:53.841423+00:00
BDL,Bharat Dynamics Limited,INE171Z01026,EQ,23-MAR-2018,5.0,,,,,,,,,,,,,2026-04-17T07:40:53.841423+00:00
BEARDSELL,Beardsell Limited,INE520H01022,EQ,13-JAN-2015,2.0,,,,,,,,,,,,,2026-04-17T07:40:53.841423+00:00
BECTORFOOD,Mrs. Bectors Food Specialities Limited,INE495P01020,EQ,24-DEC-2020,2.0,,,,,,,,,,,,,2026-04-17T07:40:53.841423+00:00
BEDMUTHA,Bedmutha Industries Limited,INE844K01012,BE,14-OCT-2010,10.0,,,,,,,,,,,,,2026-04-17T07:40:53.841423+00:00
BEL,Bharat Electronics Limited,INE263A01024,EQ,19-JUL-2000,1.0,,,,,,,,,,,,,2026-04-17T07:40:53.841423+00:00
BELLACASA,Bella Casa Fashion & Retail Limited,INE344T01014,EQ,18-JUL-2025,10.0,,,,,,,,,,,,,2026-04-17T07:40:53.841423+00:00
BELRISE,Belrise Industries Limited,INE894V01022,EQ,28-MAY-2025,5.0,,,,,,,,,,,,,2026-04-17T07:40:53.841423+00:00
BEML,BEML Limited,INE258A01024,EQ,05-NOV-2003,5.0,,,,,,,,,,,,,2026-04-17T07:40:53.841423+00:00
BEPL,Bhansali Engineering Polymers Limited,INE922A01025,EQ,21-MAR-2005,1.0,,,,,,,,,,,,,2026-04-17T07:40:53.841423+00:00
BERGEPAINT,Berger Paints (I) Limited,INE463A01038,EQ,24-NOV-1999,1.0,,,,,,,,,,,,,2026-04-17T07:40:53.841423+00:00
BESTAGRO,Best Agrolife Limited,INE052T01021,BE,10-APR-2024,1.0,,,,,,,,,,,,,2026-04-17T07:40:53.841423+00:00
BETA,Beta Drugs Limited,INE351Y01019,EQ,24-NOV-2025,10.0,,,,,,,,,,,,,2026-04-17T07:40:53.841423+00:00
BFINVEST,BF Investment Limited,INE878K01010,EQ,14-JAN-2011,5.0,,,,,,,,,,,,,2026-04-17T07:40:53.841423+00:00
BFUTILITIE,BF Utilities Limited,INE243D01012,BZ,03-MAY-2007,5.0,,,,,,,,,,,,,2026-04-17T07:40:53.841423+00:00
BGRENERGY,BGR Energy Systems Limited,INE661I01014,BE,03-JAN-2008,10.0,,,,,,,,,,,,,2026-04-17T07:40:53.841423+00:00
BHAGCHEM,Bhagiradha Chemicals & Industries Limited,INE414D01027,EQ,18-OCT-2021,1.0,,,,,,,,,,,,,2026-04-17T07:40:53.841423+00:00
BHAGERIA,Bhageria Industries Limited,INE354C01027,EQ,02-MAR-2016,5.0,,,,,,,,,,,,,2026-04-17T07:40:53.841423+00:00
BHAGYANGR,Bhagyanagar India Limited,INE458B01036,EQ,17-MAY-2017,2.0,,,,,,,,,,,,,2026-04-17T07:40:53.841423+00:00
BHANDARI,Bhandari Hosiery Exports Limited,INE474E01029,EQ,30-JAN-2017,1.0,,,,,,,,,,,,,2026-04-17T07:40:53.841423+00:00
BHARATCOAL,Bharat Coking Coal Limited,INE05XR01022,EQ,19-JAN-2026,10.0,,,,,,,,,,,,,2026-04-17T07:40:53.841423+00:00
BHARATFORG,Bharat Forge Limited,INE465A01025,EQ,04-APR-2003,2.0,,,,,,,,,,,,,2026-04-17T07:40:53.841423+00:00
BHARATGEAR,Bharat Gears Limited,INE561C01019,EQ,03-APR-1996,10.0,,,,,,,,,,,,,2026-04-17T07:40:53.841423+00:00
BHARATRAS,Bharat Rasayan Limited,INE838B01021,EQ,11-OCT-1995,5.0,,,,,,,,,,,,,2026-04-17T07:40:53.841423+00:00
BHARATSE,Bharat Seats Limited,INE415D01024,EQ,24-MAR-2025,2.0,,,,,,,,,,,,,2026-04-17T07:40:53.841423+00:00
BHARATWIRE,Bharat Wire Ropes Limited,INE316L01019,EQ,01-APR-2016,10.0,,,,,,,,,,,,,2026-04-17T07:40:53.841423+00:00
BHARTIARTL,Bharti Airtel Limited,INE397D01024,EQ,15-FEB-2002,5.0,,,,,,,,,,,,,2026-04-17T07:40:53.841423+00:00
BHARTIHEXA,Bharti Hexacom Limited,INE343G01021,EQ,12-APR-2024,5.0,,,,,,,,,,,,,2026-04-17T07:40:53.841423+00:00
BHEL,Bharat Heavy Electricals Limited,INE257A01026,EQ,11-NOV-2003,2.0,,,,,,,,,,,,,2026-04-17T07:40:53.841423+00:00
BIGBLOC,Bigbloc Construction Limited,INE412U01025,EQ,02-SEP-2016,2.0,,,,,,,,,,,,,2026-04-17T07:40:53.841423+00:00
BIKAJI,Bikaji Foods International Limited,INE00E101023,EQ,16-NOV-2022,1.0,,,,,,,,,,,,,2026-04-17T07:40:53.841423+00:00
BIL,Bhartiya International Limited,INE828A01016,EQ,12-APR-2000,10.0,,,,,,,,,,,,,2026-04-17T07:40:53.841423+00:00
BIOCON,Biocon Limited,INE376G01013,EQ,07-APR-2004,5.0,,,,,,,,,,,,,2026-04-17T07:40:53.841423+00:00
BIOFILCHEM,Biofil Chemicals & Pharmaceuticals Limited,INE829A01014,EQ,12-JUN-1996,10.0,,,,,,,,,,,,,2026-04-17T07:40:53.841423+00:00
BIRLACABLE,Birla Cable Limited,INE800A01015,EQ,06-DEC-1995,10.0,,,,,,,,,,,,,2026-04-17T07:40:53.841423+00:00
BIRLACORPN,Birla Corporation Limited,INE340A01012,EQ,12-APR-1995,10.0,,,,,,,,,,,,,2026-04-17T07:40:53.841423+00:00
BIRLAMONEY,Aditya Birla Money Limited,INE865C01022,EQ,07-FEB-2008,1.0,,,,,,,,,,,,,2026-04-17T07:40:53.841423+00:00
BIRLANU,BirlaNu Limited,INE557A01011,EQ,26-APR-1995,10.0,,,,,,,,,,,,,2026-04-17T07:40:53.841423+00:00
BLACKBUCK,BLACKBUCK LIMITED,INE0UIZ01018,EQ,22-NOV-2024,1.0,,,,,,,,,,,,,2026-04-17T07:40:53.841423+00:00
BLAL,BEML Land Assets Limited,INE0N7W01012,EQ,19-APR-2023,10.0,,,,,,,,,,,,,2026-04-17T07:40:53.841423+00:00
BLBLIMITED,BLB Limited,INE791A01024,BE,31-MAY-2000,1.0,,,,,,,,,,,,,2026-04-17T07:40:53.841423+00:00
BLISSGVS,Bliss GVS Pharma Limited,INE416D01022,EQ,26-JUL-2010,1.0,,,,,,,,,,,,,2026-04-17T07:40:53.841423+00:00
BLKASHYAP,B. L. Kashyap and Sons Limited,INE350H01032,EQ,17-MAR-2006,1.0,,,,,,,,,,,,,2026-04-17T07:40:53.841423+00:00
BLS,BLS International Services Limited,INE153T01027,EQ,14-JUN-2016,1.0,,,,,,,,,,,,,2026-04-17T07:40:53.841423+00:00
BLSE,BLS E-Services Limited,INE0NLT01010,EQ,06-FEB-2024,10.0,,,,,,,,,,,,,2026-04-17T07:40:53.841423+00:00
BLUECHIP,Blue Chip India Limited,INE657B01025,BE,12-MAR-1997,2.0,,,,,,,,,,,,,2026-04-17T07:40:53.841423+00:00
BLUECOAST,Blue Coast Hotels Limited,INE472B01011,EQ,16-FEB-2000,10.0,,,,,,,,,,,,,2026-04-17T07:40:53.841423+00:00
BLUEDART,Blue Dart Express Limited,INE233B01017,EQ,12-DEC-2002,10.0,,,,,,,,,,,,,2026-04-17T07:40:53.841423+00:00
BLUEJET,Blue Jet Healthcare Limited,INE0KBH01020,EQ,01-NOV-2023,2.0,,,,,,,,,,,,,2026-04-17T07:40:53.841423+00:00
BLUESTARCO,Blue Star Limited,INE472A01039,EQ,15-JUN-2000,2.0,,,,,,,,,,,,,2026-04-17T07:40:53.841423+00:00
BLUESTONE,BlueStone Jewellery and Lifestyle Limited,INE304W01038,EQ,19-AUG-2025,1.0,,,,,,,,,,,,,2026-04-17T07:40:53.841423+00:00
BLUSPRING,Bluspring Enterprises Limited,INE0U4101014,EQ,11-JUN-2025,10.0,,,,,,,,,,,,,2026-04-17T07:40:53.841423+00:00
BMWVENTLTD,BMW Ventures Limited,INE965W01036,EQ,01-OCT-2025,10.0,,,,,,,,,,,,,2026-04-17T07:40:53.841423+00:00
BODALCHEM,Bodal Chemicals Limited,INE338D01028,EQ,22-AUG-2011,2.0,,,,,,,,,,,,,2026-04-17T07:40:53.841423+00:00
BOHRAIND,Bohra Industries Limited,INE802W01023,BE,27-OCT-2022,10.0,,,,,,,,,,,,,2026-04-17T07:40:53.841423+00:00
BOMDYEING,Bombay Dyeing & Mfg Company Limited,INE032A01023,EQ,26-APR-1995,2.0,,,,,,,,,,,,,2026-04-17T07:40:53.841423+00:00
BONLON,Bonlon Industries Limited,INE0B9A01018,EQ,20-FEB-2026,10.0,,,,,,,,,,,,,2026-04-17T07:40:53.841423+00:00
BORANA,Borana Weaves Limited,INE16SF01016,BE,27-MAY-2025,10.0,,,,,,,,,,,,,2026-04-17T07:40:53.841423+00:00
BOROLTD,Borosil Limited,INE02PY01013,EQ,22-JUL-2020,1.0,,,,,,,,,,,,,2026-04-17T07:40:53.841423+00:00
BORORENEW,BOROSIL RENEWABLES LIMITED,INE666D01022,EQ,25-MAY-2018,1.0,,,,,,,,,,,,,2026-04-17T07:40:53.841423+00:00
BOROSCI,Borosil Scientific Limited,INE02L001032,EQ,07-JUN-2024,1.0,,,,,,,,,,,,,2026-04-17T07:40:53.841423+00:00
BOSCH-HCIL,BOSCH HOME COMFORT INDIA LIMITED,INE782A01015,EQ,03-JAN-2000,10.0,,,,,,,,,,,,,2026-04-17T07:40:53.841423+00:00
BOSCHLTD,Bosch Limited,INE323A01026,EQ,12-MAY-2003,10.0,,,,,,,,,,,,,2026-04-17T07:40:53.841423+00:00
BPCL,Bharat Petroleum Corporation Limited,INE029A01011,EQ,13-SEP-1995,10.0,,,,,,,,,,,,,2026-04-17T07:40:53.841423+00:00
BPL,BPL Limited,INE110A01019,EQ,14-JUN-1995,10.0,,,,,,,,,,,,,2026-04-17T07:40:53.841423+00:00
BRIGADE,Brigade Enterprises Limited,INE791I01019,EQ,31-DEC-2007,10.0,,,,,,,,,,,,,2026-04-17T07:40:53.841423+00:00
BRIGHOTEL,Brigade Hotel Ventures Limited,INE03NU01014,EQ,31-JUL-2025,10.0,,,,,,,,,,,,,2026-04-17T07:40:53.841423+00:00
BRITANNIA,Britannia Industries Limited,INE216A01030,EQ,05-NOV-1998,1.0,,,,,,,,,,,,,2026-04-17T07:40:53.841423+00:00
BRNL,Bharat Road Network Limited,INE727S01012,EQ,18-SEP-2017,10.0,,,,,,,,,,,,,2026-04-17T07:40:53.841423+00:00
BROOKS,Brooks Laboratories Limited,INE650L01011,BE,05-SEP-2011,10.0,,,,,,,,,,,,,2026-04-17T07:40:53.841423+00:00
BSE,BSE Limited,INE118H01025,EQ,03-FEB-2017,2.0,,,,,,,,,,,,,2026-04-17T07:40:53.841423+00:00
BSHSL,Bombay Super Hybrid Seeds Limited,INE032Z01020,EQ,28-OCT-2020,1.0,,,,,,,,,,,,,2026-04-17T07:40:53.841423+00:00
BSL,BSL Limited,INE594B01012,EQ,27-JUL-1995,10.0,,,,,,,,,,,,,2026-04-17T07:40:53.841423+00:00
BSOFT,BIRLASOFT LIMITED,INE836A01035,EQ,24-NOV-1999,2.0,,,,,,,,,,,,,2026-04-17T07:40:53.841423+00:00
BTML,Bodhi Tree Multimedia Limited,INE0EEJ01023,EQ,15-FEB-2023,1.0,,,,,,,,,,,,,2026-04-17T07:40:53.841423+00:00
BUILDPRO,Shankara Buildpro Limited,INE24OJ01011,EQ,09-JAN-2026,10.0,,,,,,,,,,,,,2026-04-17T07:40:53.841423+00:00
BUTTERFLY,Butterfly Gandhimathi Appliances Limited,INE295F01017,EQ,28-APR-2014,10.0,,,,,,,,,,,,,2026-04-17T07:40:53.841423+00:00
BVCL,Barak Valley Cements Limited,INE139I01011,EQ,23-NOV-2007,10.0,,,,,,,,,,,,,2026-04-17T07:40:53.841423+00:00
BYKE,The Byke Hospitality Ltd,INE319B01014,BE,15-APR-2015,10.0,,,,,,,,,,,,,2026-04-17T07:40:53.841423+00:00
CALSOFT,California Software Company Limited,INE526B01014,EQ,28-JUN-2000,10.0,,,,,,,,,,,,,2026-04-17T07:40:53.841423+00:00
CAMLINFINE,Camlin Fine Sciences Limited,INE052I01032,EQ,20-JAN-2015,1.0,,,,,,,,,,,,,2026-04-17T07:40:53.841423+00:00
CAMPUS,Campus Activewear Limited,INE278Y01022,EQ,09-MAY-2022,5.0,,,,,,,,,,,,,2026-04-17T07:40:53.841423+00:00
CAMS,Computer Age Management Services Limited,INE596I01020,EQ,07-MAY-2021,2.0,,,,,,,,,,,,,2026-04-17T07:40:53.841423+00:00
CANBK,Canara Bank,INE476A01022,EQ,23-DEC-2002,2.0,,,,,,,,,,,,,2026-04-17T07:40:53.841423+00:00
CANFINHOME,Can Fin Homes Limited,INE477A01020,EQ,10-MAY-1995,2.0,,,,,,,,,,,,,2026-04-17T07:40:53.841423+00:00
CANHLIFE,Canara HSBC Life Insurance Company Limited,INE01TY01017,EQ,17-OCT-2025,10.0,,,,,,,,,,,,,2026-04-17T07:40:53.841423+00:00
CANTABIL,Cantabil Retail India Limited,INE068L01024,EQ,12-OCT-2010,2.0,,,,,,,,,,,,,2026-04-17T07:40:53.841423+00:00
CAPACITE,Capacit'e Infraprojects Limited,INE264T01014,EQ,25-SEP-2017,10.0,,,,,,,,,,,,,2026-04-17T07:40:53.841423+00:00
CAPILLARY,Capillary Technologies India Limited,INE0ILV01024,EQ,21-NOV-2025,2.0,,,,,,,,,,,,,2026-04-17T07:40:53.841423+00:00
CAPITALSFB,Capital Small Finance Bank Limited,INE646H01017,EQ,14-FEB-2024,10.0,,,,,,,,,,,,,2026-04-17T07:40:53.841423+00:00
CAPLIPOINT,Caplin Point Laboratories Limited,INE475E01026,EQ,23-JUN-2014,2.0,,,,,,,,,,,,,2026-04-17T07:40:53.841423+00:00
CAPTRUST,Capital Trust Limited,INE707C01018,BE,16-JAN-2017,10.0,,,,,,,,,,,,,2026-04-17T07:40:53.841423+00:00
CARBORUNIV,Carborundum Universal Limited,INE120A01034,EQ,03-APR-1996,1.0,,,,,,,,,,,,,2026-04-17T07:40:53.841423+00:00
CARERATING,CARE Ratings Limited,INE752H01013,EQ,26-DEC-2012,10.0,,,,,,,,,,,,,2026-04-17T07:40:53.841423+00:00
CARRARO,Carraro India Limited,INE0V7W01012,EQ,30-DEC-2024,10.0,,,,,,,,,,,,,2026-04-17T07:40:53.841423+00:00
CARTRADE,Cartrade Tech Limited,INE290S01011,EQ,20-AUG-2021,10.0,,,,,,,,,,,,,2026-04-17T07:40:53.841423+00:00
CARYSIL,CARYSIL LIMITED,INE482D01024,EQ,14-JAN-2021,2.0,,,,,,,,,,,,,2026-04-17T07:40:53.841423+00:00
CASTROLIND,Castrol India Limited,INE172A01027,EQ,14-MAR-2014,5.0,,,,,,,,,,,,,2026-04-17T07:40:53.841423+00:00
CCAVENUE,AvenuesAI Limited,INE483S01020,EQ,04-APR-2016,1.0,,,,,,,,,,,,,2026-04-17T07:40:53.841423+00:00
CCCL,Consolidated Construction Consortium Limited,INE429I01024,EQ,15-OCT-2007,2.0,,,,,,,,,,,,,2026-04-17T07:40:53.841423+00:00
CCHHL,Country Club Hospitality & Holidays Limited,INE652F01027,EQ,03-FEB-2015,2.0,,,,,,,,,,,,,2026-04-17T07:40:53.841423+00:00
CCL,CCL Products (India) Limited,INE421D01022,EQ,07-JUN-2004,2.0,,,,,,,,,,,,,2026-04-17T07:40:53.841423+00:00
CDSL,Central Depository Services (India) Limited,INE736A01011,EQ,30-JUN-2017,10.0,,,,,,,,,,,,,2026-04-17T07:40:53.841423+00:00
CEATLTD,CEAT Limited,INE482A01020,EQ,01-FEB-2008,10.0,,,,,,,,,,,,,2026-04-17T07:40:53.841423+00:00
CEIGALL,Ceigall India Limited,INE0AG901020,EQ,08-AUG-2024,5.0,,,,,,,,,,,,,2026-04-17T07:40:53.841423+00:00
CEINSYS,Ceinsys Tech Limited,INE016Q01014,EQ,19-FEB-2026,10.0,,,,,,,,,,,,,2026-04-17T07:40:53.841423+00:00
CELEBRITY,Celebrity Fashions Limited,INE185H01016,EQ,12-JAN-2006,10.0,,,,,,,,,,,,,2026-04-17T07:40:53.841423+00:00
CELLO,Cello World Limited,INE0LMW01024,EQ,06-NOV-2023,5.0,,,,,,,,,,,,,2026-04-17T07:40:53.841423+00:00
CEMPRO,Cemindia Projects Limited,INE686A01026,EQ,10-FEB-1999,1.0,,,,,,,,,,,,,2026-04-17T07:40:53.841423+00:00
CENTENKA,Century Enka Limited,INE485A01015,EQ,10-MAY-1995,10.0,,,,,,,,,,,,,2026-04-17T07:40:53.841423+00:00
CENTEXT,Century Extrusions Limited,INE281A01026,EQ,20-JUL-2004,1.0,,,,,,,,,,,,,2026-04-17T07:40:53.841423+00:00
CENTRALBK,Central Bank of India,INE483A01010,EQ,21-AUG-2007,10.0,,,,,,,,,,,,,2026-04-17T07:40:53.841423+00:00
CENTRUM,Centrum Capital Limited,INE660C01027,EQ,04-APR-2018,1.0,,,,,,,,,,,,,2026-04-17T07:40:53.841423+00:00
CENTUM,Centum Electronics Limited,INE320B01020,EQ,05-OCT-2007,10.0,,,,,,,,,,,,,2026-04-17T07:40:53.841423+00:00
CENTURYPLY,Century Plyboards (India) Limited,INE348B01021,EQ,23-MAR-2006,1.0,,,,,,,,,,,,,2026-04-17T07:40:53.841423+00:00
CERA,Cera Sanitaryware Limited,INE739E01017,EQ,02-NOV-2007,5.0,,,,,,,,,,,,,2026-04-17T07:40:53.841423+00:00
CEREBRAINT,Cerebra Integrated Technologies Limited,INE345B01019,BZ,26-JUN-2013,10.0,,,,,,,,,,,,,2026-04-17T07:40:53.841423+00:00
CESC,CESC Limited,INE486A01021,EQ,08-FEB-1995,1.0,,,,,,,,,,,,,2026-04-17T07:40:53.841423+00:00
CEWATER,Concord Enviro Systems Limited,INE037Z01029,EQ,27-DEC-2024,5.0,,,,,,,,,,,,,2026-04-17T07:40:53.841423+00:00
CGCL,Capri Global Capital Limited,INE180C01042,EQ,29-OCT-2010,1.0,,,,,,,,,,,,,2026-04-17T07:40:53.841423+00:00
CGPOWER,CG Power and Industrial Solutions Limited,INE067A01029,EQ,01-MAR-1995,2.0,,,,,,,,,,,,,2026-04-17T07:40:53.841423+00:00
CHALET,Chalet Hotels Limited,INE427F01016,EQ,07-FEB-2019,10.0,,,,,,,,,,,,,2026-04-17T07:40:53.841423+00:00
CHAMBLFERT,Chambal Fertilizers & Chemicals Limited,INE085A01013,EQ,14-JUN-1995,10.0,,,,,,,,,,,,,2026-04-17T07:40:53.841423+00:00
CHEMBOND,Chembond Material Technologies Limited,INE995D01025,EQ,20-NOV-2019,5.0,,,,,,,,,,,,,2026-04-17T07:40:53.841423+00:00
CHEMBONDCH,Chembond Chemicals Limited,INE0TGX01019,EQ,23-JUL-2025,5.0,,,,,,,,,,,,,2026-04-17T07:40:53.841423+00:00
CHEMCON,Chemcon Speciality Chemicals Limited,INE03YM01018,EQ,01-OCT-2020,10.0,,,,,,,,,,,,,2026-04-17T07:40:53.841423+00:00
CHEMFAB,Chemfab Alkalis Limited,INE783X01023,EQ,25-APR-2018,10.0,,,,,,,,,,,,,2026-04-17T07:40:53.841423+00:00
CHEMPLASTS,Chemplast Sanmar Limited,INE488A01050,EQ,24-AUG-2021,5.0,,,,,,,,,,,,,2026-04-17T07:40:53.841423+00:00
CHENNPETRO,Chennai Petroleum Corporation Limited,INE178A01016,EQ,07-JUN-2000,10.0,,,,,,,,,,,,,2026-04-17T07:40:53.841423+00:00
CHEVIOT,Cheviot Company Limited,INE974B01016,EQ,20-JUN-2022,10.0,,,,,,,,,,,,,2026-04-17T07:40:53.841423+00:00
CHOICEIN,Choice International Limited,INE102B01014,EQ,08-APR-2022,10.0,,,,,,,,,,,,,2026-04-17T07:40:53.841423+00:00
CHOLAFIN,Cholamandalam Investment and Finance Company Limited,INE121A01024,EQ,15-MAY-1996,2.0,,,,,,,,,,,,,2026-04-17T07:40:53.841423+00:00
CHOLAHLDNG,Cholamandalam Financial Holdings Limited,INE149A01033,EQ,25-SEP-2017,1.0,,,,,,,,,,,,,2026-04-17T07:40:53.841423+00:00
CIEINDIA,CIE Automotive India Limited,INE536H01010,EQ,30-AUG-2007,10.0,,,,,,,,,,,,,2026-04-17T07:40:53.841423+00:00
CIFL,Capital India Finance Limited,INE345H01024,EQ,17-APR-2025,2.0,,,,,,,,,,,,,2026-04-17T07:40:53.841423+00:00
CIGNITITEC,Cigniti Technologies Limited,INE675C01017,EQ,13-OCT-2014,10.0,,,,,,,,,,,,,2026-04-17T07:40:53.841423+00:00
CINELINE,Cineline India Limited,INE704H01022,EQ,13-JUN-2012,5.0,,,,,,,,,,,,,2026-04-17T07:40:53.841423+00:00
CINEVISTA,Cinevista Limited,INE039B01026,EQ,02-MAY-2000,2.0,,,,,,,,,,,,,2026-04-17T07:40:53.841423+00:00
CIPLA,Cipla Limited,INE059A01026,EQ,08-FEB-1995,2.0,,,,,,,,,,,,,2026-04-17T07:40:53.841423+00:00
CLEAN,Clean Science and Technology Limited,INE227W01023,EQ,19-JUL-2021,1.0,,,,,,,,,,,,,2026-04-17T07:40:53.841423+00:00
CLEANMAX,Clean Max Enviro Energy Solutions Limited,INE647U01026,EQ,02-MAR-2026,1.0,,,,,,,,,,,,,2026-04-17T07:40:53.841423+00:00
CLEDUCATE,CL Educate Limited,INE201M01029,BE,31-MAR-2017,5.0,,,,,,,,,,,,,2026-04-17T07:40:53.841423+00:00
CLSEL,Chaman Lal Setia Exports Limited,INE419D01026,EQ,12-MAY-2021,2.0,,,,,,,,,,,,,2026-04-17T07:40:53.841423+00:00
CMPDI,Central Mine Planning & Design Institute Limited,INE05HV01027,EQ,30-MAR-2026,2.0,,,,,,,,,,,,,2026-04-17T07:40:53.841423+00:00
CMSINFO,CMS Info Systems Limited,INE925R01014,EQ,31-DEC-2021,10.0,,,,,,,,,,,,,2026-04-17T07:40:53.841423+00:00
CNL,Creative Newtech Limited,INE985W01018,EQ,05-AUG-2019,10.0,,,,,,,,,,,,,2026-04-17T07:40:53.841423+00:00
COALINDIA,Coal India Limited,INE522F01014,EQ,04-NOV-2010,10.0,,,,,,,,,,,,,2026-04-17T07:40:53.841423+00:00
COASTCORP,Coastal Corporation Limited,INE377E01024,EQ,08-OCT-2021,2.0,,,,,,,,,,,,,2026-04-17T07:40:53.841423+00:00
COCHINSHIP,Cochin Shipyard Limited,INE704P01025,EQ,11-AUG-2017,5.0,,,,,,,,,,,,,2026-04-17T07:40:53.841423+00:00
COFFEEDAY,Coffee Day Enterprises Limited,INE335K01011,EQ,02-NOV-2015,10.0,,,,,,,,,,,,,2026-04-17T07:40:53.841423+00:00
COFORGE,Coforge Limited,INE591G01025,EQ,30-AUG-2004,2.0,,,,,,,,,,,,,2026-04-17T07:40:53.841423+00:00
COHANCE,Cohance Lifesciences Limited,INE03QK01018,EQ,09-MAR-2020,1.0,,,,,,,,,,,,,2026-04-17T07:40:53.841423+00:00
COLPAL,Colgate Palmolive (India) Limited,INE259A01022,EQ,17-DEC-2007,1.0,,,,,,,,,,,,,2026-04-17T07:40:53.841423+00:00
COMPINFO,Compuage Infocom Limited,INE070C01037,BZ,07-JUL-2016,2.0,,,,,,,,,,,,,2026-04-17T07:40:53.841423+00:00
COMPUSOFT,Compucom Software Limited,INE453B01029,EQ,02-MAR-2012,2.0,,,,,,,,,,,,,2026-04-17T07:40:53.841423+00:00
COMSYN,Commercial Syn Bags Limited,INE073V01015,EQ,23-JAN-2024,10.0,,,,,,,,,,,,,2026-04-17T07:40:53.841423+00:00
CONCOR,Container Corporation of India Limited,INE111A01025,EQ,07-MAY-1997,5.0,,,,,,,,,,,,,2026-04-17T07:40:53.841423+00:00
CONCORDBIO,Concord Biotech Limited,INE338H01029,EQ,18-AUG-2023,1.0,,,,,,,,,,,,,2026-04-17T07:40:53.841423+00:00
CONFIPET,Confidence Petroleum India Limited,INE552D01024,EQ,13-JUN-2019,1.0,,,,,,,,,,,,,2026-04-17T07:40:53.841423+00:00
CONSOFINVT,Consolidated Finvest & Holdings Limited,INE025A01027,BE,29-MAR-2005,10.0,,,,,,,,,,,,,2026-04-17T07:40:53.841423+00:00
CONTROLPR,Control Print Limited,INE663B01015,EQ,24-JUN-2016,10.0,,,,,,,,,,,,,2026-04-17T07:40:53.841423+00:00
CORALFINAC,Coral India Finance & Housing Limited,INE558D01021,EQ,25-MAR-1996,2.0,,,,,,,,,,,,,2026-04-17T07:40:53.841423+00:00
CORDSCABLE,Cords Cable Industries Limited,INE792I01017,EQ,13-FEB-2008,10.0,,,,,,,,,,,,,2026-04-17T07:40:53.841423+00:00
COROMANDEL,Coromandel International Limited,INE169A01031,EQ,31-MAY-1995,1.0,,,,,,,,,,,,,2026-04-17T07:40:53.841423+00:00
CORONA,CORONA Remedies Limited,INE02ZQ01018,EQ,15-DEC-2025,10.0,,,,,,,,,,,,,2026-04-17T07:40:53.841423+00:00
COSMOFIRST,COSMO FIRST LIMITED,INE757A01017,EQ,25-MAY-1995,10.0,,,,,,,,,,,,,2026-04-17T07:40:53.841423+00:00
COUNCODOS,Country Condo's Limited,INE695B01025,EQ,22-JAN-2009,1.0,,,,,,,,,,,,,2026-04-17T07:40:53.841423+00:00
CPCAP,CP Capital Limited,INE521J01018,EQ,06-OCT-2010,10.0,,,,,,,,,,,,,2026-04-17T07:40:53.841423+00:00
CPEDU,Career Point Edutech Limited,INE0P6P01016,EQ,05-SEP-2025,10.0,,,,,,,,,,,,,2026-04-17T07:40:53.841423+00:00
CPPLUS,Aditya Infotech Limited,INE819V01029,EQ,05-AUG-2025,1.0,,,,,,,,,,,,,2026-04-17T07:40:53.841423+00:00
CRAFTSMAN,Craftsman Automation Limited,INE00LO01017,EQ,25-MAR-2021,5.0,,,,,,,,,,,,,2026-04-17T07:40:53.841423+00:00
CRAMC,Canara Robeco Asset Management Company Limited,INE218I01013,EQ,16-OCT-2025,10.0,,,,,,,,,,,,,2026-04-17T07:40:53.841423+00:00
CREATIVEYE,Creative Eye Limited,INE230B01021,EQ,20-DEC-2000,5.0,,,,,,,,,,,,,2026-04-17T07:40:53.841423+00:00
CREDITACC,CREDITACCESS GRAMEEN LIMITED,INE741K01010,EQ,23-AUG-2018,10.0,,,,,,,,,,,,,2026-04-17T07:40:53.841423+00:00
CREST,Crest Ventures Limited,INE559D01011,EQ,27-DEC-2006,10.0,,,,,,,,,,,,,2026-04-17T07:40:53.841423+00:00
CRISIL,CRISIL Limited,INE007A01025,EQ,28-JUN-1995,1.0,,,,,,,,,,,,,2026-04-17T07:40:53.841423+00:00
CRIZAC,Crizac Limited,INE0S4R01014,EQ,09-JUL-2025,2.0,,,,,,,,,,,,,2026-04-17T07:40:53.841423+00:00
CROMPTON,Crompton Greaves Consumer Electricals Limited,INE299U01018,EQ,13-MAY-2016,2.0,,,,,,,,,,,,,2026-04-17T07:40:53.841423+00:00
CROWN,Crown Lifters Limited,INE491V01019,EQ,08-FEB-2022,10.0,,,,,,,,,,,,,2026-04-17T07:40:53.841423+00:00
CSBBANK,CSB Bank Limited,INE679A01013,EQ,04-DEC-2019,10.0,,,,,,,,,,,,,2026-04-17T07:40:53.841423+00:00
CSLFINANCE,CSL Finance Limited,INE718F01018,EQ,21-JUL-2022,10.0,,,,,,,,,,,,,2026-04-17T07:40:53.841423+00:00
CTE,Cambridge Technology Enterprises Limited,INE627H01017,BE,07-FEB-2007,10.0,,,,,,,,,,,,,2026-04-17T07:40:53.841423+00:00
CUB,City Union Bank Limited,INE491A01021,EQ,25-AUG-1998,1.0,,,,,,,,,,,,,2026-04-17T07:40:53.841423+00:00
CUBEXTUB,Cubex Tubings Limited,INE144D01012,EQ,24-APR-1996,10.0,,,,,,,,,,,,,2026-04-17T07:40:53.841423+00:00
CUMMINSIND,Cummins India Limited,INE298A01020,EQ,29-MAR-1995,2.0,,,,,,,,,,,,,2026-04-17T07:40:53.841423+00:00
CUPID,Cupid Limited,INE509F01029,EQ,16-SEP-2016,1.0,,,,,,,,,,,,,2026-04-17T07:40:53.841423+00:00
CURAA,Cura Technologies Limited,INE117B01020,BE,21-MAR-2025,10.0,,,,,,,,,,,,,2026-04-17T07:40:53.841423+00:00
CYBERMEDIA,Cyber Media (India) Limited,INE278G01037,EQ,10-JUN-2005,10.0,,,,,,,,,,,,,2026-04-17T07:40:53.841423+00:00
CYBERTECH,Cybertech Systems And Software Limited,INE214A01019,EQ,27-JAN-1999,10.0,,,,,,,,,,,,,2026-04-17T07:40:53.841423+00:00
CYIENT,Cyient Limited,INE136B01020,EQ,30-SEP-1998,5.0,,,,,,,,,,,,,2026-04-17T07:40:53.841423+00:00
CYIENTDLM,Cyient DLM Limited,INE055S01018,EQ,10-JUL-2023,10.0,,,,,,,,,,,,,2026-04-17T07:40:53.841423+00:00
DABUR,Dabur India Limited,INE016A01026,EQ,28-APR-1999,1.0,,,,,,,,,,,,,2026-04-17T07:40:53.841423+00:00
DALBHARAT,Dalmia Bharat Limited,INE00R701025,EQ,22-JAN-2019,2.0,,,,,,,,,,,,,2026-04-17T07:40:53.841423+00:00
DALMIASUG,Dalmia Bharat Sugar and Industries Limited,INE495A01022,EQ,17-JAN-1996,2.0,,,,,,,,,,,,,2026-04-17T07:40:53.841423+00:00
DAMCAPITAL,Dam Capital Advisors Limited,INE284H01025,EQ,27-DEC-2024,2.0,,,,,,,,,,,,,2026-04-17T07:40:53.841423+00:00
DAMODARIND,Damodar Industries Limited,INE497D01022,EQ,04-JUL-2016,5.0,,,,,,,,,,,,,2026-04-17T07:40:53.841423+00:00
DANGEE,Dangee Dums Limited,INE688Y01022,EQ,13-NOV-2020,1.0,,,,,,,,,,,,,2026-04-17T07:40:53.841423+00:00
DATAMATICS,Datamatics Global Services Limited,INE365B01017,EQ,07-MAY-2004,5.0,,,,,,,,,,,,,2026-04-17T07:40:53.841423+00:00
DATAPATTNS,Data Patterns (India) Limited,INE0IX101010,EQ,24-DEC-2021,2.0,,,,,,,,,,,,,2026-04-17T07:40:53.841423+00:00
DAVANGERE,Davangere Sugar Company Limited,INE179G01029,EQ,25-JAN-2024,1.0,,,,,,,,,,,,,2026-04-17T07:40:53.841423+00:00
DBCORP,D.B.Corp Limited,INE950I01011,EQ,06-JAN-2010,10.0,,,,,,,,,,,,,2026-04-17T07:40:53.841423+00:00
DBEIL,Deepak Builders & Engineers India Limited,INE0OPA01019,EQ,28-OCT-2024,10.0,,,,,,,,,,,,,2026-04-17T07:40:53.841423+00:00
DBL,Dilip Buildcon Limited,INE917M01012,EQ,11-AUG-2016,10.0,,,,,,,,,,,,,2026-04-17T07:40:53.841423+00:00
DBOL,Dhampur Bio Organics Limited,INE0I3401014,BE,08-SEP-2022,10.0,,,,,,,,,,,,,2026-04-17T07:40:53.841423+00:00
DBREALTY,Valor Estate Limited,INE879I01012,EQ,24-FEB-2010,10.0,,,,,,,,,,,,,2026-04-17T07:40:53.841423+00:00
DBSTOCKBRO,DB (International) Stock Brokers Limited,INE921B01025,EQ,29-FEB-2012,2.0,,,,,,,,,,,,,2026-04-17T07:40:53.841423+00:00
DCAL,Dishman Carbogen Amcis Limited,INE385W01011,EQ,21-SEP-2017,2.0,,,,,,,,,,,,,2026-04-17T07:40:53.841423+00:00
DCBBANK,DCB Bank Limited,INE503A01015,EQ,27-OCT-2006,10.0,,,,,,,,,,,,,2026-04-17T07:40:53.841423+00:00
DCI,Dc Infotech And Communication Limited,INE0A1101019,BE,19-OCT-2022,10.0,,,,,,,,,,,,,2026-04-17T07:40:53.841423+00:00
DCM,DCM  Limited,INE498A01018,EQ,29-MAR-1995,10.0,,,,,,,,,,,,,2026-04-17T07:40:53.841423+00:00
DCMFINSERV,DCM Financial Services Limited,INE891B01012,BE,21-MAY-1997,10.0,,,,,,,,,,,,,2026-04-17T07:40:53.841423+00:00
DCMNVL,DCM Nouvelle Limited,INE08KP01019,EQ,16-JUL-2019,10.0,,,,,,,,,,,,,2026-04-17T07:40:53.841423+00:00
DCMSHRIRAM,DCM Shriram Limited,INE499A01024,EQ,12-APR-1995,2.0,,,,,,,,,,,,,2026-04-17T07:40:53.841423+00:00
DCMSIL,DCM Shriram International Limited,INE0OU201013,BE,17-FEB-2026,2.0,,,,,,,,,,,,,2026-04-17T07:40:53.841423+00:00
DCMSRIND,DCM Shriram Industries Limited,INE843D01027,EQ,24-DEC-2021,2.0,,,,,,,,,,,,,2026-04-17T07:40:53.841423+00:00
DCW,DCW Limited,INE500A01029,EQ,25-MAY-1995,2.0,,,,,,,,,,,,,2026-04-17T07:40:53.841423+00:00
DCXINDIA,DCX Systems Limited,INE0KL801015,EQ,11-NOV-2022,2.0,,,,,,,,,,,,,2026-04-17T07:40:53.841423+00:00
DDEVPLSTIK,Ddev Plastiks Industries Limited,INE0HR601026,EQ,15-JAN-2025,1.0,,,,,,,,,,,,,2026-04-17T07:40:53.841423+00:00
DECCANCE,Deccan Cements Limited,INE583C01021,EQ,02-AUG-2007,5.0,,,,,,,,,,,,,2026-04-17T07:40:53.841423+00:00
DEEDEV,DEE Development Engineers Limited,INE841L01016,EQ,26-JUN-2024,10.0,,,,,,,,,,,,,2026-04-17T07:40:53.841423+00:00
DEEPAKFERT,Deepak Fertilizers and Petrochemicals Corporation Limited,INE501A01019,EQ,17-JAN-2003,10.0,,,,,,,,,,,,,2026-04-17T07:40:53.841423+00:00
DEEPAKNTR,Deepak Nitrite Limited,INE288B01029,EQ,29-SEP-2010,2.0,,,,,,,,,,,,,2026-04-17T07:40:53.841423+00:00
DEEPINDS,Deep Industries Limited,INE0FHS01024,EQ,27-APR-2021,5.0,,,,,,,,,,,,,2026-04-17T07:40:53.841423+00:00
DELHIVERY,Delhivery Limited,INE148O01028,EQ,24-MAY-2022,1.0,,,,,,,,,,,,,2026-04-17T07:40:53.841423+00:00
DELPHIFX,DELPHI WORLD MONEY LIMITED,INE726L01027,EQ,28-JUN-2011,2.0,,,,,,,,,,,,,2026-04-17T07:40:53.841423+00:00
DELTACORP,Delta Corp Limited,INE124G01033,EQ,02-NOV-2007,1.0,,,,,,,,,,,,,2026-04-17T07:40:53.841423+00:00
DELTAMAGNT,Delta Manufacturing Limited,INE393A01011,EQ,18-OCT-1995,10.0,,,,,,,,,,,,,2026-04-17T07:40:53.841423+00:00
DEN,Den Networks Limited,INE947J01015,EQ,24-NOV-2009,10.0,,,,,,,,,,,,,2026-04-17T07:40:53.841423+00:00
DENORA,De Nora India Limited,INE244A01016,EQ,07-AUG-1997,10.0,,,,,,,,,,,,,2026-04-17T07:40:53.841423+00:00
DENTA,Denta Water and Infra Solutions Limited,INE0R4L01018,EQ,29-JAN-2025,10.0,,,,,,,,,,,,,2026-04-17T07:40:53.841423+00:00
DEVIT,Dev Information Technology Limited,INE060X01034,EQ,15-FEB-2022,2.0,,,,,,,,,,,,,2026-04-17T07:40:53.841423+00:00
DEVX,Dev Accelerator Limited,INE0VOV01021,EQ,17-SEP-2025,2.0,,,,,,,,,,,,,2026-04-17T07:40:53.841423+00:00
DEVYANI,Devyani International Limited,INE872J01023,EQ,16-AUG-2021,1.0,,,,,,,,,,,,,2026-04-17T07:40:53.841423+00:00
DGCONTENT,Digicontent Limited,INE03JI01017,EQ,18-JUN-2019,2.0,,,,,,,,,,,,,2026-04-17T07:40:53.841423+00:00
DHAMPURSUG,Dhampur Sugar Mills Limited,INE041A01016,EQ,29-MAR-1995,10.0,,,,,,,,,,,,,2026-04-17T07:40:53.841423+00:00
DHANBANK,Dhanlaxmi Bank Limited,INE680A01011,EQ,01-APR-2004,10.0,,,,,,,,,,,,,2026-04-17T07:40:53.841423+00:00
DHANUKA,Dhanuka Agritech Limited,INE435G01025,EQ,29-JUN-2011,2.0,,,,,,,,,,,,,2026-04-17T07:40:53.841423+00:00
DHARMAJ,Dharmaj Crop Guard Limited,INE00OQ01016,EQ,08-DEC-2022,10.0,,,,,,,,,,,,,2026-04-17T07:40:53.841423+00:00
DHRUV,Dhruv Consultancy Services Limited,INE506Z01015,EQ,25-NOV-2021,10.0,,,,,,,,,,,,,2026-04-17T07:40:53.841423+00:00
DHUNINV,Dhunseri Investments Limited,INE320L01011,EQ,18-MAR-2011,10.0,,,,,,,,,,,,,2026-04-17T07:40:53.841423+00:00
DIACABS,Diamond Power Infrastructure Limited,INE989C01038,EQ,15-SEP-2023,1.0,,,,,,,,,,,,,2026-04-17T07:40:53.841423+00:00
DIAMINESQ,Diamines & Chemicals Limited,INE591D01014,EQ,25-SEP-2023,10.0,,,,,,,,,,,,,2026-04-17T07:40:53.841423+00:00
DIAMONDYD,Prataap Snacks Limited,INE393P01035,EQ,05-OCT-2017,5.0,,,,,,,,,,,,,2026-04-17T07:40:53.841423+00:00
DICIND,DIC India Limited,INE303A01010,EQ,30-AUG-1995,10.0,,,,,,,,,,,,,2026-04-17T07:40:53.841423+00:00
DIFFNKG,Diffusion Engineers Limited,INE184O01015,EQ,04-OCT-2024,10.0,,,,,,,,,,,,,2026-04-17T07:40:53.841423+00:00
DIGIDRIVE,Digidrive Distributors Limited,INE0PSC01024,EQ,10-JAN-2024,10.0,,,,,,,,,,,,,2026-04-17T07:40:53.841423+00:00
DIGISPICE,DiGiSPICE Technologies Limited,INE927C01020,EQ,27-MAY-2008,3.0,,,,,,,,,,,,,2026-04-17T07:40:53.841423+00:00
DIGITIDE,Digitide Solutions Limited,INE0U4701011,EQ,11-JUN-2025,10.0,,,,,,,,,,,,,2026-04-17T07:40:53.841423+00:00
DIGJAMLMTD,Digjam Limited,INE731U01028,EQ,18-OCT-2021,10.0,,,,,,,,,,,,,2026-04-17T07:40:53.841423+00:00
DISHTV,Dish TV India Limited,INE836F01026,EQ,18-APR-2007,1.0,,,,,,,,,,,,,2026-04-17T07:40:53.841423+00:00
DIVGIITTS,Divgi Torqtransfer Systems Limited,INE753U01022,EQ,14-MAR-2023,5.0,,,,,,,,,,,,,2026-04-17T07:40:53.841423+00:00
DIVISLAB,Divi's Laboratories Limited,INE361B01024,EQ,12-MAR-2003,2.0,,,,,,,,,,,,,2026-04-17T07:40:53.841423+00:00
DIXON,Dixon Technologies (India) Limited,INE935N01020,EQ,18-SEP-2017,2.0,,,,,,,,,,,,,2026-04-17T07:40:53.841423+00:00
DJML,DJ Mediaprint & Logistics Limited,INE0B1K01014,BE,05-DEC-2022,10.0,,,,,,,,,,,,,2026-04-17T07:40:53.841423+00:00
DLF,DLF Limited,INE271C01023,EQ,05-JUL-2007,2.0,,,,,,,,,,,,,2026-04-17T07:40:53.841423+00:00
DLINKINDIA,D-Link (India) Limited,INE250K01012,EQ,18-DEC-2009,2.0,,,,,,,,,,,,,2026-04-17T07:40:53.841423+00:00
DMART,Avenue Supermarts Limited,INE192R01011,EQ,21-MAR-2017,10.0,,,,,,,,,,,,,2026-04-17T07:40:53.841423+00:00
DMCC,DMCC SPECIALITY CHEMICALS LIMITED,INE505A01010,EQ,01-DEC-2021,10.0,,,,,,,,,,,,,2026-04-17T07:40:53.841423+00:00
DNAMEDIA,Diligent Media Corporation Limited,INE016M01021,EQ,11-DEC-2017,1.0,,,,,,,,,,,,,2026-04-17T07:40:53.841423+00:00
DODLA,Dodla Dairy Limited,INE021O01019,EQ,28-JUN-2021,10.0,,,,,,,,,,,,,2026-04-17T07:40:53.841423+00:00
DOLATALGO,Dolat Algotech Limited,INE966A01022,EQ,12-JAN-2024,1.0,,,,,,,,,,,,,2026-04-17T07:40:53.841423+00:00
DOLLAR,Dollar Industries Limited,INE325C01035,EQ,21-APR-2017,2.0,,,,,,,,,,,,,2026-04-17T07:40:53.841423+00:00
DOLPHIN,Dolphin Offshore Enterprises (India) Limited,INE920A01037,EQ,21-AUG-2023,1.0,,,,,,,,,,,,,2026-04-17T07:40:53.841423+00:00
DOMS,DOMS Industries Limited,INE321T01012,EQ,20-DEC-2023,10.0,,,,,,,,,,,,,2026-04-17T07:40:53.841423+00:00
DONEAR,Donear Industries Limited,INE668D01028,EQ,20-DEC-2006,2.0,,,,,,,,,,,,,2026-04-17T07:40:53.841423+00:00
DPABHUSHAN,D. P. Abhushan Limited,INE266Y01019,EQ,03-NOV-2020,10.0,,,,,,,,,,,,,2026-04-17T07:40:53.841423+00:00
DPSCLTD,DPSC Limited,INE360C01024,EQ,21-APR-2008,1.0,,,,,,,,,,,,,2026-04-17T07:40:53.841423+00:00
DPWIRES,D P Wires Limited,INE864X01013,EQ,17-JAN-2020,10.0,,,,,,,,,,,,,2026-04-17T07:40:53.841423+00:00
DRCSYSTEMS,DRC Systems India Limited,INE03RS01027,EQ,10-MAR-2021,1.0,,,,,,,,,,,,,2026-04-17T07:40:53.841423+00:00
DREAMFOLKS,Dreamfolks Services Limited,INE0JS101016,EQ,06-SEP-2022,2.0,,,,,,,,,,,,,2026-04-17T07:40:53.841423+00:00
DREDGECORP,Dredging Corporation of India Limited,INE506A01018,EQ,15-JAN-2004,10.0,,,,,,,,,,,,,2026-04-17T07:40:53.841423+00:00
DRREDDY,Dr. Reddy's Laboratories Limited,INE089A01031,EQ,30-MAY-2003,1.0,,,,,,,,,,,,,2026-04-17T07:40:53.841423+00:00
DSFCL,DCM Shriram Fine Chemicals Limited,INE0OFM01015,EQ,17-FEB-2026,2.0,,,,,,,,,,,,,2026-04-17T07:40:53.841423+00:00
DSSL,Dynacons Systems & Solutions Limited,INE417B01040,EQ,01-DEC-2011,10.0,,,,,,,,,,,,,2026-04-17T07:40:53.841423+00:00
DTIL,Dhunseri Tea & Industries Limited,INE341R01014,EQ,20-JAN-2015,10.0,,,,,,,,,,,,,2026-04-17T07:40:53.841423+00:00
DUCON,Ducon Infratechnologies Limited,INE741L01018,BE,09-OCT-2012,1.0,,,,,,,,,,,,,2026-04-17T07:40:53.841423+00:00
DVL,Dhunseri Ventures Limited,INE477B01010,EQ,11-JAN-2008,10.0,,,,,,,,,,,,,2026-04-17T07:40:53.841423+00:00
DWARKESH,Dwarikesh Sugar Industries Limited,INE366A01041,EQ,31-DEC-2004,1.0,,,,,,,,,,,,,2026-04-17T07:40:53.841423+00:00
DYCL,Dynamic Cables Limited,INE600Y01019,EQ,27-JUL-2022,10.0,,,,,,,,,,,,,2026-04-17T07:40:53.841423+00:00
DYNAMATECH,Dynamatic Technologies Limited,INE221B01012,EQ,14-SEP-2006,10.0,,,,,,,,,,,,,2026-04-17T07:40:53.841423+00:00
DYNPRO,Dynemic Products Limited,INE256H01015,EQ,19-JUL-2017,10.0,,,,,,,,,,,,,2026-04-17T07:40:53.841423+00:00
E2E,E2E Networks Limited,INE255Z01019,BE,12-APR-2022,10.0,,,,,,,,,,,,,2026-04-17T07:40:53.841423+00:00
EASEMYTRIP,Easy Trip Planners Limited,INE07O001026,EQ,19-MAR-2021,1.0,,,,,,,,,,,,,2026-04-17T07:40:53.841423+00:00
EASTSILK,Eastern Silk Industries Limited,INE962C01035,BE,03-JUL-1996,2.0,,,,,,,,,,,,,2026-04-17T07:40:53.841423+00:00
EBGNG,GNG Electronics Limited,INE18JU01028,EQ,30-JUL-2025,2.0,,,,,,,,,,,,,2026-04-17T07:40:53.841423+00:00
ECLERX,eClerx Services Limited,INE738I01010,EQ,31-DEC-2007,10.0,,,,,,,,,,,,,2026-04-17T07:40:53.841423+00:00
ECOSMOBLTY,Ecos (India) Mobility & Hospitality Limited,INE06HJ01020,EQ,04-SEP-2024,2.0,,,,,,,,,,,,,2026-04-17T07:40:53.841423+00:00
EDELWEISS,Edelweiss Financial Services Limited,INE532F01054,EQ,12-DEC-2007,1.0,,,,,,,,,,,,,2026-04-17T07:40:53.841423+00:00
EFCIL,EFC (I) Limited,INE886D01026,EQ,20-AUG-2025,2.0,,,,,,,,,,,,,2026-04-17T07:40:53.841423+00:00
EICHERMOT,Eicher Motors Limited,INE066A01021,EQ,07-SEP-2004,1.0,,,,,,,,,,,,,2026-04-17T07:40:53.841423+00:00
EIDPARRY,EID Parry India Limited,INE126A01031,EQ,10-MAY-1995,1.0,,,,,,,,,,,,,2026-04-17T07:40:53.841423+00:00
EIEL,Enviro Infra Engineers Limited,INE0LLY01014,EQ,29-NOV-2024,10.0,,,,,,,,,,,,,2026-04-17T07:40:53.841423+00:00
EIFFL,Euro India Fresh Foods Limited,INE546V01010,EQ,12-OCT-2021,10.0,,,,,,,,,,,,,2026-04-17T07:40:53.841423+00:00
EIHAHOTELS,EIH Associated Hotels Limited,INE276C01014,EQ,08-APR-2008,10.0,,,,,,,,,,,,,2026-04-17T07:40:53.841423+00:00
EIHOTEL,EIH Limited,INE230A01023,EQ,08-FEB-1995,2.0,,,,,,,,,,,,,2026-04-17T07:40:53.841423+00:00
EIMCOELECO,Eimco Elecon (India) Limited,INE158B01016,EQ,17-APR-1996,10.0,,,,,,,,,,,,,2026-04-17T07:40:53.841423+00:00
EKC,Everest Kanto Cylinder Limited,INE184H01027,EQ,15-DEC-2005,2.0,,,,,,,,,,,,,2026-04-17T07:40:53.841423+00:00
ELDEHSG,Eldeco Housing And Industries Limited,INE668G01021,EQ,12-APR-2022,2.0,,,,,,,,,,,,,2026-04-17T07:40:53.841423+00:00
ELECON,Elecon Engineering Company Limited,INE205B01031,EQ,29-SEP-2006,1.0,,,,,,,,,,,,,2026-04-17T07:40:53.841423+00:00
ELECTCAST,Electrosteel Castings Limited,INE086A01029,EQ,20-JUN-2003,1.0,,,,,,,,,,,,,2026-04-17T07:40:53.841423+00:00
ELECTHERM,Electrotherm (India) Limited,INE822G01016,EQ,20-AUG-2007,10.0,,,,,,,,,,,,,2026-04-17T07:40:53.841423+00:00
ELGIEQUIP,Elgi Equipments Limited,INE285A01027,EQ,22-NOV-1995,1.0,,,,,,,,,,,,,2026-04-17T07:40:53.841423+00:00
ELGIRUBCO,Elgi Rubber Company Limited,INE819L01012,EQ,10-AUG-2011,1.0,,,,,,,,,,,,,2026-04-17T07:40:53.841423+00:00
ELIN,Elin Electronics Limited,INE050401020,EQ,30-DEC-2022,5.0,,,,,,,,,,,,,2026-04-17T07:40:53.841423+00:00
ELLEN,Ellenbarrie Industrial Gases Limited,INE236E01022,EQ,01-JUL-2025,2.0,,,,,,,,,,,,,2026-04-17T07:40:53.841423+00:00
EMAMILTD,Emami Limited,INE548C01032,EQ,03-AUG-2006,1.0,,,,,,,,,,,,,2026-04-17T07:40:53.841423+00:00
EMAMIPAP,Emami Paper Mills Limited,INE830C01026,EQ,30-MAY-2019,2.0,,,,,,,,,,,,,2026-04-17T07:40:53.841423+00:00
EMAMIREAL,Emami Realty Limited,INE778K01012,EQ,28-JUL-2010,2.0,,,,,,,,,,,,,2026-04-17T07:40:53.841423+00:00
EMCURE,Emcure Pharmaceuticals Limited,INE168P01015,EQ,10-JUL-2024,10.0,,,,,,,,,,,,,2026-04-17T07:40:53.841423+00:00
EMIL,Electronics Mart India Limited,INE02YR01019,EQ,17-OCT-2022,10.0,,,,,,,,,,,,,2026-04-17T07:40:53.841423+00:00
EMKAY,Emkay Global Financial Services Limited,INE296H01011,EQ,28-APR-2006,10.0,,,,,,,,,,,,,2026-04-17T07:40:53.841423+00:00
EMMBI,Emmbi Industries Limited,INE753K01015,EQ,24-FEB-2010,10.0,,,,,,,,,,,,,2026-04-17T07:40:53.841423+00:00
EMMVEE,Emmvee Photovoltaic Power Limited,INE1C6T01020,EQ,18-NOV-2025,2.0,,,,,,,,,,,,,2026-04-17T07:40:53.841423+00:00
EMSLIMITED,EMS Limited,INE0OV601013,EQ,21-SEP-2023,10.0,,,,,,,,,,,,,2026-04-17T07:40:53.841423+00:00
EMUDHRA,eMudhra Limited,INE01QM01018,EQ,01-JUN-2022,5.0,,,,,,,,,,,,,2026-04-17T07:40:53.841423+00:00
ENDURANCE,Endurance Technologies Limited,INE913H01037,EQ,19-OCT-2016,10.0,,,,,,,,,,,,,2026-04-17T07:40:53.841423+00:00
ENERGYDEV,Energy Development Company Limited,INE306C01019,EQ,02-NOV-2007,10.0,,,,,,,,,,,,,2026-04-17T07:40:53.841423+00:00
ENGINERSIN,Engineers India Limited,INE510A01028,EQ,20-AUG-1997,5.0,,,,,,,,,,,,,2026-04-17T07:40:53.841423+00:00
ENIL,Entertainment Network (India) Limited,INE265F01028,EQ,15-FEB-2006,10.0,,,,,,,,,,,,,2026-04-17T07:40:53.841423+00:00
ENRIN,Siemens Energy India Limited,INE1NPP01017,EQ,19-JUN-2025,2.0,,,,,,,,,,,,,2026-04-17T07:40:53.841423+00:00
ENTERO,Entero Healthcare Solutions Limited,INE010601016,EQ,16-FEB-2024,10.0,,,,,,,,,,,,,2026-04-17T07:40:53.841423+00:00
EPACK,EPACK Durable Limited,INE0G5901015,EQ,30-JAN-2024,10.0,,,,,,,,,,,,,2026-04-17T07:40:53.841423+00:00
EPACKPEB,EPack Prefab Technologies Limited,INE0MLS01022,EQ,01-OCT-2025,2.0,,,,,,,,,,,,,2026-04-17T07:40:53.841423+00:00
EPIGRAL,Epigral Limited,INE071N01016,EQ,18-AUG-2021,10.0,,,,,,,,,,,,,2026-04-17T07:40:53.841423+00:00
EPL,EPL Limited,INE255A01020,EQ,11-FEB-2002,2.0,,,,,,,,,,,,,2026-04-17T07:40:53.841423+00:00
EQUIPPP,Equippp Social Impact Technologies Limited,INE217G01035,BE,19-MAY-2021,1.0,,,,,,,,,,,,,2026-04-17T07:40:53.841423+00:00
EQUITASBNK,Equitas Small Finance Bank Limited,INE063P01018,EQ,02-NOV-2020,10.0,,,,,,,,,,,,,2026-04-17T07:40:53.841423+00:00
ERIS,Eris Lifesciences Limited,INE406M01024,EQ,29-JUN-2017,1.0,,,,,,,,,,,,,2026-04-17T07:40:53.841423+00:00
ESABINDIA,Esab India Limited,INE284A01012,EQ,01-NOV-1995,10.0,,,,,,,,,,,,,2026-04-17T07:40:53.841423+00:00
ESAFSFB,ESAF Small Finance Bank Limited,INE818W01011,EQ,10-NOV-2023,10.0,,,,,,,,,,,,,2026-04-17T07:40:53.841423+00:00
ESCORTS,Escorts Kubota Limited,INE042A01014,EQ,01-MAR-1995,10.0,,,,,,,,,,,,,2026-04-17T07:40:53.841423+00:00
ESSARSHPNG,Essar Shipping Limited,INE122M01019,EQ,15-NOV-2011,10.0,,,,,,,,,,,,,2026-04-17T07:40:53.841423+00:00
ESSENTIA,Integra Essentia Limited,INE418N01035,EQ,20-AUG-2013,1.0,,,,,,,,,,,,,2026-04-17T07:40:53.841423+00:00
ESTER,Ester Industries Limited,INE778B01029,EQ,20-JUN-2011,5.0,,,,,,,,,,,,,2026-04-17T07:40:53.841423+00:00
ETERNAL,ETERNAL LIMITED,INE758T01015,EQ,23-JUL-2021,1.0,,,,,,,,,,,,,2026-04-17T07:40:53.841423+00:00
ETHOSLTD,Ethos Limited,INE04TZ01018,EQ,30-MAY-2022,10.0,,,,,,,,,,,,,2026-04-17T07:40:53.841423+00:00
EUREKAFORB,Eureka Forbes Limited,INE0KCE01017,EQ,11-SEP-2024,10.0,,,,,,,,,,,,,2026-04-17T07:40:53.841423+00:00
EUROBOND,Euro Panel Products Limited,INE505V01016,EQ,01-AUG-2025,10.0,,,,,,,,,,,,,2026-04-17T07:40:53.841423+00:00
EUROPRATIK,Euro Pratik Sales Limited,INE198501012,EQ,23-SEP-2025,1.0,,,,,,,,,,,,,2026-04-17T07:40:53.841423+00:00
EUROTEXIND,Eurotex Industries and Exports Limited,INE022C01012,EQ,31-JAN-1996,10.0,,,,,,,,,,,,,2026-04-17T07:40:53.841423+00:00
EVEREADY,Eveready Industries India Limited,INE128A01029,EQ,27-APR-2005,5.0,,,,,,,,,,,,,2026-04-17T07:40:53.841423+00:00
EVERESTIND,Everest Industries Limited,INE295A01018,EQ,29-MAR-1995,10.0,,,,,,,,,,,,,2026-04-17T07:40:53.841423+00:00
EXCELINDUS,Excel Industries Limited,INE369A01029,EQ,16-JUN-2004,5.0,,,,,,,,,,,,,2026-04-17T07:40:53.841423+00:00
EXCELSOFT,Excelsoft Technologies Limited,INE606N01019,EQ,26-NOV-2025,10.0,,,,,,,,,,,,,2026-04-17T07:40:53.841423+00:00
EXICOM,Exicom Tele-Systems Limited,INE777F01014,EQ,05-MAR-2024,10.0,,,,,,,,,,,,,2026-04-17T07:40:53.841423+00:00
EXIDEIND,Exide Industries Limited,INE302A01020,EQ,17-JUN-2003,1.0,,,,,,,,,,,,,2026-04-17T07:40:53.841423+00:00
EXPLEOSOL,Expleo Solutions Limited,INE201K01015,EQ,26-OCT-2009,10.0,,,,,,,,,,,,,2026-04-17T07:40:53.841423+00:00
EXXARO,Exxaro Tiles Limited,INE0GFE01026,EQ,16-AUG-2021,1.0,,,,,,,,,,,,,2026-04-17T07:40:53.841423+00:00
FABTECH,Fabtech Technologies Limited,INE0HF201011,EQ,07-OCT-2025,10.0,,,,,,,,,,,,,2026-04-17T07:40:53.841423+00:00
FACT,Fertilizers and Chemicals Travancore Limited,INE188A01015,EQ,12-APR-1995,10.0,,,,,,,,,,,,,2026-04-17T07:40:53.841423+00:00
FAIRCHEMOR,Fairchem Organics Limited,INE0DNW01011,EQ,24-DEC-2020,10.0,,,,,,,,,,,,,2026-04-17T07:40:53.841423+00:00
FAZE3Q,Faze Three Limited,INE963C01033,BE,18-NOV-2022,10.0,,,,,,,,,,,,,2026-04-17T07:40:53.841423+00:00
FCL,Fineotex Chemical Limited,INE045J01034,EQ,15-JAN-2015,1.0,,,,,,,,,,,,,2026-04-17T07:40:53.841423+00:00
FCSSOFT,FCS Software Solutions Limited,INE512B01022,BE,21-SEP-2005,1.0,,,,,,,,,,,,,2026-04-17T07:40:53.841423+00:00
FDC,FDC Limited,INE258B01022,EQ,07-AUG-1997,1.0,,,,,,,,,,,,,2026-04-17T07:40:53.841423+00:00
FEDERALBNK,The Federal Bank  Limited,INE171A01029,EQ,08-FEB-1995,2.0,,,,,,,,,,,,,2026-04-17T07:40:53.841423+00:00
FEDFINA,Fedbank Financial Services Limited,INE007N01010,EQ,30-NOV-2023,10.0,,,,,,,,,,,,,2026-04-17T07:40:53.841423+00:00
FEL,Future Enterprises Limited,INE623B01027,BZ,05-NOV-2001,2.0,,,,,,,,,,,,,2026-04-17T07:40:53.841423+00:00
FELDVR,Future Enterprises Limited,IN9623B01058,BZ,13-FEB-2009,2.0,,,,,,,,,,,,,2026-04-17T07:40:53.841423+00:00
FIBERWEB,Fiberweb (India) Limited,INE296C01020,BE,16-FEB-2022,10.0,,,,,,,,,,,,,2026-04-17T07:40:53.841423+00:00
FIEMIND,Fiem Industries Limited,INE737H01014,EQ,19-OCT-2006,10.0,,,,,,,,,,,,,2026-04-17T07:40:53.841423+00:00
FILATEX,Filatex India Limited,INE816B01035,EQ,29-AUG-2011,1.0,,,,,,,,,,,,,2026-04-17T07:40:53.841423+00:00
FILATFASH,Filatex Fashions Limited,INE185E01021,BE,06-MAY-2024,1.0,,,,,,,,,,,,,2026-04-17T07:40:53.841423+00:00
FINCABLES,Finolex Cables Limited,INE235A01022,EQ,15-FEB-1995,2.0,,,,,,,,,,,,,2026-04-17T07:40:53.841423+00:00
FINEORG,Fine Organic Industries Limited,INE686Y01026,EQ,02-JUL-2018,5.0,,,,,,,,,,,,,2026-04-17T07:40:53.841423+00:00
FINKURVE,Finkurve Financial Services Limited,INE734I01027,EQ,01-OCT-2025,1.0,,,,,,,,,,,,,2026-04-17T07:40:53.841423+00:00
FINOPB,Fino Payments Bank Limited,INE02NC01014,EQ,12-NOV-2021,10.0,,,,,,,,,,,,,2026-04-17T07:40:53.841423+00:00
FINPIPE,Finolex Industries Limited,INE183A01024,EQ,08-FEB-1995,2.0,,,,,,,,,,,,,2026-04-17T07:40:53.841423+00:00
FIRSTCRY,Brainbees Solutions Limited,INE02RE01045,EQ,13-AUG-2024,2.0,,,,,,,,,,,,,2026-04-17T07:40:53.841423+00:00
FISCHER,Fischer Medical Ventures Limited,INE771F01041,EQ,10-JUL-2025,1.0,,,,,,,,,,,,,2026-04-17T07:40:53.841423+00:00
FIVESTAR,Five-Star Business Finance Limited,INE128S01021,EQ,21-NOV-2022,1.0,,,,,,,,,,,,,2026-04-17T07:40:53.841423+00:00
FLAIR,Flair Writing Industries Limited,INE00Y201027,EQ,01-DEC-2023,5.0,,,,,,,,,,,,,2026-04-17T07:40:53.841423+00:00
FLEXITUFF,Flexituff Ventures International Limited,INE060J01017,EQ,19-OCT-2011,10.0,,,,,,,,,,,,,2026-04-17T07:40:53.841423+00:00
FLFL,Future Lifestyle Fashions Limited,INE452O01016,BZ,01-OCT-2013,2.0,,,,,,,,,,,,,2026-04-17T07:40:53.841423+00:00
FLUOROCHEM,Gujarat Fluorochemicals Limited,INE09N301011,EQ,16-OCT-2019,1.0,,,,,,,,,,,,,2026-04-17T07:40:53.841423+00:00
FMGOETZE,Federal-Mogul Goetze (India) Limited.,INE529A01010,EQ,08-FEB-1995,10.0,,,,,,,,,,,,,2026-04-17T07:40:53.841423+00:00
FMNL,Future Market Networks Limited,INE360L01017,EQ,31-DEC-2010,10.0,,,,,,,,,,,,,2026-04-17T07:40:53.841423+00:00
FOCUS,Focus Lighting and Fixtures Limited,INE593W01028,EQ,24-NOV-2021,2.0,,,,,,,,,,,,,2026-04-17T07:40:53.841423+00:00
FOODSIN,Foods & Inns Limited,INE976E01023,EQ,16-NOV-2021,1.0,,,,,,,,,,,,,2026-04-17T07:40:53.841423+00:00
FORCEMOT,FORCE MOTORS LTD,INE451A01017,EQ,14-FEB-2024,10.0,,,,,,,,,,,,,2026-04-17T07:40:53.841423+00:00
FORTIS,Fortis Healthcare Limited,INE061F01013,EQ,09-MAY-2007,10.0,,,,,,,,,,,,,2026-04-17T07:40:53.841423+00:00
FOSECOIND,Foseco India Limited,INE519A01011,EQ,05-MAY-2003,10.0,,,,,,,,,,,,,2026-04-17T07:40:53.841423+00:00
FRACTAL,Fractal Analytics Limited,INE212S01015,EQ,16-FEB-2026,1.0,,,,,,,,,,,,,2026-04-17T07:40:53.841423+00:00
FSL,Firstsource Solutions Limited,INE684F01012,EQ,22-FEB-2007,10.0,,,,,,,,,,,,,2026-04-17T07:40:53.841423+00:00
FUSION,Fusion Finance Limited,INE139R01012,EQ,15-NOV-2022,10.0,,,,,,,,,,,,,2026-04-17T07:40:53.841423+00:00
GABRIEL,Gabriel India Limited,INE524A01029,EQ,20-APR-2005,1.0,,,,,,,,,,,,,2026-04-17T07:40:53.841423+00:00
GAEL,Gujarat Ambuja Exports Limited,INE036B01030,EQ,11-OCT-2000,1.0,,,,,,,,,,,,,2026-04-17T07:40:53.841423+00:00
GAIL,GAIL (India) Limited,INE129A01019,EQ,02-APR-1997,10.0,,,,,,,,,,,,,2026-04-17T07:40:53.841423+00:00
GALAPREC,Gala Precision Engineering Limited,INE0RE001014,EQ,09-SEP-2024,10.0,,,,,,,,,,,,,2026-04-17T07:40:53.841423+00:00
GALAXYSURF,Galaxy Surfactants Limited,INE600K01018,EQ,08-FEB-2018,10.0,,,,,,,,,,,,,2026-04-17T07:40:53.841423+00:00
GALLANTT,Gallantt Ispat Limited,INE297H01019,EQ,04-APR-2006,10.0,,,,,,,,,,,,,2026-04-17T07:40:53.841423+00:00
GANDHAR,Gandhar Oil Refinery (India) Limited,INE717W01049,EQ,30-NOV-2023,2.0,,,,,,,,,,,,,2026-04-17T07:40:53.841423+00:00
GANDHITUBE,Gandhi Special Tubes Limited,INE524B01027,EQ,31-JAN-2007,5.0,,,,,,,,,,,,,2026-04-17T07:40:53.841423+00:00
GANECOS,Ganesha Ecosphere Limited,INE845D01014,EQ,09-MAR-2015,10.0,,,,,,,,,,,,,2026-04-17T07:40:53.841423+00:00
GANESHBE,Ganesh Benzoplast Limited,INE388A01029,EQ,16-SEP-2021,1.0,,,,,,,,,,,,,2026-04-17T07:40:53.841423+00:00
GANESHCP,Ganesh Consumer Products Limited,INE652V01016,EQ,29-SEP-2025,10.0,,,,,,,,,,,,,2026-04-17T07:40:53.841423+00:00
GANESHHOU,GANESH HOUSING LIMITED,INE460C01014,EQ,02-MAR-2007,10.0,,,,,,,,,,,,,2026-04-17T07:40:53.841423+00:00
GANGAFORGE,Ganga Forging Limited,INE691Z01023,EQ,06-JUL-2021,1.0,,,,,,,,,,,,,2026-04-17T07:40:53.841423+00:00
GANGESSECU,Ganges Securities Limited,INE335W01016,EQ,28-JUL-2017,10.0,,,,,,,,,,,,,2026-04-17T07:40:53.841423+00:00
GARFIBRES,Garware Technical Fibres Limited,INE276A01018,EQ,03-APR-2007,10.0,,,,,,,,,,,,,2026-04-17T07:40:53.841423+00:00
GARUDA,Garuda Construction and Engineering Limited,INE0JVO01026,EQ,15-OCT-2024,5.0,,,,,,,,,,,,,2026-04-17T07:40:53.841423+00:00
GATECH,GACM Technologies Limited,INE224E01028,EQ,25-JUL-2016,1.0,,,,,,,,,,,,,2026-04-17T07:40:53.841423+00:00
GATECHDVR,GACM Technologies Limited,INE224E01036,EQ,10-OCT-2017,1.0,,,,,,,,,,,,,2026-04-17T07:40:53.841423+00:00
GATEWAY,Gateway Distriparks Limited,INE079J01017,EQ,22-MAR-2022,10.0,,,,,,,,,,,,,2026-04-17T07:40:53.841423+00:00
GAUDIUMIVF,Gaudium IVF and Women Health Limited,INE0P8B01020,EQ,27-FEB-2026,5.0,,,,,,,,,,,,,2026-04-17T07:40:53.841423+00:00
GAYAHWS,Gayatri Highways Limited,INE287Z01012,EQ,28-JUN-2018,2.0,,,,,,,,,,,,,2026-04-17T07:40:53.841423+00:00
GAYAPROJ,Gayatri Projects Limited,INE336H01023,BE,22-AUG-2011,2.0,,,,,,,,,,,,,2026-04-17T07:40:53.841423+00:00
GCSL,Gretex Corporate Services Limited,INE199P01028,EQ,04-SEP-2025,10.0,,,,,,,,,,,,,2026-04-17T07:40:53.841423+00:00
GEECEE,GeeCee Ventures Limited,INE916G01016,EQ,04-OCT-2006,10.0,,,,,,,,,,,,,2026-04-17T07:40:53.841423+00:00
GEEKAYWIRE,Geekay Wires Limited,INE669X01032,EQ,06-MAR-2020,1.0,,,,,,,,,,,,,2026-04-17T07:40:53.841423+00:00
GEMAROMA,Gem Aromatics Limited,INE06XZ01023,BE,26-AUG-2025,2.0,,,,,,,,,,,,,2026-04-17T07:40:53.841423+00:00
GENCON,Generic Engineering Construction and Projects Limited,INE854S01022,EQ,16-FEB-2021,5.0,,,,,,,,,,,,,2026-04-17T07:40:53.841423+00:00
GENESYS,Genesys International Corporation Limited,INE727B01026,EQ,23-JAN-2003,5.0,,,,,,,,,,,,,2026-04-17T07:40:53.841423+00:00
GENUSPAPER,Genus Paper & Boards Limited,INE949P01018,EQ,16-FEB-2015,1.0,,,,,,,,,,,,,2026-04-17T07:40:53.841423+00:00
GENUSPOWER,Genus Power Infrastructures Limited,INE955D01029,EQ,08-JUL-2005,1.0,,,,,,,,,,,,,2026-04-17T07:40:53.841423+00:00
GEOJITFSL,Geojit Financial Services Limited,INE007B01023,EQ,01-JUL-2005,1.0,,,,,,,,,,,,,2026-04-17T07:40:53.841423+00:00
GESHIP,The Great Eastern Shipping Company Limited,INE017A01032,EQ,27-NOV-2006,10.0,,,,,,,,,,,,,2026-04-17T07:40:53.841423+00:00
GFLLIMITED,GFL Limited,INE538A01037,EQ,25-MAY-1995,1.0,,,,,,,,,,,,,2026-04-17T07:40:53.841423+00:00
GHCL,GHCL Limited,INE539A01019,EQ,31-JUL-2003,10.0,,,,,,,,,,,,,2026-04-17T07:40:53.841423+00:00
GHCLTEXTIL,GHCL Textiles Limited,INE0PA801013,EQ,12-JUN-2023,2.0,,,,,,,,,,,,,2026-04-17T07:40:53.841423+00:00
GICHSGFIN,GIC Housing Finance Limited,INE289B01019,EQ,08-MAY-1996,10.0,,,,,,,,,,,,,2026-04-17T07:40:53.841423+00:00
GICL,Globe International Carriers Limited,INE947T01022,EQ,18-FEB-2026,5.0,,,,,,,,,,,,,2026-04-17T07:40:53.841423+00:00
GICRE,General Insurance Corporation of India,INE481Y01014,EQ,25-OCT-2017,5.0,,,,,,,,,,,,,2026-04-17T07:40:53.841423+00:00
GILLANDERS,Gillanders Arbuthnot & Company Limited,INE047B01011,EQ,14-DEC-2009,10.0,,,,,,,,,,,,,2026-04-17T07:40:53.841423+00:00
GILLETTE,Gillette India Limited,INE322A01010,EQ,30-JUL-2003,10.0,,,,,,,,,,,,,2026-04-17T07:40:53.841423+00:00
GINNIFILA,Ginni Filaments Limited,INE424C01010,EQ,10-MAY-1995,10.0,,,,,,,,,,,,,2026-04-17T07:40:53.841423+00:00
GIPCL,Gujarat Industries Power Company Limited,INE162A01010,EQ,08-FEB-1995,10.0,,,,,,,,,,,,,2026-04-17T07:40:53.841423+00:00
GKENERGY,GK Energy Limited,INE1AG301022,EQ,26-SEP-2025,2.0,,,,,,,,,,,,,2026-04-17T07:40:53.841423+00:00
GKSL,Gujarat Kidney And Super Speciality Limited,INE0V0W01025,EQ,30-DEC-2025,2.0,,,,,,,,,,,,,2026-04-17T07:40:53.841423+00:00
GKWLIMITED,GKW Limited,INE528A01020,EQ,20-JUL-2009,10.0,,,,,,,,,,,,,2026-04-17T07:40:53.841423+00:00
GLAND,Gland Pharma Limited,INE068V01023,EQ,20-NOV-2020,1.0,,,,,,,,,,,,,2026-04-17T07:40:53.841423+00:00
GLAXO,GlaxoSmithKline Pharmaceuticals Limited,INE159A01016,EQ,15-DEC-2000,10.0,,,,,,,,,,,,,2026-04-17T07:40:53.841423+00:00
GLENMARK,Glenmark Pharmaceuticals Limited,INE935A01035,EQ,07-FEB-2000,1.0,,,,,,,,,,,,,2026-04-17T07:40:53.841423+00:00
GLFL,Gujarat Lease Financing Limited,INE540A01017,EQ,08-FEB-1995,10.0,,,,,,,,,,,,,2026-04-17T07:40:53.841423+00:00
GLOBAL,Global Education Limited,INE291W01037,EQ,07-DEC-2020,2.0,,,,,,,,,,,,,2026-04-17T07:40:53.841423+00:00
GLOBALE,Globale Tessile Limited,INE0URU01010,EQ,27-AUG-2024,10.0,,,,,,,,,,,,,2026-04-17T07:40:53.841423+00:00
GLOBALVECT,Global Vectra Helicorp Limited,INE792H01019,EQ,27-OCT-2006,10.0,,,,,,,,,,,,,2026-04-17T07:40:53.841423+00:00
GLOBE,GLOBE ENTERPRISES (INDIA) LIMITED,INE581X01021,EQ,07-OCT-2020,2.0,,,,,,,,,,,,,2026-04-17T07:40:53.841423+00:00
GLOBECIVIL,Globe Civil Projects Limited,INE0V3U01015,EQ,01-JUL-2025,10.0,,,,,,,,,,,,,2026-04-17T07:40:53.841423+00:00
GLOBUSSPR,Globus Spirits Limited,INE615I01010,EQ,23-SEP-2009,10.0,,,,,,,,,,,,,2026-04-17T07:40:53.841423+00:00
GLOSTERLTD,Gloster Limited,INE350Z01018,EQ,26-APR-2024,10.0,,,,,,,,,,,,,2026-04-17T07:40:53.841423+00:00
GLOTTIS,Glottis Limited,INE0TQE01026,EQ,07-OCT-2025,2.0,,,,,,,,,,,,,2026-04-17T07:40:53.841423+00:00
GMBREW,GM Breweries Limited,INE075D01018,EQ,23-AUG-1995,10.0,,,,,,,,,,,,,2026-04-17T07:40:53.841423+00:00
GMDCLTD,Gujarat Mineral Development Corporation Limited,INE131A01031,EQ,17-DEC-1997,2.0,,,,,,,,,,,,,2026-04-17T07:40:53.841423+00:00
GMMPFAUDLR,GMM Pfaudler Limited,INE541A01023,EQ,05-MAR-2018,2.0,,,,,,,,,,,,,2026-04-17T07:40:53.841423+00:00
GMRAIRPORT,GMR AIRPORTS LIMITED,INE776C01039,EQ,21-AUG-2006,1.0,,,,,,,,,,,,,2026-04-17T07:40:53.841423+00:00
GMRP&UI,GMR Power and Urban Infra Limited,INE0CU601026,EQ,23-MAR-2022,5.0,,,,,,,,,,,,,2026-04-17T07:40:53.841423+00:00
GNA,GNA Axles Limited,INE934S01014,EQ,26-SEP-2016,10.0,,,,,,,,,,,,,2026-04-17T07:40:53.841423+00:00
GNFC,Gujarat Narmada Valley Fertilizers and Chemicals Limited,INE113A01013,EQ,17-MAY-1995,10.0,,,,,,,,,,,,,2026-04-17T07:40:53.841423+00:00
GOACARBON,Goa Carbon Limited,INE426D01013,EQ,05-JUN-2007,10.0,,,,,,,,,,,,,2026-04-17T07:40:53.841423+00:00
GOCLCORP,GOCL Corporation Limited,INE077F01035,EQ,26-JUN-2014,2.0,,,,,,,,,,,,,2026-04-17T07:40:53.841423+00:00
GOCOLORS,Go Fashion (India) Limited,INE0BJS01011,EQ,30-NOV-2021,10.0,,,,,,,,,,,,,2026-04-17T07:40:53.841423+00:00
GODAVARIB,Godavari Biorefineries Limited,INE497S01012,EQ,30-OCT-2024,10.0,,,,,,,,,,,,,2026-04-17T07:40:53.841423+00:00
GODFRYPHLP,Godfrey Phillips India Limited,INE260B01028,EQ,24-JUL-1996,2.0,,,,,,,,,,,,,2026-04-17T07:40:53.841423+00:00
GODIGIT,Go Digit General Insurance Limited,INE03JT01014,EQ,23-MAY-2024,10.0,,,,,,,,,,,,,2026-04-17T07:40:53.841423+00:00
GODREJAGRO,Godrej Agrovet Limited,INE850D01014,EQ,16-OCT-2017,10.0,,,,,,,,,,,,,2026-04-17T07:40:53.841423+00:00
GODREJCP,Godrej Consumer Products Limited,INE102D01028,EQ,20-JUN-2001,1.0,,,,,,,,,,,,,2026-04-17T07:40:53.841423+00:00
GODREJIND,Godrej Industries Limited,INE233A01035,EQ,25-FEB-2003,1.0,,,,,,,,,,,,,2026-04-17T07:40:53.841423+00:00
GODREJPROP,Godrej Properties Limited,INE484J01027,EQ,05-JAN-2010,5.0,,,,,,,,,,,,,2026-04-17T07:40:53.841423+00:00
GOKEX,Gokaldas Exports Limited,INE887G01027,EQ,27-APR-2005,5.0,,,,,,,,,,,,,2026-04-17T07:40:53.841423+00:00
GOKUL,Gokul Refoils and Solvent Limited,INE020J01029,EQ,04-JUN-2008,2.0,,,,,,,,,,,,,2026-04-17T07:40:53.841423+00:00
GOKULAGRO,Gokul Agro Resources Limited,INE314T01033,EQ,11-MAR-2016,1.0,,,,,,,,,,,,,2026-04-17T07:40:53.841423+00:00
GOLDENTOBC,Golden Tobacco Limited,INE973A01010,BZ,08-FEB-1995,10.0,,,,,,,,,,,,,2026-04-17T07:40:53.841423+00:00
GOLDIAM,Goldiam International Limited,INE025B01025,EQ,29-AUG-2005,2.0,,,,,,,,,,,,,2026-04-17T07:40:53.841423+00:00
GOLDTECH,AION-TECH SOLUTIONS LIMITED,INE805A01014,EQ,11-APR-2001,10.0,,,,,,,,,,,,,2026-04-17T07:40:53.841423+00:00
GOODLUCK,Goodluck India Limited,INE127I01024,EQ,08-JAN-2015,2.0,,,,,,,,,,,,,2026-04-17T07:40:53.841423+00:00
GOPAL,Gopal Snacks Limited,INE0L9R01028,EQ,14-MAR-2024,1.0,,,,,,,,,,,,,2026-04-17T07:40:53.841423+00:00
GOYALALUM,Goyal Aluminiums Limited,INE705X01026,EQ,04-NOV-2022,1.0,,,,,,,,,,,,,2026-04-17T07:40:53.841423+00:00
GPIL,Godawari Power And Ispat limited,INE177H01039,EQ,25-APR-2006,1.0,,,,,,,,,,,,,2026-04-17T07:40:53.841423+00:00
GPPL,Gujarat Pipavav Port Limited,INE517F01014,EQ,09-SEP-2010,10.0,,,,,,,,,,,,,2026-04-17T07:40:53.841423+00:00
GPTHEALTH,GPT Healthcare Limited,INE486R01017,EQ,29-FEB-2024,10.0,,,,,,,,,,,,,2026-04-17T07:40:53.841423+00:00
GPTINFRA,GPT Infraprojects Limited,INE390G01014,EQ,11-JUL-2016,10.0,,,,,,,,,,,,,2026-04-17T07:40:53.841423+00:00
GRANULES,Granules India Limited,INE101D01020,EQ,20-JUN-2005,1.0,,,,,,,,,,,,,2026-04-17T07:40:53.841423+00:00
GRAPHITE,Graphite India Limited,INE371A01025,EQ,07-FEB-2003,2.0,,,,,,,,,,,,,2026-04-17T07:40:53.841423+00:00
GRASIM,Grasim Industries Limited,INE047A01021,EQ,10-MAY-1995,2.0,,,,,,,,,,,,,2026-04-17T07:40:53.841423+00:00
GRAVITA,Gravita India Limited,INE024L01027,EQ,16-NOV-2010,2.0,,,,,,,,,,,,,2026-04-17T07:40:53.841423+00:00
GREAVESCOT,Greaves Cotton Limited,INE224A01026,EQ,09-SEP-2004,2.0,,,,,,,,,,,,,2026-04-17T07:40:53.841423+00:00
GREENLAM,Greenlam Industries Limited,INE544R01021,EQ,02-MAR-2015,1.0,,,,,,,,,,,,,2026-04-17T07:40:53.841423+00:00
GREENPANEL,Greenpanel Industries Limited,INE08ZM01014,EQ,23-OCT-2019,1.0,,,,,,,,,,,,,2026-04-17T07:40:53.841423+00:00
GREENPLY,Greenply Industries Limited,INE461C01038,EQ,06-MAR-1996,1.0,,,,,,,,,,,,,2026-04-17T07:40:53.841423+00:00
GREENPOWER,Orient Green Power Company Limited,INE999K01014,EQ,08-OCT-2010,10.0,,,,,,,,,,,,,2026-04-17T07:40:53.841423+00:00
GRINDWELL,Grindwell Norton Limited,INE536A01023,EQ,11-SEP-2006,5.0,,,,,,,,,,,,,2026-04-17T07:40:53.841423+00:00
GRINFRA,G R Infraprojects Limited,INE201P01022,EQ,19-JUL-2021,5.0,,,,,,,,,,,,,2026-04-17T07:40:53.841423+00:00
GRMOVER,GRM Overseas Limited,INE192H01020,EQ,07-SEP-2022,2.0,,,,,,,,,,,,,2026-04-17T07:40:53.841423+00:00
GROBTEA,The Grob Tea Company Limited,INE646C01018,EQ,14-JUL-2016,10.0,,,,,,,,,,,,,2026-04-17T07:40:53.841423+00:00
GROWW,Billionbrains Garage Ventures Limited,INE0HOQ01053,EQ,12-NOV-2025,2.0,,,,,,,,,,,,,2026-04-17T07:40:53.841423+00:00
GRPLTD,GRP Limited,INE137I01015,EQ,12-FEB-2015,10.0,,,,,,,,,,,,,2026-04-17T07:40:53.841423+00:00
GRSE,Garden Reach Shipbuilders & Engineers Limited,INE382Z01011,EQ,10-OCT-2018,10.0,,,,,,,,,,,,,2026-04-17T07:40:53.841423+00:00
GRWRHITECH,Garware Hi-Tech Films Limited,INE291A01017,EQ,03-FEB-2022,10.0,,,,,,,,,,,,,2026-04-17T07:40:53.841423+00:00
GSFC,Gujarat State Fertilizers & Chemicals Limited,INE026A01025,EQ,06-SEP-1995,2.0,,,,,,,,,,,,,2026-04-17T07:40:53.841423+00:00
GSLSU,Global Surfaces Limited,INE0JSX01015,EQ,23-MAR-2023,10.0,,,,,,,,,,,,,2026-04-17T07:40:53.841423+00:00
GSPCROP,GSP Crop Science Limited,INE713R01022,EQ,24-MAR-2026,10.0,,,,,,,,,,,,,2026-04-17T07:40:53.841423+00:00
GSPL,Gujarat State Petronet Limited,INE246F01010,EQ,16-FEB-2006,10.0,,,,,,,,,,,,,2026-04-17T07:40:53.841423+00:00
GSS,GSS Infotech Limited,INE871H01011,BE,07-MAR-2008,10.0,,,,,,,,,,,,,2026-04-17T07:40:53.841423+00:00
GTECJAINX,G-TEC JAINX EDUCATION LIMITED,INE586X01012,EQ,13-NOV-2020,10.0,,,,,,,,,,,,,2026-04-17T07:40:53.841423+00:00
GTL,GTL Limited,INE043A01012,BE,29-MAR-1995,10.0,,,,,,,,,,,,,2026-04-17T07:40:53.841423+00:00
GTLINFRA,GTL Infrastructure Limited,INE221H01019,EQ,09-NOV-2006,10.0,,,,,,,,,,,,,2026-04-17T07:40:53.841423+00:00
GTPL,GTPL Hathway Limited,INE869I01013,EQ,04-JUL-2017,10.0,,,,,,,,,,,,,2026-04-17T07:40:53.841423+00:00
GUFICBIO,Gufic Biosciences Limited,INE742B01025,EQ,19-OCT-2004,1.0,,,,,,,,,,,,,2026-04-17T07:40:53.841423+00:00
GUJALKALI,Gujarat Alkalies and Chemicals Limited,INE186A01019,EQ,07-AUG-1997,10.0,,,,,,,,,,,,,2026-04-17T07:40:53.841423+00:00
GUJAPOLLO,Gujarat Apollo Industries Limited,INE826C01016,EQ,04-JUN-2007,10.0,,,,,,,,,,,,,2026-04-17T07:40:53.841423+00:00
GUJGASLTD,Gujarat Gas Limited,INE844O01030,EQ,15-SEP-2015,2.0,,,,,,,,,,,,,2026-04-17T07:40:53.841423+00:00
GUJRAFFIA,Gujarat Raffia Industries Limited,INE610B01024,EQ,09-OCT-1996,10.0,,,,,,,,,,,,,2026-04-17T07:40:53.841423+00:00
GUJTHEM,Gujarat Themis Biosyn Limited,INE942C01045,EQ,25-FEB-2025,1.0,,,,,,,,,,,,,2026-04-17T07:40:53.841423+00:00
GULFOILLUB,Gulf Oil Lubricants India Limited,INE635Q01029,EQ,31-JUL-2014,2.0,,,,,,,,,,,,,2026-04-17T07:40:53.841423+00:00
GULFPETRO,GP Petroleums Limited,INE586G01017,EQ,24-SEP-2004,5.0,,,,,,,,,,,,,2026-04-17T07:40:53.841423+00:00
GULPOLY,Gulshan Polyols Limited,INE255D01024,EQ,28-JAN-2015,1.0,,,,,,,,,,,,,2026-04-17T07:40:53.841423+00:00
GVKPIL,GVK Power & Infrastructure Limited,INE251H01024,BE,27-FEB-2006,1.0,,,,,,,,,,,,,2026-04-17T07:40:53.841423+00:00
GVPIL,GE Power India Limited,INE878A01011,BE,19-APR-2000,10.0,,,,,,,,,,,,,2026-04-17T07:40:53.841423+00:00
GVPTECH,GVP Infotech Limited,INE382T01030,EQ,06-SEP-2022,2.0,,,,,,,,,,,,,2026-04-17T07:40:53.841423+00:00
GVT&D,GE Vernova T&D India Limited,INE200A01026,EQ,30-JUN-2008,2.0,,,,,,,,,,,,,2026-04-17T07:40:53.841423+00:00
HAL,Hindustan Aeronautics Limited,INE066F01020,EQ,28-MAR-2018,5.0,,,,,,,,,,,,,2026-04-17T07:40:53.841423+00:00
HALDER,Halder Venture Limited,INE115S01010,EQ,19-JAN-2026,10.0,,,,,,,,,,,,,2026-04-17T07:40:53.841423+00:00
HALEOSLABS,HALEOS LABS LIMITED,INE320X01016,EQ,17-AUG-2017,10.0,,,,,,,,,,,,,2026-04-17T07:40:53.841423+00:00
HAPPSTMNDS,Happiest Minds Technologies Limited,INE419U01012,EQ,17-SEP-2020,2.0,,,,,,,,,,,,,2026-04-17T07:40:53.841423+00:00
HAPPYFORGE,Happy Forgings Limited,INE330T01021,EQ,27-DEC-2023,2.0,,,,,,,,,,,,,2026-04-17T07:40:53.841423+00:00
HARDWYN,Hardwyn India Limited,INE626Z01029,EQ,12-APR-2022,1.0,,,,,,,,,,,,,2026-04-17T07:40:53.841423+00:00
HARIOMPIPE,Hariom Pipe Industries Limited,INE00EV01017,EQ,13-APR-2022,10.0,,,,,,,,,,,,,2026-04-17T07:40:53.841423+00:00
HARRMALAYA,Harrisons  Malayalam Limited,INE544A01019,EQ,08-FEB-1995,10.0,,,,,,,,,,,,,2026-04-17T07:40:53.841423+00:00
HARSHA,Harsha Engineers International Limited,INE0JUS01029,EQ,26-SEP-2022,10.0,,,,,,,,,,,,,2026-04-17T07:40:53.841423+00:00
HATHWAY,Hathway Cable & Datacom Limited,INE982F01036,EQ,25-FEB-2010,2.0,,,,,,,,,,,,,2026-04-17T07:40:53.841423+00:00
HATSUN,Hatsun Agro Product Limited,INE473B01035,EQ,20-JUN-2014,1.0,,,,,,,,,,,,,2026-04-17T07:40:53.841423+00:00
HAVELLS,Havells India Limited,INE176B01034,EQ,21-MAR-2001,1.0,,,,,,,,,,,,,2026-04-17T07:40:53.841423+00:00
HAVISHA,Sri Havisha Hospitality and Infrastructure Limited,INE293B01029,BE,16-FEB-2000,2.0,,,,,,,,,,,,,2026-04-17T07:40:53.841423+00:00
HBLENGINE,HBL Engineering Limited,INE292B01021,EQ,04-JAN-2007,1.0,,,,,,,,,,,,,2026-04-17T07:40:53.841423+00:00
HBSL,HB Stockholdings Limited,INE550B01022,EQ,23-JUL-2018,10.0,,,,,,,,,,,,,2026-04-17T07:40:53.841423+00:00
HCC,Hindustan Construction Company Limited,INE549A01026,EQ,01-APR-2003,1.0,,,,,,,,,,,,,2026-04-17T07:40:53.841423+00:00
HCG,Healthcare Global Enterprises Limited,INE075I01017,EQ,30-MAR-2016,10.0,,,,,,,,,,,,,2026-04-17T07:40:53.841423+00:00
HCL-INSYS,HCL Infosystems Limited,INE236A01020,EQ,01-JAN-1997,2.0,,,,,,,,,,,,,2026-04-17T07:40:53.841423+00:00
HCLTECH,HCL Technologies Limited,INE860A01027,EQ,06-JAN-2000,2.0,,,,,,,,,,,,,2026-04-17T07:40:53.841423+00:00
HDBFS,HDB Financial Services Limited,INE756I01012,EQ,02-JUL-2025,10.0,,,,,,,,,,,,,2026-04-17T07:40:53.841423+00:00
HDFCAMC,HDFC Asset Management Company Limited,INE127D01025,EQ,06-AUG-2018,5.0,,,,,,,,,,,,,2026-04-17T07:40:53.841423+00:00
HDFCBANK,HDFC Bank Limited,INE040A01034,EQ,08-NOV-1995,1.0,,,,,,,,,,,,,2026-04-17T07:40:53.841423+00:00
HDFCLIFE,HDFC Life Insurance Company Limited,INE795G01014,EQ,17-NOV-2017,10.0,,,,,,,,,,,,,2026-04-17T07:40:53.841423+00:00
HDIL,Housing Development and Infrastructure Limited,INE191I01012,BZ,24-JUL-2007,10.0,,,,,,,,,,,,,2026-04-17T07:40:53.841423+00:00
HEADSUP,Heads UP Ventures Limited,INE759V01019,EQ,14-DEC-2016,10.0,,,,,,,,,,,,,2026-04-17T07:40:53.841423+00:00
HECPROJECT,HEC Infra Projects Limited,INE558R01013,EQ,30-DEC-2021,10.0,,,,,,,,,,,,,2026-04-17T07:40:53.841423+00:00
HEG,HEG Limited,INE545A01024,EQ,10-MAY-1995,2.0,,,,,,,,,,,,,2026-04-17T07:40:53.841423+00:00
HEIDELBERG,HeidelbergCement India Limited,INE578A01017,EQ,15-MAR-1995,10.0,,,,,,,,,,,,,2026-04-17T07:40:53.841423+00:00
HEMIPROP,Hemisphere Properties India Limited,INE0AJG01018,EQ,22-OCT-2020,10.0,,,,,,,,,,,,,2026-04-17T07:40:53.841423+00:00
HERANBA,Heranba Industries Limited,INE694N01015,EQ,05-MAR-2021,10.0,,,,,,,,,,,,,2026-04-17T07:40:53.841423+00:00
HERITGFOOD,Heritage Foods Limited,INE978A01027,EQ,27-NOV-1996,5.0,,,,,,,,,,,,,2026-04-17T07:40:53.841423+00:00
HEROMOTOCO,Hero MotoCorp Limited,INE158A01026,EQ,11-APR-2003,2.0,,,,,,,,,,,,,2026-04-17T07:40:53.841423+00:00
HESTERBIO,Hester Biosciences Limited,INE782E01017,EQ,13-MAR-2015,10.0,,,,,,,,,,,,,2026-04-17T07:40:53.841423+00:00
HEXATRADEX,Hexa Tradex Limited,INE750M01017,EQ,20-APR-2012,2.0,,,,,,,,,,,,,2026-04-17T07:40:53.841423+00:00
HEXT,Hexaware Technologies Limited,INE093A01041,EQ,19-FEB-2025,1.0,,,,,,,,,,,,,2026-04-17T07:40:53.841423+00:00
HFCL,HFCL Limited,INE548A01028,EQ,09-MAR-2011,1.0,,,,,,,,,,,,,2026-04-17T07:40:53.841423+00:00
HGINFRA,H.G. Infra Engineering Limited,INE926X01010,EQ,09-MAR-2018,10.0,,,,,,,,,,,,,2026-04-17T07:40:53.841423+00:00
HGM,HandsOn Global Management (HGM) Limited,INE596H01014,EQ,27-SEP-2006,10.0,,,,,,,,,,,,,2026-04-17T07:40:53.841423+00:00
HGS,Hinduja Global Solutions Limited,INE170I01016,EQ,19-JUN-2007,10.0,,,,,,,,,,,,,2026-04-17T07:40:53.841423+00:00
HIKAL,Hikal Limited,INE475B01022,EQ,14-FEB-2001,2.0,,,,,,,,,,,,,2026-04-17T07:40:53.841423+00:00
HILINFRA,Highway Infrastructure Limited,INE00RL01028,EQ,12-AUG-2025,5.0,,,,,,,,,,,,,2026-04-17T07:40:53.841423+00:00
HILTON,Hilton Metal Forging Limited,INE788H01017,EQ,24-MAY-2007,10.0,,,,,,,,,,,,,2026-04-17T07:40:53.841423+00:00
HIMATSEIDE,Himatsingka Seide Limited,INE049A01027,EQ,08-FEB-1995,5.0,,,,,,,,,,,,,2026-04-17T07:40:53.841423+00:00
HINDALCO,Hindalco Industries Limited,INE038A01020,EQ,08-JAN-1997,1.0,,,,,,,,,,,,,2026-04-17T07:40:53.841423+00:00
HINDCOMPOS,Hindustan Composites Limited,INE310C01029,EQ,08-MAY-1996,5.0,,,,,,,,,,,,,2026-04-17T07:40:53.841423+00:00
HINDCON,Hindcon Chemicals Limited,INE642Y01029,BE,05-JUL-2021,2.0,,,,,,,,,,,,,2026-04-17T07:40:53.841423+00:00
HINDCOPPER,Hindustan Copper Limited,INE531E01026,EQ,15-SEP-2010,5.0,,,,,,,,,,,,,2026-04-17T07:40:53.841423+00:00
HINDOILEXP,Hindustan Oil Exploration Company Limited,INE345A01011,EQ,23-SEP-2003,10.0,,,,,,,,,,,,,2026-04-17T07:40:53.841423+00:00
HINDPETRO,Hindustan Petroleum Corporation Limited,INE094A01015,EQ,17-JUN-1998,10.0,,,,,,,,,,,,,2026-04-17T07:40:53.841423+00:00
HINDUNILVR,Hindustan Unilever Limited,INE030A01027,EQ,06-JUL-1995,1.0,,,,,,,,,,,,,2026-04-17T07:40:53.841423+00:00
HINDWAREAP,Hindware Home Innovation Limited,INE05AN01011,EQ,26-DEC-2019,2.0,,,,,,,,,,,,,2026-04-17T07:40:53.841423+00:00
HINDZINC,Hindustan Zinc Limited,INE267A01025,EQ,21-NOV-2006,2.0,,,,,,,,,,,,,2026-04-17T07:40:53.841423+00:00
HIRECT,Hind Rectifiers Limited,INE835D01023,EQ,26-DEC-2006,2.0,,,,,,,,,,,,,2026-04-17T07:40:53.841423+00:00
HISARMETAL,Hisar Metal Industries Limited,INE598C01011,EQ,05-JAN-2017,10.0,,,,,,,,,,,,,2026-04-17T07:40:53.841423+00:00
HITECH,Hi-Tech Pipes Limited,INE106T01025,EQ,07-MAY-2018,1.0,,,,,,,,,,,,,2026-04-17T07:40:53.841423+00:00
HITECHCORP,Hitech Corporation Limited,INE120D01012,EQ,20-DEC-2007,10.0,,,,,,,,,,,,,2026-04-17T07:40:53.841423+00:00
HITECHGEAR,The Hi-Tech Gears Limited,INE127B01011,BE,21-JAN-2002,10.0,,,,,,,,,,,,,2026-04-17T07:40:53.841423+00:00
HLEGLAS,HLE Glascoat Limited,INE461D01028,EQ,09-FEB-2023,2.0,,,,,,,,,,,,,2026-04-17T07:40:53.841423+00:00
HLVLTD,HLV LIMITED,INE102A01024,EQ,19-JUL-1995,2.0,,,,,,,,,,,,,2026-04-17T07:40:53.841423+00:00
HMAAGRO,HMA Agro Industries Limited,INE0ECP01024,EQ,04-JUL-2023,1.0,,,,,,,,,,,,,2026-04-17T07:40:53.841423+00:00
HMT,HMT Limited,INE262A01018,BZ,29-AUG-2003,10.0,,,,,,,,,,,,,2026-04-17T07:40:53.841423+00:00
HMVL,Hindustan Media Ventures Limited,INE871K01015,EQ,21-JUL-2010,10.0,,,,,,,,,,,,,2026-04-17T07:40:53.841423+00:00
HNDFDS,Hindustan Foods Limited,INE254N01026,EQ,06-JUN-2023,2.0,,,,,,,,,,,,,2026-04-17T07:40:53.841423+00:00
HOMEFIRST,Home First Finance Company India Limited,INE481N01025,EQ,03-FEB-2021,2.0,,,,,,,,,,,,,2026-04-17T07:40:53.841423+00:00
HONASA,Honasa Consumer Limited,INE0J5401028,EQ,07-NOV-2023,10.0,,,,,,,,,,,,,2026-04-17T07:40:53.841423+00:00
HONAUT,Honeywell Automation India Limited,INE671A01010,EQ,18-JUL-2003,10.0,,,,,,,,,,,,,2026-04-17T07:40:53.841423+00:00
HONDAPOWER,Honda India Power Products Limited,INE634A01018,EQ,01-APR-2003,10.0,,,,,,,,,,,,,2026-04-17T07:40:53.841423+00:00
HPAL,HP Adhesives Limited,INE0GSL01024,EQ,27-DEC-2021,2.0,,,,,,,,,,,,,2026-04-17T07:40:53.841423+00:00
HPIL,Hindprakash Industries Limited,INE05X901010,EQ,07-NOV-2022,10.0,,,,,,,,,,,,,2026-04-17T07:40:53.841423+00:00
HPL,HPL Electric & Power Limited,INE495S01016,EQ,04-OCT-2016,10.0,,,,,,,,,,,,,2026-04-17T07:40:53.841423+00:00
HSCL,Himadri Speciality Chemical Limited,INE019C01026,EQ,02-MAR-2007,1.0,,,,,,,,,,,,,2026-04-17T07:40:53.841423+00:00
HTMEDIA,HT Media Limited,INE501G01024,EQ,01-SEP-2005,2.0,,,,,,,,,,,,,2026-04-17T07:40:53.841423+00:00
HUBTOWN,Hubtown Limited,INE703H01016,EQ,07-FEB-2007,10.0,,,,,,,,,,,,,2026-04-17T07:40:53.841423+00:00
HUDCO,Housing & Urban Development Corporation Limited,INE031A01017,EQ,19-MAY-2017,10.0,,,,,,,,,,,,,2026-04-17T07:40:53.841423+00:00
HUHTAMAKI,Huhtamaki India Limited,INE275B01026,EQ,01-OCT-2004,2.0,,,,,,,,,,,,,2026-04-17T07:40:53.841423+00:00
HYBRIDFIN,Hybrid Financial Services Limited,INE965B01022,EQ,05-DEC-2022,5.0,,,,,,,,,,,,,2026-04-17T07:40:53.841423+00:00
HYUNDAI,Hyundai Motor India Limited,INE0V6F01027,EQ,22-OCT-2024,10.0,,,,,,,,,,,,,2026-04-17T07:40:53.841423+00:00
IBULLSLTD,Indiabulls Limited,INE126M01010,EQ,18-AUG-2011,2.0,,,,,,,,,,,,,2026-04-17T07:40:53.841423+00:00
ICDSLTD,ICDS Limited,INE613B01010,BE,17-NOV-1999,10.0,,,,,,,,,,,,,2026-04-17T07:40:53.841423+00:00
ICEMAKE,Ice Make Refrigeration Limited,INE520Y01019,EQ,12-OCT-2020,10.0,,,,,,,,,,,,,2026-04-17T07:40:53.841423+00:00
ICICIAMC,ICICI Prudential Asset Management Company Limited,INE346A01027,EQ,19-DEC-2025,1.0,,,,,,,,,,,,,2026-04-17T07:40:53.841423+00:00
ICICIBANK,ICICI Bank Limited,INE090A01021,EQ,17-SEP-1997,2.0,,,,,,,,,,,,,2026-04-17T07:40:53.841423+00:00
ICICIGI,ICICI Lombard General Insurance Company Limited,INE765G01017,EQ,27-SEP-2017,10.0,,,,,,,,,,,,,2026-04-17T07:40:53.841423+00:00
ICICIPRULI,ICICI Prudential Life Insurance Company Limited,INE726G01019,EQ,29-SEP-2016,10.0,,,,,,,,,,,,,2026-04-17T07:40:53.841423+00:00
ICIL,Indo Count Industries Limited,INE483B01026,EQ,12-SEP-2005,2.0,,,,,,,,,,,,,2026-04-17T07:40:53.841423+00:00
ICRA,ICRA Limited,INE725G01011,EQ,13-APR-2007,10.0,,,,,,,,,,,,,2026-04-17T07:40:53.841423+00:00
IDBI,IDBI Bank Limited,INE008A01015,EQ,20-SEP-1995,10.0,,,,,,,,,,,,,2026-04-17T07:40:53.841423+00:00
IDEA,Vodafone Idea Limited,INE669E01016,EQ,09-MAR-2007,10.0,,,,,,,,,,,,,2026-04-17T07:40:53.841423+00:00
IDEAFORGE,Ideaforge Technology Limited,INE349Y01013,EQ,07-JUL-2023,10.0,,,,,,,,,,,,,2026-04-17T07:40:53.841423+00:00
IDFCFIRSTB,IDFC First Bank Limited,INE092T01019,EQ,06-NOV-2015,10.0,,,,,,,,,,,,,2026-04-17T07:40:53.841423+00:00
IEX,Indian Energy Exchange Limited,INE022Q01020,EQ,23-OCT-2017,1.0,,,,,,,,,,,,,2026-04-17T07:40:53.841423+00:00
IFBAGRO,IFB Agro Industries Limited,INE076C01018,EQ,03-APR-1996,10.0,,,,,,,,,,,,,2026-04-17T07:40:53.841423+00:00
IFBIND,IFB Industries Limited,INE559A01017,EQ,29-MAR-1995,10.0,,,,,,,,,,,,,2026-04-17T07:40:53.841423+00:00
IFCI,IFCI Limited,INE039A01010,EQ,26-APR-1995,10.0,,,,,,,,,,,,,2026-04-17T07:40:53.841423+00:00
IFGLEXPOR,IFGL Refractories Limited,INE133Y01011,EQ,14-NOV-2017,10.0,,,,,,,,,,,,,2026-04-17T07:40:53.841423+00:00
IGARASHI,Igarashi Motors India Limited,INE188B01013,EQ,09-OCT-2003,10.0,,,,,,,,,,,,,2026-04-17T07:40:53.841423+00:00
IGCL,Indogulf Cropsciences Limited,INE05J901018,EQ,03-JUL-2025,10.0,,,,,,,,,,,,,2026-04-17T07:40:53.841423+00:00
IGIL,International Gemmological Institute (India) Limited,INE0Q9301021,EQ,20-DEC-2024,2.0,,,,,,,,,,,,,2026-04-17T07:40:53.841423+00:00
IGL,Indraprastha Gas Limited,INE203G01027,EQ,26-DEC-2003,2.0,,,,,,,,,,,,,2026-04-17T07:40:53.841423+00:00
IGPL,IG Petrochemicals Limited,INE204A01010,EQ,29-JAN-2007,10.0,,,,,,,,,,,,,2026-04-17T07:40:53.841423+00:00
IIFL,IIFL Finance Limited,INE530B01024,EQ,17-MAY-2005,2.0,,,,,,,,,,,,,2026-04-17T07:40:53.841423+00:00
IIFLCAPS,IIFL Capital Services Limited,INE489L01022,EQ,20-SEP-2019,2.0,,,,,,,,,,,,,2026-04-17T07:40:53.841423+00:00
IITL,Industrial Investment Trust Limited,INE886A01014,EQ,17-AUG-2010,10.0,,,,,,,,,,,,,2026-04-17T07:40:53.841423+00:00
IKIO,IKIO Technologies Limited,INE0LOJ01019,EQ,16-JUN-2023,10.0,,,,,,,,,,,,,2026-04-17T07:40:53.841423+00:00
IKS,Inventurus Knowledge Solutions Limited,INE115Q01022,EQ,19-DEC-2024,1.0,,,,,,,,,,,,,2026-04-17T07:40:53.841423+00:00
IL&FSENGG,IL&FS Engineering and Construction Company Limited,INE369I01014,BZ,25-OCT-2007,10.0,,,,,,,,,,,,,2026-04-17T07:40:53.841423+00:00
IL&FSTRANS,IL&FS Transportation Networks Limited,INE975G01012,BZ,30-MAR-2010,10.0,,,,,,,,,,,,,2026-04-17T07:40:53.841423+00:00
IMAGICAA,Imagicaaworld Entertainment Limited,INE172N01012,EQ,06-APR-2015,10.0,,,,,,,,,,,,,2026-04-17T07:40:53.841423+00:00
IMFA,Indian Metals & Ferro Alloys Limited,INE919H01018,EQ,23-JUL-2010,10.0,,,,,,,,,,,,,2026-04-17T07:40:53.841423+00:00
IMPAL,India Motor Parts and Accessories Limited,INE547E01014,EQ,07-OCT-2005,10.0,,,,,,,,,,,,,2026-04-17T07:40:53.841423+00:00
IMPEXFERRO,Impex Ferro Tech Limited,INE691G01015,BZ,03-FEB-2005,10.0,,,,,,,,,,,,,2026-04-17T07:40:53.841423+00:00
INA,Insolation Energy Limited,INE0LGX01024,EQ,09-MAR-2026,1.0,,,,,,,,,,,,,2026-04-17T07:40:53.841423+00:00
INCREDIBLE,INCREDIBLE INDUSTRIES LIMITED,INE452L01012,EQ,01-JUL-2016,10.0,,,,,,,,,,,,,2026-04-17T07:40:53.841423+00:00
INDBANK,Indbank Merchant Banking Services Limited,INE841B01017,EQ,08-OCT-2008,10.0,,,,,,,,,,,,,2026-04-17T07:40:53.841423+00:00
INDGN,Indegene Limited,INE065X01017,EQ,13-MAY-2024,2.0,,,,,,,,,,,,,2026-04-17T07:40:53.841423+00:00
INDHOTEL,The Indian Hotels Company Limited,INE053A01029,EQ,03-JUL-1996,1.0,,,,,,,,,,,,,2026-04-17T07:40:53.841423+00:00
INDIACEM,The India Cements Limited,INE383A01012,EQ,31-MAY-2000,10.0,,,,,,,,,,,,,2026-04-17T07:40:53.841423+00:00
INDIAGLYCO,India Glycols Limited,INE560A01023,EQ,01-JUL-2005,5.0,,,,,,,,,,,,,2026-04-17T07:40:53.841423+00:00
INDIAMART,Indiamart Intermesh Limited,INE933S01016,EQ,04-JUL-2019,10.0,,,,,,,,,,,,,2026-04-17T07:40:53.841423+00:00
INDIANB,Indian Bank,INE562A01011,EQ,01-MAR-2007,10.0,,,,,,,,,,,,,2026-04-17T07:40:53.841423+00:00
INDIANCARD,Indian Card Clothing Company Limited,INE061A01014,EQ,08-JAN-1997,10.0,,,,,,,,,,,,,2026-04-17T07:40:53.841423+00:00
INDIANHUME,Indian Hume Pipe Company Limited,INE323C01030,EQ,30-AUG-1995,2.0,,,,,,,,,,,,,2026-04-17T07:40:53.841423+00:00
INDIASHLTR,India Shelter Finance Corporation Limited,INE922K01024,EQ,20-DEC-2023,5.0,,,,,,,,,,,,,2026-04-17T07:40:53.841423+00:00
INDIGO,InterGlobe Aviation Limited,INE646L01027,EQ,10-NOV-2015,10.0,,,,,,,,,,,,,2026-04-17T07:40:53.841423+00:00
INDIGOPNTS,Indigo Paints Limited,INE09VQ01012,EQ,02-FEB-2021,10.0,,,,,,,,,,,,,2026-04-17T07:40:53.841423+00:00
INDIQUBE,Indiqube Spaces Limited,INE06ST01018,EQ,30-JUL-2025,1.0,,,,,,,,,,,,,2026-04-17T07:40:53.841423+00:00
INDNIPPON,India Nippon Electricals Limited,INE092B01025,EQ,07-MAY-1997,5.0,,,,,,,,,,,,,2026-04-17T07:40:53.841423+00:00
INDOAMIN,Indo Amines Limited,INE760F01028,EQ,29-APR-2022,5.0,,,,,,,,,,,,,2026-04-17T07:40:53.841423+00:00
INDOBORAX,Indo Borax & Chemicals Limited,INE803D01021,EQ,29-MAR-2022,1.0,,,,,,,,,,,,,2026-04-17T07:40:53.841423+00:00
INDOCO,Indoco Remedies Limited,INE873D01024,EQ,14-JAN-2005,2.0,,,,,,,,,,,,,2026-04-17T07:40:53.841423+00:00
INDOFARM,Indo Farm Equipment Limited,INE622H01018,EQ,07-JAN-2025,10.0,,,,,,,,,,,,,2026-04-17T07:40:53.841423+00:00
INDORAMA,Indo Rama Synthetics (India) Limited,INE156A01020,EQ,20-JUN-2003,10.0,,,,,,,,,,,,,2026-04-17T07:40:53.841423+00:00
INDOSTAR,IndoStar Capital Finance Limited,INE896L01010,EQ,21-MAY-2018,10.0,,,,,,,,,,,,,2026-04-17T07:40:53.841423+00:00
INDOTECH,Indo Tech Transformers Limited,INE332H01014,EQ,16-MAR-2006,10.0,,,,,,,,,,,,,2026-04-17T07:40:53.841423+00:00
INDOTHAI,Indo Thai Securities Limited,INE337M01021,EQ,02-NOV-2011,1.0,,,,,,,,,,,,,2026-04-17T07:40:53.841423+00:00
INDOUS,Indo Us Biotech Limited,INE250Z01010,EQ,27-SEP-2024,10.0,,,,,,,,,,,,,2026-04-17T07:40:53.841423+00:00
INDOWIND,Indowind Energy Limited,INE227G01018,EQ,14-SEP-2007,10.0,,,,,,,,,,,,,2026-04-17T07:40:53.841423+00:00
INDRAMEDCO,Indraprastha Medical Corporation Limited,INE681B01017,EQ,17-APR-1997,10.0,,,,,,,,,,,,,2026-04-17T07:40:53.841423+00:00
INDSWFTLAB,Ind-Swift Laboratories Limited,INE915B01019,EQ,02-JUL-1997,10.0,,,,,,,,,,,,,2026-04-17T07:40:53.841423+00:00
INDTERRAIN,Indian Terrain Fashions Limited,INE611L01021,EQ,11-MAR-2011,2.0,,,,,,,,,,,,,2026-04-17T07:40:53.841423+00:00
INDUSINDBK,IndusInd Bank Limited,INE095A01012,EQ,28-JAN-1998,10.0,,,,,,,,,,,,,2026-04-17T07:40:53.841423+00:00
INDUSTOWER,Indus Towers Limited,INE121J01017,EQ,28-DEC-2012,10.0,,,,,,,,,,,,,2026-04-17T07:40:53.841423+00:00
INFOBEAN,InfoBeans Technologies Limited,INE344S01016,EQ,15-JUL-2019,10.0,,,,,,,,,,,,,2026-04-17T07:40:53.841423+00:00
INFOMEDIA,Infomedia Press Limited,INE669A01022,EQ,12-OCT-2006,10.0,,,,,,,,,,,,,2026-04-17T07:40:53.841423+00:00
INFY,Infosys Limited,INE009A01021,EQ,08-FEB-1995,5.0,,,,,,,,,,,,,2026-04-17T07:40:53.841423+00:00
INGERRAND,Ingersoll Rand (India) Limited,INE177A01018,EQ,15-APR-1999,10.0,,,,,,,,,,,,,2026-04-17T07:40:53.841423+00:00
INNOVACAP,Innova Captab Limited,INE0DUT01020,EQ,29-DEC-2023,10.0,,,,,,,,,,,,,2026-04-17T07:40:53.841423+00:00
INNOVANA,Innovana Thinklabs Limited,INE403Y01018,EQ,17-DEC-2024,10.0,,,,,,,,,,,,,2026-04-17T07:40:53.841423+00:00
INNOVISION,Innovision Limited,INE0ADB01012,EQ,23-MAR-2026,10.0,,,,,,,,,,,,,2026-04-17T07:40:53.841423+00:00
INOXGREEN,Inox Green Energy Services Limited,INE510W01014,EQ,23-NOV-2022,10.0,,,,,,,,,,,,,2026-04-17T07:40:53.841423+00:00
INOXINDIA,INOX India Limited,INE616N01034,EQ,21-DEC-2023,2.0,,,,,,,,,,,,,2026-04-17T07:40:53.841423+00:00
INOXWIND,Inox Wind Limited,INE066P01011,EQ,09-APR-2015,10.0,,,,,,,,,,,,,2026-04-17T07:40:53.841423+00:00
INSECTICID,Insecticides (India) Limited,INE070I01018,EQ,30-MAY-2007,10.0,,,,,,,,,,,,,2026-04-17T07:40:53.841423+00:00
INSPIRISYS,Inspirisys Solutions Limited,INE020G01017,BE,30-OCT-2006,10.0,,,,,,,,,,,,,2026-04-17T07:40:53.841423+00:00
INTELLECT,Intellect Design Arena Limited,INE306R01017,EQ,18-DEC-2014,5.0,,,,,,,,,,,,,2026-04-17T07:40:53.841423+00:00
INTENTECH,Intense Technologies Limited,INE781A01025,EQ,23-MAR-2017,2.0,,,,,,,,,,,,,2026-04-17T07:40:53.841423+00:00
INTERARCH,Interarch Building Solutions Limited,INE00M901018,EQ,26-AUG-2024,10.0,,,,,,,,,,,,,2026-04-17T07:40:53.841423+00:00
INTLCONV,International Conveyors Limited,INE575C01027,EQ,16-SEP-2021,1.0,,,,,,,,,,,,,2026-04-17T07:40:53.841423+00:00
INVENTURE,Inventure Growth & Securities Limited,INE878H01024,EQ,04-AUG-2011,1.0,,,,,,,,,,,,,2026-04-17T07:40:53.841423+00:00
IOB,Indian Overseas Bank,INE565A01014,EQ,07-DEC-2000,10.0,,,,,,,,,,,,,2026-04-17T07:40:53.841423+00:00
IOC,Indian Oil Corporation Limited,INE242A01010,EQ,24-JUL-1996,10.0,,,,,,,,,,,,,2026-04-17T07:40:53.841423+00:00
IOLCP,IOL Chemicals and Pharmaceuticals Limited,INE485C01029,EQ,08-NOV-2010,2.0,,,,,,,,,,,,,2026-04-17T07:40:53.841423+00:00
IONEXCHANG,ION Exchange (India) Limited,INE570A01022,EQ,22-FEB-2022,1.0,,,,,,,,,,,,,2026-04-17T07:40:53.841423+00:00
IPCALAB,IPCA Laboratories Limited,INE571A01038,EQ,08-FEB-1995,1.0,,,,,,,,,,,,,2026-04-17T07:40:53.841423+00:00
IPL,India Pesticides Limited,INE0D6701023,EQ,05-JUL-2021,1.0,,,,,,,,,,,,,2026-04-17T07:40:53.841423+00:00
IRB,IRB Infrastructure Developers Limited,INE821I01022,EQ,25-FEB-2008,1.0,,,,,,,,,,,,,2026-04-17T07:40:53.841423+00:00
IRCON,Ircon International Limited,INE962Y01021,EQ,28-SEP-2018,2.0,,,,,,,,,,,,,2026-04-17T07:40:53.841423+00:00
IRCTC,Indian Railway Catering And Tourism Corporation Limited,INE335Y01020,EQ,14-OCT-2019,2.0,,,,,,,,,,,,,2026-04-17T07:40:53.841423+00:00
IREDA,Indian Renewable Energy Development Agency Limited,INE202E01016,EQ,29-NOV-2023,10.0,,,,,,,,,,,,,2026-04-17T07:40:53.841423+00:00
IRFC,Indian Railway Finance Corporation Limited,INE053F01010,EQ,29-JAN-2021,10.0,,,,,,,,,,,,,2026-04-17T07:40:53.841423+00:00
IRIS,IRIS RegTech Solutions Limited,INE864K01010,EQ,08-NOV-2021,10.0,,,,,,,,,,,,,2026-04-17T07:40:53.841423+00:00
IRISDOREME,Iris Clothings Limited,INE01GN01025,EQ,22-FEB-2021,2.0,,,,,,,,,,,,,2026-04-17T07:40:53.841423+00:00
IRMENERGY,IRM Energy Limited,INE07U701015,EQ,26-OCT-2023,10.0,,,,,,,,,,,,,2026-04-17T07:40:53.841423+00:00
ISFT,Intrasoft Technologies Limited,INE566K01011,EQ,12-APR-2010,10.0,,,,,,,,,,,,,2026-04-17T07:40:53.841423+00:00
ISGEC,Isgec Heavy Engineering Limited,INE858B01029,EQ,05-MAY-2021,1.0,,,,,,,,,,,,,2026-04-17T07:40:53.841423+00:00
ISHANCH,Ishan Dyes and Chemicals Limited,INE561M01018,EQ,24-MAR-2025,10.0,,,,,,,,,,,,,2026-04-17T07:40:53.841423+00:00
ITC,ITC Limited,INE154A01025,EQ,23-AUG-1995,1.0,,,,,,,,,,,,,2026-04-17T07:40:53.841423+00:00
ITCHOTELS,ITC Hotels Limited,INE379A01028,EQ,29-JAN-2025,1.0,,,,,,,,,,,,,2026-04-17T07:40:53.841423+00:00
ITDC,India Tourism Development Corporation Limited,INE353K01014,EQ,30-DEC-2016,10.0,,,,,,,,,,,,,2026-04-17T07:40:53.841423+00:00
ITI,ITI Limited,INE248A01017,EQ,15-SEP-2003,10.0,,,,,,,,,,,,,2026-04-17T07:40:53.841423+00:00
IVALUE,Ivalue Infosolutions Limited,INE056801025,EQ,25-SEP-2025,2.0,,,,,,,,,,,,,2026-04-17T07:40:53.841423+00:00
IVC,IL&FS Investment Managers Limited,INE050B01023,EQ,15-SEP-1999,2.0,,,,,,,,,,,,,2026-04-17T07:40:53.841423+00:00
IVP,IVP Limited,INE043C01018,EQ,13-SEP-1995,10.0,,,,,,,,,,,,,2026-04-17T07:40:53.841423+00:00
IXIGO,Le Travenues Technology Limited,INE0HV901016,EQ,18-JUN-2024,1.0,,,,,,,,,,,,,2026-04-17T07:40:53.841423+00:00
IZMO,IZMO Limited,INE848A01014,BE,05-FEB-2007,10.0,,,,,,,,,,,,,2026-04-17T07:40:53.841423+00:00
J&KBANK,The Jammu & Kashmir Bank Limited,INE168A01041,EQ,22-JUL-1998,1.0,,,,,,,,,,,,,2026-04-17T07:40:53.841423+00:00
JAGRAN,Jagran Prakashan Limited,INE199G01027,EQ,22-FEB-2006,2.0,,,,,,,,,,,,,2026-04-17T07:40:53.841423+00:00
JAGSNPHARM,Jagsonpal Pharmaceuticals Limited,INE048B01035,EQ,01-MAR-2000,2.0,,,,,,,,,,,,,2026-04-17T07:40:53.841423+00:00
JAIBALAJI,Jai Balaji Industries Limited,INE091G01026,EQ,09-DEC-2003,2.0,,,,,,,,,,,,,2026-04-17T07:40:53.841423+00:00
JAICORPLTD,Jai Corp Limited,INE070D01027,EQ,26-NOV-1997,1.0,,,,,,,,,,,,,2026-04-17T07:40:53.841423+00:00
JAINREC,Jain Resource Recycling Limited,INE0YD401026,EQ,01-OCT-2025,2.0,,,,,,,,,,,,,2026-04-17T07:40:53.841423+00:00
JAIPURKURT,Nandani Creation Limited,INE696V01013,EQ,02-SEP-2021,10.0,,,,,,,,,,,,,2026-04-17T07:40:53.841423+00:00
JAMNAAUTO,Jamna Auto Industries Limited,INE039C01032,EQ,10-DEC-2010,1.0,,,,,,,,,,,,,2026-04-17T07:40:53.841423+00:00
JARO,Jaro Institute of Technology Management and Research Limited,INE00YJ01010,EQ,30-SEP-2025,10.0,,,,,,,,,,,,,2026-04-17T07:40:53.841423+00:00
JASH,Jash Engineering Limited,INE039O01029,EQ,30-OCT-2019,2.0,,,,,,,,,,,,,2026-04-17T07:40:53.841423+00:00
JAYAGROGN,Jayant Agro Organics Limited,INE785A01026,EQ,17-APR-1996,5.0,,,,,,,,,,,,,2026-04-17T07:40:53.841423+00:00
JAYBARMARU,Jay Bharat Maruti Limited,INE571B01036,EQ,03-JAN-1996,2.0,,,,,,,,,,,,,2026-04-17T07:40:53.841423+00:00
JAYKAY,Jaykay Enterprises Limited,INE903A01025,EQ,03-DEC-2025,1.0,,,,,,,,,,,,,2026-04-17T07:40:53.841423+00:00
JAYNECOIND,Jayaswal Neco Industries Limited,INE854B01010,EQ,10-MAY-1995,10.0,,,,,,,,,,,,,2026-04-17T07:40:53.841423+00:00
JAYSREETEA,Jayshree Tea & Industries Limited,INE364A01020,EQ,15-FEB-1995,5.0,,,,,,,,,,,,,2026-04-17T07:40:53.841423+00:00
JBCHEPHARM,JB Chemicals & Pharmaceuticals Limited,INE572A01036,EQ,29-APR-2003,1.0,,,,,,,,,,,,,2026-04-17T07:40:53.841423+00:00
JBMA,JBM Auto Limited,INE927D01051,EQ,17-DEC-2004,1.0,,,,,,,,,,,,,2026-04-17T07:40:53.841423+00:00
JETFREIGHT,Jet Freight Logistics Limited,INE982V01025,EQ,21-DEC-2021,5.0,,,,,,,,,,,,,2026-04-17T07:40:53.841423+00:00
JGCHEM,J.G.Chemicals Limited,INE0MB501011,EQ,13-MAR-2024,10.0,,,,,,,,,,,,,2026-04-17T07:40:53.841423+00:00
JHS,JHS Svendgaard Laboratories Limited,INE544H01014,BE,21-OCT-2006,10.0,,,,,,,,,,,,,2026-04-17T07:40:53.841423+00:00
JINDALPHOT,Jindal Photo Limited,INE796G01012,EQ,07-APR-2005,10.0,,,,,,,,,,,,,2026-04-17T07:40:53.841423+00:00
JINDALPOLY,Jindal Poly Films Limited,INE197D01010,EQ,21-JAN-2002,10.0,,,,,,,,,,,,,2026-04-17T07:40:53.841423+00:00
JINDALSAW,Jindal Saw Limited,INE324A01032,EQ,29-APR-2003,1.0,,,,,,,,,,,,,2026-04-17T07:40:53.841423+00:00
JINDALSTEL,JINDAL STEEL LIMITED,INE749A01030,EQ,29-DEC-1999,1.0,,,,,,,,,,,,,2026-04-17T07:40:53.841423+00:00
JINDRILL,Jindal Drilling And Industries Limited,INE742C01031,EQ,22-DEC-2006,5.0,,,,,,,,,,,,,2026-04-17T07:40:53.841423+00:00
JINDWORLD,Jindal Worldwide Limited,INE247D01039,EQ,25-NOV-2010,1.0,,,,,,,,,,,,,2026-04-17T07:40:53.841423+00:00
JIOFIN,Jio Financial Services Limited,INE758E01017,EQ,21-AUG-2023,10.0,,,,,,,,,,,,,2026-04-17T07:40:53.841423+00:00
JISLDVREQS,Jain Irrigation Systems Limited,IN9175A01010,EQ,30-NOV-2011,2.0,,,,,,,,,,,,,2026-04-17T07:40:53.841423+00:00
JISLJALEQS,Jain Irrigation Systems Limited,INE175A01038,EQ,13-AUG-2001,2.0,,,,,,,,,,,,,2026-04-17T07:40:53.841423+00:00
JITFINFRA,JITF Infralogistics Limited,INE863T01013,BE,27-FEB-2017,2.0,,,,,,,,,,,,,2026-04-17T07:40:53.841423+00:00
JKCEMENT,JK Cement Limited,INE823G01014,EQ,14-MAR-2006,10.0,,,,,,,,,,,,,2026-04-17T07:40:53.841423+00:00
JKIL,J.Kumar Infraprojects Limited,INE576I01022,EQ,12-FEB-2008,5.0,,,,,,,,,,,,,2026-04-17T07:40:53.841423+00:00
JKIPL,Jinkushal Industries Limited,INE1FF001016,EQ,03-OCT-2025,10.0,,,,,,,,,,,,,2026-04-17T07:40:53.841423+00:00
JKLAKSHMI,JK Lakshmi Cement Limited,INE786A01032,EQ,19-JUN-2006,5.0,,,,,,,,,,,,,2026-04-17T07:40:53.841423+00:00
JKPAPER,JK Paper Limited,INE789E01012,EQ,16-JUN-2005,10.0,,,,,,,,,,,,,2026-04-17T07:40:53.841423+00:00
JKTYRE,JK Tyre & Industries Limited,INE573A01042,EQ,19-MAR-2007,2.0,,,,,,,,,,,,,2026-04-17T07:40:53.841423+00:00
JLHL,Jupiter Life Line Hospitals Limited,INE682M01012,EQ,18-SEP-2023,10.0,,,,,,,,,,,,,2026-04-17T07:40:53.841423+00:00
JMA,Jullundur Motor Agency (Delhi) Limited,INE412C01023,EQ,16-MAR-2015,2.0,,,,,,,,,,,,,2026-04-17T07:40:53.841423+00:00
JMFINANCIL,JM Financial Limited,INE780C01023,EQ,10-OCT-2006,1.0,,,,,,,,,,,,,2026-04-17T07:40:53.841423+00:00
JNKINDIA,JNK India Limited,INE0OAF01028,EQ,30-APR-2024,2.0,,,,,,,,,,,,,2026-04-17T07:40:53.841423+00:00
JOCIL,Jocil Limited,INE839G01010,EQ,08-OCT-2008,10.0,,,,,,,,,,,,,2026-04-17T07:40:53.841423+00:00
JPOLYINVST,Jindal Poly Investment and Finance Company Limited,INE147P01019,EQ,11-NOV-2013,10.0,,,,,,,,,,,,,2026-04-17T07:40:53.841423+00:00
JPPOWER,Jaiprakash Power Ventures Limited,INE351F01018,EQ,18-APR-2005,10.0,,,,,,,,,,,,,2026-04-17T07:40:53.841423+00:00
JSFB,Jana Small Finance Bank Limited,INE953L01027,EQ,14-FEB-2024,10.0,,,,,,,,,,,,,2026-04-17T07:40:53.841423+00:00
JSL,Jindal Stainless Limited,INE220G01021,EQ,17-NOV-2003,2.0,,,,,,,,,,,,,2026-04-17T07:40:53.841423+00:00
JSLL,Jeena Sikho Lifecare Limited,INE0J5801029,EQ,11-AUG-2025,2.0,,,,,,,,,,,,,2026-04-17T07:40:53.841423+00:00
JSWCEMENT,JSW Cement Limited,INE718I01012,EQ,14-AUG-2025,10.0,,,,,,,,,,,,,2026-04-17T07:40:53.841423+00:00
JSWDULUX,JSW Dulux Limited,INE133A01011,EQ,28-JUN-2001,10.0,,,,,,,,,,,,,2026-04-17T07:40:53.841423+00:00
JSWENERGY,JSW Energy Limited,INE121E01018,EQ,04-JAN-2010,10.0,,,,,,,,,,,,,2026-04-17T07:40:53.841423+00:00
JSWHL,JSW Holdings Limited,INE824G01012,EQ,21-JUN-2005,10.0,,,,,,,,,,,,,2026-04-17T07:40:53.841423+00:00
JSWINFRA,JSW Infrastructure Limited,INE880J01026,EQ,03-OCT-2023,2.0,,,,,,,,,,,,,2026-04-17T07:40:53.841423+00:00
JSWSTEEL,JSW Steel Limited,INE019A01038,EQ,23-MAR-2005,1.0,,,,,,,,,,,,,2026-04-17T07:40:53.841423+00:00
JTEKTINDIA,Jtekt India Limited,INE643A01035,EQ,12-JAN-2004,1.0,,,,,,,,,,,,,2026-04-17T07:40:53.841423+00:00
JTLIND,JTL INDUSTRIES LIMITED,INE391J01032,EQ,12-JUN-2023,1.0,,,,,,,,,,,,,2026-04-17T07:40:53.841423+00:00
JUBLCPL,Jubilant Agri and Consumer Products Limited,INE03CC01015,EQ,14-FEB-2025,10.0,,,,,,,,,,,,,2026-04-17T07:40:53.841423+00:00
JUBLFOOD,Jubilant Foodworks Limited,INE797F01020,EQ,08-FEB-2010,2.0,,,,,,,,,,,,,2026-04-17T07:40:53.841423+00:00
JUBLINGREA,Jubilant Ingrevia Limited,INE0BY001018,EQ,19-MAR-2021,1.0,,,,,,,,,,,,,2026-04-17T07:40:53.841423+00:00
JUBLPHARMA,Jubilant Pharmova Limited,INE700A01033,EQ,16-JUN-2003,1.0,,,,,,,,,,,,,2026-04-17T07:40:53.841423+00:00
JUNIPER,Juniper Hotels Limited,INE696F01016,EQ,28-FEB-2024,10.0,,,,,,,,,,,,,2026-04-17T07:40:53.841423+00:00
JUSTDIAL,Just Dial Limited,INE599M01018,EQ,05-JUN-2013,10.0,,,,,,,,,,,,,2026-04-17T07:40:53.841423+00:00
JWL,Jupiter Wagons Limited,INE209L01016,EQ,18-OCT-2010,10.0,,,,,,,,,,,,,2026-04-17T07:40:53.841423+00:00
JYOTHYLAB,Jyothy Labs Limited,INE668F01031,EQ,19-DEC-2007,1.0,,,,,,,,,,,,,2026-04-17T07:40:53.841423+00:00
JYOTICNC,Jyoti CNC Automation Limited,INE980O01024,EQ,16-JAN-2024,2.0,,,,,,,,,,,,,2026-04-17T07:40:53.841423+00:00
JYOTISTRUC,Jyoti Structures Limited,INE197A01024,EQ,19-JUL-1995,2.0,,,,,,,,,,,,,2026-04-17T07:40:53.841423+00:00
KABRAEXTRU,Kabra Extrusion Technik Limited,INE900B01029,EQ,06-SEP-1995,5.0,,,,,,,,,,,,,2026-04-17T07:40:53.841423+00:00
KAJARIACER,Kajaria Ceramics Limited,INE217B01036,EQ,01-JUN-2004,1.0,,,,,,,,,,,,,2026-04-17T07:40:53.841423+00:00
KAKATCEM,Kakatiya Cement Sugar & Industries Limited,INE437B01014,EQ,13-DEC-1995,10.0,,,,,,,,,,,,,2026-04-17T07:40:53.841423+00:00
KALAMANDIR,Sai Silks (Kalamandir) Limited,INE438K01021,EQ,27-SEP-2023,2.0,,,,,,,,,,,,,2026-04-17T07:40:53.841423+00:00
KALPATARU,Kalpataru Limited,INE227J01012,EQ,01-JUL-2025,10.0,,,,,,,,,,,,,2026-04-17T07:40:53.841423+00:00
KALYANI,Kalyani Commercials Limited,INE610E01010,BE,13-FEB-2017,10.0,,,,,,,,,,,,,2026-04-17T07:40:53.841423+00:00
KALYANIFRG,Kalyani Forge Limited,INE314G01014,EQ,20-DEC-2007,10.0,,,,,,,,,,,,,2026-04-17T07:40:53.841423+00:00
KALYANKJIL,Kalyan Jewellers India Limited,INE303R01014,EQ,26-MAR-2021,10.0,,,,,,,,,,,,,2026-04-17T07:40:53.841423+00:00
KAMATHOTEL,Kamat Hotels (I) Limited,INE967C01018,EQ,29-MAY-1996,10.0,,,,,,,,,,,,,2026-04-17T07:40:53.841423+00:00
KAMDHENU,Kamdhenu Limited,INE390H01020,EQ,09-MAY-2006,1.0,,,,,,,,,,,,,2026-04-17T07:40:53.841423+00:00
KAMOPAINTS,Kamdhenu Ventures Limited,INE0BTI01037,BE,24-JAN-2023,1.0,,,,,,,,,,,,,2026-04-17T07:40:53.841423+00:00
KANANIIND,Kanani Industries Limited,INE879E01037,EQ,14-DEC-2011,1.0,,,,,,,,,,,,,2026-04-17T07:40:53.841423+00:00
KANORICHEM,Kanoria Chemicals & Industries Limited,INE138C01024,EQ,08-FEB-1995,5.0,,,,,,,,,,,,,2026-04-17T07:40:53.841423+00:00
KANPRPLA,Kanpur Plastipack Limited,INE694E01014,EQ,01-JAN-2021,10.0,,,,,,,,,,,,,2026-04-17T07:40:53.841423+00:00
KANSAINER,Kansai Nerolac Paints Limited,INE531A01024,EQ,15-SEP-2003,1.0,,,,,,,,,,,,,2026-04-17T07:40:53.841423+00:00
KAPSTON,Kapston Services Limited,INE542Z01028,BE,27-MAY-2020,5.0,,,,,,,,,,,,,2026-04-17T07:40:53.841423+00:00
KARMAENG,Karma Energy Limited,INE725L01011,EQ,28-JUN-2011,10.0,,,,,,,,,,,,,2026-04-17T07:40:53.841423+00:00
KARURVYSYA,Karur Vysya Bank Limited,INE036D01028,EQ,26-JUL-2000,2.0,,,,,,,,,,,,,2026-04-17T07:40:53.841423+00:00
KAUSHALYA,Kaushalya Infrastructure Development Corporation Limited,INE234I01028,EQ,14-DEC-2007,1000.0,,,,,,,,,,,,,2026-04-17T07:40:53.841423+00:00
KAVDEFENCE,Kavveri Defence & Wireless Technologies Limited,INE641C01019,BE,29-JAN-2008,10.0,,,,,,,,,,,,,2026-04-17T07:40:53.841423+00:00
KAYA,Kaya Limited,INE587G01015,EQ,14-AUG-2015,10.0,,,,,,,,,,,,,2026-04-17T07:40:53.841423+00:00
KAYNES,Kaynes Technology India Limited,INE918Z01012,EQ,22-NOV-2022,10.0,,,,,,,,,,,,,2026-04-17T07:40:53.841423+00:00
KCP,KCP Limited,INE805C01028,EQ,09-APR-1997,1.0,,,,,,,,,,,,,2026-04-17T07:40:53.841423+00:00
KCPSUGIND,KCP Sugar and Industries Corporation Limited,INE790B01024,EQ,11-JUN-1997,1.0,,,,,,,,,,,,,2026-04-17T07:40:53.841423+00:00
KDDL,KDDL Limited,INE291D01011,EQ,23-MAR-2016,10.0,,,,,,,,,,,,,2026-04-17T07:40:53.841423+00:00
KEC,KEC International Limited,INE389H01022,EQ,10-MAR-2006,2.0,,,,,,,,,,,,,2026-04-17T07:40:53.841423+00:00
KECL,Kirloskar Electric Company Limited,INE134B01017,EQ,09-MAR-2010,10.0,,,,,,,,,,,,,2026-04-17T07:40:53.841423+00:00
KEEPLEARN,DSJ Keep Learning Limited,INE055C01020,EQ,01-MAR-1995,1.0,,,,,,,,,,,,,2026-04-17T07:40:53.841423+00:00
KEI,KEI Industries Limited,INE878B01027,EQ,23-MAR-2006,2.0,,,,,,,,,,,,,2026-04-17T07:40:53.841423+00:00
KELLTONTEC,Kellton Tech Solutions Limited,INE164B01030,EQ,02-MAR-2016,1.0,,,,,,,,,,,,,2026-04-17T07:40:53.841423+00:00
KERNEX,Kernex Microsystems (India) Limited,INE202H01019,EQ,20-DEC-2005,10.0,,,,,,,,,,,,,2026-04-17T07:40:53.841423+00:00
KESORAMIND,Kesoram Industries Limited,INE087A01019,EQ,06-SEP-1995,10.0,,,,,,,,,,,,,2026-04-17T07:40:53.841423+00:00
KEYFINSERV,Keynote Financial Services Limited,INE681C01015,EQ,26-JUN-1996,10.0,,,,,,,,,,,,,2026-04-17T07:40:53.841423+00:00
KFINTECH,Kfin Technologies Limited,INE138Y01010,EQ,29-DEC-2022,10.0,,,,,,,,,,,,,2026-04-17T07:40:53.841423+00:00
KHADIM,Khadim India Limited,INE834I01025,EQ,14-NOV-2017,10.0,,,,,,,,,,,,,2026-04-17T07:40:53.841423+00:00
KHAICHEM,Khaitan Chemicals & Fertilizers Limited,INE745B01028,EQ,30-OCT-2020,1.0,,,,,,,,,,,,,2026-04-17T07:40:53.841423+00:00
KHAITANLTD,Khaitan (India) Limited,INE731C01018,EQ,20-DEC-1995,10.0,,,,,,,,,,,,,2026-04-17T07:40:53.841423+00:00
KHANDSE,Khandwala Securities Limited,INE060B01014,EQ,07-FEB-2001,10.0,,,,,,,,,,,,,2026-04-17T07:40:53.841423+00:00
KICL,Kalyani Investment Company Limited,INE029L01018,EQ,14-JAN-2011,10.0,,,,,,,,,,,,,2026-04-17T07:40:53.841423+00:00
KILITCH,Kilitch Drugs (India) Limited,INE729D01010,EQ,29-SEP-2010,10.0,,,,,,,,,,,,,2026-04-17T07:40:53.841423+00:00
KIMS,Krishna Institute of Medical Sciences Limited,INE967H01025,EQ,28-JUN-2021,2.0,,,,,,,,,,,,,2026-04-17T07:40:53.841423+00:00
KINGFA,Kingfa Science & Technology (India) Limited,INE473D01015,EQ,15-NOV-2016,10.0,,,,,,,,,,,,,2026-04-17T07:40:53.841423+00:00
KIOCL,KIOCL Limited,INE880L01014,EQ,29-NOV-2016,10.0,,,,,,,,,,,,,2026-04-17T07:40:53.841423+00:00
KIRIINDUS,Kiri Industries Limited,INE415I01015,EQ,22-APR-2008,10.0,,,,,,,,,,,,,2026-04-17T07:40:53.841423+00:00
KIRLOSBROS,Kirloskar Brothers Limited,INE732A01036,EQ,20-APR-2010,2.0,,,,,,,,,,,,,2026-04-17T07:40:53.841423+00:00
KIRLOSENG,Kirloskar Oil Engines Limited,INE146L01010,EQ,24-DEC-2010,2.0,,,,,,,,,,,,,2026-04-17T07:40:53.841423+00:00
KIRLOSIND,Kirloskar Industries Limited,INE250A01039,EQ,24-JUN-2010,10.0,,,,,,,,,,,,,2026-04-17T07:40:53.841423+00:00
KIRLPNU,Kirloskar Pneumatic Company Limited,INE811A01020,EQ,26-APR-2023,2.0,,,,,,,,,,,,,2026-04-17T07:40:53.841423+00:00
KITEX,Kitex Garments Limited,INE602G01020,EQ,25-SEP-2012,1.0,,,,,,,,,,,,,2026-04-17T07:40:53.841423+00:00
KKCL,Kewal Kiran Clothing Limited,INE401H01017,EQ,13-APR-2006,10.0,,,,,,,,,,,,,2026-04-17T07:40:53.841423+00:00
KMEW,Knowledge Marine & Engineering Works Limited,INE0CJD01029,EQ,14-NOV-2024,5.0,,,,,,,,,,,,,2026-04-17T07:40:53.841423+00:00
KMSUGAR,K.M.Sugar Mills Limited,INE157H01023,EQ,31-MAY-2007,2.0,,,,,,,,,,,,,2026-04-17T07:40:53.841423+00:00
KNAGRI,KN Agri Resources Limited,INE0KNW01016,EQ,09-DEC-2025,10.0,,,,,,,,,,,,,2026-04-17T07:40:53.841423+00:00
KNRCON,KNR Constructions Limited,INE634I01029,EQ,18-FEB-2008,2.0,,,,,,,,,,,,,2026-04-17T07:40:53.841423+00:00
KOHINOOR,Kohinoor Foods Limited,INE080B01012,EQ,20-OCT-1999,10.0,,,,,,,,,,,,,2026-04-17T07:40:53.841423+00:00
KOKUYOCMLN,Kokuyo Camlin Limited,INE760A01029,EQ,28-JUL-2008,1.0,,,,,,,,,,,,,2026-04-17T07:40:53.841423+00:00
KOLTEPATIL,Kolte - Patil Developers Limited,INE094I01018,EQ,13-DEC-2007,10.0,,,,,,,,,,,,,2026-04-17T07:40:53.841423+00:00
KOPRAN,Kopran Limited,INE082A01010,EQ,09-JUN-1999,10.0,,,,,,,,,,,,,2026-04-17T07:40:53.841423+00:00
KOTAKBANK,Kotak Mahindra Bank Limited,INE237A01036,EQ,20-DEC-1995,1.0,,,,,,,,,,,,,2026-04-17T07:40:53.841423+00:00
KOTARISUG,Kothari Sugars And Chemicals Limited,INE419A01022,EQ,13-DEC-2004,10.0,,,,,,,,,,,,,2026-04-17T07:40:53.841423+00:00
KOTHARIPET,Kothari Petrochemicals Limited,INE720A01015,EQ,02-NOV-1996,10.0,,,,,,,,,,,,,2026-04-17T07:40:53.841423+00:00
KOTHARIPRO,Kothari Products Limited,INE823A01017,EQ,03-JUN-1998,10.0,,,,,,,,,,,,,2026-04-17T07:40:53.841423+00:00
KOTYARK,Kotyark Industries Limited,INE0J0B01017,EQ,12-MAR-2026,10.0,,,,,,,,,,,,,2026-04-17T07:40:53.841423+00:00
KPEL,K.P. Energy Limited,INE127T01021,EQ,14-NOV-2024,5.0,,,,,,,,,,,,,2026-04-17T07:40:53.841423+00:00
KPIGREEN,KPI Green Energy Limited,INE542W01025,EQ,27-JUL-2021,5.0,,,,,,,,,,,,,2026-04-17T07:40:53.841423+00:00
KPIL,Kalpataru Projects International Limited,INE220B01022,EQ,15-DEC-2000,2.0,,,,,,,,,,,,,2026-04-17T07:40:53.841423+00:00
KPITTECH,KPIT Technologies Limited,INE04I401011,EQ,22-APR-2019,10.0,,,,,,,,,,,,,2026-04-17T07:40:53.841423+00:00
KPRMILL,K.P.R. Mill Limited,INE930H01031,EQ,28-AUG-2007,1.0,,,,,,,,,,,,,2026-04-17T07:40:53.841423+00:00
KRBL,KRBL Limited,INE001B01026,EQ,21-JAN-2002,1.0,,,,,,,,,,,,,2026-04-17T07:40:53.841423+00:00
KREBSBIO,Krebs Biochemicals and Industries Limited,INE268B01013,BE,03-JAN-1996,10.0,,,,,,,,,,,,,2026-04-17T07:40:53.841423+00:00
KRIDHANINF,Kridhan Infra Limited,INE524L01026,EQ,11-DEC-2015,2.0,,,,,,,,,,,,,2026-04-17T07:40:53.841423+00:00
KRISHANA,Krishana Phoschem Limited,INE506W01012,EQ,22-AUG-2019,10.0,,,,,,,,,,,,,2026-04-17T07:40:53.841423+00:00
KRISHIVAL,Krishival Foods Limited,INE0GGO01015,EQ,20-JUN-2025,10.0,,,,,,,,,,,,,2026-04-17T07:40:53.841423+00:00
KRISHNADEF,Krishna Defence And Allied Industries Limited,INE0J5601015,EQ,30-DEC-2025,10.0,,,,,,,,,,,,,2026-04-17T07:40:53.841423+00:00
KRITI,Kriti Industries (India) Limited,INE479D01038,EQ,01-NOV-2021,1.0,,,,,,,,,,,,,2026-04-17T07:40:53.841423+00:00
KRITIKA,Kritika Wires Limited,INE00Z501029,EQ,04-MAY-2022,2.0,,,,,,,,,,,,,2026-04-17T07:40:53.841423+00:00
KRITINUT,Kriti Nutrients Limited,INE798K01010,EQ,07-OCT-2022,1.0,,,,,,,,,,,,,2026-04-17T07:40:53.841423+00:00
KRN,KRN Heat Exchanger and Refrigeration Limited,INE0Q3J01015,EQ,03-OCT-2024,10.0,,,,,,,,,,,,,2026-04-17T07:40:53.841423+00:00
KRONOX,Kronox Lab Sciences Limited,INE0ATZ01017,EQ,10-JUN-2024,10.0,,,,,,,,,,,,,2026-04-17T07:40:53.841423+00:00
KROSS,Kross Limited,INE0O6601022,EQ,16-SEP-2024,5.0,,,,,,,,,,,,,2026-04-17T07:40:53.841423+00:00
KRSNAA,Krsnaa Diagnostics Limited,INE08LI01020,EQ,16-AUG-2021,5.0,,,,,,,,,,,,,2026-04-17T07:40:53.841423+00:00
KRYSTAL,Krystal Integrated Services Limited,INE0QN801017,EQ,21-MAR-2024,10.0,,,,,,,,,,,,,2026-04-17T07:40:53.841423+00:00
KSB,Ksb Limited,INE999A01023,EQ,08-FEB-1995,2.0,,,,,,,,,,,,,2026-04-17T07:40:53.841423+00:00
KSCL,Kaveri Seed Company Limited,INE455I01029,EQ,04-OCT-2007,2.0,,,,,,,,,,,,,2026-04-17T07:40:53.841423+00:00
KSHINTL,KSH International Limited,INE987S01020,EQ,23-DEC-2025,5.0,,,,,,,,,,,,,2026-04-17T07:40:53.841423+00:00
KSHITIJPOL,Kshitij Polyline Limited,INE013801027,BE,27-JUL-2022,2.0,,,,,,,,,,,,,2026-04-17T07:40:53.841423+00:00
KSL,Kalyani Steels Limited,INE907A01026,EQ,19-MAY-2010,5.0,,,,,,,,,,,,,2026-04-17T07:40:53.841423+00:00
KSOLVES,Ksolves India Limited,INE0D6I01023,EQ,23-SEP-2022,5.0,,,,,,,,,,,,,2026-04-17T07:40:53.841423+00:00
KSR,KSR Footwear Limited,INE1SPP01016,BE,27-NOV-2025,10.0,,,,,,,,,,,,,2026-04-17T07:40:53.841423+00:00
KTKBANK,The Karnataka Bank Limited,INE614B01018,EQ,10-MAY-2000,10.0,,,,,,,,,,,,,2026-04-17T07:40:53.841423+00:00
KUANTUM,Kuantum Papers Limited,INE529I01021,EQ,23-OCT-2019,1.0,,,,,,,,,,,,,2026-04-17T07:40:53.841423+00:00
KWIL,Kwality Wall's (India) Limited,INE2KCE01013,EQ,16-FEB-2026,1.0,,,,,,,,,,,,,2026-04-17T07:40:53.841423+00:00
LAGNAM,Lagnam Spintex Limited,INE548Z01017,EQ,30-SEP-2021,10.0,,,,,,,,,,,,,2026-04-17T07:40:53.841423+00:00
LAKPRE,Lakshmi Precision Screws Limited,INE651C01018,BZ,26-SEP-2006,10.0,,,,,,,,,,,,,2026-04-17T07:40:53.841423+00:00
LAL,Lorenzini Apparels Limited,INE740X01023,EQ,10-APR-2023,1.0,,,,,,,,,,,,,2026-04-17T07:40:53.841423+00:00
LALPATHLAB,Dr. Lal Path Labs Ltd.,INE600L01024,EQ,23-DEC-2015,10.0,,,,,,,,,,,,,2026-04-17T07:40:53.841423+00:00
LAMBODHARA,Lambodhara Textiles Limited,INE112F01022,EQ,04-FEB-2015,5.0,,,,,,,,,,,,,2026-04-17T07:40:53.841423+00:00
LANCORHOL,Lancor Holdings Limited,INE572G01025,BE,12-MAR-2024,2.0,,,,,,,,,,,,,2026-04-17T07:40:53.841423+00:00
LANDMARK,Landmark Cars Limited,INE559R01029,EQ,23-DEC-2022,5.0,,,,,,,,,,,,,2026-04-17T07:40:53.841423+00:00
LANDSMILL,Landsmill Green Limited,INE688J01023,EQ,03-AUG-2009,1.0,,,,,,,,,,,,,2026-04-17T07:40:53.841423+00:00
LAOPALA,La Opala RG Limited,INE059D01020,EQ,16-MAR-2007,2.0,,,,,,,,,,,,,2026-04-17T07:40:53.841423+00:00
LASA,Lasa Supergenerics Limited,INE670X01014,BE,21-SEP-2017,10.0,,,,,,,,,,,,,2026-04-17T07:40:53.841423+00:00
LATENTVIEW,Latent View Analytics Limited,INE0I7C01011,EQ,23-NOV-2021,1.0,,,,,,,,,,,,,2026-04-17T07:40:53.841423+00:00
LATTEYS,Latteys Industries Limited,INE262Z01023,EQ,23-MAY-2023,2.0,,,,,,,,,,,,,2026-04-17T07:40:53.841423+00:00
LAURUSLABS,Laurus Labs Limited,INE947Q01028,EQ,19-DEC-2016,2.0,,,,,,,,,,,,,2026-04-17T07:40:53.841423+00:00
LAXMICOT,Laxmi Cotspin Limited,INE801V01019,BE,12-NOV-2021,10.0,,,,,,,,,,,,,2026-04-17T07:40:53.841423+00:00
LAXMIDENTL,Laxmi Dental Limited,INE0WO601020,EQ,20-JAN-2025,2.0,,,,,,,,,,,,,2026-04-17T07:40:53.841423+00:00
LAXMIINDIA,Laxmi India Finance Limited,INE06WU01026,EQ,05-AUG-2025,5.0,,,,,,,,,,,,,2026-04-17T07:40:53.841423+00:00
LCCINFOTEC,LCC Infotech Limited,INE938A01021,BE,02-MAR-2000,2.0,,,,,,,,,,,,,2026-04-17T07:40:53.841423+00:00
LEMERITE,Le Merite Exports Limited,INE0G1L01017,EQ,12-DEC-2025,10.0,,,,,,,,,,,,,2026-04-17T07:40:53.841423+00:00
LEMONTREE,Lemon Tree Hotels Limited,INE970X01018,EQ,09-APR-2018,10.0,,,,,,,,,,,,,2026-04-17T07:40:53.841423+00:00
LENSKART,Lenskart Solutions Limited,INE956O01016,EQ,10-NOV-2025,2.0,,,,,,,,,,,,,2026-04-17T07:40:53.841423+00:00
LEXUS,Lexus Granito (India) Limited,INE500X01013,BE,13-MAR-2023,10.0,,,,,,,,,,,,,2026-04-17T07:40:53.841423+00:00
LFIC,Lakshmi Finance & Industrial Corporation Limited,INE850E01012,EQ,15-APR-2015,10.0,,,,,,,,,,,,,2026-04-17T07:40:53.841423+00:00
LGBBROSLTD,LG Balakrishnan & Bros Limited,INE337A01034,EQ,30-MAR-2010,10.0,,,,,,,,,,,,,2026-04-17T07:40:53.841423+00:00
LGEINDIA,LG Electronics India Limited,INE324D01010,EQ,14-OCT-2025,10.0,,,,,,,,,,,,,2026-04-17T07:40:53.841423+00:00
LGHL,Laxmi Goldorna House Limited,INE258Y01016,EQ,10-NOV-2023,10.0,,,,,,,,,,,,,2026-04-17T07:40:53.841423+00:00
LIBAS,Libas Consumer Products Limited,INE908V01012,EQ,23-JUL-2019,10.0,,,,,,,,,,,,,2026-04-17T07:40:53.841423+00:00
LIBERTSHOE,Liberty Shoes Limited,INE557B01019,EQ,27-SEP-1995,10.0,,,,,,,,,,,,,2026-04-17T07:40:53.841423+00:00
LICHSGFIN,LIC Housing Finance Limited,INE115A01026,EQ,29-JUL-1998,2.0,,,,,,,,,,,,,2026-04-17T07:40:53.841423+00:00
LICI,Life Insurance Corporation Of India,INE0J1Y01017,EQ,17-MAY-2022,10.0,,,,,,,,,,,,,2026-04-17T07:40:53.841423+00:00
LIKHITHA,Likhitha Infrastructure Limited,INE060901027,BE,15-OCT-2020,5.0,,,,,,,,,,,,,2026-04-17T07:40:53.841423+00:00
LINC,Linc Limited,INE802B01027,EQ,09-MAR-2015,5.0,,,,,,,,,,,,,2026-04-17T07:40:53.841423+00:00
LINCOLN,Lincoln Pharmaceuticals Limited,INE405C01035,EQ,17-DEC-2015,10.0,,,,,,,,,,,,,2026-04-17T07:40:53.841423+00:00
LINDEINDIA,Linde India Limited,INE473A01011,EQ,16-JUN-1999,10.0,,,,,,,,,,,,,2026-04-17T07:40:53.841423+00:00
LLOYDSENGG,LLOYDS ENGINEERING WORKS LIMITED,INE093R01011,EQ,18-JUL-2016,1.0,,,,,,,,,,,,,2026-04-17T07:40:53.841423+00:00
LLOYDSENT,Lloyds Enterprises Limited,INE080I01025,EQ,17-OCT-2024,1.0,,,,,,,,,,,,,2026-04-17T07:40:53.841423+00:00
LLOYDSME,Lloyds Metals And Energy Limited,INE281B01032,EQ,17-JUL-2023,1.0,,,,,,,,,,,,,2026-04-17T07:40:53.841423+00:00
LMW,LMW Limited,INE269B01029,EQ,29-MAR-1995,10.0,,,,,,,,,,,,,2026-04-17T07:40:53.841423+00:00
LODHA,Lodha Developers Limited,INE670K01029,EQ,19-APR-2021,10.0,,,,,,,,,,,,,2026-04-17T07:40:53.841423+00:00
LOKESHMACH,Lokesh Machines Limited,INE397H01017,EQ,05-MAY-2006,10.0,,,,,,,,,,,,,2026-04-17T07:40:53.841423+00:00
LORDSCHLO,Lords Chloro Alkali Limited,INE846D01012,EQ,28-AUG-2023,10.0,,,,,,,,,,,,,2026-04-17T07:40:53.841423+00:00
LOTUSDEV,Sri Lotus Developers and Realty Limited,INE0V9Q01010,EQ,06-AUG-2025,1.0,,,,,,,,,,,,,2026-04-17T07:40:53.841423+00:00
LOTUSEYE,Lotus Eye Hospital and Institute Limited,INE947I01017,EQ,11-JUL-2008,10.0,,,,,,,,,,,,,2026-04-17T07:40:53.841423+00:00
LOVABLE,Lovable Lingerie Limited,INE597L01014,EQ,24-MAR-2011,10.0,,,,,,,,,,,,,2026-04-17T07:40:53.841423+00:00
LOYALTEX,Loyal Textile Mills Limited,INE970D01010,BE,11-AUG-2022,10.0,,,,,,,,,,,,,2026-04-17T07:40:53.841423+00:00
LPDC,Landmark Property Development Company Limited,INE197J01017,BE,12-AUG-2008,1.0,,,,,,,,,,,,,2026-04-17T07:40:53.841423+00:00
LT,Larsen & Toubro Limited,INE018A01030,EQ,23-JUN-2004,2.0,,,,,,,,,,,,,2026-04-17T07:40:53.841423+00:00
LTF,L&T Finance Limited,INE498L01015,EQ,12-AUG-2011,10.0,,,,,,,,,,,,,2026-04-17T07:40:53.841423+00:00
LTFOODS,LT Foods Limited,INE818H01020,EQ,18-DEC-2006,1.0,,,,,,,,,,,,,2026-04-17T07:40:53.841423+00:00
LTM,LTM Limited,INE214T01019,EQ,21-JUL-2016,1.0,,,,,,,,,,,,,2026-04-17T07:40:53.841423+00:00
LTTS,L&T Technology Services Limited,INE010V01017,EQ,23-SEP-2016,2.0,,,,,,,,,,,,,2026-04-17T07:40:53.841423+00:00
LUMAXIND,Lumax Industries Limited,INE162B01018,EQ,06-SEP-1995,10.0,,,,,,,,,,,,,2026-04-17T07:40:53.841423+00:00
LUMAXTECH,Lumax Auto Technologies Limited,INE872H01027,EQ,16-JAN-2007,2.0,,,,,,,,,,,,,2026-04-17T07:40:53.841423+00:00
LUPIN,Lupin Limited,INE326A01037,EQ,10-SEP-2001,2.0,,,,,,,,,,,,,2026-04-17T07:40:53.841423+00:00
LUXIND,Lux Industries Limited,INE150G01020,EQ,30-NOV-2015,2.0,,,,,,,,,,,,,2026-04-17T07:40:53.841423+00:00
LXCHEM,Laxmi Organic Industries Limited,INE576O01020,EQ,25-MAR-2021,2.0,,,,,,,,,,,,,2026-04-17T07:40:53.841423+00:00
LYKALABS,Lyka Labs Limited,INE933A01014,BE,08-FEB-1995,10.0,,,,,,,,,,,,,2026-04-17T07:40:53.841423+00:00
LYPSAGEMS,Lypsa Gems & Jewellery Limited,INE142K01011,EQ,05-NOV-2013,10.0,,,,,,,,,,,,,2026-04-17T07:40:53.841423+00:00
M&M,Mahindra & Mahindra Limited,INE101A01026,EQ,03-JAN-1996,5.0,,,,,,,,,,,,,2026-04-17T07:40:53.841423+00:00
M&MFIN,Mahindra & Mahindra Financial Services Limited,INE774D01024,EQ,17-MAR-2006,2.0,,,,,,,,,,,,,2026-04-17T07:40:53.841423+00:00
MAANALU,Maan Aluminium Limited,INE215I01027,EQ,22-OCT-2007,5.0,,,,,,,,,,,,,2026-04-17T07:40:53.841423+00:00
MACPOWER,Macpower CNC Machines Limited,INE155Z01011,EQ,19-AUG-2020,10.0,,,,,,,,,,,,,2026-04-17T07:40:53.841423+00:00
MADHAV,Madhav Marbles and Granites Limited,INE925C01016,EQ,20-DEC-2007,10.0,,,,,,,,,,,,,2026-04-17T07:40:53.841423+00:00
MADHUCON,Madhucon Projects Limited,INE378D01032,BE,05-OCT-2006,1.0,,,,,,,,,,,,,2026-04-17T07:40:53.841423+00:00
MADRASFERT,Madras Fertilizers Limited,INE414A01015,EQ,25-JUL-1997,10.0,,,,,,,,,,,,,2026-04-17T07:40:53.841423+00:00
MAGADSUGAR,Magadh Sugar & Energy Limited,INE347W01011,EQ,28-JUL-2017,10.0,,,,,,,,,,,,,2026-04-17T07:40:53.841423+00:00
MAGNUM,Magnum Ventures Limited,INE387I01016,BE,20-SEP-2007,10.0,,,,,,,,,,,,,2026-04-17T07:40:53.841423+00:00
MAHABANK,Bank of Maharashtra,INE457A01014,EQ,12-APR-2004,10.0,,,,,,,,,,,,,2026-04-17T07:40:53.841423+00:00
MAHAPE-RE,Maha Rashtra Apex Corporation Limited-RE,INE843B20013,BE,02-APR-2026,10.0,,,,,,,,,,,,,2026-04-17T07:40:53.841423+00:00
MAHAPEXLTD,Maha Rashtra Apex Corporation Limited,INE843B01013,EQ,21-JAN-1998,10.0,,,,,,,,,,,,,2026-04-17T07:40:53.841423+00:00
MAHASTEEL,Mahamaya Steel Industries Limited,INE451L01014,BE,01-JUL-2016,10.0,,,,,,,,,,,,,2026-04-17T07:40:53.841423+00:00
MAHEPC,Mahindra EPC Irrigation Limited,INE215D01010,EQ,14-FEB-2020,10.0,,,,,,,,,,,,,2026-04-17T07:40:53.841423+00:00
MAHESHWARI,Maheshwari Logistics Limited,INE263W01010,EQ,15-APR-2019,10.0,,,,,,,,,,,,,2026-04-17T07:40:53.841423+00:00
MAHLIFE,Mahindra Lifespace Developers Limited,INE813A01018,EQ,10-MAY-2000,10.0,,,,,,,,,,,,,2026-04-17T07:40:53.841423+00:00
MAHLOG,Mahindra Logistics Limited,INE766P01016,EQ,10-NOV-2017,10.0,,,,,,,,,,,,,2026-04-17T07:40:53.841423+00:00
MAHSCOOTER,Maharashtra Scooters Limited,INE288A01013,EQ,08-FEB-1995,10.0,,,,,,,,,,,,,2026-04-17T07:40:53.841423+00:00
MAHSEAMLES,Maharashtra Seamless Limited,INE271B01025,EQ,25-AUG-2004,5.0,,,,,,,,,,,,,2026-04-17T07:40:53.841423+00:00
MAITHANALL,Maithan Alloys Limited,INE683C01011,EQ,05-JUL-2011,10.0,,,,,,,,,,,,,2026-04-17T07:40:53.841423+00:00
MALLCOM,Mallcom (India) Limited,INE389C01015,EQ,02-FEB-2022,10.0,,,,,,,,,,,,,2026-04-17T07:40:53.841423+00:00
MALUPAPER,Malu Paper Mills Limited,INE383H01017,EQ,05-APR-2006,10.0,,,,,,,,,,,,,2026-04-17T07:40:53.841423+00:00
MAMATA,Mamata Machinery Limited,INE0TO701015,EQ,27-DEC-2024,10.0,,,,,,,,,,,,,2026-04-17T07:40:53.841423+00:00
MANAKALUCO,Manaksia Aluminium Company Limited,INE859Q01017,BE,30-MAR-2015,1.0,,,,,,,,,,,,,2026-04-17T07:40:53.841423+00:00
MANAKCOAT,Manaksia Coated Metals & Industries Limited,INE830Q01018,EQ,30-MAR-2015,1.0,,,,,,,,,,,,,2026-04-17T07:40:53.841423+00:00
MANAKSIA,Manaksia Limited,INE015D01022,EQ,08-JAN-2008,2.0,,,,,,,,,,,,,2026-04-17T07:40:53.841423+00:00
MANAKSTEEL,Manaksia Steels Limited,INE824Q01011,EQ,30-MAR-2015,1.0,,,,,,,,,,,,,2026-04-17T07:40:53.841423+00:00
MANALIPETC,Manali Petrochemicals Limited,INE201A01024,EQ,06-DEC-2006,5.0,,,,,,,,,,,,,2026-04-17T07:40:53.841423+00:00
MANAPPURAM,Manappuram Finance Limited,INE522D01027,EQ,01-DEC-2014,2.0,,,,,,,,,,,,,2026-04-17T07:40:53.841423+00:00
MANBA,Manba Finance Limited,INE939X01013,EQ,30-SEP-2024,10.0,,,,,,,,,,,,,2026-04-17T07:40:53.841423+00:00
MANCREDIT,Mangal Credit and Fincorp Limited,INE545L01039,EQ,16-AUG-2024,10.0,,,,,,,,,,,,,2026-04-17T07:40:53.841423+00:00
MANGALAM,Mangalam Drugs And Organics Limited,INE584F01014,BE,23-MAY-2005,10.0,,,,,,,,,,,,,2026-04-17T07:40:53.841423+00:00
MANGLMCEM,Mangalam Cement Limited,INE347A01017,EQ,03-JAN-1996,10.0,,,,,,,,,,,,,2026-04-17T07:40:53.841423+00:00
MANINDS,Man Industries (India) Limited,INE993A01026,EQ,24-JUN-2005,5.0,,,,,,,,,,,,,2026-04-17T07:40:53.841423+00:00
MANINFRA,Man Infraconstruction Limited,INE949H01023,EQ,11-MAR-2010,2.0,,,,,,,,,,,,,2026-04-17T07:40:53.841423+00:00
MANKIND,Mankind Pharma Limited,INE634S01028,EQ,09-MAY-2023,1.0,,,,,,,,,,,,,2026-04-17T07:40:53.841423+00:00
MANOMAY,Manomay Tex India Limited,INE784W01015,EQ,18-JAN-2023,10.0,,,,,,,,,,,,,2026-04-17T07:40:53.841423+00:00
MANORAMA,Manorama Industries Limited,INE00VM01036,EQ,01-JUL-2022,2.0,,,,,,,,,,,,,2026-04-17T07:40:53.841423+00:00
MANORG,Mangalam Organics Limited,INE370D01013,EQ,02-NOV-2021,10.0,,,,,,,,,,,,,2026-04-17T07:40:53.841423+00:00
MANUGRAPH,Manugraph India Limited,INE867A01022,EQ,14-SEP-2006,2.0,,,,,,,,,,,,,2026-04-17T07:40:53.841423+00:00
MANYAVAR,Vedant Fashions Limited,INE825V01034,EQ,16-FEB-2022,1.0,,,,,,,,,,,,,2026-04-17T07:40:53.841423+00:00
MAPMYINDIA,C.E. Info Systems Limited,INE0BV301023,EQ,21-DEC-2021,2.0,,,,,,,,,,,,,2026-04-17T07:40:53.841423+00:00
MARALOVER,Maral Overseas Limited,INE882A01013,EQ,08-FEB-1995,10.0,,,,,,,,,,,,,2026-04-17T07:40:53.841423+00:00
MARATHON,Marathon Nextgen Realty Limited,INE182D01020,EQ,29-SEP-2016,5.0,,,,,,,,,,,,,2026-04-17T07:40:53.841423+00:00
MARICO,Marico Limited,INE196A01026,EQ,01-MAY-1996,1.0,,,,,,,,,,,,,2026-04-17T07:40:53.841423+00:00
MARINE,Marine Electricals (India) Limited,INE01JE01028,EQ,02-DEC-2020,2.0,,,,,,,,,,,,,2026-04-17T07:40:53.841423+00:00
MARKOLINES,Markolines Pavement Technologies Limited,INE0FW001016,EQ,14-OCT-2025,10.0,,,,,,,,,,,,,2026-04-17T07:40:53.841423+00:00
MARKSANS,Marksans Pharma Limited,INE750C01026,EQ,21-JAN-2002,1.0,,,,,,,,,,,,,2026-04-17T07:40:53.841423+00:00
MARSONS,Marsons Limited,INE415B01044,EQ,13-MAR-2026,1.0,,,,,,,,,,,,,2026-04-17T07:40:53.841423+00:00
MARUTI,Maruti Suzuki India Limited,INE585B01010,EQ,09-JUL-2003,5.0,,,,,,,,,,,,,2026-04-17T07:40:53.841423+00:00
MASFIN,MAS Financial Services Limited,INE348L01012,EQ,18-OCT-2017,10.0,,,,,,,,,,,,,2026-04-17T07:40:53.841423+00:00
MASKINVEST,Mask Investments Limited,INE885F01015,EQ,14-OCT-2016,10.0,,,,,,,,,,,,,2026-04-17T07:40:53.841423+00:00
MASTEK,Mastek Limited,INE759A01021,EQ,10-MAY-1995,5.0,,,,,,,,,,,,,2026-04-17T07:40:53.841423+00:00
MASTERTR,Master Trust Limited,INE677D01037,EQ,12-NOV-2024,1.0,,,,,,,,,,,,,2026-04-17T07:40:53.841423+00:00
MATRIMONY,Matrimony.Com Limited,INE866R01028,EQ,21-SEP-2017,5.0,,,,,,,,,,,,,2026-04-17T07:40:53.841423+00:00
MAWANASUG,Mawana Sugars Limited,INE636A01039,EQ,20-MAR-2009,10.0,,,,,,,,,,,,,2026-04-17T07:40:53.841423+00:00
MAXESTATES,Max Estates Limited,INE03EI01018,EQ,30-OCT-2023,10.0,,,,,,,,,,,,,2026-04-17T07:40:53.841423+00:00
MAXHEALTH,Max Healthcare Institute Limited,INE027H01010,EQ,21-AUG-2020,10.0,,,,,,,,,,,,,2026-04-17T07:40:53.841423+00:00
MAXIND,Max India Limited,INE0CG601016,EQ,28-AUG-2020,10.0,,,,,,,,,,,,,2026-04-17T07:40:53.841423+00:00
MAYURUNIQ,Mayur Uniquoters Ltd,INE040D01038,EQ,25-SEP-2012,5.0,,,,,,,,,,,,,2026-04-17T07:40:53.841423+00:00
MAZDA,Mazda Limited,INE885E01042,EQ,01-NOV-2016,2.0,,,,,,,,,,,,,2026-04-17T07:40:53.841423+00:00
MAZDOCK,Mazagon Dock Shipbuilders Limited,INE249Z01020,EQ,12-OCT-2020,5.0,,,,,,,,,,,,,2026-04-17T07:40:53.841423+00:00
MBAPL,Madhya Bharat Agro Products Limited,INE900L01010,EQ,22-AUG-2019,10.0,,,,,,,,,,,,,2026-04-17T07:40:53.841423+00:00
MBEL,M & B Engineering Limited,INE08N601015,EQ,06-AUG-2025,10.0,,,,,,,,,,,,,2026-04-17T07:40:53.841423+00:00
MBLINFRA,MBL Infrastructure Limited,INE912H01013,BE,11-JAN-2010,10.0,,,,,,,,,,,,,2026-04-17T07:40:53.841423+00:00
MCL,Madhav Copper Limited,INE813V01022,BE,19-AUG-2020,5.0,,,,,,,,,,,,,2026-04-17T07:40:53.841423+00:00
MCLEODRUSS,Mcleod Russel India Limited,INE942G01012,BE,29-JUL-2005,5.0,,,,,,,,,,,,,2026-04-17T07:40:53.841423+00:00
MCLOUD,Magellanic Cloud Limited,INE613C01026,EQ,07-FEB-2025,2.0,,,,,,,,,,,,,2026-04-17T07:40:53.841423+00:00
MCX,Multi Commodity Exchange of India Limited,INE745G01043,EQ,09-MAR-2012,2.0,,,,,,,,,,,,,2026-04-17T07:40:53.841423+00:00
MEDANTA,Global Health Limited,INE474Q01031,EQ,16-NOV-2022,2.0,,,,,,,,,,,,,2026-04-17T07:40:53.841423+00:00
MEDIASSIST,Medi Assist Healthcare Services Limited,INE456Z01021,EQ,23-JAN-2024,5.0,,,,,,,,,,,,,2026-04-17T07:40:53.841423+00:00
MEDICAMEQ,Medicamen Biotech Limited,INE646B01010,EQ,27-OCT-2021,10.0,,,,,,,,,,,,,2026-04-17T07:40:53.841423+00:00
MEDICO,Medico Remedies Limited,INE630Y01024,EQ,26-MAY-2022,2.0,,,,,,,,,,,,,2026-04-17T07:40:53.841423+00:00
MEDPLUS,Medplus Health Services Limited,INE804L01022,EQ,23-DEC-2021,2.0,,,,,,,,,,,,,2026-04-17T07:40:53.841423+00:00
MEESHO,Meesho Limited,INE0VDM01015,EQ,10-DEC-2025,1.0,,,,,,,,,,,,,2026-04-17T07:40:53.841423+00:00
MEGASTAR,Megastar Foods Limited,INE00EM01016,EQ,16-FEB-2022,10.0,,,,,,,,,,,,,2026-04-17T07:40:53.841423+00:00
MEIL,Mangal Electrical Industries Limited,INE0PKD01011,EQ,28-AUG-2025,10.0,,,,,,,,,,,,,2026-04-17T07:40:53.841423+00:00
MENONBE,Menon Bearings Limited,INE071D01033,EQ,09-MAR-2015,1.0,,,,,,,,,,,,,2026-04-17T07:40:53.841423+00:00
MEP,MEP Infrastructure Developers Limited,INE776I01010,BZ,06-MAY-2015,10.0,,,,,,,,,,,,,2026-04-17T07:40:53.841423+00:00
METROBRAND,Metro Brands Limited,INE317I01021,EQ,22-DEC-2021,5.0,,,,,,,,,,,,,2026-04-17T07:40:53.841423+00:00
METROPOLIS,Metropolis Healthcare Limited,INE112L01020,EQ,15-APR-2019,2.0,,,,,,,,,,,,,2026-04-17T07:40:53.841423+00:00
MFML,Mahalaxmi Fabric Mills Limited,INE0US801024,EQ,27-AUG-2024,10.0,,,,,,,,,,,,,2026-04-17T07:40:53.841423+00:00
MFSL,Max Financial Services Limited,INE180A01020,EQ,17-MAY-2000,2.0,,,,,,,,,,,,,2026-04-17T07:40:53.841423+00:00
MGEL,Mangalam Global Enterprise Limited,INE0APB01032,EQ,23-DEC-2020,1.0,,,,,,,,,,,,,2026-04-17T07:40:53.841423+00:00
MGL,Mahanagar Gas Limited,INE002S01010,EQ,01-JUL-2016,10.0,,,,,,,,,,,,,2026-04-17T07:40:53.841423+00:00
MHLXMIRU,Mahalaxmi Rubtech Limited,INE112D01035,EQ,27-JAN-2022,10.0,,,,,,,,,,,,,2026-04-17T07:40:53.841423+00:00
MHRIL,Mahindra Holidays & Resorts India Limited,INE998I01010,EQ,16-JUL-2009,10.0,,,,,,,,,,,,,2026-04-17T07:40:53.841423+00:00
MICEL,MIC Electronics Limited,INE287C01037,EQ,17-DEC-2021,2.0,,,,,,,,,,,,,2026-04-17T07:40:53.841423+00:00
MIDHANI,Mishra Dhatu Nigam Limited,INE099Z01011,EQ,04-APR-2018,10.0,,,,,,,,,,,,,2026-04-17T07:40:53.841423+00:00
MIDWESTLTD,Midwest Limited,INE0XAD01024,EQ,24-OCT-2025,5.0,,,,,,,,,,,,,2026-04-17T07:40:53.841423+00:00
MINDACORP,Minda Corporation Limited,INE842C01021,EQ,16-OCT-2014,2.0,,,,,,,,,,,,,2026-04-17T07:40:53.841423+00:00
MINDTECK,Mindteck (India) Limited,INE110B01017,EQ,02-AUG-2016,10.0,,,,,,,,,,,,,2026-04-17T07:40:53.841423+00:00
MIRCELECTR,MIRC Electronics Limited,INE831A01028,EQ,24-MAY-2004,1.0,,,,,,,,,,,,,2026-04-17T07:40:53.841423+00:00
MIRZAINT,Mirza International Limited,INE771A01026,EQ,28-APR-1999,2.0,,,,,,,,,,,,,2026-04-17T07:40:53.841423+00:00
MITCON,MITCON Consultancy & Engineering Services Limited,INE828O01033,EQ,17-MAR-2022,10.0,,,,,,,,,,,,,2026-04-17T07:40:53.841423+00:00
MITTAL,Mittal Life Style Limited,INE997Y01027,EQ,29-APR-2020,1.0,,,,,,,,,,,,,2026-04-17T07:40:53.841423+00:00
MKPL,M K Proteins Limited,INE964W01021,EQ,13-JUN-2023,1.0,,,,,,,,,,,,,2026-04-17T07:40:53.841423+00:00
MMFL,MM Forgings Limited,INE227C01017,EQ,20-DEC-2006,10.0,,,,,,,,,,,,,2026-04-17T07:40:53.841423+00:00
MMP,MMP Industries Limited,INE511Y01018,EQ,09-JAN-2020,10.0,,,,,,,,,,,,,2026-04-17T07:40:53.841423+00:00
MMTC,MMTC Limited,INE123F01029,EQ,09-APR-2012,1.0,,,,,,,,,,,,,2026-04-17T07:40:53.841423+00:00
MOBIKWIK,One Mobikwik Systems Limited,INE0HLU01028,EQ,18-DEC-2024,2.0,,,,,,,,,,,,,2026-04-17T07:40:53.841423+00:00
MODINATUR,Modi Naturals Limited,INE537F01012,EQ,11-DEC-2025,10.0,,,,,,,,,,,,,2026-04-17T07:40:53.841423+00:00
MODIRUBBER,Modi Rubber Limited,INE832A01018,EQ,07-FEB-1996,10.0,,,,,,,,,,,,,2026-04-17T07:40:53.841423+00:00
MODIS,Modis Navnirman Limited,INE0L0L01012,EQ,14-NOV-2025,10.0,,,,,,,,,,,,,2026-04-17T07:40:53.841423+00:00
MODISONLTD,MODISON LIMITED,INE737D01021,EQ,03-MAY-2021,1.0,,,,,,,,,,,,,2026-04-17T07:40:53.841423+00:00
MODTHREAD,Modern Threads (India) Limited,INE794W01014,EQ,22-NOV-1995,10.0,,,,,,,,,,,,,2026-04-17T07:40:53.841423+00:00
MOHITIND,Mohit Industries Limited,INE954E01012,EQ,14-MAR-2013,10.0,,,,,,,,,,,,,2026-04-17T07:40:53.841423+00:00
MOIL,MOIL Limited,INE490G01020,EQ,15-DEC-2010,10.0,,,,,,,,,,,,,2026-04-17T07:40:53.841423+00:00
MOKSH,Moksh Ornaments Limited,INE514Y01020,EQ,21-MAY-2021,2.0,,,,,,,,,,,,,2026-04-17T07:40:53.841423+00:00
MOL,Meghmani Organics Limited,INE0CT101020,EQ,18-AUG-2021,1.0,,,,,,,,,,,,,2026-04-17T07:40:53.841423+00:00
MOLDTECH,Mold-Tek Technologies Limited,INE835B01035,EQ,07-JUL-2016,2.0,,,,,,,,,,,,,2026-04-17T07:40:53.841423+00:00
MOLDTKPAC,Mold-Tek Packaging Limited,INE893J01029,EQ,23-FEB-2015,5.0,,,,,,,,,,,,,2026-04-17T07:40:53.841423+00:00
MONARCH,Monarch Networth Capital Limited,INE903D01011,EQ,06-JAN-2022,10.0,,,,,,,,,,,,,2026-04-17T07:40:53.841423+00:00
MONEYBOXX,Moneyboxx Finance Limited,INE296Q01012,EQ,15-OCT-2025,10.0,,,,,,,,,,,,,2026-04-17T07:40:53.841423+00:00
MONTECARLO,Monte Carlo Fashions Limited,INE950M01013,EQ,19-DEC-2014,10.0,,,,,,,,,,,,,2026-04-17T07:40:53.841423+00:00
MOREPENLAB,Morepen Laboratories Limited,INE083A01026,EQ,24-NOV-1999,2.0,,,,,,,,,,,,,2026-04-17T07:40:53.841423+00:00
MOSCHIP,Moschip Technologies Limited,INE935B01025,EQ,05-FEB-2025,2.0,,,,,,,,,,,,,2026-04-17T07:40:53.841423+00:00
MOTHERSON,Samvardhana Motherson International Limited,INE775A01035,EQ,14-AUG-1996,1.0,,,,,,,,,,,,,2026-04-17T07:40:53.841423+00:00
MOTILALOFS,Motilal Oswal Financial Services Limited,INE338I01027,EQ,11-SEP-2007,1.0,,,,,,,,,,,,,2026-04-17T07:40:53.841423+00:00
MOTISONS,Motisons Jewellers Limited,INE0FRK01020,EQ,26-DEC-2023,1.0,,,,,,,,,,,,,2026-04-17T07:40:53.841423+00:00
MOTOGENFIN,The Motor & General Finance Limited,INE861B01023,EQ,08-FEB-1995,5.0,,,,,,,,,,,,,2026-04-17T07:40:53.841423+00:00
MPHASIS,MphasiS Limited,INE356A01018,EQ,04-JUN-2004,10.0,,,,,,,,,,,,,2026-04-17T07:40:53.841423+00:00
MPSLTD,MPS Limited,INE943D01017,EQ,21-JAN-2002,10.0,,,,,,,,,,,,,2026-04-17T07:40:53.841423+00:00
MRF,MRF Limited,INE883A01011,EQ,18-SEP-1996,10.0,,,,,,,,,,,,,2026-04-17T07:40:53.841423+00:00
MRPL,Mangalore Refinery and Petrochemicals Limited,INE103A01014,EQ,07-JAN-2005,10.0,,,,,,,,,,,,,2026-04-17T07:40:53.841423+00:00
MSPL,MSP Steel & Power Limited,INE752G01015,EQ,18-JUL-2005,10.0,,,,,,,,,,,,,2026-04-17T07:40:53.841423+00:00
MSTCLTD,Mstc Limited,INE255X01014,EQ,29-MAR-2019,10.0,,,,,,,,,,,,,2026-04-17T07:40:53.841423+00:00
MSUMI,Motherson Sumi Wiring India Limited,INE0FS801015,EQ,28-MAR-2022,1.0,,,,,,,,,,,,,2026-04-17T07:40:53.841423+00:00
MTARTECH,Mtar Technologies Limited,INE864I01014,EQ,15-MAR-2021,10.0,,,,,,,,,,,,,2026-04-17T07:40:53.841423+00:00
MTEDUCARE,MT Educare Limited,INE472M01018,BE,12-APR-2012,10.0,,,,,,,,,,,,,2026-04-17T07:40:53.841423+00:00
MTNL,Mahanagar Telephone Nigam Limited,INE153A01019,EQ,17-FEB-1999,10.0,,,,,,,,,,,,,2026-04-17T07:40:53.841423+00:00
MUFIN,Mufin Green Finance Limited,INE08KJ01020,EQ,06-NOV-2023,1.0,,,,,,,,,,,,,2026-04-17T07:40:53.841423+00:00
MUFTI,Credo Brands Marketing Limited,INE220Q01020,EQ,27-DEC-2023,2.0,,,,,,,,,,,,,2026-04-17T07:40:53.841423+00:00
MUKANDLTD,Mukand Limited,INE304A01026,EQ,23-FEB-2004,10.0,,,,,,,,,,,,,2026-04-17T07:40:53.841423+00:00
MUKKA,Mukka Proteins Limited,INE0CG401037,EQ,07-MAR-2024,1.0,,,,,,,,,,,,,2026-04-17T07:40:53.841423+00:00
MUKTAARTS,Mukta Arts Limited,INE374B01019,EQ,12-SEP-2000,5.0,,,,,,,,,,,,,2026-04-17T07:40:53.841423+00:00
MUNJALAU,Munjal Auto Industries Limited,INE672B01032,EQ,19-JUL-2006,2.0,,,,,,,,,,,,,2026-04-17T07:40:53.841423+00:00
MUNJALSHOW,Munjal Showa Limited,INE577A01027,EQ,12-MAY-2003,2.0,,,,,,,,,,,,,2026-04-17T07:40:53.841423+00:00
MURUDCERA,Murudeshwar Ceramics Limited,INE692B01014,EQ,28-MAY-2004,10.0,,,,,,,,,,,,,2026-04-17T07:40:53.841423+00:00
MUTHOOTCAP,Muthoot Capital Services Limited,INE296G01013,EQ,24-AUG-2015,10.0,,,,,,,,,,,,,2026-04-17T07:40:53.841423+00:00
MUTHOOTFIN,Muthoot Finance Limited,INE414G01012,EQ,06-MAY-2011,10.0,,,,,,,,,,,,,2026-04-17T07:40:53.841423+00:00
MUTHOOTMF,Muthoot Microfin Limited,INE046W01019,EQ,26-DEC-2023,10.0,,,,,,,,,,,,,2026-04-17T07:40:53.841423+00:00
MVGJL,Manoj Vaibhav Gems N Jewellers Limited,INE0KNT01012,EQ,03-OCT-2023,10.0,,,,,,,,,,,,,2026-04-17T07:40:53.841423+00:00
MWL,Mangalam Worldwide Limited,INE0JYY01011,EQ,18-SEP-2025,10.0,,,,,,,,,,,,,2026-04-17T07:40:53.841423+00:00
NACLIND,NACL Industries Limited,INE295D01020,EQ,07-APR-2017,1.0,,,,,,,,,,,,,2026-04-17T07:40:53.841423+00:00
NAGAFERT,Nagarjuna Fertilizers and Chemicals Limited,INE454M01024,BZ,15-JUN-2016,1.0,,,,,,,,,,,,,2026-04-17T07:40:53.841423+00:00
NAGREEKCAP,Nagreeka Capital & Infrastructure Limited,INE245I01016,EQ,18-SEP-2007,5.0,,,,,,,,,,,,,2026-04-17T07:40:53.841423+00:00
NAGREEKEXP,Nagreeka Exports Limited,INE123B01028,EQ,18-JUN-2007,5.0,,,,,,,,,,,,,2026-04-17T07:40:53.841423+00:00
NAHARCAP,Nahar Capital and Financial Services Limited,INE049I01012,EQ,11-MAR-2008,5.0,,,,,,,,,,,,,2026-04-17T07:40:53.841423+00:00
NAHARINDUS,Nahar Industrial Enterprises Limited,INE289A01011,EQ,15-DEC-2005,10.0,,,,,,,,,,,,,2026-04-17T07:40:53.841423+00:00
NAHARPOLY,Nahar Poly Films Limited,INE308A01027,EQ,23-MAR-2007,5.0,,,,,,,,,,,,,2026-04-17T07:40:53.841423+00:00
NAHARSPING,Nahar Spinning Mills Limited,INE290A01027,EQ,23-MAR-2007,5.0,,,,,,,,,,,,,2026-04-17T07:40:53.841423+00:00
NAM-INDIA,Nippon Life India Asset Management Limited,INE298J01013,EQ,06-NOV-2017,10.0,,,,,,,,,,,,,2026-04-17T07:40:53.841423+00:00
NARMADA,Narmada Agrobase Limited,INE117Z01011,EQ,27-OCT-2022,10.0,,,,,,,,,,,,,2026-04-17T07:40:53.841423+00:00
NATCAPSUQ,Natural Capsules Limited,INE936B01015,EQ,14-FEB-2025,10.0,,,,,,,,,,,,,2026-04-17T07:40:53.841423+00:00
NATCOPHARM,Natco Pharma Limited,INE987B01026,EQ,27-DEC-1995,2.0,,,,,,,,,,,,,2026-04-17T07:40:53.841423+00:00
NATHBIOGEN,Nath Bio-Genes (India) Limited,INE448G01010,EQ,28-JAN-2014,10.0,,,,,,,,,,,,,2026-04-17T07:40:53.841423+00:00
NATIONALUM,National Aluminium Company Limited,INE139A01034,EQ,28-APR-1999,5.0,,,,,,,,,,,,,2026-04-17T07:40:53.841423+00:00
NAUKRI,Info Edge (India) Limited,INE663F01032,EQ,21-NOV-2006,2.0,,,,,,,,,,,,,2026-04-17T07:40:53.841423+00:00
NAVA,NAVA LIMITED,INE725A01030,EQ,03-APR-1996,1.0,,,,,,,,,,,,,2026-04-17T07:40:53.841423+00:00
NAVINFLUOR,Navin Fluorine International Limited,INE048G01026,EQ,01-JUN-2007,2.0,,,,,,,,,,,,,2026-04-17T07:40:53.841423+00:00
NAVKARCORP,Navkar Corporation Limited,INE278M01019,EQ,09-SEP-2015,10.0,,,,,,,,,,,,,2026-04-17T07:40:53.841423+00:00
NAVKARURB,Navkar Urbanstructure Limited,INE268H01044,EQ,17-JAN-2025,1.0,,,,,,,,,,,,,2026-04-17T07:40:53.841423+00:00
NAVNETEDUL,Navneet Education Limited,INE060A01024,EQ,08-FEB-1995,2.0,,,,,,,,,,,,,2026-04-17T07:40:53.841423+00:00
NAZARA,Nazara Technologies Limited,INE418L01047,EQ,30-MAR-2021,2.0,,,,,,,,,,,,,2026-04-17T07:40:53.841423+00:00
NBCC,NBCC (India) Limited,INE095N01031,EQ,12-APR-2012,1.0,,,,,,,,,,,,,2026-04-17T07:40:53.841423+00:00
NBIFIN,N. B. I. Industrial Finance Company Limited,INE365I01020,EQ,23-NOV-2016,5.0,,,,,,,,,,,,,2026-04-17T07:40:53.841423+00:00
NCC,NCC Limited,INE868B01028,EQ,14-OCT-2003,2.0,,,,,,,,,,,,,2026-04-17T07:40:53.841423+00:00
NCLIND,NCL Industries Limited,INE732C01016,EQ,03-APR-2007,10.0,,,,,,,,,,,,,2026-04-17T07:40:53.841423+00:00
NDGL,Naga Dhunseri Group Limited,INE756C01015,EQ,29-AUG-2016,10.0,,,,,,,,,,,,,2026-04-17T07:40:53.841423+00:00
NDL,Nandan Denim Limited,INE875G01048,EQ,23-MAR-2012,1.0,,,,,,,,,,,,,2026-04-17T07:40:53.841423+00:00
NDLVENTURE,NDL Ventures Limited,INE353A01023,EQ,24-APR-2007,10.0,,,,,,,,,,,,,2026-04-17T07:40:53.841423+00:00
NDRAUTO,Ndr Auto Components Limited,INE07OG01012,EQ,30-JUL-2020,10.0,,,,,,,,,,,,,2026-04-17T07:40:53.841423+00:00
NDTV,New Delhi Television Limited,INE155G01029,EQ,19-MAY-2004,4.0,,,,,,,,,,,,,2026-04-17T07:40:53.841423+00:00
NECCLTD,North Eastern Carrying Corporation Limited,INE553C01016,EQ,02-MAR-2016,10.0,,,,,,,,,,,,,2026-04-17T07:40:53.841423+00:00
NECLIFE,Nectar Lifesciences Limited,INE023H01027,EQ,18-JUL-2005,1.0,,,,,,,,,,,,,2026-04-17T07:40:53.841423+00:00
NELCAST,Nelcast Limited,INE189I01024,EQ,27-JUN-2007,2.0,,,,,,,,,,,,,2026-04-17T07:40:53.841423+00:00
NELCO,NELCO Limited,INE045B01015,EQ,28-MAY-2003,10.0,,,,,,,,,,,,,2026-04-17T07:40:53.841423+00:00
NEOGEN,Neogen Chemicals Limited,INE136S01016,EQ,08-MAY-2019,10.0,,,,,,,,,,,,,2026-04-17T07:40:53.841423+00:00
NEPHROPLUS,Nephrocare Health Services Limited,INE428V01029,EQ,17-DEC-2025,2.0,,,,,,,,,,,,,2026-04-17T07:40:53.841423+00:00
NESCO,Nesco Limited,INE317F01035,EQ,08-APR-2008,2.0,,,,,,,,,,,,,2026-04-17T07:40:53.841423+00:00
NESTLEIND,Nestle India Limited,INE239A01024,EQ,01-AUG-2023,1.0,,,,,,,,,,,,,2026-04-17T07:40:53.841423+00:00
NETWEB,Netweb Technologies India Limited,INE0NT901020,EQ,27-JUL-2023,2.0,,,,,,,,,,,,,2026-04-17T07:40:53.841423+00:00
NETWORK18,Network18 Media & Investments Limited,INE870H01013,EQ,02-FEB-2007,5.0,,,,,,,,,,,,,2026-04-17T07:40:53.841423+00:00
NEULANDLAB,Neuland Laboratories Limited,INE794A01010,EQ,13-OCT-2008,10.0,,,,,,,,,,,,,2026-04-17T07:40:53.841423+00:00
NEWGEN,Newgen Software Technologies Limited,INE619B01017,EQ,29-JAN-2018,10.0,,,,,,,,,,,,,2026-04-17T07:40:53.841423+00:00
NEXTMEDIA,Next Mediaworks Limited,INE747B01016,EQ,04-APR-2001,10.0,,,,,,,,,,,,,2026-04-17T07:40:53.841423+00:00
NFL,National Fertilizers Limited,INE870D01012,EQ,28-DEC-2006,10.0,,,,,,,,,,,,,2026-04-17T07:40:53.841423+00:00
NGIL,Nakoda Group of Industries Limited,INE236Y01012,EQ,20-AUG-2021,10.0,,,,,,,,,,,,,2026-04-17T07:40:53.841423+00:00
NGLFINE,NGL Fine-Chem Limited,INE887E01022,EQ,08-JUL-2022,5.0,,,,,,,,,,,,,2026-04-17T07:40:53.841423+00:00
NH,Narayana Hrudayalaya Ltd.,INE410P01011,EQ,06-JAN-2016,10.0,,,,,,,,,,,,,2026-04-17T07:40:53.841423+00:00
NHPC,NHPC Limited,INE848E01016,EQ,01-SEP-2009,10.0,,,,,,,,,,,,,2026-04-17T07:40:53.841423+00:00
NIACL,The New India Assurance Company Limited,INE470Y01017,EQ,13-NOV-2017,5.0,,,,,,,,,,,,,2026-04-17T07:40:53.841423+00:00
NIBE,NIBE Limited,INE149O01018,EQ,07-FEB-2025,10.0,,,,,,,,,,,,,2026-04-17T07:40:53.841423+00:00
NIBL,NRB Industrial Bearings Limited,INE047O01014,EQ,09-APR-2013,2.0,,,,,,,,,,,,,2026-04-17T07:40:53.841423+00:00
NIITLTD,NIIT Limited,INE161A01038,EQ,16-AUG-2004,2.0,,,,,,,,,,,,,2026-04-17T07:40:53.841423+00:00
NIITMTS,NIIT Learning Systems Limited,INE342G01023,EQ,08-AUG-2023,2.0,,,,,,,,,,,,,2026-04-17T07:40:53.841423+00:00
NILAINFRA,Nila Infrastructures Limited,INE937C01029,EQ,21-MAY-2015,1.0,,,,,,,,,,,,,2026-04-17T07:40:53.841423+00:00
NILASPACES,Nila Spaces Limited,INE00S901012,EQ,28-DEC-2018,1.0,,,,,,,,,,,,,2026-04-17T07:40:53.841423+00:00
NILKAMAL,Nilkamal Limited,INE310A01015,EQ,01-NOV-1995,10.0,,,,,,,,,,,,,2026-04-17T07:40:53.841423+00:00
NIMBSPROJ,Nimbus Projects Limited,INE875B01015,EQ,06-APR-2026,10.0,,,,,,,,,,,,,2026-04-17T07:40:53.841423+00:00
NINSYS,NINtec Systems Limited,INE395U01014,EQ,21-FEB-2023,10.0,,,,,,,,,,,,,2026-04-17T07:40:53.841423+00:00
NIPPOBATRY,Indo-National Limited,INE567A01028,EQ,06-OCT-1999,5.0,,,,,,,,,,,,,2026-04-17T07:40:53.841423+00:00
NIRAJ,Niraj Cement Structurals Limited,INE368I01016,EQ,01-OCT-2020,10.0,,,,,,,,,,,,,2026-04-17T07:40:53.841423+00:00
NIRAJISPAT,Niraj Ispat Industries Limited,INE326T01011,BE,27-OCT-2016,10.0,,,,,,,,,,,,,2026-04-17T07:40:53.841423+00:00
NITCO,Nitco Limited,INE858F01012,EQ,21-MAR-2006,10.0,,,,,,,,,,,,,2026-04-17T07:40:53.841423+00:00
NITINSPIN,Nitin Spinners Limited,INE229H01012,EQ,02-FEB-2006,10.0,,,,,,,,,,,,,2026-04-17T07:40:53.841423+00:00
NITIRAJ,Nitiraj Engineers Limited,INE439T01012,EQ,22-APR-2021,10.0,,,,,,,,,,,,,2026-04-17T07:40:53.841423+00:00
NIVABUPA,Niva Bupa Health Insurance Company Limited,INE995S01015,EQ,14-NOV-2024,10.0,,,,,,,,,,,,,2026-04-17T07:40:53.841423+00:00
NKIND,NK Industries Limited,INE542C01019,EQ,07-JUL-1995,10.0,,,,,,,,,,,,,2026-04-17T07:40:53.841423+00:00
NLCINDIA,NLC India Limited,INE589A01014,EQ,23-AUG-2000,10.0,,,,,,,,,,,,,2026-04-17T07:40:53.841423+00:00
NMDC,NMDC Limited,INE584A01023,EQ,03-MAR-2008,1.0,,,,,,,,,,,,,2026-04-17T07:40:53.841423+00:00
NOCIL,NOCIL Limited,INE163A01018,EQ,17-JAN-1996,10.0,,,,,,,,,,,,,2026-04-17T07:40:53.841423+00:00
NOIDATOLL,Noida Toll Bridge Company Limited,INE781B01015,EQ,06-DEC-2002,10.0,,,,,,,,,,,,,2026-04-17T07:40:53.841423+00:00
NORBTEAEXP,Norben Tea & Exports Limited,INE369C01017,EQ,26-JUN-1996,10.0,,,,,,,,,,,,,2026-04-17T07:40:53.841423+00:00
NORTHARC,Northern Arc Capital Limited,INE850M01015,EQ,24-SEP-2024,10.0,,,,,,,,,,,,,2026-04-17T07:40:53.841423+00:00
NOVAAGRI,Nova Agritech Limited,INE02H701025,EQ,31-JAN-2024,2.0,,,,,,,,,,,,,2026-04-17T07:40:53.841423+00:00
NPST,Network People Services Technologies Limited,INE0FFK01017,EQ,30-APR-2025,10.0,,,,,,,,,,,,,2026-04-17T07:40:53.841423+00:00
NRAIL,N R Agarwal Industries Limited,INE740D01017,EQ,05-APR-2017,10.0,,,,,,,,,,,,,2026-04-17T07:40:53.841423+00:00
NRBBEARING,NRB Bearing Limited,INE349A01021,EQ,08-MAR-2000,2.0,,,,,,,,,,,,,2026-04-17T07:40:53.841423+00:00
NRL,Nupur Recyclers Limited,INE0JM501013,EQ,12-JAN-2023,10.0,,,,,,,,,,,,,2026-04-17T07:40:53.841423+00:00
NSIL,Nalwa Sons Investments Limited,INE023A01030,EQ,17-NOV-2003,10.0,,,,,,,,,,,,,2026-04-17T07:40:53.841423+00:00
NSLNISP,NMDC Steel Limited,INE0NNS01018,EQ,20-FEB-2023,10.0,,,,,,,,,,,,,2026-04-17T07:40:53.841423+00:00
NTPC,NTPC Limited,INE733E01010,EQ,05-NOV-2004,10.0,,,,,,,,,,,,,2026-04-17T07:40:53.841423+00:00
NTPCGREEN,NTPC Green Energy Limited,INE0ONG01011,EQ,27-NOV-2024,10.0,,,,,,,,,,,,,2026-04-17T07:40:53.841423+00:00
NUCLEUS,Nucleus Software Exports Limited,INE096B01018,EQ,19-DEC-2002,10.0,,,,,,,,,,,,,2026-04-17T07:40:53.841423+00:00
NURECA,Nureca Limited,INE0DSF01015,EQ,25-FEB-2021,10.0,,,,,,,,,,,,,2026-04-17T07:40:53.841423+00:00
NUVAMA,Nuvama Wealth Management Limited,INE531F01023,EQ,26-SEP-2023,2.0,,,,,,,,,,,,,2026-04-17T07:40:53.841423+00:00
NUVOCO,Nuvoco Vistas Corporation Limited,INE118D01016,EQ,23-AUG-2021,10.0,,,,,,,,,,,,,2026-04-17T07:40:53.841423+00:00
NYKAA,FSN E-Commerce Ventures Limited,INE388Y01029,EQ,10-NOV-2021,1.0,,,,,,,,,,,,,2026-04-17T07:40:53.841423+00:00
OAL,Oriental Aromatics Limited,INE959C01023,EQ,11-JUL-2019,5.0,,,,,,,,,,,,,2026-04-17T07:40:53.841423+00:00
OBCL,Orissa Bengal Carrier Limited,INE426Z01016,EQ,07-APR-2022,10.0,,,,,,,,,,,,,2026-04-17T07:40:53.841423+00:00
OBEROIRLTY,Oberoi Realty Limited,INE093I01010,EQ,20-OCT-2010,10.0,,,,,,,,,,,,,2026-04-17T07:40:53.841423+00:00
OCCLLTD,OCCL Limited,INE0PK601023,EQ,29-OCT-2024,2.0,,,,,,,,,,,,,2026-04-17T07:40:53.841423+00:00
ODIGMA,Odigma Consultancy Solutions Limited,INE054301028,BE,12-DEC-2024,1.0,,,,,,,,,,,,,2026-04-17T07:40:53.841423+00:00
OFSS,Oracle Financial Services Software Limited,INE881D01027,EQ,28-JUN-2002,5.0,,,,,,,,,,,,,2026-04-17T07:40:53.841423+00:00
OIL,Oil India Limited,INE274J01014,EQ,30-SEP-2009,10.0,,,,,,,,,,,,,2026-04-17T07:40:53.841423+00:00
OILCOUNTUB,Oil Country Tubular Limited,INE591A01010,EQ,30-AUG-1995,10.0,,,,,,,,,,,,,2026-04-17T07:40:53.841423+00:00
OLAELEC,Ola Electric Mobility Limited,INE0LXG01040,EQ,09-AUG-2024,10.0,,,,,,,,,,,,,2026-04-17T07:40:53.841423+00:00
OLECTRA,Olectra Greentech Limited,INE260D01016,EQ,20-MAR-2002,4.0,,,,,,,,,,,,,2026-04-17T07:40:53.841423+00:00
OMAXAUTO,Omax Autos Limited,INE090B01011,EQ,20-FEB-2003,10.0,,,,,,,,,,,,,2026-04-17T07:40:53.841423+00:00
OMAXE,Omaxe Limited,INE800H01010,EQ,09-AUG-2007,10.0,,,,,,,,,,,,,2026-04-17T07:40:53.841423+00:00
OMFREIGHT,Om Freight Forwarders Limited,INE1BZC01019,EQ,08-OCT-2025,10.0,,,,,,,,,,,,,2026-04-17T07:40:53.841423+00:00
OMINFRAL,OM INFRA LIMITED,INE239D01028,EQ,17-JUN-2011,1.0,,,,,,,,,,,,,2026-04-17T07:40:53.841423+00:00
OMKARCHEM,Omkar Speciality Chemicals Limited,INE474L01016,BZ,10-FEB-2011,10.0,,,,,,,,,,,,,2026-04-17T07:40:53.841423+00:00
OMNI,Omnitech Engineering Limited,INE0UH301010,EQ,05-MAR-2026,5.0,,,,,,,,,,,,,2026-04-17T07:40:53.841423+00:00
OMPOWER,Om Power Transmission Limited,INE25E901019,BE,17-APR-2026,10.0,,,,,,,,,,,,,2026-04-17T07:40:53.841423+00:00
ONELIFECAP,Onelife Capital Advisors Limited,INE912L01015,EQ,17-OCT-2011,10.0,,,,,,,,,,,,,2026-04-17T07:40:53.841423+00:00
ONEPOINT,One Point One Solutions Limited,INE840Y01029,EQ,09-MAY-2019,2.0,,,,,,,,,,,,,2026-04-17T07:40:53.841423+00:00
ONESOURCE,Onesource Specialty Pharma Limited,INE013P01021,EQ,24-JAN-2025,1.0,,,,,,,,,,,,,2026-04-17T07:40:53.841423+00:00
ONGC,Oil & Natural Gas Corporation Limited,INE213A01029,EQ,19-JUL-1995,5.0,,,,,,,,,,,,,2026-04-17T07:40:53.841423+00:00
ONMOBILE,OnMobile Global Limited,INE809I01019,EQ,19-FEB-2008,10.0,,,,,,,,,,,,,2026-04-17T07:40:53.841423+00:00
ONWARDTEC,Onward Technologies Limited,INE229A01017,EQ,07-MAR-2001,10.0,,,,,,,,,,,,,2026-04-17T07:40:53.841423+00:00
OPTIEMUS,Optiemus Infracom Limited,INE350C01017,EQ,08-AUG-2017,10.0,,,,,,,,,,,,,2026-04-17T07:40:53.841423+00:00
ORBTEXP,Orbit Exports Limited,INE231G01010,EQ,05-NOV-2013,10.0,,,,,,,,,,,,,2026-04-17T07:40:53.841423+00:00
ORCHASP,Orchasp Limited,INE215B01022,EQ,07-FEB-2025,2.0,,,,,,,,,,,,,2026-04-17T07:40:53.841423+00:00
ORCHPHARMA,Orchid Pharma Limited,INE191A01027,EQ,02-NOV-2020,10.0,,,,,,,,,,,,,2026-04-17T07:40:53.841423+00:00
ORICONENT,Oricon Enterprises Limited,INE730A01022,EQ,24-JUL-2015,2.0,,,,,,,,,,,,,2026-04-17T07:40:53.841423+00:00
ORIENTALTL,Oriental Trimex Limited,INE998H01012,EQ,07-MAR-2007,10.0,,,,,,,,,,,,,2026-04-17T07:40:53.841423+00:00
ORIENTBELL,Orient Bell Limited,INE607D01018,EQ,14-FEB-2007,10.0,,,,,,,,,,,,,2026-04-17T07:40:53.841423+00:00
ORIENTCEM,Orient Cement Limited,INE876N01018,EQ,12-JUL-2013,1.0,,,,,,,,,,,,,2026-04-17T07:40:53.841423+00:00
ORIENTCER,ORIENT CERATECH LIMITED,INE569C01020,EQ,15-DEC-2005,1.0,,,,,,,,,,,,,2026-04-17T07:40:53.841423+00:00
ORIENTELEC,Orient Electric Limited,INE142Z01019,EQ,14-MAY-2018,1.0,,,,,,,,,,,,,2026-04-17T07:40:53.841423+00:00
ORIENTHOT,Oriental Hotels Limited,INE750A01020,EQ,27-AUG-1998,1.0,,,,,,,,,,,,,2026-04-17T07:40:53.841423+00:00
ORIENTLTD,Orient Press Limited,INE609C01024,EQ,03-MAR-2010,10.0,,,,,,,,,,,,,2026-04-17T07:40:53.841423+00:00
ORIENTPPR,Orient Paper & Industries Limited,INE592A01026,EQ,29-MAR-1995,1.0,,,,,,,,,,,,,2026-04-17T07:40:53.841423+00:00
ORIENTTECH,Orient Technologies Limited,INE0PPK01015,EQ,28-AUG-2024,10.0,,,,,,,,,,,,,2026-04-17T07:40:53.841423+00:00
ORISSAMINE,The Orissa Minerals Development Company Limited,INE725E01024,EQ,29-SEP-2010,1.0,,,,,,,,,,,,,2026-04-17T07:40:53.841423+00:00
ORKLAINDIA,Orkla India Limited,INE16NZ01023,EQ,06-NOV-2025,1.0,,,,,,,,,,,,,2026-04-17T07:40:53.841423+00:00
ORTEL,Ortel Communications Limited,INE849L01019,BZ,19-MAR-2015,10.0,,,,,,,,,,,,,2026-04-17T07:40:53.841423+00:00
ORTINGLOBE,ORTIN GLOBAL LIMITED,INE749B01020,BE,30-MAR-2021,10.0,,,,,,,,,,,,,2026-04-17T07:40:53.841423+00:00
OSIAHYPER,Osia Hyper Retail Limited,INE06IR01021,EQ,01-DEC-2022,1.0,,,,,,,,,,,,,2026-04-17T07:40:53.841423+00:00
OSWALAGRO,Oswal Agro Mills Limited,INE142A01012,EQ,29-MAR-1995,10.0,,,,,,,,,,,,,2026-04-17T07:40:53.841423+00:00
OSWALGREEN,Oswal Greentech Limited,INE143A01010,EQ,28-AUG-1996,10.0,,,,,,,,,,,,,2026-04-17T07:40:53.841423+00:00
OSWALPUMPS,Oswal Pumps Limited,INE0BYP01024,EQ,20-JUN-2025,1.0,,,,,,,,,,,,,2026-04-17T07:40:53.841423+00:00
OSWALSEEDS,ShreeOswal Seeds And Chemicals Limited,INE00IK01029,EQ,28-FEB-2023,2.0,,,,,,,,,,,,,2026-04-17T07:40:53.841423+00:00
PACEDIGITK,Pace Digitek Limited,INE0S3G01027,EQ,06-OCT-2025,2.0,,,,,,,,,,,,,2026-04-17T07:40:53.841423+00:00
PAGEIND,Page Industries Limited,INE761H01022,EQ,16-MAR-2007,10.0,,,,,,,,,,,,,2026-04-17T07:40:53.841423+00:00
PAISALO,Paisalo Digital Limited,INE420C01059,EQ,17-OCT-2011,1.0,,,,,,,,,,,,,2026-04-17T07:40:53.841423+00:00
PAKKA,PAKKA LIMITED,INE551D01018,EQ,11-JUL-2023,10.0,,,,,,,,,,,,,2026-04-17T07:40:53.841423+00:00
PALASHSECU,Palash Securities Limited,INE471W01019,EQ,28-JUL-2017,10.0,,,,,,,,,,,,,2026-04-17T07:40:53.841423+00:00
PALREDTEC,Palred Technologies Limited,INE218G01033,EQ,09-MAY-2016,10.0,,,,,,,,,,,,,2026-04-17T07:40:53.841423+00:00
PANACEABIO,Panacea Biotec Limited,INE922B01023,EQ,17-APR-1996,1.0,,,,,,,,,,,,,2026-04-17T07:40:53.841423+00:00
PANACHE,Panache Digilife Limited,INE895W01019,BE,06-JAN-2020,10.0,,,,,,,,,,,,,2026-04-17T07:40:53.841423+00:00
PANAMAPET,Panama Petrochem Limited,INE305C01029,EQ,30-SEP-2011,2.0,,,,,,,,,,,,,2026-04-17T07:40:53.841423+00:00
PANSARI,Pansari Developers Limited,INE697V01011,EQ,18-OCT-2021,10.0,,,,,,,,,,,,,2026-04-17T07:40:53.841423+00:00
PAR,Par Drugs And Chemicals Limited,INE04LG01015,EQ,16-SEP-2021,10.0,,,,,,,,,,,,,2026-04-17T07:40:53.841423+00:00
PARACABLES,Paramount Communications Limited,INE074B01023,EQ,03-JAN-2007,2.0,,,,,,,,,,,,,2026-04-17T07:40:53.841423+00:00
PARADEEP,Paradeep Phosphates Limited,INE088F01024,EQ,27-MAY-2022,10.0,,,,,,,,,,,,,2026-04-17T07:40:53.841423+00:00
PARAGMILK,Parag Milk Foods Limited,INE883N01014,EQ,19-MAY-2016,10.0,,,,,,,,,,,,,2026-04-17T07:40:53.841423+00:00
PARAS,Paras Defence and Space Technologies Limited,INE045601023,EQ,01-OCT-2021,5.0,,,,,,,,,,,,,2026-04-17T07:40:53.841423+00:00
PARASPETRO,Paras Petrofils Limited,INE162C01024,BE,14-FEB-1996,1.0,,,,,,,,,,,,,2026-04-17T07:40:53.841423+00:00
PARKHOSPS,Park Medi World Limited,INE119201023,EQ,17-DEC-2025,2.0,,,,,,,,,,,,,2026-04-17T07:40:53.841423+00:00
PARKHOTELS,Apeejay Surrendra Park Hotels Limited,INE988S01028,EQ,12-FEB-2024,1.0,,,,,,,,,,,,,2026-04-17T07:40:53.841423+00:00
PARSVNATH,Parsvnath Developers Limited,INE561H01026,EQ,30-NOV-2006,5.0,,,,,,,,,,,,,2026-04-17T07:40:53.841423+00:00
PASHUPATI,Pashupati Cotspin Limited,INE124Y01028,EQ,17-JUL-2025,1.0,,,,,,,,,,,,,2026-04-17T07:40:53.841423+00:00
PASUPTAC,Pasupati Acrylon Limited,INE818B01023,EQ,12-OCT-2021,10.0,,,,,,,,,,,,,2026-04-17T07:40:53.841423+00:00
PATANJALI,Patanjali Foods Limited,INE619A01035,EQ,24-JAN-2020,2.0,,,,,,,,,,,,,2026-04-17T07:40:53.841423+00:00
PATELENG,Patel Engineering Limited,INE244B01030,EQ,24-FEB-2005,1.0,,,,,,,,,,,,,2026-04-17T07:40:53.841423+00:00
PATELRMART,Patel Retail Limited,INE0R8B01010,EQ,26-AUG-2025,10.0,,,,,,,,,,,,,2026-04-17T07:40:53.841423+00:00
PATINTLOG,Patel Integrated Logistics Limited,INE529D01014,EQ,11-JAN-2008,10.0,,,,,,,,,,,,,2026-04-17T07:40:53.841423+00:00
PAUSHAKLTD,Paushak Limited,INE111F01024,EQ,01-DEC-2025,5.0,,,,,,,,,,,,,2026-04-17T07:40:53.841423+00:00
PAVNAIND,Pavna Industries Limited,INE07S101038,EQ,01-JUN-2023,1.0,,,,,,,,,,,,,2026-04-17T07:40:53.841423+00:00
PAYTM,One 97 Communications Limited,INE982J01020,EQ,18-NOV-2021,1.0,,,,,,,,,,,,,2026-04-17T07:40:53.841423+00:00
PCBL,PCBL Chemical Limited,INE602A01031,EQ,29-MAR-1995,1.0,,,,,,,,,,,,,2026-04-17T07:40:53.841423+00:00
PCJEWELLER,PC Jeweller Limited,INE785M01021,EQ,27-DEC-2012,1.0,,,,,,,,,,,,,2026-04-17T07:40:53.841423+00:00
PDMJEPAPER,Pudumjee Paper Products Limited,INE865T01018,EQ,30-MAR-2016,1.0,,,,,,,,,,,,,2026-04-17T07:40:53.841423+00:00
PDSL,PDS Limited,INE111Q01021,EQ,21-OCT-2014,2.0,,,,,,,,,,,,,2026-04-17T07:40:53.841423+00:00
PEARLPOLY,Pearl Polymers Limited,INE844A01013,EQ,11-OCT-1995,10.0,,,,,,,,,,,,,2026-04-17T07:40:53.841423+00:00
PENIND,Pennar Industries Limited,INE932A01024,EQ,25-NOV-2010,5.0,,,,,,,,,,,,,2026-04-17T07:40:53.841423+00:00
PENINLAND,Peninsula Land Limited,INE138A01028,EQ,08-FEB-1995,2.0,,,,,,,,,,,,,2026-04-17T07:40:53.841423+00:00
PERSISTENT,Persistent Systems Limited,INE262H01021,EQ,06-APR-2010,5.0,,,,,,,,,,,,,2026-04-17T07:40:53.841423+00:00
PETRONET,Petronet LNG Limited,INE347G01014,EQ,26-MAR-2004,10.0,,,,,,,,,,,,,2026-04-17T07:40:53.841423+00:00
PFC,Power Finance Corporation Limited,INE134E01011,EQ,23-FEB-2007,10.0,,,,,,,,,,,,,2026-04-17T07:40:53.841423+00:00
PFIZER,Pfizer Limited,INE182A01018,EQ,28-APR-1999,10.0,,,,,,,,,,,,,2026-04-17T07:40:53.841423+00:00
PFOCUS,Prime Focus Limited,INE367G01038,EQ,20-JUN-2006,1.0,,,,,,,,,,,,,2026-04-17T07:40:53.841423+00:00
PFS,PTC India Financial Services Limited,INE560K01014,EQ,30-MAR-2011,10.0,,,,,,,,,,,,,2026-04-17T07:40:53.841423+00:00
PGEL,PG Electroplast Limited,INE457L01029,EQ,26-SEP-2011,1.0,,,,,,,,,,,,,2026-04-17T07:40:53.841423+00:00
PGHH,Procter & Gamble Hygiene and Health Care Limited,INE179A01014,EQ,07-JUL-2004,10.0,,,,,,,,,,,,,2026-04-17T07:40:53.841423+00:00
PGHL,Procter & Gamble Health Limited,INE199A01012,EQ,24-APR-1996,10.0,,,,,,,,,,,,,2026-04-17T07:40:53.841423+00:00
PGIL,Pearl Global Industries Limited,INE940H01022,EQ,15-FEB-2007,5.0,,,,,,,,,,,,,2026-04-17T07:40:53.841423+00:00
PHOENIXLTD,The Phoenix Mills Limited,INE211B01039,EQ,23-APR-2007,2.0,,,,,,,,,,,,,2026-04-17T07:40:53.841423+00:00
PICCADIL,Piccadily Agro Industries Limited,INE546C01010,EQ,02-JUL-2025,10.0,,,,,,,,,,,,,2026-04-17T07:40:53.841423+00:00
PIDILITIND,Pidilite Industries Limited,INE318A01026,EQ,29-MAR-1995,1.0,,,,,,,,,,,,,2026-04-17T07:40:53.841423+00:00
PIGL,Power & Instrumentation (Gujarat) Limited,INE557Z01018,EQ,17-MAY-2023,10.0,,,,,,,,,,,,,2026-04-17T07:40:53.841423+00:00
PIIND,PI Industries Limited,INE603J01030,EQ,15-JUN-2011,1.0,,,,,,,,,,,,,2026-04-17T07:40:53.841423+00:00
PILANIINVS,Pilani Investment and Industries Corporation Limited,INE417C01014,EQ,08-DEC-2015,10.0,,,,,,,,,,,,,2026-04-17T07:40:53.841423+00:00
PILITA,PIL ITALICA LIFESTYLE LIMITED,INE600A01035,EQ,07-OCT-2013,1.0,,,,,,,,,,,,,2026-04-17T07:40:53.841423+00:00
PINELABS,Pine Labs Limited,INE15B701018,EQ,14-NOV-2025,1.0,,,,,,,,,,,,,2026-04-17T07:40:53.841423+00:00
PIONEEREMB,Pioneer Embroideries Limited,INE156C01018,EQ,16-MAY-2006,10.0,,,,,,,,,,,,,2026-04-17T07:40:53.841423+00:00
PIRAMALFIN,Piramal Finance Limited,INE202B01038,EQ,07-NOV-2025,2.0,,,,,,,,,,,,,2026-04-17T07:40:53.841423+00:00
PITTIENG,Pitti Engineering Limited,INE450D01021,EQ,02-FEB-2007,5.0,,,,,,,,,,,,,2026-04-17T07:40:53.841423+00:00
PIXTRANS,Pix Transmissions Limited,INE751B01018,EQ,28-APR-2022,10.0,,,,,,,,,,,,,2026-04-17T07:40:53.841423+00:00
PKTEA,The Peria Karamalai Tea & Produce Company Limited,INE431F01018,EQ,19-AUG-2015,10.0,,,,,,,,,,,,,2026-04-17T07:40:53.841423+00:00
PLASTIBLEN,Plastiblends India Limited,INE083C01022,EQ,28-DEC-2006,5.0,,,,,,,,,,,,,2026-04-17T07:40:53.841423+00:00
PLATIND,Platinum Industries Limited,INE0PT501018,EQ,05-MAR-2024,10.0,,,,,,,,,,,,,2026-04-17T07:40:53.841423+00:00
PLAZACABLE,Plaza Wires Limited,INE0INJ01017,EQ,12-OCT-2023,10.0,,,,,,,,,,,,,2026-04-17T07:40:53.841423+00:00
PNB,Punjab National Bank,INE160A01022,EQ,24-APR-2002,2.0,,,,,,,,,,,,,2026-04-17T07:40:53.841423+00:00
PNBGILTS,PNB Gilts Limited,INE859A01011,EQ,18-SEP-2000,10.0,,,,,,,,,,,,,2026-04-17T07:40:53.841423+00:00
PNBHOUSING,PNB Housing Finance Limited,INE572E01012,EQ,07-NOV-2016,10.0,,,,,,,,,,,,,2026-04-17T07:40:53.841423+00:00
PNC,Pritish Nandy Communications Limited,INE392B01011,BE,11-DEC-2000,10.0,,,,,,,,,,,,,2026-04-17T07:40:53.841423+00:00
PNCINFRA,PNC Infratech Limited,INE195J01029,EQ,26-MAY-2015,2.0,,,,,,,,,,,,,2026-04-17T07:40:53.841423+00:00
PNGJL,P N Gadgil Jewellers Limited,INE953R01016,EQ,17-SEP-2024,10.0,,,,,,,,,,,,,2026-04-17T07:40:53.841423+00:00
PNGSREVA,PNGS Reva Diamond Jewellery Limited,INE1RDG01013,EQ,04-MAR-2026,10.0,,,,,,,,,,,,,2026-04-17T07:40:53.841423+00:00
POCL,Pondy Oxides & Chemicals Limited,INE063E01053,EQ,06-MAR-2023,5.0,,,,,,,,,,,,,2026-04-17T07:40:53.841423+00:00
PODDARMENT,Poddar Pigments Limited,INE371C01013,EQ,22-NOV-2016,10.0,,,,,,,,,,,,,2026-04-17T07:40:53.841423+00:00
POKARNA,Pokarna Limited,INE637C01025,EQ,07-JUL-2016,2.0,,,,,,,,,,,,,2026-04-17T07:40:53.841423+00:00
POLICYBZR,PB Fintech Limited,INE417T01026,EQ,15-NOV-2021,2.0,,,,,,,,,,,,,2026-04-17T07:40:53.841423+00:00
POLYCAB,Polycab India Limited,INE455K01017,EQ,16-APR-2019,10.0,,,,,,,,,,,,,2026-04-17T07:40:53.841423+00:00
POLYMED,Poly Medicure Limited,INE205C01021,EQ,07-DEC-2011,5.0,,,,,,,,,,,,,2026-04-17T07:40:53.841423+00:00
POLYPLEX,Polyplex Corporation Limited,INE633B01018,EQ,11-APR-2003,10.0,,,,,,,,,,,,,2026-04-17T07:40:53.841423+00:00
PONNIERODE,Ponni Sugars (Erode) Limited,INE838E01017,EQ,16-APR-2002,10.0,,,,,,,,,,,,,2026-04-17T07:40:53.841423+00:00
POONAWALLA,Poonawalla Fincorp Limited,INE511C01022,EQ,27-APR-2004,2.0,,,,,,,,,,,,,2026-04-17T07:40:53.841423+00:00
POWERGRID,Power Grid Corporation of India Limited,INE752E01010,EQ,05-OCT-2007,10.0,,,,,,,,,,,,,2026-04-17T07:40:53.841423+00:00
POWERICA,Powerica Limited,INE921L01032,EQ,02-APR-2026,5.0,,,,,,,,,,,,,2026-04-17T07:40:53.841423+00:00
POWERINDIA,Hitachi Energy India Limited,INE07Y701011,EQ,30-MAR-2020,2.0,,,,,,,,,,,,,2026-04-17T07:40:53.841423+00:00
POWERMECH,Power Mech Projects Limited,INE211R01019,EQ,26-AUG-2015,10.0,,,,,,,,,,,,,2026-04-17T07:40:53.841423+00:00
PPAP,PPAP Automotive Limited,INE095I01015,EQ,11-JAN-2008,10.0,,,,,,,,,,,,,2026-04-17T07:40:53.841423+00:00
PPL,Prakash Pipes Limited,INE050001010,EQ,14-JUN-2019,10.0,,,,,,,,,,,,,2026-04-17T07:40:53.841423+00:00
PPLPHARMA,Piramal Pharma Limited,INE0DK501011,EQ,19-OCT-2022,10.0,,,,,,,,,,,,,2026-04-17T07:40:53.841423+00:00
PRABHA,Prabha Energy Limited,INE0I0M01023,EQ,19-MAR-2025,1.0,,,,,,,,,,,,,2026-04-17T07:40:53.841423+00:00
PRAENG,Prajay Engineers Syndicate Limited,INE505C01016,EQ,02-JAN-2007,10.0,,,,,,,,,,,,,2026-04-17T07:40:53.841423+00:00
PRAJIND,Praj Industries Limited,INE074A01025,EQ,11-OCT-1995,2.0,,,,,,,,,,,,,2026-04-17T07:40:53.841423+00:00
PRAKASH,Prakash Industries Limited,INE603A01013,EQ,10-MAY-1995,10.0,,,,,,,,,,,,,2026-04-17T07:40:53.841423+00:00
PRAKASHSTL,Prakash Steelage Limited,INE696K01024,EQ,25-AUG-2010,1.0,,,,,,,,,,,,,2026-04-17T07:40:53.841423+00:00
PRAXIS,Praxis Home Retail Limited,INE546Y01022,EQ,31-JAN-2018,5.0,,,,,,,,,,,,,2026-04-17T07:40:53.841423+00:00
PRECAM,Precision Camshafts Limited,INE484I01029,EQ,08-FEB-2016,10.0,,,,,,,,,,,,,2026-04-17T07:40:53.841423+00:00
PRECOT,Precot Limited,INE283A01014,BE,19-AUG-2005,10.0,,,,,,,,,,,,,2026-04-17T07:40:53.841423+00:00
PRECWIRE,Precision Wires India Limited,INE372C01037,EQ,06-SEP-1995,1.0,,,,,,,,,,,,,2026-04-17T07:40:53.841423+00:00
PREMEXPLN,Premier Explosives Limited,INE863B01029,EQ,17-JUN-2016,2.0,,,,,,,,,,,,,2026-04-17T07:40:53.841423+00:00
PREMIER,Premier Limited,INE342A01018,BE,03-APR-1996,10.0,,,,,,,,,,,,,2026-04-17T07:40:53.841423+00:00
PREMIERENE,Premier Energies Limited,INE0BS701011,EQ,03-SEP-2024,1.0,,,,,,,,,,,,,2026-04-17T07:40:53.841423+00:00
PREMIERPOL,Premier Polyfilm Limited,INE309M01020,BE,13-DEC-1995,1.0,,,,,,,,,,,,,2026-04-17T07:40:53.841423+00:00
PRESTIGE,Prestige Estates Projects Limited,INE811K01011,EQ,27-OCT-2010,10.0,,,,,,,,,,,,,2026-04-17T07:40:53.841423+00:00
PRICOLLTD,Pricol Limited,INE726V01018,EQ,10-FEB-2017,1.0,,,,,,,,,,,,,2026-04-17T07:40:53.841423+00:00
PRIMESECU,Prime Securities Limited,INE032B01021,EQ,17-JUN-2005,5.0,,,,,,,,,,,,,2026-04-17T07:40:53.841423+00:00
PRIMO,Primo Chemicals Limited,INE607A01022,EQ,22-APR-2025,2.0,,,,,,,,,,,,,2026-04-17T07:40:53.841423+00:00
PRINCEPIPE,Prince Pipes And Fittings Limited,INE689W01016,EQ,30-DEC-2019,10.0,,,,,,,,,,,,,2026-04-17T07:40:53.841423+00:00
PRITI,Priti International Limited,INE974Z01015,BE,02-MAR-2022,10.0,,,,,,,,,,,,,2026-04-17T07:40:53.841423+00:00
PRITIKAUTO,Pritika Auto Industries Limited,INE583R01029,EQ,10-AUG-2021,2.0,,,,,,,,,,,,,2026-04-17T07:40:53.841423+00:00
PRIVISCL,Privi Speciality Chemicals Limited,INE959A01019,EQ,08-MAY-2015,10.0,,,,,,,,,,,,,2026-04-17T07:40:53.841423+00:00
PROSTARM,Prostarm Info Systems Limited,INE0BX301013,EQ,03-JUN-2025,10.0,,,,,,,,,,,,,2026-04-17T07:40:53.841423+00:00
PROTEAN,Protean eGov Technologies Limited,INE004A01022,EQ,06-FEB-2025,10.0,,,,,,,,,,,,,2026-04-17T07:40:53.841423+00:00
PROZONER,Prozone Realty Limited,INE195N01013,EQ,12-SEP-2012,2.0,,,,,,,,,,,,,2026-04-17T07:40:53.841423+00:00
PRSMJOHNSN,Prism Johnson Limited,INE010A01011,EQ,20-AUG-2003,10.0,,,,,,,,,,,,,2026-04-17T07:40:53.841423+00:00
PRUDENT,Prudent Corporate Advisory Services Limited,INE00F201020,EQ,20-MAY-2022,5.0,,,,,,,,,,,,,2026-04-17T07:40:53.841423+00:00
PRUDMOULI,Prudential Sugar Corporation Limited,INE024D01016,EQ,10-MAY-1995,10.0,,,,,,,,,,,,,2026-04-17T07:40:53.841423+00:00
PSB,Punjab & Sind Bank,INE608A01012,EQ,30-DEC-2010,10.0,,,,,,,,,,,,,2026-04-17T07:40:53.841423+00:00
PSPPROJECT,PSP Projects Limited,INE488V01015,EQ,29-MAY-2017,10.0,,,,,,,,,,,,,2026-04-17T07:40:53.841423+00:00
PTC,PTC India Limited,INE877F01012,EQ,07-APR-2004,10.0,,,,,,,,,,,,,2026-04-17T07:40:53.841423+00:00
PTCIL,PTC Industries Limited,INE596F01018,EQ,09-JUN-2023,10.0,,,,,,,,,,,,,2026-04-17T07:40:53.841423+00:00
PTL,PTL Enterprises Limited,INE034D01049,EQ,29-JAN-2007,1.0,,,,,,,,,,,,,2026-04-17T07:40:53.841423+00:00
PUNJABCHEM,Punjab Chemicals & Crop Protection Limited,INE277B01014,EQ,08-MAR-2007,10.0,,,,,,,,,,,,,2026-04-17T07:40:53.841423+00:00
PURVA,Puravankara Limited,INE323I01011,EQ,30-AUG-2007,5.0,,,,,,,,,,,,,2026-04-17T07:40:53.841423+00:00
PVP,PVP Ventures Limited,INE362A01016,EQ,03-APR-1996,10.0,,,,,,,,,,,,,2026-04-17T07:40:53.841423+00:00
PVRINOX,PVR INOX Limited,INE191H01014,EQ,04-JAN-2006,10.0,,,,,,,,,,,,,2026-04-17T07:40:53.841423+00:00
PVSL,Popular Vehicles and Services Limited,INE772T01024,EQ,19-MAR-2024,2.0,,,,,,,,,,,,,2026-04-17T07:40:53.841423+00:00
PWL,Physicswallah Limited,INE0LP301011,EQ,18-NOV-2025,1.0,,,,,,,,,,,,,2026-04-17T07:40:53.841423+00:00
PYRAMID,Pyramid Technoplast Limited,INE0MIS01010,EQ,29-AUG-2023,10.0,,,,,,,,,,,,,2026-04-17T07:40:53.841423+00:00
QPOWER,Quality Power Electrical Equipments Limited,INE0SII01026,EQ,24-FEB-2025,10.0,,,,,,,,,,,,,2026-04-17T07:40:53.841423+00:00
QUADFUTURE,Quadrant Future Tek Limited,INE0LRY01011,EQ,14-JAN-2025,10.0,,,,,,,,,,,,,2026-04-17T07:40:53.841423+00:00
QUESS,Quess Corp Limited,INE615P01015,EQ,12-JUL-2016,10.0,,,,,,,,,,,,,2026-04-17T07:40:53.841423+00:00
QUICKHEAL,Quick Heal Technologies Limited,INE306L01010,EQ,18-FEB-2016,10.0,,,,,,,,,,,,,2026-04-17T07:40:53.841423+00:00
RACE,Race Eco Chain Limited,INE084Q01012,BE,09-MAY-2023,10.0,,,,,,,,,,,,,2026-04-17T07:40:53.841423+00:00
RACLGEAR,RACL Geartech Limited,INE704B01017,EQ,27-NOV-2024,10.0,,,,,,,,,,,,,2026-04-17T07:40:53.841423+00:00
RADAAN,Radaan Mediaworks India Limited,INE874F01027,EQ,27-FEB-2003,2.0,,,,,,,,,,,,,2026-04-17T07:40:53.841423+00:00
RADHIKAJWE,Radhika Jeweltech Limited,INE583V01021,EQ,18-JUL-2022,2.0,,,,,,,,,,,,,2026-04-17T07:40:53.841423+00:00
RADIANTCMS,Radiant Cash Management Services Limited,INE855R01021,EQ,04-JAN-2023,1.0,,,,,,,,,,,,,2026-04-17T07:40:53.841423+00:00
RADICO,Radico Khaitan Limited,INE944F01028,EQ,18-JUN-2003,2.0,,,,,,,,,,,,,2026-04-17T07:40:53.841423+00:00
RADIOCITY,Music Broadcast Limited,INE919I01024,BE,17-MAR-2017,2.0,,,,,,,,,,,,,2026-04-17T07:40:53.841423+00:00
RAILTEL,Railtel Corporation Of India Limited,INE0DD101019,EQ,26-FEB-2021,10.0,,,,,,,,,,,,,2026-04-17T07:40:53.841423+00:00
RAIN,Rain Industries Limited,INE855B01025,EQ,03-MAR-2008,2.0,,,,,,,,,,,,,2026-04-17T07:40:53.841423+00:00
RAINBOW,Rainbow Childrens Medicare Limited,INE961O01016,EQ,10-MAY-2022,10.0,,,,,,,,,,,,,2026-04-17T07:40:53.841423+00:00
RAJESHEXPO,Rajesh Exports Limited,INE343B01030,BZ,09-FEB-2000,1.0,,,,,,,,,,,,,2026-04-17T07:40:53.841423+00:00
RAJMET,Rajnandini Metal Limited,INE00KV01022,BE,16-FEB-2021,1.0,,,,,,,,,,,,,2026-04-17T07:40:53.841423+00:00
RAJOOENG,Rajoo Engineers Limited,INE535F01024,EQ,29-MAY-2025,1.0,,,,,,,,,,,,,2026-04-17T07:40:53.841423+00:00
RAJRATAN,Rajratan Global Wire Limited,INE451D01029,EQ,22-MAY-2020,2.0,,,,,,,,,,,,,2026-04-17T07:40:53.841423+00:00
RAJRILTD,Raj Rayon Industries Limited,INE533D01032,BE,16-MAR-2022,1.0,,,,,,,,,,,,,2026-04-17T07:40:53.841423+00:00
RAJSREESUG,Rajshree Sugars & Chemicals Limited,INE562B01019,EQ,29-MAR-1995,10.0,,,,,,,,,,,,,2026-04-17T07:40:53.841423+00:00
RAJTV,Raj Television Network Limited,INE952H01027,EQ,16-MAR-2007,5.0,,,,,,,,,,,,,2026-04-17T07:40:53.841423+00:00
RALLIS,Rallis India Limited,INE613A01020,EQ,01-APR-1999,1.0,,,,,,,,,,,,,2026-04-17T07:40:53.841423+00:00
RAMANEWS,Shree Rama Newsprint Limited,INE278B01020,EQ,20-SEP-2006,10.0,,,,,,,,,,,,,2026-04-17T07:40:53.841423+00:00
RAMAPHO,Rama Phosphates Limited,INE809A01032,EQ,05-AUG-2022,5.0,,,,,,,,,,,,,2026-04-17T07:40:53.841423+00:00
RAMASTEEL,Rama Steel Tubes Limited,INE230R01035,EQ,19-AUG-2015,1.0,,,,,,,,,,,,,2026-04-17T07:40:53.841423+00:00
RAMCOCEM,The Ramco Cements Limited,INE331A01037,EQ,09-APR-1997,1.0,,,,,,,,,,,,,2026-04-17T07:40:53.841423+00:00
RAMCOIND,Ramco Industries Limited,INE614A01028,EQ,06-NOV-1996,1.0,,,,,,,,,,,,,2026-04-17T07:40:53.841423+00:00
RAMCOSYS,Ramco Systems Limited,INE246B01019,EQ,12-APR-2000,10.0,,,,,,,,,,,,,2026-04-17T07:40:53.841423+00:00
RAMKY,Ramky Infrastructure Limited,INE874I01013,EQ,08-OCT-2010,10.0,,,,,,,,,,,,,2026-04-17T07:40:53.841423+00:00
RAMRAT,Ram Ratna Wires Limited,INE207E01023,EQ,29-JUL-2022,5.0,,,,,,,,,,,,,2026-04-17T07:40:53.841423+00:00
RANASUG,Rana Sugars Limited,INE625B01014,EQ,24-FEB-2005,10.0,,,,,,,,,,,,,2026-04-17T07:40:53.841423+00:00
RANEHOLDIN,Rane Holdings Limited,INE384A01010,EQ,24-SEP-1997,10.0,,,,,,,,,,,,,2026-04-17T07:40:53.841423+00:00
RATEGAIN,Rategain Travel Technologies Limited,INE0CLI01024,EQ,17-DEC-2021,1.0,,,,,,,,,,,,,2026-04-17T07:40:53.841423+00:00
RATNAMANI,Ratnamani Metals & Tubes Limited,INE703B01027,EQ,09-MAY-2006,2.0,,,,,,,,,,,,,2026-04-17T07:40:53.841423+00:00
RATNAVEER,Ratnaveer Precision Engineering Limited,INE05CZ01011,EQ,11-SEP-2023,10.0,,,,,,,,,,,,,2026-04-17T07:40:53.841423+00:00
RAYMOND,Raymond Limited,INE301A01014,EQ,18-OCT-1995,10.0,,,,,,,,,,,,,2026-04-17T07:40:53.841423+00:00
RAYMONDLSL,Raymond Lifestyle Limited,INE02ID01020,EQ,05-SEP-2024,2.0,,,,,,,,,,,,,2026-04-17T07:40:53.841423+00:00
RAYMONDREL,Raymond Realty Limited,INE1SY401010,EQ,01-JUL-2025,10.0,,,,,,,,,,,,,2026-04-17T07:40:53.841423+00:00
RBA,Restaurant Brands Asia Limited,INE07T201019,EQ,14-DEC-2020,10.0,,,,,,,,,,,,,2026-04-17T07:40:53.841423+00:00
RBLBANK,RBL Bank Limited,INE976G01028,EQ,31-AUG-2016,10.0,,,,,,,,,,,,,2026-04-17T07:40:53.841423+00:00
RBZJEWEL,RBZ Jewellers Limited,INE0PEQ01016,EQ,27-DEC-2023,10.0,,,,,,,,,,,,,2026-04-17T07:40:53.841423+00:00
RCF,Rashtriya Chemicals and Fertilizers Limited,INE027A01015,EQ,07-JAN-1998,10.0,,,,,,,,,,,,,2026-04-17T07:40:53.841423+00:00
RCOM,Reliance Communications Limited,INE330H01018,BE,06-MAR-2006,5.0,,,,,,,,,,,,,2026-04-17T07:40:53.841423+00:00
RECLTD,REC Limited,INE020B01018,EQ,12-MAR-2008,10.0,,,,,,,,,,,,,2026-04-17T07:40:53.841423+00:00
REDINGTON,Redington Limited,INE891D01026,EQ,15-FEB-2007,2.0,,,,,,,,,,,,,2026-04-17T07:40:53.841423+00:00
REDTAPE,Redtape Limited,INE0LXT01019,EQ,11-AUG-2023,2.0,,,,,,,,,,,,,2026-04-17T07:40:53.841423+00:00
REFEX,Refex Industries Limited,INE056I01025,EQ,03-DEC-2009,2.0,,,,,,,,,,,,,2026-04-17T07:40:53.841423+00:00
REGAAL,Regaal Resources Limited,INE0MHO01029,EQ,20-AUG-2025,5.0,,,,,,,,,,,,,2026-04-17T07:40:53.841423+00:00
REGENCERAM,Regency Ceramics Limited,INE277C01012,EQ,05-JUN-1996,10.0,,,,,,,,,,,,,2026-04-17T07:40:53.841423+00:00
RELAXO,Relaxo Footwears Limited,INE131B01039,EQ,17-JUN-2011,1.0,,,,,,,,,,,,,2026-04-17T07:40:53.841423+00:00
RELCHEMQ,Reliance Chemotex Industries Limited,INE750D01016,EQ,25-MAY-2022,10.0,,,,,,,,,,,,,2026-04-17T07:40:53.841423+00:00
RELIABLE,Reliable Data Services Limited,INE375Y01018,EQ,10-JUL-2024,10.0,,,,,,,,,,,,,2026-04-17T07:40:53.841423+00:00
RELIANCE,Reliance Industries Limited,INE002A01018,EQ,29-NOV-1995,10.0,,,,,,,,,,,,,2026-04-17T07:40:53.841423+00:00
RELIGARE,Religare Enterprises Limited,INE621H01010,EQ,21-NOV-2007,10.0,,,,,,,,,,,,,2026-04-17T07:40:53.841423+00:00
RELTD,Ravindra Energy Limited,INE206N01018,EQ,30-JUL-2024,10.0,,,,,,,,,,,,,2026-04-17T07:40:53.841423+00:00
REMSONSIND,Remsons Industries Limited,INE474C01023,EQ,31-JAN-1996,2.0,,,,,,,,,,,,,2026-04-17T07:40:53.841423+00:00
RENUKA,Shree Renuka Sugars Limited,INE087H01022,EQ,31-OCT-2005,1.0,,,,,,,,,,,,,2026-04-17T07:40:53.841423+00:00
REPCOHOME,Repco Home Finance Limited,INE612J01015,EQ,01-APR-2013,10.0,,,,,,,,,,,,,2026-04-17T07:40:53.841423+00:00
REPL,Rudrabhishek Enterprises Limited,INE364Z01019,BE,14-DEC-2020,10.0,,,,,,,,,,,,,2026-04-17T07:40:53.841423+00:00
REPRO,Repro India Limited,INE461B01014,EQ,22-DEC-2005,10.0,,,,,,,,,,,,,2026-04-17T07:40:53.841423+00:00
RESPONIND,Responsive Industries Limited,INE688D01026,EQ,29-OCT-2010,1.0,,,,,,,,,,,,,2026-04-17T07:40:53.841423+00:00
RETAIL,JHS Svendgaard Retail Ventures Limited,INE03DD01011,EQ,26-JUN-2024,10.0,,,,,,,,,,,,,2026-04-17T07:40:53.841423+00:00
RGL,Renaissance Global Limited,INE722H01024,EQ,12-DEC-2007,2.0,,,,,,,,,,,,,2026-04-17T07:40:53.841423+00:00
RHETAN,Rhetan TMT Limited,INE0KKN01029,EQ,26-SEP-2025,1.0,,,,,,,,,,,,,2026-04-17T07:40:53.841423+00:00
RHIM,RHI MAGNESITA INDIA LIMITED,INE743M01012,EQ,12-MAR-2012,1.0,,,,,,,,,,,,,2026-04-17T07:40:53.841423+00:00
RHL,Robust Hotels Limited,INE508K01013,EQ,25-APR-2023,10.0,,,,,,,,,,,,,2026-04-17T07:40:53.841423+00:00
RICOAUTO,Rico Auto Industries Limited,INE209B01025,EQ,12-MAY-2003,1.0,,,,,,,,,,,,,2026-04-17T07:40:53.841423+00:00
RIIL,Reliance Industrial Infrastructure Limited,INE046A01015,EQ,29-NOV-1995,10.0,,,,,,,,,,,,,2026-04-17T07:40:53.841423+00:00
RISHABH,Rishabh Instruments Limited,INE0N2P01017,EQ,11-SEP-2023,10.0,,,,,,,,,,,,,2026-04-17T07:40:53.841423+00:00
RITCO,Ritco Logistics Limited,INE01EG01016,EQ,12-APR-2022,10.0,,,,,,,,,,,,,2026-04-17T07:40:53.841423+00:00
RITES,RITES Limited,INE320J01015,EQ,02-JUL-2018,10.0,,,,,,,,,,,,,2026-04-17T07:40:53.841423+00:00
RKDL,Ravi Kumar Distilleries Limited,INE722J01012,EQ,27-DEC-2010,10.0,,,,,,,,,,,,,2026-04-17T07:40:53.841423+00:00
RKEC,RKEC Projects Limited,INE786W01010,EQ,18-DEC-2020,10.0,,,,,,,,,,,,,2026-04-17T07:40:53.841423+00:00
RKFORGE,Ramkrishna Forgings Limited,INE399G01023,EQ,05-MAY-2004,2.0,,,,,,,,,,,,,2026-04-17T07:40:53.841423+00:00
RKSWAMY,R K Swamy Limited,INE0NQ801033,EQ,12-MAR-2024,5.0,,,,,,,,,,,,,2026-04-17T07:40:53.841423+00:00
RMC,RMC Switchgears Limited,INE655V01019,BE,01-APR-2026,10.0,,,,,,,,,,,,,2026-04-17T07:40:53.841423+00:00
RMDRIP,R M Drip and Sprinklers Systems Limited,INE219Y01026,EQ,30-JUL-2025,1.0,,,,,,,,,,,,,2026-04-17T07:40:53.841423+00:00
RML,Rane (Madras) Limited,INE050H01012,EQ,30-AUG-2005,10.0,,,,,,,,,,,,,2026-04-17T07:40:53.841423+00:00
RNBDENIMS,R&B Denims Limited,INE012Q01039,BE,04-SEP-2025,1.0,,,,,,,,,,,,,2026-04-17T07:40:53.841423+00:00
ROHLTD,Royal Orchid Hotels Limited,INE283H01019,EQ,06-FEB-2006,10.0,,,,,,,,,,,,,2026-04-17T07:40:53.841423+00:00
ROLEXRINGS,Rolex Rings Limited,INE645S01024,EQ,09-AUG-2021,1.0,,,,,,,,,,,,,2026-04-17T07:40:53.841423+00:00
ROLLT,Rollatainers Limited,INE927A01040,BE,22-NOV-2016,1.0,,,,,,,,,,,,,2026-04-17T07:40:53.841423+00:00
ROML,Raj Oil Mills Limited,INE294G01026,EQ,06-OCT-2020,10.0,,,,,,,,,,,,,2026-04-17T07:40:53.841423+00:00
ROSSARI,Rossari Biotech Limited,INE02A801020,EQ,23-JUL-2020,2.0,,,,,,,,,,,,,2026-04-17T07:40:53.841423+00:00
ROSSELLIND,Rossell India Limited,INE847C01020,EQ,25-SEP-2012,2.0,,,,,,,,,,,,,2026-04-17T07:40:53.841423+00:00
ROSSTECH,Rossell Techsys Limited,INE0OJW01016,EQ,09-DEC-2024,2.0,,,,,,,,,,,,,2026-04-17T07:40:53.841423+00:00
ROTO,Roto Pumps Limited,INE535D01037,EQ,21-APR-2022,1.0,,,,,,,,,,,,,2026-04-17T07:40:53.841423+00:00
ROUTE,ROUTE MOBILE LIMITED,INE450U01017,EQ,21-SEP-2020,10.0,,,,,,,,,,,,,2026-04-17T07:40:53.841423+00:00
RPEL,Raghav Productivity Enhancers Limited,INE912T01018,EQ,08-AUG-2024,10.0,,,,,,,,,,,,,2026-04-17T07:40:53.841423+00:00
RPGLIFE,RPG Life Sciences Limited,INE105J01010,EQ,10-JUN-2008,8.0,,,,,,,,,,,,,2026-04-17T07:40:53.841423+00:00
RPOWER,Reliance Power Limited,INE614G01033,EQ,11-FEB-2008,10.0,,,,,,,,,,,,,2026-04-17T07:40:53.841423+00:00
RPPINFRA,R.P.P. Infra Projects Limited,INE324L01013,EQ,06-DEC-2010,10.0,,,,,,,,,,,,,2026-04-17T07:40:53.841423+00:00
RPPL,Rajshree Polypack Limited,INE760W01023,EQ,26-NOV-2021,5.0,,,,,,,,,,,,,2026-04-17T07:40:53.841423+00:00
RPSGVENT,RPSG VENTURES LIMITED,INE425Y01011,EQ,25-JAN-2019,10.0,,,,,,,,,,,,,2026-04-17T07:40:53.841423+00:00
RPTECH,Rashi Peripherals Limited,INE0J1F01024,EQ,14-FEB-2024,5.0,,,,,,,,,,,,,2026-04-17T07:40:53.841423+00:00
RRKABEL,R R Kabel Limited,INE777K01022,EQ,20-SEP-2023,5.0,,,,,,,,,,,,,2026-04-17T07:40:53.841423+00:00
RSL,Rajputana Stainless Limited,INE313L01016,EQ,19-MAR-2026,10.0,,,,,,,,,,,,,2026-04-17T07:40:53.841423+00:00
RSSOFTWARE,R. S. Software (India) Limited,INE165B01029,BE,19-MAY-1999,5.0,,,,,,,,,,,,,2026-04-17T07:40:53.841423+00:00
RSWM,RSWM Limited,INE611A01016,EQ,15-FEB-1995,10.0,,,,,,,,,,,,,2026-04-17T07:40:53.841423+00:00
RSYSTEMS,R Systems International Limited,INE411H01032,EQ,26-APR-2006,1.0,,,,,,,,,,,,,2026-04-17T07:40:53.841423+00:00
RTNINDIA,RattanIndia Enterprises Limited,INE834M01019,EQ,30-JUL-2012,2.0,,,,,,,,,,,,,2026-04-17T07:40:53.841423+00:00
RTNPOWER,RattanIndia Power Limited,INE399K01017,EQ,30-OCT-2009,10.0,,,,,,,,,,,,,2026-04-17T07:40:53.841423+00:00
RUBFILA,Rubfila International Limited,INE642C01025,EQ,08-AUG-2024,5.0,,,,,,,,,,,,,2026-04-17T07:40:53.841423+00:00
RUBICON,Rubicon Research Limited,INE506V01022,EQ,16-OCT-2025,1.0,,,,,,,,,,,,,2026-04-17T07:40:53.841423+00:00
RUBYMILLS,The Ruby Mills Limited,INE301D01026,EQ,29-MAR-1995,5.0,,,,,,,,,,,,,2026-04-17T07:40:53.841423+00:00
RUCHINFRA,Ruchi Infrastructure Limited,INE413B01023,EQ,16-OCT-1996,1.0,,,,,,,,,,,,,2026-04-17T07:40:53.841423+00:00
RUCHIRA,Ruchira Papers Limited,INE803H01014,EQ,20-DEC-2006,10.0,,,,,,,,,,,,,2026-04-17T07:40:53.841423+00:00
RUDRA,Rudra Global Infra Products Limited,INE027T01023,EQ,19-DEC-2025,5.0,,,,,,,,,,,,,2026-04-17T07:40:53.841423+00:00
RUPA,Rupa & Company Limited,INE895B01021,EQ,07-DEC-2011,1.0,,,,,,,,,,,,,2026-04-17T07:40:53.841423+00:00
RUSHIL,Rushil Decor Limited,INE573K01025,EQ,07-JUL-2011,1.0,,,,,,,,,,,,,2026-04-17T07:40:53.841423+00:00
RUSTOMJEE,Keystone Realtors Limited,INE263M01029,EQ,24-NOV-2022,10.0,,,,,,,,,,,,,2026-04-17T07:40:53.841423+00:00
RVHL,Ravinder Heights Limited,INE09E501017,EQ,18-DEC-2020,1.0,,,,,,,,,,,,,2026-04-17T07:40:53.841423+00:00
RVNL,Rail Vikas Nigam Limited,INE415G01027,EQ,11-APR-2019,10.0,,,,,,,,,,,,,2026-04-17T07:40:53.841423+00:00
RVTH,Revathi Equipment India Limited,INE0DAB01012,EQ,11-SEP-2024,10.0,,,,,,,,,,,,,2026-04-17T07:40:53.841423+00:00
S&SPOWER,S&S Power Switchgears Limited,INE902B01017,BE,27-SEP-1995,10.0,,,,,,,,,,,,,2026-04-17T07:40:53.841423+00:00
SAATVIKGL,Saatvik Green Energy Limited,INE13B501022,EQ,26-SEP-2025,2.0,,,,,,,,,,,,,2026-04-17T07:40:53.841423+00:00
SADBHAV,Sadbhav Engineering Limited,INE226H01026,BE,01-MAR-2006,1.0,,,,,,,,,,,,,2026-04-17T07:40:53.841423+00:00
SADBHIN,Sadbhav Infrastructure Project Limited,INE764L01010,EQ,16-SEP-2015,10.0,,,,,,,,,,,,,2026-04-17T07:40:53.841423+00:00
SADHNANIQ,Sadhana Nitrochem Limited,INE888C01040,EQ,05-MAY-2023,1.0,,,,,,,,,,,,,2026-04-17T07:40:53.841423+00:00
SAFARI,Safari Industries (India) Limited,INE429E01023,EQ,12-SEP-2019,2.0,,,,,,,,,,,,,2026-04-17T07:40:53.841423+00:00
SAGARDEEP,Sagardeep Alloys Limited,INE976T01013,EQ,25-JAN-2019,10.0,,,,,,,,,,,,,2026-04-17T07:40:53.841423+00:00
SAGCEM,Sagar Cements Limited,INE229C01021,EQ,29-JAN-2007,2.0,,,,,,,,,,,,,2026-04-17T07:40:53.841423+00:00
SAGILITY,SAGILITY LIMITED,INE0W2G01015,EQ,12-NOV-2024,10.0,,,,,,,,,,,,,2026-04-17T07:40:53.841423+00:00
SAHLIBHFI,Shalibhadra Finance Limited,INE861D01011,EQ,10-APR-2026,10.0,,,,,,,,,,,,,2026-04-17T07:40:53.841423+00:00
SAHYADRI,Sahyadri Industries Limited,INE280H01015,EQ,06-APR-2023,10.0,,,,,,,,,,,,,2026-04-17T07:40:53.841423+00:00
SAIL,Steel Authority of India Limited,INE114A01011,EQ,06-JUL-1995,10.0,,,,,,,,,,,,,2026-04-17T07:40:53.841423+00:00
SAILIFE,Sai Life Sciences Limited,INE570L01029,EQ,18-DEC-2024,1.0,,,,,,,,,,,,,2026-04-17T07:40:53.841423+00:00
SAIPARENT,Sai Parenterals Limited,INE0H9F01037,EQ,02-APR-2026,5.0,,,,,,,,,,,,,2026-04-17T07:40:53.841423+00:00
SAKAR,Sakar Healthcare Limited,INE732S01012,EQ,11-APR-2019,10.0,,,,,,,,,,,,,2026-04-17T07:40:53.841423+00:00
SAKHTISUG,Sakthi Sugars Limited,INE623A01011,EQ,06-SEP-1995,10.0,,,,,,,,,,,,,2026-04-17T07:40:53.841423+00:00
SAKSOFT,Saksoft Limited,INE667G01023,EQ,09-MAY-2005,1.0,,,,,,,,,,,,,2026-04-17T07:40:53.841423+00:00
SAKUMA,Sakuma Exports Limited,INE190H01024,BE,08-MAR-2006,1.0,,,,,,,,,,,,,2026-04-17T07:40:53.841423+00:00
SALASAR,Salasar Techno Engineering Limited,INE170V01027,EQ,25-JUL-2017,1.0,,,,,,,,,,,,,2026-04-17T07:40:53.841423+00:00
SALONA,Salona Cotspin Limited,INE498E01010,EQ,16-JUN-2016,10.0,,,,,,,,,,,,,2026-04-17T07:40:53.841423+00:00
SALSTEEL,S.A.L. Steel Limited,INE658G01014,EQ,24-NOV-2004,10.0,,,,,,,,,,,,,2026-04-17T07:40:53.841423+00:00
SALZERELEC,Salzer Electronics Limited,INE457F01013,EQ,02-DEC-2015,10.0,,,,,,,,,,,,,2026-04-17T07:40:53.841423+00:00
SAMBHAAV,Sambhaav Media Limited,INE699B01027,BE,05-JUN-1996,1.0,,,,,,,,,,,,,2026-04-17T07:40:53.841423+00:00
SAMBHV,Sambhv Steel Tubes Limited,INE12NJ01018,EQ,02-JUL-2025,10.0,,,,,,,,,,,,,2026-04-17T07:40:53.841423+00:00
SAMHI,Samhi Hotels Limited,INE08U801020,EQ,22-SEP-2023,1.0,,,,,,,,,,,,,2026-04-17T07:40:53.841423+00:00
SAMMAANCAP,Sammaan Capital Limited,INE148I01020,EQ,23-JUL-2013,2.0,,,,,,,,,,,,,2026-04-17T07:40:53.841423+00:00
SAMPANN,Sampann Utpadan India Limited,INE735M01018,EQ,27-JUL-2012,10.0,,,,,,,,,,,,,2026-04-17T07:40:53.841423+00:00
SANATHAN,Sanathan Textiles Limited,INE0JPD01013,EQ,27-DEC-2024,10.0,,,,,,,,,,,,,2026-04-17T07:40:53.841423+00:00
SANCO,Sanco Industries Limited,INE782L01012,BZ,22-NOV-2016,10.0,,,,,,,,,,,,,2026-04-17T07:40:53.841423+00:00
SANDESH,The Sandesh Limited,INE583B01015,EQ,26-NOV-2002,10.0,,,,,,,,,,,,,2026-04-17T07:40:53.841423+00:00
SANDHAR,Sandhar Technologies Limited,INE278H01035,EQ,02-APR-2018,10.0,,,,,,,,,,,,,2026-04-17T07:40:53.841423+00:00
SANDUMA,Sandur Manganese & Iron Ores Limited,INE149K01016,EQ,07-SEP-2023,10.0,,,,,,,,,,,,,2026-04-17T07:40:53.841423+00:00
SANGAMIND,Sangam (India) Limited,INE495C01010,EQ,17-JUL-1996,10.0,,,,,,,,,,,,,2026-04-17T07:40:53.841423+00:00
SANGHVIMOV,Sanghvi Movers Limited,INE989A01032,EQ,24-JAN-2007,1.0,,,,,,,,,,,,,2026-04-17T07:40:53.841423+00:00
SANGINITA,Sanginita Chemicals Limited,INE753W01010,BE,15-JUL-2019,10.0,,,,,,,,,,,,,2026-04-17T07:40:53.841423+00:00
SANOFI,Sanofi India Limited,INE058A01010,EQ,19-MAY-2003,10.0,,,,,,,,,,,,,2026-04-17T07:40:53.841423+00:00
SANOFICONR,Sanofi Consumer Healthcare India Limited,INE0UOS01011,EQ,13-SEP-2024,10.0,,,,,,,,,,,,,2026-04-17T07:40:53.841423+00:00
SANSERA,Sansera Engineering Limited,INE953O01021,EQ,24-SEP-2021,2.0,,,,,,,,,,,,,2026-04-17T07:40:53.841423+00:00
SANSTAR,Sanstar Limited,INE08NE01025,EQ,26-JUL-2024,2.0,,,,,,,,,,,,,2026-04-17T07:40:53.841423+00:00
SAPPHIRE,Sapphire Foods India Limited,INE806T01020,EQ,18-NOV-2021,2.0,,,,,,,,,,,,,2026-04-17T07:40:53.841423+00:00
SARDAEN,Sarda Energy & Minerals Limited,INE385C01021,EQ,03-DEC-2009,1.0,,,,,,,,,,,,,2026-04-17T07:40:53.841423+00:00
SAREGAMA,Saregama India Limited,INE979A01025,EQ,30-JUL-1997,1.0,,,,,,,,,,,,,2026-04-17T07:40:53.841423+00:00
SARLAPOLY,Sarla Performance Fibers Limited,INE453D01025,EQ,19-JAN-2007,1.0,,,,,,,,,,,,,2026-04-17T07:40:53.841423+00:00
SARVESHWAR,Sarveshwar Foods Limited,INE324X01026,EQ,08-DEC-2022,1.0,,,,,,,,,,,,,2026-04-17T07:40:53.841423+00:00
SASKEN,Sasken Technologies Limited,INE231F01020,EQ,09-SEP-2005,10.0,,,,,,,,,,,,,2026-04-17T07:40:53.841423+00:00
SASTASUNDR,Sastasundar Ventures Limited,INE019J01013,EQ,05-OCT-2010,10.0,,,,,,,,,,,,,2026-04-17T07:40:53.841423+00:00
SATIA,Satia Industries Limited,INE170E01023,EQ,17-JUL-2019,1.0,,,,,,,,,,,,,2026-04-17T07:40:53.841423+00:00
SATIN,Satin Creditcare Network Limited,INE836B01017,EQ,26-AUG-2015,10.0,,,,,,,,,,,,,2026-04-17T07:40:53.841423+00:00
SAURASHCEM,Saurashtra Cement Limited,INE626A01014,EQ,27-FEB-2024,10.0,,,,,,,,,,,,,2026-04-17T07:40:53.841423+00:00
SBC,SBC Exports Limited,INE04AK01028,EQ,23-NOV-2021,1.0,,,,,,,,,,,,,2026-04-17T07:40:53.841423+00:00
SBCL,Shivalik Bimetal Controls Limited,INE386D01027,EQ,24-JUN-2021,2.0,,,,,,,,,,,,,2026-04-17T07:40:53.841423+00:00
SBFC,SBFC Finance Limited,INE423Y01016,EQ,16-AUG-2023,10.0,,,,,,,,,,,,,2026-04-17T07:40:53.841423+00:00
SBGLP,Suratwwala Business Group Limited,INE05ST01028,EQ,10-FEB-2023,1.0,,,,,,,,,,,,,2026-04-17T07:40:53.841423+00:00
SBICARD,SBI Cards and Payment Services Limited,INE018E01016,EQ,16-MAR-2020,10.0,,,,,,,,,,,,,2026-04-17T07:40:53.841423+00:00
SBILIFE,SBI Life Insurance Company Limited,INE123W01016,EQ,03-OCT-2017,10.0,,,,,,,,,,,,,2026-04-17T07:40:53.841423+00:00
SBIN,State Bank of India,INE062A01020,EQ,01-MAR-1995,1.0,,,,,,,,,,,,,2026-04-17T07:40:53.841423+00:00
SCHAEFFLER,Schaeffler India Limited,INE513A01022,EQ,29-NOV-2000,2.0,,,,,,,,,,,,,2026-04-17T07:40:53.841423+00:00
SCHAND,S Chand And Company Limited,INE807K01035,EQ,09-MAY-2017,5.0,,,,,,,,,,,,,2026-04-17T07:40:53.841423+00:00
SCHNEIDER,Schneider Electric Infrastructure Limited,INE839M01018,BE,20-MAR-2012,2.0,,,,,,,,,,,,,2026-04-17T07:40:53.841423+00:00
SCI,Shipping Corporation Of India Limited,INE109A01011,EQ,13-AUG-1997,10.0,,,,,,,,,,,,,2026-04-17T07:40:53.841423+00:00
SCILAL,Shipping Corporation of India Land and Assets Limited,INE0PB301013,EQ,19-MAR-2024,10.0,,,,,,,,,,,,,2026-04-17T07:40:53.841423+00:00
SCODATUBES,Scoda Tubes Limited,INE090501011,EQ,04-JUN-2025,10.0,,,,,,,,,,,,,2026-04-17T07:40:53.841423+00:00
SCPL,Sheetal Cool Products Limited,INE501Y01019,BE,22-NOV-2022,10.0,,,,,,,,,,,,,2026-04-17T07:40:53.841423+00:00
SDBL,Som Distilleries & Breweries Limited,INE480C01038,EQ,18-MAR-2014,2.0,,,,,,,,,,,,,2026-04-17T07:40:53.841423+00:00
SEAMECLTD,Seamec Limited,INE497B01018,EQ,28-JUN-1995,10.0,,,,,,,,,,,,,2026-04-17T07:40:53.841423+00:00
SECMARK,SecMark Consultancy Limited,INE0BTM01013,BE,16-OCT-2023,10.0,,,,,,,,,,,,,2026-04-17T07:40:53.841423+00:00
SECURKLOUD,SECUREKLOUD TECHNOLOGIES LIMITED,INE650K01021,BE,29-JAN-2014,5.0,,,,,,,,,,,,,2026-04-17T07:40:53.841423+00:00
SEDEMAC,SEDEMAC Mechatronics Limited,INE00XB01019,EQ,11-MAR-2026,10.0,,,,,,,,,,,,,2026-04-17T07:40:53.841423+00:00
SEJALLTD,Sejal Glass Limited,INE955I01044,EQ,13-DEC-2021,10.0,,,,,,,,,,,,,2026-04-17T07:40:53.841423+00:00
SELMC,SEL Manufacturing Company Limited,INE105I01020,EQ,26-OCT-2021,10.0,,,,,,,,,,,,,2026-04-17T07:40:53.841423+00:00
SEMAC,Semac Construction Limited,INE617A01013,EQ,11-AUG-2005,10.0,,,,,,,,,,,,,2026-04-17T07:40:53.841423+00:00
SENCO,Senco Gold Limited,INE602W01027,EQ,14-JUL-2023,5.0,,,,,,,,,,,,,2026-04-17T07:40:53.841423+00:00
SENORES,Senores Pharmaceuticals Limited,INE0RB801010,EQ,30-DEC-2024,10.0,,,,,,,,,,,,,2026-04-17T07:40:53.841423+00:00
SEPC,SEPC Limited,INE964H01014,EQ,20-FEB-2008,10.0,,,,,,,,,,,,,2026-04-17T07:40:53.841423+00:00
SERVOTECH,Servotech Renewable Power System Limited,INE782X01033,EQ,02-SEP-2021,1.0,,,,,,,,,,,,,2026-04-17T07:40:53.841423+00:00
SESHAPAPER,Seshasayee Paper and Boards Limited,INE630A01024,EQ,29-MAR-1995,2.0,,,,,,,,,,,,,2026-04-17T07:40:53.841423+00:00
SETCO,Setco Automotive Limited,INE878E01021,BE,01-JUL-2016,2.0,,,,,,,,,,,,,2026-04-17T07:40:53.841423+00:00
SETL,Standard Engineering Technology Limited,INE0M4D01010,EQ,13-JAN-2025,10.0,,,,,,,,,,,,,2026-04-17T07:40:53.841423+00:00
SETUINFRA,Setubandhan Infrastructure Limited,INE023M01027,BZ,04-OCT-2011,1.0,,,,,,,,,,,,,2026-04-17T07:40:53.841423+00:00
SEYAIND,Seya Industries Limited,INE573R01012,BE,11-JUL-2019,10.0,,,,,,,,,,,,,2026-04-17T07:40:53.841423+00:00
SFL,Sheela Foam Limited,INE916U01025,EQ,09-DEC-2016,5.0,,,,,,,,,,,,,2026-04-17T07:40:53.841423+00:00
SGFIN,SG Finserve Limited,INE618R01015,EQ,05-AUG-2025,10.0,,,,,,,,,,,,,2026-04-17T07:40:53.841423+00:00
SGIL,Synergy Green Industries Limited,INE00QT01015,EQ,28-JUL-2021,10.0,,,,,,,,,,,,,2026-04-17T07:40:53.841423+00:00
SGL,STL Global Limited,INE353H01010,EQ,10-APR-2006,10.0,,,,,,,,,,,,,2026-04-17T07:40:53.841423+00:00
SGMART,SG Mart Limited,INE385F01024,EQ,12-SEP-2025,1.0,,,,,,,,,,,,,2026-04-17T07:40:53.841423+00:00
SHADOWFAX,Shadowfax Technologies Limited,INE12UN01015,EQ,28-JAN-2026,10.0,,,,,,,,,,,,,2026-04-17T07:40:53.841423+00:00
SHAH,Shah Metacorp Limited,INE482J01021,EQ,27-OCT-2010,1.0,,,,,,,,,,,,,2026-04-17T07:40:53.841423+00:00
SHAHALLOYS,Shah Alloys Limited,INE640C01011,EQ,16-JUN-2005,10.0,,,,,,,,,,,,,2026-04-17T07:40:53.841423+00:00
SHAILY,Shaily Engineering Plastics Limited,INE151G01028,EQ,04-APR-2022,2.0,,,,,,,,,,,,,2026-04-17T07:40:53.841423+00:00
SHAKTIPUMP,Shakti Pumps (India) Limited,INE908D01010,EQ,29-JAN-2015,10.0,,,,,,,,,,,,,2026-04-17T07:40:53.841423+00:00
SHALBY,Shalby Limited,INE597J01018,EQ,15-DEC-2017,10.0,,,,,,,,,,,,,2026-04-17T07:40:53.841423+00:00
SHALPAINTS,Shalimar Paints Limited,INE849C01026,EQ,03-MAR-2008,2.0,,,,,,,,,,,,,2026-04-17T07:40:53.841423+00:00
SHANKARA,Shankara Building Products Limited,INE274V01019,BE,05-APR-2017,10.0,,,,,,,,,,,,,2026-04-17T07:40:53.841423+00:00
SHANTI,Shanti Overseas (India) Limited,INE933X01016,EQ,16-SEP-2021,10.0,,,,,,,,,,,,,2026-04-17T07:40:53.841423+00:00
SHANTIGEAR,Shanthi Gears Limited,INE631A01022,EQ,17-JAN-1996,1.0,,,,,,,,,,,,,2026-04-17T07:40:53.841423+00:00
SHANTIGOLD,Shanti Gold International Limited,INE06ZD01017,EQ,01-AUG-2025,10.0,,,,,,,,,,,,,2026-04-17T07:40:53.841423+00:00
SHARDACROP,Sharda Cropchem Limited,INE221J01015,EQ,23-SEP-2014,10.0,,,,,,,,,,,,,2026-04-17T07:40:53.841423+00:00
SHARDAMOTR,Sharda Motor Industries Limited,INE597I01028,EQ,03-SEP-2015,2.0,,,,,,,,,,,,,2026-04-17T07:40:53.841423+00:00
SHAREINDIA,Share India Securities Limited,INE932X01026,EQ,21-SEP-2020,2.0,,,,,,,,,,,,,2026-04-17T07:40:53.841423+00:00
SHEKHAWATI,Shekhawati Industries Limited,INE268L01046,EQ,12-JAN-2011,10.0,,,,,,,,,,,,,2026-04-17T07:40:53.841423+00:00
SHEMAROO,Shemaroo Entertainment Limited,INE363M01019,EQ,01-OCT-2014,10.0,,,,,,,,,,,,,2026-04-17T07:40:53.841423+00:00
SHILCTECH,Shilchar Technologies Limited,INE024F01011,EQ,24-NOV-2025,10.0,,,,,,,,,,,,,2026-04-17T07:40:53.841423+00:00
SHILPAMED,Shilpa Medicare Limited,INE790G01031,EQ,03-DEC-2009,1.0,,,,,,,,,,,,,2026-04-17T07:40:53.841423+00:00
SHIVALIK,Shivalik Rasayan Limited,INE788J01021,EQ,09-DEC-2021,5.0,,,,,,,,,,,,,2026-04-17T07:40:53.841423+00:00
SHIVAMAUTO,Shivam Autotech Limited,INE637H01024,EQ,21-NOV-2006,2.0,,,,,,,,,,,,,2026-04-17T07:40:53.841423+00:00
SHIVAMILLS,Shiva Mills Limited,INE644Y01017,EQ,26-FEB-2018,10.0,,,,,,,,,,,,,2026-04-17T07:40:53.841423+00:00
SHIVATEX,Shiva Texyarn Limited,INE705C01020,EQ,26-DEC-2017,10.0,,,,,,,,,,,,,2026-04-17T07:40:53.841423+00:00
SHIVAUM,Shiv Aum Steels Limited,INE719F01016,BE,14-NOV-2025,10.0,,,,,,,,,,,,,2026-04-17T07:40:53.841423+00:00
SHK,S H Kelkar and Company Limited,INE500L01026,EQ,16-NOV-2015,10.0,,,,,,,,,,,,,2026-04-17T07:40:53.841423+00:00
SHOPERSTOP,Shoppers Stop Limited,INE498B01024,EQ,23-MAY-2005,5.0,,,,,,,,,,,,,2026-04-17T07:40:53.841423+00:00
SHRADHA,Shradha Realty Limited,INE715Y01031,EQ,22-OCT-2020,2.0,,,,,,,,,,,,,2026-04-17T07:40:53.841423+00:00
SHREDIGCEM,Shree Digvijay Cement Co.Ltd,INE232A01011,EQ,28-JAN-2020,10.0,,,,,,,,,,,,,2026-04-17T07:40:53.841423+00:00
SHREECEM,SHREE CEMENT LIMITED,INE070A01015,EQ,26-APR-1995,10.0,,,,,,,,,,,,,2026-04-17T07:40:53.841423+00:00
SHREEJISPG,Shreeji Shipping Global Limited,INE1B6101010,EQ,26-AUG-2025,10.0,,,,,,,,,,,,,2026-04-17T07:40:53.841423+00:00
SHREEPUSHK,Shree Pushkar Chemicals & Fertilisers Limited,INE712K01011,EQ,10-SEP-2015,10.0,,,,,,,,,,,,,2026-04-17T07:40:53.841423+00:00
SHREERAMA,Shree Rama Multi-Tech Limited,INE879A01019,EQ,13-MAR-2000,5.0,,,,,,,,,,,,,2026-04-17T07:40:53.841423+00:00
SHRENIK,Shrenik Limited,INE632X01030,BZ,02-AUG-2019,1.0,,,,,,,,,,,,,2026-04-17T07:40:53.841423+00:00
SHREYANIND,Shreyans Industries Limited,INE231C01019,EQ,06-NOV-1996,10.0,,,,,,,,,,,,,2026-04-17T07:40:53.841423+00:00
SHRINGARMS,Shringar House of Mangalsutra Limited,INE1B3L01017,EQ,17-SEP-2025,10.0,,,,,,,,,,,,,2026-04-17T07:40:53.841423+00:00
SHRIPISTON,Shriram Pistons & Rings Limited,INE526E01018,EQ,02-JUN-2016,10.0,,,,,,,,,,,,,2026-04-17T07:40:53.841423+00:00
SHRIRAMFIN,Shriram Finance Limited,INE721A01047,EQ,11-DEC-1996,2.0,,,,,,,,,,,,,2026-04-17T07:40:53.841423+00:00
SHRIRAMPPS,Shriram Properties Limited,INE217L01019,EQ,20-DEC-2021,10.0,,,,,,,,,,,,,2026-04-17T07:40:53.841423+00:00
SHYAMCENT,Shyam Century Ferrous Limited,INE979R01011,EQ,28-JUL-2015,1.0,,,,,,,,,,,,,2026-04-17T07:40:53.841423+00:00
SHYAMMETL,Shyam Metalics and Energy Limited,INE810G01011,EQ,24-JUN-2021,10.0,,,,,,,,,,,,,2026-04-17T07:40:53.841423+00:00
SHYAMTEL,Shyam Telecom Limited,INE635A01023,EQ,06-NOV-2006,10.0,,,,,,,,,,,,,2026-04-17T07:40:53.841423+00:00
SICALLOG,Sical Logistics Limited,INE075B01020,BE,12-OCT-2023,10.0,,,,,,,,,,,,,2026-04-17T07:40:53.841423+00:00
SIEMENS,Siemens Limited,INE003A01024,EQ,06-SEP-1995,2.0,,,,,,,,,,,,,2026-04-17T07:40:53.841423+00:00
SIGACHI,Sigachi Industries Limited,INE0D0K01022,EQ,15-NOV-2021,1.0,,,,,,,,,,,,,2026-04-17T07:40:53.841423+00:00
SIGIND,Signet Industries Limited,INE529F01035,EQ,29-AUG-2018,10.0,,,,,,,,,,,,,2026-04-17T07:40:53.841423+00:00
SIGMA,Sigma Solve Limited,INE0A0S01028,EQ,09-JUN-2023,1.0,,,,,,,,,,,,,2026-04-17T07:40:53.841423+00:00
SIGMAADV,SIGMA ADVANCED SYSTEMS LIMITED,INE933B01012,EQ,19-JUL-2007,10.0,,,,,,,,,,,,,2026-04-17T07:40:53.841423+00:00
SIGNATURE,Signatureglobal (India) Limited,INE903U01023,EQ,27-SEP-2023,1.0,,,,,,,,,,,,,2026-04-17T07:40:53.841423+00:00
SIGNPOST,Signpost India Limited,INE0KGZ01021,EQ,14-FEB-2024,2.0,,,,,,,,,,,,,2026-04-17T07:40:53.841423+00:00
SIKKO,Sikko Industries Limited,INE112X01025,EQ,22-OCT-2021,1.0,,,,,,,,,,,,,2026-04-17T07:40:53.841423+00:00
SIL,Standard Industries Limited,INE173A01025,EQ,27-JAN-2004,5.0,,,,,,,,,,,,,2026-04-17T07:40:53.841423+00:00
SILGO,Silgo Retail Limited,INE01II01013,EQ,03-MAR-2021,10.0,,,,,,,,,,,,,2026-04-17T07:40:53.841423+00:00
SILINV,SIL Investments Limited,INE923A01015,EQ,22-MAY-1996,10.0,,,,,,,,,,,,,2026-04-17T07:40:53.841423+00:00
SILLYMONKS,Silly Monks Entertainment Limited,INE203Y01012,EQ,08-JUL-2020,10.0,,,,,,,,,,,,,2026-04-17T07:40:53.841423+00:00
SILVERTUC,Silver Touch Technologies Limited,INE625X01026,EQ,12-MAY-2022,2.0,,,,,,,,,,,,,2026-04-17T07:40:53.841423+00:00
SIMBHALS,Simbhaoli Sugars Limited,INE748T01016,BZ,14-MAR-2016,10.0,,,,,,,,,,,,,2026-04-17T07:40:53.841423+00:00
SIMPLEXINF,Simplex Infrastructures Limited,INE059B01024,EQ,09-MAR-2004,2.0,,,,,,,,,,,,,2026-04-17T07:40:53.841423+00:00
SINCLAIR,Sinclairs Hotels Limited,INE985A01022,EQ,10-APR-2024,2.0,,,,,,,,,,,,,2026-04-17T07:40:53.841423+00:00
SINDHUTRAD,Sindhu Trade Links Limited,INE325D01025,EQ,20-JUN-2023,1.0,,,,,,,,,,,,,2026-04-17T07:40:53.841423+00:00
SINGERIND,Singer India Limited,INE638A01035,EQ,19-MAR-2026,2.0,,,,,,,,,,,,,2026-04-17T07:40:53.841423+00:00
SINTERCOM,Sintercom India Limited,INE129Z01016,EQ,07-OCT-2020,10.0,,,,,,,,,,,,,2026-04-17T07:40:53.841423+00:00
SIRCA,Sirca Paints India Limited,INE792Z01011,EQ,22-JUL-2019,10.0,,,,,,,,,,,,,2026-04-17T07:40:53.841423+00:00
SIS,SIS LIMITED,INE285J01028,EQ,10-AUG-2017,5.0,,,,,,,,,,,,,2026-04-17T07:40:53.841423+00:00
SITINET,Siti Networks Limited,INE965H01011,BZ,10-JAN-2007,1.0,,,,,,,,,,,,,2026-04-17T07:40:53.841423+00:00
SIYSIL,Siyaram Silk Mills Limited,INE076B01028,EQ,29-JAN-2007,2.0,,,,,,,,,,,,,2026-04-17T07:40:53.841423+00:00
SJS,S.J.S. Enterprises Limited,INE284S01014,EQ,15-NOV-2021,10.0,,,,,,,,,,,,,2026-04-17T07:40:53.841423+00:00
SJVN,SJVN Limited,INE002L01015,EQ,20-MAY-2010,10.0,,,,,,,,,,,,,2026-04-17T07:40:53.841423+00:00
SKFINDIA,SKF India Limited,INE640A01023,EQ,27-JAN-1999,10.0,,,,,,,,,,,,,2026-04-17T07:40:53.841423+00:00
SKFINDUS,SKF India (Industrial) Limited,INE2J8701016,EQ,05-DEC-2025,10.0,,,,,,,,,,,,,2026-04-17T07:40:53.841423+00:00
SKIPPER,Skipper Limited,INE439E01022,EQ,27-MAY-2015,1.0,,,,,,,,,,,,,2026-04-17T07:40:53.841423+00:00
SKMEGGPROD,SKM Egg Products Export (India) Limited,INE411D01023,EQ,14-MAR-1997,5.0,,,,,,,,,,,,,2026-04-17T07:40:53.841423+00:00
SKYGOLD,SKY GOLD AND DIAMONDS LIMITED,INE01IU01018,EQ,06-JAN-2023,10.0,,,,,,,,,,,,,2026-04-17T07:40:53.841423+00:00
SMARTLINK,Smartlink Holdings Limited,INE178C01020,EQ,11-APR-2001,2.0,,,,,,,,,,,,,2026-04-17T07:40:53.841423+00:00
SMARTWORKS,Smartworks Coworking Spaces Limited,INE0NAZ01010,EQ,17-JUL-2025,10.0,,,,,,,,,,,,,2026-04-17T07:40:53.841423+00:00
SMCGLOBAL,SMC Global Securities Limited,INE103C01036,EQ,24-FEB-2021,2.0,,,,,,,,,,,,,2026-04-17T07:40:53.841423+00:00
SMLMAH,SML Mahindra Limited,INE294B01019,EQ,29-AUG-2003,10.0,,,,,,,,,,,,,2026-04-17T07:40:53.841423+00:00
SMLT,Sarthak Metals Limited,INE017W01010,EQ,25-NOV-2021,10.0,,,,,,,,,,,,,2026-04-17T07:40:53.841423+00:00
SMSPHARMA,SMS Pharmaceuticals Limited,INE812G01025,EQ,28-FEB-2007,1.0,,,,,,,,,,,,,2026-04-17T07:40:53.841423+00:00
SNOWMAN,Snowman Logistics Limited,INE734N01019,EQ,12-SEP-2014,10.0,,,,,,,,,,,,,2026-04-17T07:40:53.841423+00:00
SOBHA,Sobha Limited,INE671H01015,EQ,20-DEC-2006,10.0,,,,,,,,,,,,,2026-04-17T07:40:53.841423+00:00
SOFTTECH,Softtech Engineers Limited,INE728Z01015,BE,25-FEB-2022,10.0,,,,,,,,,,,,,2026-04-17T07:40:53.841423+00:00
SOLARA,Solara Active Pharma Sciences Limited,INE624Z01016,EQ,27-JUN-2018,10.0,,,,,,,,,,,,,2026-04-17T07:40:53.841423+00:00
SOLARINDS,Solar Industries India Limited,INE343H01029,EQ,03-APR-2006,2.0,,,,,,,,,,,,,2026-04-17T07:40:53.841423+00:00
SOLARWORLD,Solarworld Energy Solutions Limited,INE0TY101024,EQ,30-SEP-2025,5.0,,,,,,,,,,,,,2026-04-17T07:40:53.841423+00:00
SOLEX,Solex Energy Limited,INE880Y01017,EQ,08-OCT-2025,10.0,,,,,,,,,,,,,2026-04-17T07:40:53.841423+00:00
SOMANYCERA,Somany Ceramics Limited,INE355A01028,EQ,22-NOV-1995,2.0,,,,,,,,,,,,,2026-04-17T07:40:53.841423+00:00
SOMATEX,Soma Textiles & Industries Limited,INE314C01013,BE,14-AUG-1996,10.0,,,,,,,,,,,,,2026-04-17T07:40:53.841423+00:00
SOMICONVEY,Somi Conveyor Beltings Limited,INE323J01019,EQ,18-JUL-2016,10.0,,,,,,,,,,,,,2026-04-17T07:40:53.841423+00:00
SONACOMS,Sona BLW Precision Forgings Limited,INE073K01018,EQ,24-JUN-2021,10.0,,,,,,,,,,,,,2026-04-17T07:40:53.841423+00:00
SONAMLTD,SONAM LIMITED,INE00LM01029,EQ,07-APR-2022,5.0,,,,,,,,,,,,,2026-04-17T07:40:53.841423+00:00
SONATSOFTW,Sonata Software Limited,INE269A01021,EQ,28-JUL-1999,1.0,,,,,,,,,,,,,2026-04-17T07:40:53.841423+00:00
SOTL,Savita Oil Technologies Limited,INE035D01020,EQ,28-JUN-1995,2.0,,,,,,,,,,,,,2026-04-17T07:40:53.841423+00:00
SOUTHBANK,The South Indian Bank Limited,INE683A01023,EQ,08-DEC-1998,1.0,,,,,,,,,,,,,2026-04-17T07:40:53.841423+00:00
SOUTHWEST,South West Pinnacle Exploration Limited,INE980Y01015,EQ,18-APR-2019,10.0,,,,,,,,,,,,,2026-04-17T07:40:53.841423+00:00
SPAL,S. P. Apparels Limited,INE212I01016,EQ,12-AUG-2016,10.0,,,,,,,,,,,,,2026-04-17T07:40:53.841423+00:00
SPANDANA,Spandana Sphoorty Financial Limited,INE572J01011,EQ,19-AUG-2019,10.0,,,,,,,,,,,,,2026-04-17T07:40:53.841423+00:00
SPARC,Sun Pharma Advanced Research Company Limited,INE232I01014,EQ,18-JUL-2007,1.0,,,,,,,,,,,,,2026-04-17T07:40:53.841423+00:00
SPCENET,Spacenet Enterprises India Limited,INE970N01027,EQ,10-JAN-2017,1.0,,,,,,,,,,,,,2026-04-17T07:40:53.841423+00:00
SPECIALITY,Speciality Restaurants Limited,INE247M01014,EQ,30-MAY-2012,10.0,,,,,,,,,,,,,2026-04-17T07:40:53.841423+00:00
SPECTRUM,Spectrum Electrical Industries Limited,INE01EO01010,EQ,28-MAR-2025,10.0,,,,,,,,,,,,,2026-04-17T07:40:53.841423+00:00
SPENCERS,Spencer's Retail Limited,INE020801028,EQ,25-JAN-2019,5.0,,,,,,,,,,,,,2026-04-17T07:40:53.841423+00:00
SPIC,Southern Petrochemicals Industries Corporation  Limited,INE147A01011,EQ,10-JAN-1996,10.0,,,,,,,,,,,,,2026-04-17T07:40:53.841423+00:00
SPLIL,SPL Industries Limited,INE978G01016,EQ,26-JUL-2005,10.0,,,,,,,,,,,,,2026-04-17T07:40:53.841423+00:00
SPLPETRO,Supreme Petrochem Limited,INE663A01033,EQ,24-MAY-2022,2.0,,,,,,,,,,,,,2026-04-17T07:40:53.841423+00:00
SPMLINFRA,SPML Infra Limited,INE937A01023,EQ,14-FEB-1996,2.0,,,,,,,,,,,,,2026-04-17T07:40:53.841423+00:00
SPORTKING,Sportking India Limited,INE885H01029,EQ,24-AUG-2022,1.0,,,,,,,,,,,,,2026-04-17T07:40:53.841423+00:00
SRD,Shankar Lal Rampal Dye-Chem Limited,INE01NE01012,EQ,09-OCT-2024,10.0,,,,,,,,,,,,,2026-04-17T07:40:53.841423+00:00
SREEL,Sreeleathers Limited,INE099F01013,EQ,01-JAN-2014,10.0,,,,,,,,,,,,,2026-04-17T07:40:53.841423+00:00
SRF,SRF Limited,INE647A01010,EQ,18-AUG-2003,10.0,,,,,,,,,,,,,2026-04-17T07:40:53.841423+00:00
SRGHFL,SRG Housing Finance Limited,INE559N01010,EQ,21-AUG-2023,10.0,,,,,,,,,,,,,2026-04-17T07:40:53.841423+00:00
SRHHYPOLTD,Sree Rayalaseema Hi-Strength Hypo Limited,INE917H01012,EQ,08-MAY-2007,10.0,,,,,,,,,,,,,2026-04-17T07:40:53.841423+00:00
SRM,SRM Contractors Limited,INE0R6Z01013,EQ,03-APR-2024,10.0,,,,,,,,,,,,,2026-04-17T07:40:53.841423+00:00
SRTL,Shree Ram Twistex Limited,INE19GK01015,EQ,02-MAR-2026,10.0,,,,,,,,,,,,,2026-04-17T07:40:53.841423+00:00
SSDL,Saraswati Saree Depot Limited,INE0PQ101010,EQ,20-AUG-2024,10.0,,,,,,,,,,,,,2026-04-17T07:40:53.841423+00:00
SSWL,Steel Strips Wheels Limited,INE802C01033,EQ,06-JUN-2005,1.0,,,,,,,,,,,,,2026-04-17T07:40:53.841423+00:00
STALLION,Stallion India Fluorochemicals Limited,INE0RYC01010,EQ,23-JAN-2025,10.0,,,,,,,,,,,,,2026-04-17T07:40:53.841423+00:00
STANLEY,Stanley Lifestyles Limited,INE01A001028,EQ,28-JUN-2024,2.0,,,,,,,,,,,,,2026-04-17T07:40:53.841423+00:00
STAR,Strides Pharma Science Limited,INE939A01011,EQ,02-FEB-2000,10.0,,,,,,,,,,,,,2026-04-17T07:40:53.841423+00:00
STARCEMENT,Star Cement Limited,INE460H01021,EQ,16-JUN-2017,1.0,,,,,,,,,,,,,2026-04-17T07:40:53.841423+00:00
STARHEALTH,Star Health and Allied Insurance Company Limited,INE575P01011,EQ,10-DEC-2021,10.0,,,,,,,,,,,,,2026-04-17T07:40:53.841423+00:00
STARPAPER,Star Paper Mills Limited,INE733A01018,EQ,13-SEP-1995,10.0,,,,,,,,,,,,,2026-04-17T07:40:53.841423+00:00
STARTECK,Starteck Finance Limited,INE992I01013,EQ,04-MAY-2022,10.0,,,,,,,,,,,,,2026-04-17T07:40:53.841423+00:00
STCINDIA,The State Trading Corporation of India Limited,INE655A01013,EQ,01-APR-2003,10.0,,,,,,,,,,,,,2026-04-17T07:40:53.841423+00:00
STEELCAS,Steelcast Limited,INE124E01038,EQ,23-NOV-2021,1.0,,,,,,,,,,,,,2026-04-17T07:40:53.841423+00:00
STEELCITY,Steel City Securities Limited,INE395H01011,EQ,27-JUN-2019,10.0,,,,,,,,,,,,,2026-04-17T07:40:53.841423+00:00
STEELXIND,STEEL EXCHANGE INDIA LIMITED,INE503B01021,EQ,20-JUL-2017,1.0,,,,,,,,,,,,,2026-04-17T07:40:53.841423+00:00
STEL,Stel Holdings Limited,INE577L01016,EQ,09-FEB-2011,10.0,,,,,,,,,,,,,2026-04-17T07:40:53.841423+00:00
STERTOOLS,Sterling Tools Limited,INE334A01023,EQ,02-FEB-2006,2.0,,,,,,,,,,,,,2026-04-17T07:40:53.841423+00:00
STLNETWORK,STL Networks Limited,INE1VXE01018,EQ,04-SEP-2025,2.0,,,,,,,,,,,,,2026-04-17T07:40:53.841423+00:00
STLTECH,Sterlite Technologies Limited,INE089C01029,EQ,08-DEC-2000,2.0,,,,,,,,,,,,,2026-04-17T07:40:53.841423+00:00
STOVEKRAFT,Stove Kraft Limited,INE00IN01015,EQ,05-FEB-2021,10.0,,,,,,,,,,,,,2026-04-17T07:40:53.841423+00:00
STUDDS,Studds Accessories Limited,INE00Q601028,EQ,07-NOV-2025,5.0,,,,,,,,,,,,,2026-04-17T07:40:53.841423+00:00
STYL,Seshaasai Technologies Limited,INE04VU01023,EQ,30-SEP-2025,10.0,,,,,,,,,,,,,2026-04-17T07:40:53.841423+00:00
STYLAMIND,Stylam Industries Limited,INE239C01020,EQ,02-AUG-2021,5.0,,,,,,,,,,,,,2026-04-17T07:40:53.841423+00:00
STYLEBAAZA,Baazar Style Retail Limited,INE01FR01028,EQ,06-SEP-2024,5.0,,,,,,,,,,,,,2026-04-17T07:40:53.841423+00:00
STYRENIX,Styrenix Performance Materials Limited,INE189B01011,EQ,29-MAR-1995,10.0,,,,,,,,,,,,,2026-04-17T07:40:53.841423+00:00
SUBEXLTD,Subex Limited,INE754A01055,EQ,05-NOV-2020,5.0,,,,,,,,,,,,,2026-04-17T07:40:53.841423+00:00
SUBROS,Subros Limited,INE287B01021,EQ,13-JUL-2005,2.0,,,,,,,,,,,,,2026-04-17T07:40:53.841423+00:00
SUDARCOLOR,Sudarshan Colorants India Limited,INE492A01029,EQ,14-JUN-1995,10.0,,,,,,,,,,,,,2026-04-17T07:40:53.841423+00:00
SUDARSCHEM,Sudarshan Chemical Industries Limited,INE659A01023,EQ,25-MAY-1995,2.0,,,,,,,,,,,,,2026-04-17T07:40:53.841423+00:00
SUDEEPPHRM,Sudeep Pharma Limited,INE0QPI01025,EQ,28-NOV-2025,1.0,,,,,,,,,,,,,2026-04-17T07:40:53.841423+00:00
SUKHJITS,Sukhjit Starch & Chemicals Limited,INE450E01029,EQ,07-NOV-2022,5.0,,,,,,,,,,,,,2026-04-17T07:40:53.841423+00:00
SULA,Sula Vineyards Limited,INE142Q01026,EQ,22-DEC-2022,2.0,,,,,,,,,,,,,2026-04-17T07:40:53.841423+00:00
SUMEETINDS,Sumeet Industries Limited,INE235C01036,EQ,10-DEC-2010,2.0,,,,,,,,,,,,,2026-04-17T07:40:53.841423+00:00
SUMICHEM,Sumitomo Chemical India Limited,INE258G01013,EQ,27-JAN-2020,10.0,,,,,,,,,,,,,2026-04-17T07:40:53.841423+00:00
SUMIT,Sumit Woods Limited,INE748Z01013,EQ,30-JUL-2019,10.0,,,,,,,,,,,,,2026-04-17T07:40:53.841423+00:00
SUMMITSEC,Summit Securities Limited,INE519C01017,EQ,28-JAN-2011,10.0,,,,,,,,,,,,,2026-04-17T07:40:53.841423+00:00
SUNCLAY,Sundaram Clayton Limited,INE0Q3R01026,EQ,29-DEC-2023,5.0,,,,,,,,,,,,,2026-04-17T07:40:53.841423+00:00
SUNDARAM,Sundaram Multi Pap Limited,INE108E01023,EQ,02-JUN-2010,1.0,,,,,,,,,,,,,2026-04-17T07:40:53.841423+00:00
SUNDARMFIN,Sundaram Finance Limited,INE660A01013,EQ,07-JAN-1998,10.0,,,,,,,,,,,,,2026-04-17T07:40:53.841423+00:00
SUNDRMBRAK,Sundaram Brake Linings Limited,INE073D01013,EQ,17-JUL-1996,10.0,,,,,,,,,,,,,2026-04-17T07:40:53.841423+00:00
SUNDRMFAST,Sundram Fasteners Limited,INE387A01021,EQ,07-JUN-2000,1.0,,,,,,,,,,,,,2026-04-17T07:40:53.841423+00:00
SUNDROP,Sundrop Brands Limited,INE209A01019,EQ,06-DEC-2002,10.0,,,,,,,,,,,,,2026-04-17T07:40:53.841423+00:00
SUNFLAG,Sunflag Iron And Steel Company Limited,INE947A01014,EQ,29-SEP-2005,10.0,,,,,,,,,,,,,2026-04-17T07:40:53.841423+00:00
SUNPHARMA,Sun Pharmaceutical Industries Limited,INE044A01036,EQ,08-FEB-1995,1.0,,,,,,,,,,,,,2026-04-17T07:40:53.841423+00:00
SUNTECK,Sunteck Realty Limited,INE805D01034,EQ,13-NOV-2009,1.0,,,,,,,,,,,,,2026-04-17T07:40:53.841423+00:00
SUNTV,Sun TV Network Limited,INE424H01027,EQ,24-APR-2006,5.0,,,,,,,,,,,,,2026-04-17T07:40:53.841423+00:00
SUPERHOUSE,Superhouse Limited,INE712B01010,EQ,26-SEP-2014,10.0,,,,,,,,,,,,,2026-04-17T07:40:53.841423+00:00
SUPERSPIN,Super Spinning Mills Limited,INE662A01027,EQ,08-JUL-2004,1.0,,,,,,,,,,,,,2026-04-17T07:40:53.841423+00:00
SUPRAJIT,Suprajit Engineering Limited,INE399C01030,EQ,18-FEB-2005,1.0,,,,,,,,,,,,,2026-04-17T07:40:53.841423+00:00
SUPREME,Supreme Holdings & Hospitality (India) Limited,INE822E01011,EQ,03-FEB-2025,10.0,,,,,,,,,,,,,2026-04-17T07:40:53.841423+00:00
SUPREMEENG,Supreme Engineering Limited,INE319Z01021,BZ,04-DEC-2020,1.0,,,,,,,,,,,,,2026-04-17T07:40:53.841423+00:00
SUPREMEIND,Supreme Industries Limited,INE195A01028,EQ,19-JUL-1995,2.0,,,,,,,,,,,,,2026-04-17T07:40:53.841423+00:00
SUPREMEINF,Supreme Infrastructure India Limited,INE550H01011,BZ,18-OCT-2007,10.0,,,,,,,,,,,,,2026-04-17T07:40:53.841423+00:00
SUPRIYA,Supriya Lifescience Limited,INE07RO01027,EQ,28-DEC-2021,2.0,,,,,,,,,,,,,2026-04-17T07:40:53.841423+00:00
SURAJEST,Suraj Estate Developers Limited,INE843S01025,EQ,26-DEC-2023,5.0,,,,,,,,,,,,,2026-04-17T07:40:53.841423+00:00
SURAJLTD,Suraj Limited,INE713C01016,EQ,29-AUG-2024,10.0,,,,,,,,,,,,,2026-04-17T07:40:53.841423+00:00
SURAKSHA,Suraksha Diagnostic Limited,INE877V01027,EQ,06-DEC-2024,2.0,,,,,,,,,,,,,2026-04-17T07:40:53.841423+00:00
SURANASOL,Surana Solar Limited,INE272L01022,EQ,07-JAN-2011,5.0,,,,,,,,,,,,,2026-04-17T07:40:53.841423+00:00
SURANAT&P,Surana Telecom and Power Limited,INE130B01031,EQ,22-MAY-2002,1.0,,,,,,,,,,,,,2026-04-17T07:40:53.841423+00:00
SURYALAXMI,Suryalakshmi Cotton Mills Limited,INE713B01026,EQ,15-JUN-2005,10.0,,,,,,,,,,,,,2026-04-17T07:40:53.841423+00:00
SURYAROSNI,Surya Roshni Limited,INE335A01020,EQ,10-MAY-1995,5.0,,,,,,,,,,,,,2026-04-17T07:40:53.841423+00:00
SURYODAY,Suryoday Small Finance Bank Limited,INE428Q01011,EQ,26-MAR-2021,10.0,,,,,,,,,,,,,2026-04-17T07:40:53.841423+00:00
SUTLEJTEX,Sutlej Textiles and Industries Limited,INE645H01027,EQ,14-DEC-2006,1.0,,,,,,,,,,,,,2026-04-17T07:40:53.841423+00:00
SUVEN,Suven Life Sciences Limited,INE495B01038,EQ,23-OCT-2003,1.0,,,,,,,,,,,,,2026-04-17T07:40:53.841423+00:00
SUVIDHAA,Suvidhaa Infoserve Limited,INE018401013,BE,31-MAR-2021,1.0,,,,,,,,,,,,,2026-04-17T07:40:53.841423+00:00
SUYOG,Suyog Telematics Limited,INE442P01014,EQ,20-AUG-2024,10.0,,,,,,,,,,,,,2026-04-17T07:40:53.841423+00:00
SUZLON,Suzlon Energy Limited,INE040H01021,EQ,19-OCT-2005,2.0,,,,,,,,,,,,,2026-04-17T07:40:53.841423+00:00
SVLL,Shree Vasu Logistics Limited,INE00CE01017,EQ,21-APR-2023,10.0,,,,,,,,,,,,,2026-04-17T07:40:53.841423+00:00
SVPGLOB,SVP GLOBAL TEXTILES LIMITED,INE308E01029,EQ,14-JUL-2021,1.0,,,,,,,,,,,,,2026-04-17T07:40:53.841423+00:00
SWANCORP,SWAN CORP LIMITED,INE665A01038,EQ,29-MAY-2012,1.0,,,,,,,,,,,,,2026-04-17T07:40:53.841423+00:00
SWANDEF,Swan Defence and Heavy Industries Limited,INE542F01020,BE,20-JAN-2025,10.0,,,,,,,,,,,,,2026-04-17T07:40:53.841423+00:00
SWARAJENG,Swaraj Engines Limited,INE277A01016,EQ,06-DEC-1995,10.0,,,,,,,,,,,,,2026-04-17T07:40:53.841423+00:00
SWELECTES,Swelect Energy Systems Limited,INE409B01013,EQ,09-MAY-2006,10.0,,,,,,,,,,,,,2026-04-17T07:40:53.841423+00:00
SWIGGY,Swiggy Limited,INE00H001014,EQ,13-NOV-2024,1.0,,,,,,,,,,,,,2026-04-17T07:40:53.841423+00:00
SWSOLAR,Sterling and Wilson Renewable Energy Limited,INE00M201021,EQ,20-AUG-2019,1.0,,,,,,,,,,,,,2026-04-17T07:40:53.841423+00:00
SYMPHONY,Symphony Limited,INE225D01027,EQ,15-JUN-2011,2.0,,,,,,,,,,,,,2026-04-17T07:40:53.841423+00:00
SYNCOMF,Syncom Formulations (India) Limited,INE312C01025,EQ,18-NOV-2022,1.0,,,,,,,,,,,,,2026-04-17T07:40:53.841423+00:00
SYNGENE,Syngene International Limited,INE398R01022,EQ,11-AUG-2015,10.0,,,,,,,,,,,,,2026-04-17T07:40:53.841423+00:00
SYRMA,Syrma SGS Technology Limited,INE0DYJ01015,EQ,26-AUG-2022,10.0,,,,,,,,,,,,,2026-04-17T07:40:53.841423+00:00
SYSTMTXC,Systematix Corporate Services Limited,INE356B01024,EQ,06-OCT-2025,1.0,,,,,,,,,,,,,2026-04-17T07:40:53.841423+00:00
TAINWALCHM,Tainwala Chemical and Plastic (I) Limited,INE123C01018,EQ,27-JUL-1995,10.0,,,,,,,,,,,,,2026-04-17T07:40:53.841423+00:00
TAJGVK,Taj GVK Hotels & Resorts Limited,INE586B01026,EQ,20-DEC-2000,2.0,,,,,,,,,,,,,2026-04-17T07:40:53.841423+00:00
TAKE,Take Solutions Limited,INE142I01023,BE,27-AUG-2007,1.0,,,,,,,,,,,,,2026-04-17T07:40:53.841423+00:00
TALBROAUTO,Talbros Automotive Components Limited,INE187D01029,EQ,29-SEP-2006,2.0,,,,,,,,,,,,,2026-04-17T07:40:53.841423+00:00
TANLA,Tanla Platforms Limited,INE483C01032,EQ,05-JAN-2007,1.0,,,,,,,,,,,,,2026-04-17T07:40:53.841423+00:00
TARACHAND,Tara Chand InfraLogistic Solutions Limited,INE555Z01020,EQ,16-APR-2024,2.0,,,,,,,,,,,,,2026-04-17T07:40:53.841423+00:00
TARAPUR,Tarapur Transformers Limited,INE747K01017,EQ,18-MAY-2010,10.0,,,,,,,,,,,,,2026-04-17T07:40:53.841423+00:00
TARC,TARC Limited,INE0EK901012,EQ,18-DEC-2020,2.0,,,,,,,,,,,,,2026-04-17T07:40:53.841423+00:00
TARIL,Transformers And Rectifiers (India) Limited,INE763I01026,EQ,28-DEC-2007,1.0,,,,,,,,,,,,,2026-04-17T07:40:53.841423+00:00
TARMAT,Tarmat Limited,INE924H01018,BE,09-JUL-2007,10.0,,,,,,,,,,,,,2026-04-17T07:40:53.841423+00:00
TARSONS,Tarsons Products Limited,INE144Z01023,EQ,26-NOV-2021,2.0,,,,,,,,,,,,,2026-04-17T07:40:53.841423+00:00
TASTYBITE,Tasty Bite Eatables Limited,INE488B01017,EQ,23-MAR-2017,10.0,,,,,,,,,,,,,2026-04-17T07:40:53.841423+00:00
TATACAP,Tata Capital Limited,INE976I01016,EQ,13-OCT-2025,10.0,,,,,,,,,,,,,2026-04-17T07:40:53.841423+00:00
TATACHEM,Tata Chemicals Limited,INE092A01019,EQ,01-APR-1999,10.0,,,,,,,,,,,,,2026-04-17T07:40:53.841423+00:00
TATACOMM,Tata Communications Limited,INE151A01013,EQ,12-APR-1995,10.0,,,,,,,,,,,,,2026-04-17T07:40:53.841423+00:00
TATACONSUM,TATA CONSUMER PRODUCTS LIMITED,INE192A01025,EQ,18-NOV-1998,1.0,,,,,,,,,,,,,2026-04-17T07:40:53.841423+00:00
TATAELXSI,Tata Elxsi Limited,INE670A01012,EQ,17-SEP-2003,10.0,,,,,,,,,,,,,2026-04-17T07:40:53.841423+00:00
TATAINVEST,Tata Investment Corporation Limited,INE672A01026,EQ,24-JUN-1998,1.0,,,,,,,,,,,,,2026-04-17T07:40:53.841423+00:00
TATAPOWER,Tata Power Company Limited,INE245A01021,EQ,03-APR-1996,1.0,,,,,,,,,,,,,2026-04-17T07:40:53.841423+00:00
TATASTEEL,Tata Steel Limited,INE081A01020,EQ,18-NOV-1998,1.0,,,,,,,,,,,,,2026-04-17T07:40:53.841423+00:00
TATATECH,Tata Technologies Limited,INE142M01025,EQ,30-NOV-2023,2.0,,,,,,,,,,,,,2026-04-17T07:40:53.841423+00:00
TATVA,Tatva Chintan Pharma Chem Limited,INE0GK401011,EQ,29-JUL-2021,10.0,,,,,,,,,,,,,2026-04-17T07:40:53.841423+00:00
TBOTEK,TBO Tek Limited,INE673O01025,EQ,15-MAY-2024,1.0,,,,,,,,,,,,,2026-04-17T07:40:53.841423+00:00
TBZ,Tribhovandas Bhimji Zaveri Limited,INE760L01018,EQ,09-MAY-2012,10.0,,,,,,,,,,,,,2026-04-17T07:40:53.841423+00:00
TCC,TCC Concept Limited,INE887D01016,EQ,25-FEB-2026,10.0,,,,,,,,,,,,,2026-04-17T07:40:53.841423+00:00
TCI,Transport Corporation of India Limited,INE688A01022,EQ,21-JAN-2002,2.0,,,,,,,,,,,,,2026-04-17T07:40:53.841423+00:00
TCIEXP,TCI Express Limited,INE586V01016,EQ,15-DEC-2016,2.0,,,,,,,,,,,,,2026-04-17T07:40:53.841423+00:00
TCIFINANCE,TCI Finance Limited,INE911B01018,EQ,21-MAY-1997,10.0,,,,,,,,,,,,,2026-04-17T07:40:53.841423+00:00
TCPLPACK,TCPL Packaging Limited,INE822C01015,EQ,17-OCT-2017,10.0,,,,,,,,,,,,,2026-04-17T07:40:53.841423+00:00
TCS,Tata Consultancy Services Limited,INE467B01029,EQ,25-AUG-2004,1.0,,,,,,,,,,,,,2026-04-17T07:40:53.841423+00:00
TDPOWERSYS,TD Power Systems Limited,INE419M01027,EQ,08-SEP-2011,2.0,,,,,,,,,,,,,2026-04-17T07:40:53.841423+00:00
TEAMGTY,Team India Guaranty Limited,INE289C01025,EQ,11-JUN-2002,10.0,,,,,,,,,,,,,2026-04-17T07:40:53.841423+00:00
TEAMLEASE,Teamlease Services Limited,INE985S01024,EQ,12-FEB-2016,10.0,,,,,,,,,,,,,2026-04-17T07:40:53.841423+00:00
TECHM,Tech Mahindra Limited,INE669C01036,EQ,28-AUG-2006,5.0,,,,,,,,,,,,,2026-04-17T07:40:53.841423+00:00
TECHNOE,Techno Electric & Engineering Company Limited,INE285K01026,EQ,04-DEC-2018,2.0,,,,,,,,,,,,,2026-04-17T07:40:53.841423+00:00
TECILCHEM,TECIL Chemicals and Hydro Power Limited,INE014B01011,EQ,06-DEC-1995,10.0,,,,,,,,,,,,,2026-04-17T07:40:53.841423+00:00
TEGA,Tega Industries Limited,INE011K01018,EQ,13-DEC-2021,10.0,,,,,,,,,,,,,2026-04-17T07:40:53.841423+00:00
TEJASNET,Tejas Networks Limited,INE010J01012,EQ,27-JUN-2017,10.0,,,,,,,,,,,,,2026-04-17T07:40:53.841423+00:00
TEMBO,Tembo Global Industries Limited,INE869Y01010,EQ,23-APR-2021,10.0,,,,,,,,,,,,,2026-04-17T07:40:53.841423+00:00
TENNIND,Tenneco Clean Air India Limited,INE19RI01016,EQ,19-NOV-2025,10.0,,,,,,,,,,,,,2026-04-17T07:40:53.841423+00:00
TERASOFT,Tera Software Limited,INE482B01010,EQ,29-DEC-2016,10.0,,,,,,,,,,,,,2026-04-17T07:40:53.841423+00:00
TEXINFRA,Texmaco Infrastructure & Holdings Limited,INE435C01024,EQ,09-SEP-2004,1.0,,,,,,,,,,,,,2026-04-17T07:40:53.841423+00:00
TEXMOPIPES,Texmo Pipes and Products Limited,INE141K01013,EQ,10-MAR-2010,10.0,,,,,,,,,,,,,2026-04-17T07:40:53.841423+00:00
TEXRAIL,Texmaco Rail & Engineering Limited,INE621L01012,EQ,03-MAR-2011,1.0,,,,,,,,,,,,,2026-04-17T07:40:53.841423+00:00
TFCILTD,Tourism Finance Corporation of India Limited,INE305A01023,EQ,26-JUL-2000,2.0,,,,,,,,,,,,,2026-04-17T07:40:53.841423+00:00
TFL,Transwarranty Finance Limited,INE804H01012,EQ,26-FEB-2007,10.0,,,,,,,,,,,,,2026-04-17T07:40:53.841423+00:00
TGBHOTELS,TGB Banquets And Hotels Limited,INE797H01018,EQ,17-MAY-2007,10.0,,,,,,,,,,,,,2026-04-17T07:40:53.841423+00:00
THANGAMAYL,Thangamayil Jewellery Limited,INE085J01014,EQ,19-FEB-2010,10.0,,,,,,,,,,,,,2026-04-17T07:40:53.841423+00:00
THEINVEST,The Investment Trust Of India Limited,INE924D01017,EQ,02-AUG-2017,10.0,,,,,,,,,,,,,2026-04-17T07:40:53.841423+00:00
THEJO,Thejo Engineering Limited,INE121N01019,EQ,10-OCT-2023,10.0,,,,,,,,,,,,,2026-04-17T07:40:53.841423+00:00
THELEELA,Leela Palaces Hotels & Resorts Limited,INE0AQ201015,EQ,02-JUN-2025,10.0,,,,,,,,,,,,,2026-04-17T07:40:53.841423+00:00
THEMISMED,Themis Medicare Limited,INE083B01024,EQ,02-APR-2007,1.0,,,,,,,,,,,,,2026-04-17T07:40:53.841423+00:00
THERMAX,Thermax Limited,INE152A01029,EQ,30-AUG-1995,2.0,,,,,,,,,,,,,2026-04-17T07:40:53.841423+00:00
THOMASCOOK,Thomas Cook  (India)  Limited,INE332A01027,EQ,07-JUN-2000,1.0,,,,,,,,,,,,,2026-04-17T07:40:53.841423+00:00
THOMASCOTT,Thomas Scott (India) Limited,INE480M01011,EQ,30-JAN-2012,10.0,,,,,,,,,,,,,2026-04-17T07:40:53.841423+00:00
THYROCARE,Thyrocare Technologies Limited,INE594H01019,EQ,09-MAY-2016,10.0,,,,,,,,,,,,,2026-04-17T07:40:53.841423+00:00
TI,Tilaknagar Industries Limited,INE133E01013,EQ,16-JUL-2010,10.0,,,,,,,,,,,,,2026-04-17T07:40:53.841423+00:00
TICL,Twamev Construction and Infrastructure Limited,INE388G01026,EQ,16-OCT-2023,1.0,,,,,,,,,,,,,2026-04-17T07:40:53.841423+00:00
TIGERLOGS,Tiger Logistics (India) Limited,INE906O01029,EQ,18-SEP-2025,1.0,,,,,,,,,,,,,2026-04-17T07:40:53.841423+00:00
TIIL,Technocraft Industries (India) Limited,INE545H01011,EQ,12-FEB-2007,10.0,,,,,,,,,,,,,2026-04-17T07:40:53.841423+00:00
TIINDIA,Tube Investments of India Limited,INE974X01010,EQ,02-NOV-2017,1.0,,,,,,,,,,,,,2026-04-17T07:40:53.841423+00:00
TIJARIA,Tijaria Polypipes Limited,INE440L01017,BE,14-OCT-2011,10.0,,,,,,,,,,,,,2026-04-17T07:40:53.841423+00:00
TIL,TIL Limited,INE806C01018,EQ,27-SEP-1995,10.0,,,,,,,,,,,,,2026-04-17T07:40:53.841423+00:00
TIMETECHNO,Time Technoplast Limited,INE508G01029,EQ,13-JUN-2007,1.0,,,,,,,,,,,,,2026-04-17T07:40:53.841423+00:00
TIMKEN,Timken India Limited,INE325A01013,EQ,06-FEB-2007,10.0,,,,,,,,,,,,,2026-04-17T07:40:53.841423+00:00
TINNARUBR,Tinna Rubber and Infrastructure Limited,INE015C01016,EQ,17-APR-2025,10.0,,,,,,,,,,,,,2026-04-17T07:40:53.841423+00:00
TIPSFILMS,Tips Films Limited,INE0LQS01015,EQ,06-OCT-2022,10.0,,,,,,,,,,,,,2026-04-17T07:40:53.841423+00:00
TIPSMUSIC,Tips Music Limited,INE716B01029,EQ,10-NOV-2000,1.0,,,,,,,,,,,,,2026-04-17T07:40:53.841423+00:00
TIRUMALCHM,Thirumalai Chemicals Limited,INE338A01024,EQ,14-MAY-2003,1.0,,,,,,,,,,,,,2026-04-17T07:40:53.841423+00:00
TIRUPATIFL,Tirupati Forge Limited,INE319Y01024,BE,04-AUG-2020,2.0,,,,,,,,,,,,,2026-04-17T07:40:53.841423+00:00
TITAGARH,TITAGARH RAIL SYSTEMS LIMITED,INE615H01020,EQ,21-APR-2008,2.0,,,,,,,,,,,,,2026-04-17T07:40:53.841423+00:00
TITAN,Titan Company Limited,INE280A01028,EQ,24-SEP-2004,1.0,,,,,,,,,,,,,2026-04-17T07:40:53.841423+00:00
TMB,Tamilnad Mercantile Bank Limited,INE668A01016,EQ,15-SEP-2022,10.0,,,,,,,,,,,,,2026-04-17T07:40:53.841423+00:00
TMCV,Tata Motors Limited,INE1TAE01010,EQ,12-NOV-2025,2.0,,,,,,,,,,,,,2026-04-17T07:40:53.841423+00:00
TMPV,Tata Motors Passenger Vehicles Limited,INE155A01022,EQ,22-JUL-1998,2.0,,,,,,,,,,,,,2026-04-17T07:40:53.841423+00:00
TNPETRO,Tamilnadu PetroProducts Limited,INE148A01019,EQ,27-OCT-1999,10.0,,,,,,,,,,,,,2026-04-17T07:40:53.841423+00:00
TNPL,Tamil Nadu Newsprint & Papers Limited,INE107A01015,EQ,14-FEB-1996,10.0,,,,,,,,,,,,,2026-04-17T07:40:53.841423+00:00
TNTELE,Tamilnadu Telecommunication Limited,INE141D01018,EQ,04-FEB-2003,10.0,,,,,,,,,,,,,2026-04-17T07:40:53.841423+00:00
TOKYOPLAST,Tokyo Plast International Limited,INE932C01012,EQ,11-OCT-1995,10.0,,,,,,,,,,,,,2026-04-17T07:40:53.841423+00:00
TOLINS,Tolins Tyres Limited,INE0RWQ01014,EQ,16-SEP-2024,5.0,,,,,,,,,,,,,2026-04-17T07:40:53.841423+00:00
TORNTPHARM,Torrent Pharmaceuticals Limited,INE685A01028,EQ,25-NOV-2002,5.0,,,,,,,,,,,,,2026-04-17T07:40:53.841423+00:00
TORNTPOWER,Torrent Power Limited,INE813H01021,EQ,28-NOV-2006,10.0,,,,,,,,,,,,,2026-04-17T07:40:53.841423+00:00
TOTAL,Total Transport Systems Limited,INE336X01012,EQ,28-AUG-2020,10.0,,,,,,,,,,,,,2026-04-17T07:40:53.841423+00:00
TOUCHWOOD,Touchwood Entertainment Limited,INE486Y01013,EQ,21-JAN-2020,10.0,,,,,,,,,,,,,2026-04-17T07:40:53.841423+00:00
TPHQ,Teamo Productions HQ Limited,INE065J01024,EQ,30-JAN-2009,1.0,,,,,,,,,,,,,2026-04-17T07:40:53.841423+00:00
TPLPLASTEH,TPL Plastech Limited,INE413G01022,EQ,20-MAY-2015,2.0,,,,,,,,,,,,,2026-04-17T07:40:53.841423+00:00
TRACXN,Tracxn Technologies Limited,INE0HMF01019,EQ,20-OCT-2022,1.0,,,,,,,,,,,,,2026-04-17T07:40:53.841423+00:00
TRANSRAILL,Transrail Lighting Limited,INE454P01035,EQ,27-DEC-2024,2.0,,,,,,,,,,,,,2026-04-17T07:40:53.841423+00:00
TRANSWORLD,TRANSWORLD SHIPPING LINES LIMITED,INE757B01015,EQ,01-MAR-1995,10.0,,,,,,,,,,,,,2026-04-17T07:40:53.841423+00:00
TRAVELFOOD,Travel Food Services Limited,INE103V01028,EQ,14-JUL-2025,1.0,,,,,,,,,,,,,2026-04-17T07:40:53.841423+00:00
TREEHOUSE,Tree House Education & Accessories Limited,INE040M01013,BE,26-AUG-2011,10.0,,,,,,,,,,,,,2026-04-17T07:40:53.841423+00:00
TREJHARA,TREJHARA SOLUTIONS LIMITED,INE00CA01015,EQ,28-DEC-2018,10.0,,,,,,,,,,,,,2026-04-17T07:40:53.841423+00:00
TREL,Transindia Real Estate Limited,INE0O3901029,EQ,10-AUG-2023,2.0,,,,,,,,,,,,,2026-04-17T07:40:53.841423+00:00
TRENT,Trent Limited,INE849A01020,EQ,07-JUN-2004,1.0,,,,,,,,,,,,,2026-04-17T07:40:53.841423+00:00
TRF,TRF Limited,INE391D01019,EQ,26-MAR-2010,10.0,,,,,,,,,,,,,2026-04-17T07:40:53.841423+00:00
TRIDENT,Trident Limited,INE064C01022,EQ,21-FEB-2001,1.0,,,,,,,,,,,,,2026-04-17T07:40:53.841423+00:00
TRIGYN,Trigyn Technologies Limited,INE948A01012,EQ,09-APR-1998,10.0,,,,,,,,,,,,,2026-04-17T07:40:53.841423+00:00
TRITURBINE,Triveni Turbine Limited,INE152M01016,EQ,28-OCT-2011,1.0,,,,,,,,,,,,,2026-04-17T07:40:53.841423+00:00
TRIVENI,Triveni Engineering & Industries Limited,INE256C01024,EQ,13-DEC-2005,1.0,,,,,,,,,,,,,2026-04-17T07:40:53.841423+00:00
TRU,TruCap Finance Limited,INE615R01029,EQ,20-JUN-2023,2.0,,,,,,,,,,,,,2026-04-17T07:40:53.841423+00:00
TRUALT,TruAlt Bioenergy Limited,INE0MWH01014,EQ,03-OCT-2025,10.0,,,,,,,,,,,,,2026-04-17T07:40:53.841423+00:00
TSFINV,TSF INVESTMENTS LIMITED,INE202Z01029,EQ,26-MAR-2018,5.0,,,,,,,,,,,,,2026-04-17T07:40:53.841423+00:00
TTKHLTCARE,TTK Healthcare Limited,INE910C01018,EQ,02-DEC-2015,10.0,,,,,,,,,,,,,2026-04-17T07:40:53.841423+00:00
TTKPRESTIG,TTK Prestige Limited,INE690A01028,EQ,22-DEC-1999,1.0,,,,,,,,,,,,,2026-04-17T07:40:53.841423+00:00
TTL,T T Limited,INE592B01024,BE,22-FEB-2007,1.0,,,,,,,,,,,,,2026-04-17T07:40:53.841423+00:00
TTML,Tata Teleservices (Maharashtra) Limited,INE517B01013,EQ,20-OCT-2000,10.0,,,,,,,,,,,,,2026-04-17T07:40:53.841423+00:00
TVSELECT,TVS Electronics Limited,INE236G01019,EQ,26-DEC-2003,10.0,,,,,,,,,,,,,2026-04-17T07:40:53.841423+00:00
TVSHLTD,TVS Holdings Limited,INE105A01035,EQ,23-OCT-2012,5.0,,,,,,,,,,,,,2026-04-17T07:40:53.841423+00:00
TVSMOTOR,TVS Motor Company Limited,INE494B01023,EQ,02-AUG-2000,1.0,,,,,,,,,,,,,2026-04-17T07:40:53.841423+00:00
TVSSCS,TVS Supply Chain Solutions Limited,INE395N01027,BE,23-AUG-2023,1.0,,,,,,,,,,,,,2026-04-17T07:40:53.841423+00:00
TVSSRICHAK,TVS Srichakra Limited,INE421C01016,EQ,13-FEB-2007,10.0,,,,,,,,,,,,,2026-04-17T07:40:53.841423+00:00
TVTODAY,TV Today Network Limited,INE038F01029,EQ,16-JAN-2004,5.0,,,,,,,,,,,,,2026-04-17T07:40:53.841423+00:00
TVVISION,TV Vision Limited,INE871L01013,EQ,15-SEP-2016,10.0,,,,,,,,,,,,,2026-04-17T07:40:53.841423+00:00
UBL,United Breweries Limited,INE686F01025,EQ,28-JUL-2008,1.0,,,,,,,,,,,,,2026-04-17T07:40:53.841423+00:00
UCAL,UCAL LIMITED,INE139B01016,EQ,13-SEP-1995,10.0,,,,,,,,,,,,,2026-04-17T07:40:53.841423+00:00
UCOBANK,UCO Bank,INE691A01018,EQ,09-OCT-2003,10.0,,,,,,,,,,,,,2026-04-17T07:40:53.841423+00:00
UDS,Updater Services Limited,INE851I01011,EQ,04-OCT-2023,10.0,,,,,,,,,,,,,2026-04-17T07:40:53.841423+00:00
UEL,Ujaas Energy Limited,INE899L01030,EQ,16-APR-2024,1.0,,,,,,,,,,,,,2026-04-17T07:40:53.841423+00:00
UFBL,United Foodbrands Limited,INE382M01027,EQ,07-APR-2021,5.0,,,,,,,,,,,,,2026-04-17T07:40:53.841423+00:00
UFLEX,UFLEX Limited,INE516A01017,EQ,23-AUG-1995,10.0,,,,,,,,,,,,,2026-04-17T07:40:53.841423+00:00
UFO,UFO Moviez India Limited,INE527H01019,EQ,14-MAY-2015,10.0,,,,,,,,,,,,,2026-04-17T07:40:53.841423+00:00
UGARSUGAR,The Ugar Sugar Works Limited,INE071E01023,EQ,23-AUG-2010,1.0,,,,,,,,,,,,,2026-04-17T07:40:53.841423+00:00
UGROCAP,Ugro Capital Limited,INE583D01011,EQ,11-AUG-2021,10.0,,,,,,,,,,,,,2026-04-17T07:40:53.841423+00:00
UJJIVANSFB,Ujjivan Small Finance Bank Limited,INE551W01018,EQ,12-DEC-2019,10.0,,,,,,,,,,,,,2026-04-17T07:40:53.841423+00:00
ULTRACEMCO,UltraTech Cement Limited,INE481G01011,EQ,24-AUG-2004,10.0,,,,,,,,,,,,,2026-04-17T07:40:53.841423+00:00
UMAEXPORTS,Uma Exports Limited,INE0GIU01018,BE,07-APR-2022,10.0,,,,,,,,,,,,,2026-04-17T07:40:53.841423+00:00
UMESLTD,Usha Martin Education & Solutions Limited,INE240C01028,BE,12-JUL-2010,1.0,,,,,,,,,,,,,2026-04-17T07:40:53.841423+00:00
UMIYA-MRO,UMIYA BUILDCON LIMITED,INE398B01018,EQ,01-NOV-2000,5.0,,,,,,,,,,,,,2026-04-17T07:40:53.841423+00:00
UNICHEMLAB,Unichem Laboratories Limited,INE351A01035,EQ,07-FEB-2001,2.0,,,,,,,,,,,,,2026-04-17T07:40:53.841423+00:00
UNIDT,United Drilling Tools Limited,INE961D01019,EQ,25-SEP-2020,10.0,,,,,,,,,,,,,2026-04-17T07:40:53.841423+00:00
UNIECOM,Unicommerce Esolutions Limited,INE00U401027,EQ,13-AUG-2024,1.0,,,,,,,,,,,,,2026-04-17T07:40:53.841423+00:00
UNIENTER,Uniphos Enterprises Limited,INE037A01022,EQ,23-JAN-2004,2.0,,,,,,,,,,,,,2026-04-17T07:40:53.841423+00:00
UNIINFO,Uniinfo Telecom Services Limited,INE481Z01011,EQ,12-JAN-2022,10.0,,,,,,,,,,,,,2026-04-17T07:40:53.841423+00:00
UNIMECH,Unimech Aerospace and Manufacturing Limited,INE0U3I01011,EQ,31-DEC-2024,5.0,,,,,,,,,,,,,2026-04-17T07:40:53.841423+00:00
UNIONBANK,Union Bank of India,INE692A01016,EQ,24-SEP-2002,10.0,,,,,,,,,,,,,2026-04-17T07:40:53.841423+00:00
UNIPARTS,Uniparts India Limited,INE244O01017,EQ,12-DEC-2022,10.0,,,,,,,,,,,,,2026-04-17T07:40:53.841423+00:00
UNITDSPR,United Spirits Limited,INE854D01024,EQ,27-SEP-2001,2.0,,,,,,,,,,,,,2026-04-17T07:40:53.841423+00:00
UNITECH,Unitech Limited,INE694A01020,EQ,08-SEP-1999,2.0,,,,,,,,,,,,,2026-04-17T07:40:53.841423+00:00
UNITEDPOLY,United Polyfab Gujarat Limited,INE368U01029,EQ,31-DEC-2021,1.0,,,,,,,,,,,,,2026-04-17T07:40:53.841423+00:00
UNITEDTEA,The United Nilgiri Tea Estates Company Limited,INE458F01011,EQ,28-JAN-2015,10.0,,,,,,,,,,,,,2026-04-17T07:40:53.841423+00:00
UNIVASTU,Univastu India Limited,INE562X01013,EQ,22-JUN-2020,10.0,,,,,,,,,,,,,2026-04-17T07:40:53.841423+00:00
UNIVCABLES,Universal Cables Limited,INE279A01012,EQ,17-MAY-1995,10.0,,,,,,,,,,,,,2026-04-17T07:40:53.841423+00:00
UNIVPHOTO,Universus Photo Imagings Limited,INE03V001013,BE,14-FEB-2020,10.0,,,,,,,,,,,,,2026-04-17T07:40:53.841423+00:00
UNOMINDA,UNO Minda Limited,INE405E01023,EQ,02-FEB-2007,2.0,,,,,,,,,,,,,2026-04-17T07:40:53.841423+00:00
UPL,UPL Limited,INE628A01036,EQ,23-JAN-2004,2.0,,,,,,,,,,,,,2026-04-17T07:40:53.841423+00:00
URAVIDEF,Uravi Defence and Technology Limited,INE568Z01015,BE,05-JUL-2023,10.0,,,,,,,,,,,,,2026-04-17T07:40:53.841423+00:00
URBANCO,Urban Company Limited,INE0CAZ01013,EQ,17-SEP-2025,1.0,,,,,,,,,,,,,2026-04-17T07:40:53.841423+00:00
URJA,Urja Global Limited,INE550C01020,EQ,28-MAR-2017,1.0,,,,,,,,,,,,,2026-04-17T07:40:53.841423+00:00
USHAMART,Usha Martin Limited,INE228A01035,EQ,11-OCT-2000,1.0,,,,,,,,,,,,,2026-04-17T07:40:53.841423+00:00
USK,Udayshivakumar Infra Limited,INE0N0Y01013,BE,03-APR-2023,10.0,,,,,,,,,,,,,2026-04-17T07:40:53.841423+00:00
UTIAMC,UTI Asset Management Company Limited,INE094J01016,EQ,12-OCT-2020,10.0,,,,,,,,,,,,,2026-04-17T07:40:53.841423+00:00
UTKARSHBNK,Utkarsh Small Finance Bank Limited,INE735W01017,EQ,21-JUL-2023,10.0,,,,,,,,,,,,,2026-04-17T07:40:53.841423+00:00
UTLSOLAR,Fujiyama Power Systems Limited,INE12UR01024,EQ,20-NOV-2025,1.0,,,,,,,,,,,,,2026-04-17T07:40:53.841423+00:00
UTTAMSUGAR,Uttam Sugar Mills Limited,INE786F01031,EQ,10-APR-2006,10.0,,,,,,,,,,,,,2026-04-17T07:40:53.841423+00:00
UYFINCORP,U. Y. Fincorp Limited,INE152C01025,EQ,03-OCT-2024,5.0,,,,,,,,,,,,,2026-04-17T07:40:53.841423+00:00
V2RETAIL,V2 Retail Limited,INE945H01021,EQ,04-JUL-2007,1.0,,,,,,,,,,,,,2026-04-17T07:40:53.841423+00:00
VADILALIND,Vadilal Industries Limited,INE694D01016,EQ,15-JUN-2011,10.0,,,,,,,,,,,,,2026-04-17T07:40:53.841423+00:00
VAIBHAVGBL,Vaibhav Global Limited,INE884A01027,EQ,05-APR-2004,2.0,,,,,,,,,,,,,2026-04-17T07:40:53.841423+00:00
VAISHALI,Vaishali Pharma Limited,INE972X01022,EQ,15-JAN-2020,2.0,,,,,,,,,,,,,2026-04-17T07:40:53.841423+00:00
VAKRANGEE,Vakrangee Limited,INE051B01021,EQ,03-APR-2006,1.0,,,,,,,,,,,,,2026-04-17T07:40:53.841423+00:00
VALIANTLAB,Valiant Laboratories Limited,INE0JWS01017,EQ,06-OCT-2023,10.0,,,,,,,,,,,,,2026-04-17T07:40:53.841423+00:00
VALIANTORG,Valiant Organics Limited,INE565V01010,EQ,23-JUL-2021,10.0,,,,,,,,,,,,,2026-04-17T07:40:53.841423+00:00
VARDHACRLC,Vardhman Acrylics Limited,INE116G01013,EQ,30-SEP-2003,10.0,,,,,,,,,,,,,2026-04-17T07:40:53.841423+00:00
VARDMNPOLY,Vardhman Polytex Limited,INE835A01029,BE,12-MAY-2003,1.0,,,,,,,,,,,,,2026-04-17T07:40:53.841423+00:00
VARROC,Varroc Engineering Limited,INE665L01035,EQ,06-JUL-2018,1.0,,,,,,,,,,,,,2026-04-17T07:40:53.841423+00:00
VASCONEQ,Vascon Engineers Limited,INE893I01013,EQ,15-FEB-2010,10.0,,,,,,,,,,,,,2026-04-17T07:40:53.841423+00:00
VASWANI,Vaswani Industries Limited,INE590L01019,EQ,20-SEP-2011,10.0,,,,,,,,,,,,,2026-04-17T07:40:53.841423+00:00
VBL,Varun Beverages Limited,INE200M01039,EQ,08-NOV-2016,2.0,,,,,,,,,,,,,2026-04-17T07:40:53.841423+00:00
VCL,Vaxtex Cotfab Limited,INE098201036,EQ,19-APR-2022,1.0,,,,,,,,,,,,,2026-04-17T07:40:53.841423+00:00
VEDL,Vedanta Limited,INE205A01025,EQ,13-MAY-1998,1.0,,,,,,,,,,,,,2026-04-17T07:40:53.841423+00:00
VEEDOL,Veedol Corporation Limited,INE484C01030,EQ,16-JAN-2007,2.0,,,,,,,,,,,,,2026-04-17T07:40:53.841423+00:00
VENKEYS,Venky's (India) Limited,INE398A01010,EQ,28-JUL-2003,10.0,,,,,,,,,,,,,2026-04-17T07:40:53.841423+00:00
VENTIVE,Ventive Hospitality Limited,INE781S01027,EQ,30-DEC-2024,1.0,,,,,,,,,,,,,2026-04-17T07:40:53.841423+00:00
VENUSPIPES,Venus Pipes & Tubes Limited,INE0JA001018,EQ,24-MAY-2022,10.0,,,,,,,,,,,,,2026-04-17T07:40:53.841423+00:00
VENUSREM,Venus Remedies Limited,INE411B01019,EQ,20-DEC-2006,10.0,,,,,,,,,,,,,2026-04-17T07:40:53.841423+00:00
VERANDA,Veranda Learning Solutions Limited,INE0IQ001011,EQ,11-APR-2022,10.0,,,,,,,,,,,,,2026-04-17T07:40:53.841423+00:00
VERTOZ,Vertoz Limited,INE188Y01031,EQ,14-MAY-2020,10.0,,,,,,,,,,,,,2026-04-17T07:40:53.841423+00:00
VESUVIUS,Vesuvius India Limited,INE386A01023,EQ,04-OCT-2002,1.0,,,,,,,,,,,,,2026-04-17T07:40:53.841423+00:00
VETO,Veto Switchgears And Cables Limited,INE918N01018,EQ,29-APR-2015,10.0,,,,,,,,,,,,,2026-04-17T07:40:53.841423+00:00
VGL,VARVEE GLOBAL LIMITED,INE273D01027,EQ,21-NOV-2006,5.0,,,,,,,,,,,,,2026-04-17T07:40:53.841423+00:00
VGUARD,V-Guard Industries Limited,INE951I01027,EQ,13-MAR-2008,1.0,,,,,,,,,,,,,2026-04-17T07:40:53.841423+00:00
VHL,Vardhman Holdings Limited,INE701A01023,EQ,30-JUN-2005,10.0,,,,,,,,,,,,,2026-04-17T07:40:53.841423+00:00
VHLTD,Viceroy Hotels Limited,INE048C01025,BE,03-APR-2024,10.0,,,,,,,,,,,,,2026-04-17T07:40:53.841423+00:00
VIDHIING,Vidhi Specialty Food Ingredients Limited,INE632C01026,EQ,02-MAR-2016,1.0,,,,,,,,,,,,,2026-04-17T07:40:53.841423+00:00
VIDYAWIRES,Vidya Wires Limited,INE14UN01029,EQ,10-DEC-2025,1.0,,,,,,,,,,,,,2026-04-17T07:40:53.841423+00:00
VIJAYA,Vijaya Diagnostic Centre Limited,INE043W01024,EQ,14-SEP-2021,1.0,,,,,,,,,,,,,2026-04-17T07:40:53.841423+00:00
VIJIFIN,Viji Finance Limited,INE159N01027,BE,11-JUL-2016,1.0,,,,,,,,,,,,,2026-04-17T07:40:53.841423+00:00
VIKASECO,Vikas EcoTech Limited,INE806A01020,BE,12-DEC-2011,1.0,,,,,,,,,,,,,2026-04-17T07:40:53.841423+00:00
VIKASLIFE,Vikas Lifecare Limited,INE161L01027,BE,08-MAY-2019,1.0,,,,,,,,,,,,,2026-04-17T07:40:53.841423+00:00
VIKRAMSOLR,Vikram Solar Limited,INE078V01014,EQ,26-AUG-2025,10.0,,,,,,,,,,,,,2026-04-17T07:40:53.841423+00:00
VIKRAN,Vikran Engineering Limited,INE01R501028,EQ,03-SEP-2025,1.0,,,,,,,,,,,,,2026-04-17T07:40:53.841423+00:00
VIMTALABS,Vimta Labs Limited,INE579C01029,EQ,15-DEC-2005,2.0,,,,,,,,,,,,,2026-04-17T07:40:53.841423+00:00
VINATIORGA,Vinati Organics Limited,INE410B01037,EQ,28-JUL-2009,1.0,,,,,,,,,,,,,2026-04-17T07:40:53.841423+00:00
VINCOFE,Vintage Coffee And Beverages Limited,INE498Q01014,EQ,18-OCT-2024,10.0,,,,,,,,,,,,,2026-04-17T07:40:53.841423+00:00
VINDHYATEL,Vindhya Telelinks Limited,INE707A01012,EQ,08-FEB-1995,10.0,,,,,,,,,,,,,2026-04-17T07:40:53.841423+00:00
VINEETLAB,Vineet Laboratories Limited,INE505Y01010,EQ,15-JUN-2021,10.0,,,,,,,,,,,,,2026-04-17T07:40:53.841423+00:00
VINNY,Vinny Overseas Limited,INE01KI01027,EQ,28-NOV-2022,1.0,,,,,,,,,,,,,2026-04-17T07:40:53.841423+00:00
VINYLINDIA,Vinyl Chemicals (India) Limited,INE250B01029,EQ,21-JUL-2008,1.0,,,,,,,,,,,,,2026-04-17T07:40:53.841423+00:00
VIPCLOTHNG,VIP Clothing Limited,INE450G01024,EQ,06-AUG-2007,2.0,,,,,,,,,,,,,2026-04-17T07:40:53.841423+00:00
VIPIND,VIP Industries Limited,INE054A01027,EQ,02-MAR-2005,2.0,,,,,,,,,,,,,2026-04-17T07:40:53.841423+00:00
VIPULLTD,Vipul Limited,INE946H01037,BE,23-APR-2015,1.0,,,,,,,,,,,,,2026-04-17T07:40:53.841423+00:00
VIRINCHI,Virinchi Limited,INE539B01017,BE,03-MAY-2023,10.0,,,,,,,,,,,,,2026-04-17T07:40:53.841423+00:00
VISAKAIND,Visaka Industries Limited,INE392A01021,EQ,28-AUG-1996,2.0,,,,,,,,,,,,,2026-04-17T07:40:53.841423+00:00
VISASTEEL,Visa Steel Limited,INE286H01012,EQ,17-MAR-2006,10.0,,,,,,,,,,,,,2026-04-17T07:40:53.841423+00:00
VISHNU,Vishnu Chemicals Limited,INE270I01022,EQ,05-MAR-2015,2.0,,,,,,,,,,,,,2026-04-17T07:40:53.841423+00:00
VISHWARAJ,Vishwaraj Sugar Industries Limited,INE430N01022,BE,15-OCT-2019,2.0,,,,,,,,,,,,,2026-04-17T07:40:53.841423+00:00
VITAL,Vital Chemtech Limited,INE0L4K01016,BE,11-MAR-2026,10.0,,,,,,,,,,,,,2026-04-17T07:40:53.841423+00:00
VIVIDHA,Visagar Polytex Limited,INE370E01029,EQ,21-MAY-2013,1.0,,,,,,,,,,,,,2026-04-17T07:40:53.841423+00:00
VIVIMEDLAB,Vivimed Labs Limited,INE526G01021,BE,17-AUG-2005,2.0,,,,,,,,,,,,,2026-04-17T07:40:53.841423+00:00
VIYASH,Viyash Scientific Limited,INE807F01027,EQ,10-MAR-2016,2.0,,,,,,,,,,,,,2026-04-17T07:40:53.841423+00:00
VLEGOV,VL E-Governance & IT Solutions Limited,INE03HW01020,BE,14-AUG-2023,10.0,,,,,,,,,,,,,2026-04-17T07:40:53.841423+00:00
VLSFINANCE,VLS Finance Limited,INE709A01018,EQ,25-MAY-1995,10.0,,,,,,,,,,,,,2026-04-17T07:40:53.841423+00:00
VMART,V-Mart Retail Limited,INE665J01013,EQ,20-FEB-2013,10.0,,,,,,,,,,,,,2026-04-17T07:40:53.841423+00:00
VMM,Vishal Mega Mart Limited,INE01EA01019,EQ,18-DEC-2024,10.0,,,,,,,,,,,,,2026-04-17T07:40:53.841423+00:00
VMSTMT,VMS TMT Limited,INE0SJA01013,EQ,24-SEP-2025,10.0,,,,,,,,,,,,,2026-04-17T07:40:53.841423+00:00
VOLTAMP,Voltamp Transformers Limited,INE540H01012,EQ,20-SEP-2006,10.0,,,,,,,,,,,,,2026-04-17T07:40:53.841423+00:00
VOLTAS,Voltas Limited,INE226A01021,EQ,12-APR-1995,1.0,,,,,,,,,,,,,2026-04-17T07:40:53.841423+00:00
VPRPL,Vishnu Prakash R Punglia Limited,INE0AE001013,EQ,05-SEP-2023,10.0,,,,,,,,,,,,,2026-04-17T07:40:53.841423+00:00
VRAJ,Vraj Iron and Steel Limited,INE0S2V01010,EQ,03-JUL-2024,10.0,,,,,,,,,,,,,2026-04-17T07:40:53.841423+00:00
VRLLOG,VRL Logistics Limited,INE366I01010,EQ,30-APR-2015,10.0,,,,,,,,,,,,,2026-04-17T07:40:53.841423+00:00
VSSL,Vardhman Special Steels Limited,INE050M01012,EQ,17-MAY-2012,10.0,,,,,,,,,,,,,2026-04-17T07:40:53.841423+00:00
VSTIND,VST Industries Limited,INE710A01016,EQ,05-SEP-2003,10.0,,,,,,,,,,,,,2026-04-17T07:40:53.841423+00:00
VSTL,Vibhor Steel Tubes Limited,INE0QTF01015,EQ,20-FEB-2024,10.0,,,,,,,,,,,,,2026-04-17T07:40:53.841423+00:00
VSTTILLERS,V.S.T Tillers Tractors Limited,INE764D01017,EQ,20-JUN-2011,10.0,,,,,,,,,,,,,2026-04-17T07:40:53.841423+00:00
VTL,Vardhman Textiles Limited,INE825A01020,EQ,14-JAN-2003,2.0,,,,,,,,,,,,,2026-04-17T07:40:53.841423+00:00
WAAREEENER,Waaree Energies Limited,INE377N01017,EQ,28-OCT-2024,10.0,,,,,,,,,,,,,2026-04-17T07:40:53.841423+00:00
WAAREEINDO,Indosolar Limited,INE866K01023,EQ,29-SEP-2010,10.0,,,,,,,,,,,,,2026-04-17T07:40:53.841423+00:00
WAAREERTL,Waaree Renewable Technologies Limited,INE299N01021,EQ,09-APR-2025,2.0,,,,,,,,,,,,,2026-04-17T07:40:53.841423+00:00
WABAG,VA Tech Wabag Limited,INE956G01038,EQ,13-OCT-2010,2.0,,,,,,,,,,,,,2026-04-17T07:40:53.841423+00:00
WAKEFIT,Wakefit Innovations Limited,INE0E7301029,EQ,15-DEC-2025,1.0,,,,,,,,,,,,,2026-04-17T07:40:53.841423+00:00
WALCHANNAG,Walchandnagar Industries Limited,INE711A01022,EQ,18-SEP-1996,2.0,,,,,,,,,,,,,2026-04-17T07:40:53.841423+00:00
WANBURY,Wanbury Limited,INE107F01022,BE,29-JAN-2007,10.0,,,,,,,,,,,,,2026-04-17T07:40:53.841423+00:00
WCIL,Western Carriers (India) Limited,INE0CJF01024,EQ,24-SEP-2024,5.0,,,,,,,,,,,,,2026-04-17T07:40:53.841423+00:00
WEALTH,Wealth First Portfolio Managers Limited,INE658T01017,EQ,20-JAN-2021,10.0,,,,,,,,,,,,,2026-04-17T07:40:53.841423+00:00
WEBELSOLAR,Websol Energy System Limited,INE855C01023,EQ,15-MAY-2007,1.0,,,,,,,,,,,,,2026-04-17T07:40:53.841423+00:00
WEIZMANIND,Weizmann Limited,INE080A01014,EQ,10-MAY-1995,10.0,,,,,,,,,,,,,2026-04-17T07:40:53.841423+00:00
WEL,Wonder Electricals Limited,INE02WG01024,EQ,17-JAN-2022,1.0,,,,,,,,,,,,,2026-04-17T07:40:53.841423+00:00
WELCORP,Welspun Corp Limited,INE191B01025,EQ,24-MAY-2005,5.0,,,,,,,,,,,,,2026-04-17T07:40:53.841423+00:00
WELENT,Welspun Enterprises Limited,INE625G01013,EQ,04-NOV-2004,10.0,,,,,,,,,,,,,2026-04-17T07:40:53.841423+00:00
WELINV,Welspun Investments and Commercials Limited,INE389K01018,EQ,20-SEP-2010,10.0,,,,,,,,,,,,,2026-04-17T07:40:53.841423+00:00
WELSPUNLIV,Welspun Living Limited,INE192B01031,EQ,04-DEC-2003,1.0,,,,,,,,,,,,,2026-04-17T07:40:53.841423+00:00
WENDT,Wendt (India) Limited,INE274C01019,EQ,07-AUG-2006,10.0,,,,,,,,,,,,,2026-04-17T07:40:53.841423+00:00
WESTLIFE,WESTLIFE FOODWORLD LIMITED,INE274F01020,EQ,05-JUN-2023,2.0,,,,,,,,,,,,,2026-04-17T07:40:53.841423+00:00
WEWIN,WE WIN LIMITED,INE082W01014,EQ,15-JUN-2022,10.0,,,,,,,,,,,,,2026-04-17T07:40:53.841423+00:00
WEWORK,WeWork India Management Limited,INE085001019,EQ,10-OCT-2025,10.0,,,,,,,,,,,,,2026-04-17T07:40:53.841423+00:00
WHEELS,Wheels India Limited,INE715A01015,EQ,07-APR-2000,10.0,,,,,,,,,,,,,2026-04-17T07:40:53.841423+00:00
WHIRLPOOL,Whirlpool of India Limited,INE716A01013,EQ,06-APR-2010,10.0,,,,,,,,,,,,,2026-04-17T07:40:53.841423+00:00
WILLAMAGOR,Williamson Magor & Company Limited,INE210A01017,EQ,08-FEB-1995,10.0,,,,,,,,,,,,,2026-04-17T07:40:53.841423+00:00
WINDLAS,Windlas Biotech Limited,INE0H5O01029,EQ,16-AUG-2021,5.0,,,,,,,,,,,,,2026-04-17T07:40:53.841423+00:00
WINDMACHIN,Windsor Machines Limited,INE052A01021,EQ,17-AUG-2011,2.0,,,,,,,,,,,,,2026-04-17T07:40:53.841423+00:00
WINSOME,Winsome Yarns Limited,INE784B01035,BZ,25-AUG-2011,10.0,,,,,,,,,,,,,2026-04-17T07:40:53.841423+00:00
WIPL,The Western India Plywoods Limited,INE215F01023,EQ,17-APR-2017,10.0,,,,,,,,,,,,,2026-04-17T07:40:53.841423+00:00
WIPRO,Wipro Limited,INE075A01022,EQ,08-NOV-1995,2.0,,,,,,,,,,,,,2026-04-17T07:40:53.841423+00:00
WOCKPHARMA,Wockhardt Limited,INE049B01025,EQ,23-FEB-2000,5.0,,,,,,,,,,,,,2026-04-17T07:40:53.841423+00:00
WONDERLA,Wonderla Holidays Limited,INE066O01014,EQ,09-MAY-2014,10.0,,,,,,,,,,,,,2026-04-17T07:40:53.841423+00:00
WORTHPERI,Worth Peripherals Limited,INE196Y01018,EQ,04-AUG-2020,10.0,,,,,,,,,,,,,2026-04-17T07:40:53.841423+00:00
WSI,W S Industries (I) Limited,INE100D01014,EQ,01-AUG-2007,10.0,,,,,,,,,,,,,2026-04-17T07:40:53.841423+00:00
WSTCSTPAPR,West Coast Paper Mills Limited,INE976A01021,EQ,17-JAN-2001,2.0,,,,,,,,,,,,,2026-04-17T07:40:53.841423+00:00
XCHANGING,Xchanging Solutions Limited,INE692G01013,EQ,09-MAR-2005,10.0,,,,,,,,,,,,,2026-04-17T07:40:53.841423+00:00
XELPMOC,Xelpmoc Design And Tech Limited,INE01P501012,EQ,04-FEB-2019,10.0,,,,,,,,,,,,,2026-04-17T07:40:53.841423+00:00
XPROINDIA,Xpro India Limited,INE445C01015,EQ,27-APR-2004,10.0,,,,,,,,,,,,,2026-04-17T07:40:53.841423+00:00
XTGLOBAL,Xtglobal Infotech Limited,INE547B01028,EQ,16-SEP-2024,1.0,,,,,,,,,,,,,2026-04-17T07:40:53.841423+00:00
YASHO,Yasho Industries Limited,INE616Z01012,EQ,21-AUG-2023,10.0,,,,,,,,,,,,,2026-04-17T07:40:53.841423+00:00
YATHARTH,Yatharth Hospital & Trauma Care Services Limited,INE0JO301016,EQ,07-AUG-2023,10.0,,,,,,,,,,,,,2026-04-17T07:40:53.841423+00:00
YATRA,Yatra Online Limited,INE0JR601024,EQ,28-SEP-2023,1.0,,,,,,,,,,,,,2026-04-17T07:40:53.841423+00:00
YESBANK,Yes Bank Limited,INE528G01035,EQ,12-JUL-2005,2.0,,,,,,,,,,,,,2026-04-17T07:40:53.841423+00:00
YUKEN,Yuken India Limited,INE384C01016,EQ,02-SEP-2021,10.0,,,,,,,,,,,,,2026-04-17T07:40:53.841423+00:00
ZAGGLE,Zaggle Prepaid Ocean Services Limited,INE07K301024,EQ,22-SEP-2023,1.0,,,,,,,,,,,,,2026-04-17T07:40:53.841423+00:00
ZEEL,Zee Entertainment Enterprises Limited,INE256A01028,EQ,09-SEP-1998,1.0,,,,,,,,,,,,,2026-04-17T07:40:53.841423+00:00
ZEELEARN,Zee Learn Limited,INE565L01011,EQ,20-DEC-2010,1.0,,,,,,,,,,,,,2026-04-17T07:40:53.841423+00:00
ZEEMEDIA,Zee Media Corporation Limited,INE966H01019,BE,10-JAN-2007,1.0,,,,,,,,,,,,,2026-04-17T07:40:53.841423+00:00
ZENITHEXPO,Zenith Exports Limited,INE058B01018,EQ,10-JUL-1996,10.0,,,,,,,,,,,,,2026-04-17T07:40:53.841423+00:00
ZENITHSTL,Zenith Steel Pipes & Industries Limited,INE318D01020,EQ,30-APR-2007,10.0,,,,,,,,,,,,,2026-04-17T07:40:53.841423+00:00
ZENSARTECH,Zensar Technologies Limited,INE520A01027,EQ,09-JUL-2003,2.0,,,,,,,,,,,,,2026-04-17T07:40:53.841423+00:00
ZENTEC,Zen Technologies Limited,INE251B01027,EQ,30-MAR-2015,1.0,,,,,,,,,,,,,2026-04-17T07:40:53.841423+00:00
ZFCVINDIA,ZF Commercial Vehicle Control Systems India Limited,INE342J01019,EQ,01-OCT-2008,5.0,,,,,,,,,,,,,2026-04-17T07:40:53.841423+00:00
ZIMLAB,Zim Laboratories Limited,INE518E01015,EQ,25-NOV-2022,10.0,,,,,,,,,,,,,2026-04-17T07:40:53.841423+00:00
ZODIAC,Zodiac Energy Limited,INE761Y01019,EQ,14-DEC-2021,10.0,,,,,,,,,,,,,2026-04-17T07:40:53.841423+00:00
ZODIACLOTH,Zodiac Clothing Company Limited,INE206B01013,EQ,27-SEP-1995,10.0,,,,,,,,,,,,,2026-04-17T07:40:53.841423+00:00
ZOTA,Zota Health Care LImited,INE358U01012,EQ,19-AUG-2019,10.0,,,,,,,,,,,,,2026-04-17T07:40:53.841423+00:00
ZUARI,Zuari Agro Chemicals Limited,INE840M01016,EQ,27-NOV-2012,10.0,,,,,,,,,,,,,2026-04-17T07:40:53.841423+00:00
ZUARIIND,ZUARI INDUSTRIES LIMITED,INE217A01012,EQ,12-APR-1995,10.0,,,,,,,,,,,,,2026-04-17T07:40:53.841423+00:00
ZYDUSLIFE,Zydus Lifesciences Limited,INE010B01027,EQ,18-APR-2000,1.0,,,,,,,,,,,,,2026-04-17T07:40:53.841423+00:00
ZYDUSWELL,Zydus Wellness Limited,INE768C01028,EQ,13-NOV-2009,2.0,,,,,,,,,,,,,2026-04-17T07:40:53.841423+00:00
